machine,cpu,gpu,gglasso,numpy,logical_cores,blas_threads,regime,p,n_samples,lambda,seed,true_sparsity,true_n_blocks,true_sizes_json,gen_style_requested,gen_n_powerlaw,gen_n_erdos,gen_n_direct,detected_n_blocks,detected_singletons,detected_sizes_json,t_admm_median,t_admm_mean,t_admm_min,t_admm_max,t_admm_std,t_admm_trials_json,t_block_median,t_block_mean,t_block_min,t_block_max,t_block_std,t_block_trials_json,algorithmic_speedup,speedup_lo,speedup_hi,admm_iterations,admm_status,block_iterations,admm_peak_mem_mb,block_peak_mem_mb,obj_admm,obj_block,obj_rel_gap,max_abs_error,max_rel_error,support_agreement,support_precision,support_recall,support_f1,trials,warmup,tol,rtol,max_iter,true_block_min,true_block_max,true_block_mean,true_block_std,true_block_median,detected_block_min,detected_block_max,detected_block_mean,detected_block_std,detected_block_median
primary,x86_64,none,0.3.0,2.4.4,32,8,balanced,100,200,0.05,0,0.9808080808080808,5,"[20, 20, 20, 20, 20]",powerlaw,5,0,0,1,0,[100],0.015681790999224177,0.01595737511120711,0.015275736001058249,0.017733435997797642,0.0007392443896819524,"[0.016418, 0.015612, 0.015526, 0.015682, 0.015949, 0.015574, 0.015847, 0.017733, 0.015276]",0.015788647997396765,0.01580843611130452,0.015624800998921273,0.01612940199993318,0.00017513320347521268,"[0.015625, 0.015929, 0.015633, 0.015635, 0.016129, 0.015726, 0.015843, 0.015789, 0.015967]",0.9932320361952329,0.9470739213469621,1.1349543587161173,26,optimal,nan,0.9413604736328125,1.4789924621582031,101.63228741891227,101.63228741891227,0.0,0.0,0.0,1.0,0.03591765221200175,0.8631578947368421,0.06896551724137931,9,2,1e-07,1e-05,1000,20.0,20.0,20.0,0.0,20.0,100.0,100.0,100.0,0.0,100.0
primary,x86_64,none,0.3.0,2.4.4,32,8,balanced,100,200,0.1,0,0.9808080808080808,5,"[20, 20, 20, 20, 20]",powerlaw,5,0,0,1,0,[100],0.026736694999272004,0.026925738444131438,0.02593170899854158,0.028604309998627286,0.0008938710857767525,"[0.028604, 0.028018, 0.026002, 0.026384, 0.026868, 0.025932, 0.026573, 0.026737, 0.027214]",0.02611098999841488,0.026031705444539612,0.02559451700290083,0.026385256001958624,0.0002710492278539271,"[0.026111, 0.026385, 0.026276, 0.025907, 0.025631, 0.026136, 0.026157, 0.025595, 0.026087]",1.0239632813958839,0.9828105892403176,1.1175952253908652,44,optimal,nan,0.9413604736328125,1.4789066314697266,107.48316845232115,107.48316845232115,0.0,0.0,0.0,1.0,0.07224334600760456,0.8,0.13251961639058413,9,2,1e-07,1e-05,1000,20.0,20.0,20.0,0.0,20.0,100.0,100.0,100.0,0.0,100.0
primary,x86_64,none,0.3.0,2.4.4,32,8,balanced,100,200,0.15,0,0.9808080808080808,5,"[20, 20, 20, 20, 20]",powerlaw,5,0,0,1,0,[100],0.04119201200228417,0.041236864889166704,0.03910712099968805,0.04246479200082831,0.0011009974933252112,"[0.039107, 0.041843, 0.040249, 0.040905, 0.042465, 0.041192, 0.040867, 0.042242, 0.042263]",0.042639324001356727,0.04406948644423715,0.04121100799966371,0.058403038998221746,0.005431656283063187,"[0.042003, 0.058403, 0.042639, 0.041211, 0.041581, 0.042821, 0.043232, 0.043327, 0.041408]",0.9660568727818831,0.6696076380696351,1.03042352182152,69,optimal,nan,0.9413604736328125,1.4789066314697266,110.63995855575573,110.63995855575573,0.0,0.0,0.0,1.0,0.17994858611825193,0.7368421052631579,0.2892561983471074,9,2,1e-07,1e-05,1000,20.0,20.0,20.0,0.0,20.0,100.0,100.0,100.0,0.0,100.0
primary,x86_64,none,0.3.0,2.4.4,32,8,balanced,100,200,0.2,0,0.9808080808080808,5,"[20, 20, 20, 20, 20]",powerlaw,5,0,0,9,8,"[92, 1, 1, 1, 1, 1, 1, 1, 1]",0.032427400998130906,0.03266024277804212,0.03158323400202789,0.034327073000895325,0.0009050695659789087,"[0.031948, 0.034327, 0.033909, 0.032432, 0.032342, 0.032113, 0.031583, 0.032861, 0.032427]",0.02899730500212172,0.02877910711120219,0.027612920002866304,0.02949240699672373,0.0006034291614324531,"[0.029226, 0.02878, 0.027613, 0.027975, 0.029025, 0.029074, 0.028997, 0.028829, 0.029492]",1.1182901650949357,1.070893739040575,1.243152589343397,55,optimal,nan,0.9413604736328125,1.292184829711914,112.16822421731479,112.16822417547341,3.730234217515438e-10,1.094640275645098e-05,9.012782987784204e-06,1.0,0.36627906976744184,0.6631578947368421,0.4719101123595505,9,2,1e-07,1e-05,1000,20.0,20.0,20.0,0.0,20.0,1.0,92.0,11.11111111111111,28.598540927989255,1.0
primary,x86_64,none,0.3.0,2.4.4,32,8,balanced,100,200,0.25,0,0.9808080808080808,5,"[20, 20, 20, 20, 20]",powerlaw,5,0,0,21,16,"[75, 3, 2, 2, 2, 1, 1, 1, 1, 1, 1, 1, 1, 1, 1, 1, 1, 1, 1, 1, 1]",0.031964355999662075,0.032071608777187066,0.03116174499882618,0.0338687769981334,0.0007370276348698502,"[0.031849, 0.031162, 0.03178, 0.031964, 0.031726, 0.032214, 0.033869, 0.032026, 0.032055]",0.023799328999302816,0.02448360633328169,0.022773505999793997,0.027665161000186345,0.0017017410508086519,"[0.027665, 0.026687, 0.025355, 0.02386, 0.023725, 0.023799, 0.02321, 0.022774, 0.023278]",1.3430780338638306,1.1263894324929569,1.4872008288245018,55,optimal,nan,0.9413604736328125,0.9467105865478516,113.66716279273905,113.66716267018262,1.078204346744726e-09,5.1984646704889004e-05,3.9201762360108235e-05,1.0,0.6129032258064516,0.6,0.6063829787234043,9,2,1e-07,1e-05,1000,20.0,20.0,20.0,0.0,20.0,1.0,75.0,4.761904761904762,15.714430013767483,1.0
primary,x86_64,none,0.3.0,2.4.4,32,8,balanced,100,200,0.3,0,0.9808080808080808,5,"[20, 20, 20, 20, 20]",powerlaw,5,0,0,45,27,"[31, 4, 4, 3, 3, 3, 3, 2, 2, 2, 2, 2, 2, 2, 2, 2, 2, 2, 1, 1, 1, 1, 1, 1, 1, 1, 1, 1, 1, 1, 1, 1, 1, 1, 1, 1, 1, 1, 1, 1, 1, 1, 1, 1, 1]",0.035377830998186255,0.03537110266713878,0.034964652000780916,0.03596079199996893,0.0003384368654667237,"[0.035048, 0.035036, 0.035656, 0.034965, 0.035378, 0.035209, 0.035643, 0.035961, 0.035446]",0.01250459199945908,0.012515409111074405,0.01239061100204708,0.012745612002618145,0.00010364782193793632,"[0.012512, 0.012746, 0.012546, 0.012505, 0.012437, 0.012496, 0.012572, 0.012435, 0.012391]",2.829187149785984,2.743269761671596,2.902261397281197,62,optimal,nan,0.9413604736328125,0.7154626846313477,114.86901343534261,114.86901338355942,4.5080207223384173e-10,7.515767871729695e-05,5.804762198459701e-05,1.0,0.8771929824561403,0.5263157894736842,0.6578947368421052,9,2,1e-07,1e-05,1000,20.0,20.0,20.0,0.0,20.0,1.0,31.0,2.2222222222222223,4.416579314300399,1.0
primary,x86_64,none,0.3.0,2.4.4,32,8,balanced,100,200,0.35,0,0.9808080808080808,5,"[20, 20, 20, 20, 20]",powerlaw,5,0,0,47,30,"[25, 8, 4, 3, 3, 3, 3, 3, 2, 2, 2, 2, 2, 2, 2, 2, 2, 1, 1, 1, 1, 1, 1, 1, 1, 1, 1, 1, 1, 1, 1, 1, 1, 1, 1, 1, 1, 1, 1, 1, 1, 1, 1, 1, 1, 1, 1]",0.03101452199916821,0.03141859777760045,0.030011257997102803,0.033639630000834586,0.0012350241669656502,"[0.031954, 0.03364, 0.032074, 0.032664, 0.031015, 0.030201, 0.030011, 0.030769, 0.030441]",0.01038052099829656,0.0103715503331235,0.010321156001737108,0.010401891999208601,2.9718497464270697e-05,"[0.010391, 0.010395, 0.010321, 0.010339, 0.010347, 0.010402, 0.010381, 0.010402, 0.010366]",2.987761597347347,2.885173005005832,3.2592889784025014,54,optimal,nan,0.9413604736328125,0.7095146179199219,115.7630296390759,115.7630295801648,5.088938878460764e-10,7.39187761454041e-05,6.141630788661756e-05,1.0,0.875,0.5157894736842106,0.6490066225165563,9,2,1e-07,1e-05,1000,20.0,20.0,20.0,0.0,20.0,1.0,25.0,2.127659574468085,3.5825642859317766,1.0
primary,x86_64,none,0.3.0,2.4.4,32,8,balanced,100,200,0.4,0,0.9808080808080808,5,"[20, 20, 20, 20, 20]",powerlaw,5,0,0,58,41,"[20, 5, 4, 3, 3, 2, 2, 2, 2, 2, 2, 2, 2, 2, 2, 2, 2, 1, 1, 1, 1, 1, 1, 1, 1, 1, 1, 1, 1, 1, 1, 1, 1, 1, 1, 1, 1, 1, 1, 1, 1, 1, 1, 1, 1, 1, 1, 1, 1, 1, 1, 1, 1, 1, 1, 1, 1, 1]",0.027808825998363318,0.028054331555419292,0.026927851999062113,0.030520607997459592,0.0011013093184602924,"[0.028674, 0.028495, 0.027954, 0.027802, 0.030521, 0.027809, 0.027241, 0.026928, 0.027066]",0.008717120999790495,0.008700894221773423,0.008641134001663886,0.008746802999667125,4.325904042392906e-05,"[0.008742, 0.008744, 0.008729, 0.008641, 0.008673, 0.008652, 0.008747, 0.008663, 0.008717]",3.190138808332667,3.078593630162575,3.532014199939814,49,optimal,nan,0.9413604736328125,0.7078771591186523,116.39891216916637,116.39891216734547,1.5643562505389475e-11,8.356310515406085e-06,6.332910626999404e-06,1.0,0.9285714285714286,0.4105263157894737,0.5693430656934306,9,2,1e-07,1e-05,1000,20.0,20.0,20.0,0.0,20.0,1.0,20.0,1.7241379310344827,2.5447247899993233,1.0
primary,x86_64,none,0.3.0,2.4.4,32,8,balanced,100,500,0.05,0,0.9808080808080808,5,"[20, 20, 20, 20, 20]",powerlaw,5,0,0,1,0,[100],0.019006220001756446,0.019337211777989676,0.018531301997427363,0.02052358400032972,0.0007199208148617492,"[0.018531, 0.020025, 0.020524, 0.020009, 0.018838, 0.01962, 0.018825, 0.019006, 0.018657]",0.019493010997393867,0.019601714665946526,0.019300668998766923,0.020354987002065172,0.00031964484429805677,"[0.019462, 0.019583, 0.019467, 0.020355, 0.019493, 0.019846, 0.019397, 0.019512, 0.019301]",0.9750274087619146,0.9104059853021383,1.0633612752822674,34,optimal,nan,0.9413604736328125,1.4789066314697266,106.54389619079967,106.54389619079967,0.0,0.0,0.0,1.0,0.05390835579514825,0.8421052631578947,0.10132995566814439,9,2,1e-07,1e-05,1000,20.0,20.0,20.0,0.0,20.0,100.0,100.0,100.0,0.0,100.0
primary,x86_64,none,0.3.0,2.4.4,32,8,balanced,100,500,0.1,0,0.9808080808080808,5,"[20, 20, 20, 20, 20]",powerlaw,5,0,0,1,0,[100],0.03318489899902488,0.033369985333087646,0.029421174000162864,0.03806943199742818,0.0028677044530709566,"[0.029421, 0.033907, 0.038069, 0.035954, 0.03579, 0.033185, 0.032673, 0.030934, 0.030397]",0.030506360999424942,0.03057601611120238,0.029894904997490812,0.03166278699791292,0.00047994191856631064,"[0.03053, 0.030473, 0.030611, 0.030506, 0.030491, 0.029895, 0.031663, 0.030223, 0.030793]",1.087802606140091,0.9292035474357386,1.2734421467679355,52,optimal,nan,0.9413604736328125,1.4788637161254883,110.40749045874391,110.40749045874391,0.0,0.0,0.0,1.0,0.21875,0.8105263157894737,0.3445190156599553,9,2,1e-07,1e-05,1000,20.0,20.0,20.0,0.0,20.0,100.0,100.0,100.0,0.0,100.0
primary,x86_64,none,0.3.0,2.4.4,32,8,balanced,100,500,0.15,0,0.9808080808080808,5,"[20, 20, 20, 20, 20]",powerlaw,5,0,0,10,6,"[87, 3, 2, 2, 1, 1, 1, 1, 1, 1]",0.03456572499999311,0.03642397299982905,0.032495080999069614,0.041784478999034036,0.003676965294497012,"[0.033299, 0.032985, 0.032495, 0.033977, 0.038262, 0.039631, 0.040817, 0.041784, 0.034566]",0.02867080400028499,0.028780034778012324,0.027620046999800252,0.03032351900037611,0.0009055221036818314,"[0.028671, 0.028188, 0.029129, 0.030324, 0.029958, 0.02762, 0.028927, 0.028199, 0.028005]",1.2056071046926178,1.0716131263876918,1.5128315675688828,56,optimal,nan,0.9413604736328125,1.182962417602539,111.52740857398088,111.52740850585532,6.108414012198935e-10,5.2295222488521476e-05,4.59575775322356e-05,1.0,0.5932203389830508,0.7368421052631579,0.6572769953051644,9,2,1e-07,1e-05,1000,20.0,20.0,20.0,0.0,20.0,1.0,87.0,10.0,25.67489045740994,1.0
primary,x86_64,none,0.3.0,2.4.4,32,8,balanced,100,500,0.2,0,0.9808080808080808,5,"[20, 20, 20, 20, 20]",powerlaw,5,0,0,32,14,"[33, 6, 5, 4, 4, 4, 3, 3, 3, 3, 3, 3, 2, 2, 2, 2, 2, 2, 1, 1, 1, 1, 1, 1, 1, 1, 1, 1, 1, 1, 1, 1]",0.0284535290011263,0.02931656066680767,0.028185200000734767,0.033941207999305334,0.0019251305182948748,"[0.02841, 0.030906, 0.028288, 0.028185, 0.028693, 0.028454, 0.028659, 0.028312, 0.033941]",0.014021955998032354,0.013719459888509138,0.01268624899967108,0.01441376400180161,0.0006018578558576873,"[0.014204, 0.014414, 0.014055, 0.014263, 0.014022, 0.013373, 0.012686, 0.013147, 0.013312]",2.0292125438932396,1.9554364839893197,2.6754329037830913,48,optimal,nan,0.9413604736328125,0.7154932022094727,113.3335041076545,113.33350408262591,2.2084023659178043e-10,3.766885396291886e-05,2.9754188679231117e-05,1.0,0.9,0.6631578947368421,0.7636363636363636,9,2,1e-07,1e-05,1000,20.0,20.0,20.0,0.0,20.0,1.0,33.0,3.125,5.526922742358536,2.0
primary,x86_64,none,0.3.0,2.4.4,32,8,balanced,100,500,0.25,0,0.9808080808080808,5,"[20, 20, 20, 20, 20]",powerlaw,5,0,0,39,18,"[22, 9, 5, 4, 3, 3, 3, 3, 3, 3, 3, 3, 2, 2, 2, 2, 2, 2, 2, 2, 2, 1, 1, 1, 1, 1, 1, 1, 1, 1, 1, 1, 1, 1, 1, 1, 1, 1, 1]",0.03456572499999311,0.03616316500039021,0.0331148499972187,0.042260587000782834,0.0034910075844054064,"[0.03768, 0.034566, 0.033437, 0.035391, 0.033606, 0.034043, 0.033115, 0.04137, 0.042261]",0.01141465599721414,0.011614781555787582,0.011291178001556545,0.01266369099903386,0.0004739413271142912,"[0.011438, 0.011415, 0.011402, 0.01137, 0.011291, 0.011307, 0.011482, 0.012664, 0.012165]",3.028188060019436,2.614944568668416,3.7427969867233517,58,optimal,nan,0.9413604736328125,0.7061901092529297,114.33881276584214,114.3388127680451,1.926700693020257e-11,1.2827110101198969e-05,1.1317124546174545e-05,1.0,0.9508196721311475,0.6105263157894737,0.7435897435897436,9,2,1e-07,1e-05,1000,20.0,20.0,20.0,0.0,20.0,1.0,22.0,2.5641025641025643,3.4920780074324544,2.0
primary,x86_64,none,0.3.0,2.4.4,32,8,balanced,100,500,0.3,0,0.9808080808080808,5,"[20, 20, 20, 20, 20]",powerlaw,5,0,0,43,23,"[16, 9, 5, 4, 4, 3, 3, 3, 3, 3, 3, 3, 3, 3, 2, 2, 2, 2, 2, 2, 1, 1, 1, 1, 1, 1, 1, 1, 1, 1, 1, 1, 1, 1, 1, 1, 1, 1, 1, 1, 1, 1, 1]",0.030829307997919386,0.0320556518886911,0.02976192899950547,0.03634073300054297,0.002513124390697858,"[0.034811, 0.036341, 0.034744, 0.031162, 0.030105, 0.030829, 0.029762, 0.03077, 0.029977]",0.01066665999678662,0.0107472647776174,0.010087260001455434,0.011394473000109429,0.0004970420318566037,"[0.010138, 0.010416, 0.010087, 0.010514, 0.011062, 0.011394, 0.011106, 0.011341, 0.010667]",2.8902494320815375,2.611961869515128,3.6026366917576795,52,optimal,nan,0.9413604736328125,0.7028284072875977,114.47678653214604,114.47678647273787,5.189538184793118e-10,5.276898511730188e-05,4.3828040697401654e-05,1.0,0.9482758620689655,0.5789473684210527,0.7189542483660131,9,2,1e-07,1e-05,1000,20.0,20.0,20.0,0.0,20.0,1.0,16.0,2.3255813953488373,2.594456794268944,1.0
primary,x86_64,none,0.3.0,2.4.4,32,8,balanced,100,500,0.35,0,0.9808080808080808,5,"[20, 20, 20, 20, 20]",powerlaw,5,0,0,49,28,"[14, 9, 5, 4, 3, 3, 3, 3, 3, 3, 2, 2, 2, 2, 2, 2, 2, 2, 2, 2, 2, 1, 1, 1, 1, 1, 1, 1, 1, 1, 1, 1, 1, 1, 1, 1, 1, 1, 1, 1, 1, 1, 1, 1, 1, 1, 1, 1, 1]",0.026894612001342466,0.026719683888384478,0.025288201999501325,0.02876341499722912,0.0011234041297733229,"[0.028763, 0.025288, 0.025434, 0.027726, 0.026962, 0.027112, 0.026895, 0.026542, 0.025755]",0.009449682998820208,0.009466700778122887,0.009347574999992503,0.00962659000288113,9.56031287395841e-05,"[0.009533, 0.009505, 0.009369, 0.009373, 0.009348, 0.00945, 0.009557, 0.009627, 0.00944]",2.8460861602130203,2.62691170933143,3.077099140392261,47,optimal,nan,0.9413604736328125,0.7031393051147461,115.8925744259761,115.89257442592259,4.616677838743671e-13,3.572115872485515e-06,3.0245855322154295e-06,1.0,0.9803921568627451,0.5263157894736842,0.684931506849315,9,2,1e-07,1e-05,1000,20.0,20.0,20.0,0.0,20.0,1.0,14.0,2.0408163265306123,2.2127569254579265,1.0
primary,x86_64,none,0.3.0,2.4.4,32,8,balanced,100,500,0.4,0,0.9808080808080808,5,"[20, 20, 20, 20, 20]",powerlaw,5,0,0,59,38,"[10, 5, 4, 4, 3, 3, 3, 3, 3, 2, 2, 2, 2, 2, 2, 2, 2, 2, 2, 2, 2, 1, 1, 1, 1, 1, 1, 1, 1, 1, 1, 1, 1, 1, 1, 1, 1, 1, 1, 1, 1, 1, 1, 1, 1, 1, 1, 1, 1, 1, 1, 1, 1, 1, 1, 1, 1, 1, 1]",0.03073076399959973,0.03076730633337219,0.029419990001770202,0.03235260899964487,0.0008176712483165963,"[0.02942, 0.030156, 0.031041, 0.030731, 0.03034, 0.030756, 0.032353, 0.030721, 0.031389]",0.008496285001456272,0.00848058599957666,0.00839417799943476,0.008539026999642374,5.7389746123236995e-05,"[0.008395, 0.008394, 0.008495, 0.008438, 0.008502, 0.008539, 0.008496, 0.008539, 0.008526]",3.6169648257247076,3.4453562452727167,3.8541723801691368,56,optimal,nan,0.9413604736328125,0.7037296295166016,116.53078567818726,116.53078567934499,9.934970447511416e-12,7.0121229294728415e-06,5.491946979957582e-06,1.0,1.0,0.43157894736842106,0.6029411764705882,9,2,1e-07,1e-05,1000,20.0,20.0,20.0,0.0,20.0,1.0,10.0,1.694915254237288,1.4172572854486014,1.0
primary,x86_64,none,0.3.0,2.4.4,32,8,balanced,100,1000,0.05,0,0.9808080808080808,5,"[20, 20, 20, 20, 20]",powerlaw,5,0,0,1,0,[100],0.020552082001813687,0.020628860111577926,0.020453536002605688,0.021072117000585422,0.00021006818574175848,"[0.021072, 0.020552, 0.020496, 0.020871, 0.020558, 0.020541, 0.020456, 0.020659, 0.020454]",0.022040949999791337,0.02221060144398103,0.021330946998205036,0.02322230899881106,0.0008060259781720532,"[0.021536, 0.021669, 0.022041, 0.021331, 0.021365, 0.022367, 0.02318, 0.023222, 0.023183]",0.9324499171772658,0.8807709863671556,0.9878659865573998,38,optimal,nan,0.9413604736328125,1.4788637161254883,109.72921021591955,109.72921021591955,0.0,0.0,0.0,1.0,0.09578107183580388,0.8842105263157894,0.1728395061728395,9,2,1e-07,1e-05,1000,20.0,20.0,20.0,0.0,20.0,100.0,100.0,100.0,0.0,100.0
primary,x86_64,none,0.3.0,2.4.4,32,8,balanced,100,1000,0.1,0,0.9808080808080808,5,"[20, 20, 20, 20, 20]",powerlaw,5,0,0,9,6,"[89, 3, 2, 1, 1, 1, 1, 1, 1]",0.024075974000879796,0.02397663733346336,0.0236616080001113,0.02421013899947866,0.00020191089452254186,"[0.02421, 0.024076, 0.024085, 0.024173, 0.023727, 0.023662, 0.023866, 0.02386, 0.024131]",0.021982774000207428,0.02201417055564687,0.021414058999653207,0.023241306000272743,0.0006047328790034599,"[0.022081, 0.021555, 0.02166, 0.021414, 0.021983, 0.021466, 0.022068, 0.022658, 0.023241]",1.095220011844393,1.018084267718588,1.1305721628893772,44,optimal,nan,0.9413604736328125,1.225900650024414,110.63089400275402,110.63089389824043,9.447052727586587e-10,2.4381200200096487e-05,2.1509457966431017e-05,1.0,0.5220588235294118,0.7473684210526316,0.6147186147186148,9,2,1e-07,1e-05,1000,20.0,20.0,20.0,0.0,20.0,1.0,89.0,11.11111111111111,27.545697161240362,1.0
primary,x86_64,none,0.3.0,2.4.4,32,8,balanced,100,1000,0.15,0,0.9808080808080808,5,"[20, 20, 20, 20, 20]",powerlaw,5,0,0,28,9,"[26, 9, 6, 5, 5, 4, 4, 3, 3, 3, 3, 3, 3, 3, 3, 2, 2, 2, 2, 1, 1, 1, 1, 1, 1, 1, 1, 1]",0.033041242000763305,0.03329347622234814,0.03241791199980071,0.034926666998217115,0.0007965604636794416,"[0.032889, 0.032464, 0.033709, 0.033041, 0.032418, 0.03294, 0.033304, 0.034927, 0.03395]",0.013700201001483947,0.013672761222147124,0.013450868998916121,0.01393765999819152,0.00016238223353683487,"[0.01383, 0.013718, 0.01368, 0.013938, 0.013738, 0.0137, 0.01349, 0.013451, 0.01351]",2.411734105009439,2.3259221421678453,2.596610449557685,58,optimal,nan,0.9413604736328125,0.7073879241943359,112.1959443381415,112.19594429787557,3.588893633494008e-10,6.275605233840853e-05,5.218809112887542e-05,1.0,0.92,0.7263157894736842,0.811764705882353,9,2,1e-07,1e-05,1000,20.0,20.0,20.0,0.0,20.0,1.0,26.0,3.5714285714285716,4.686062704816206,3.0
primary,x86_64,none,0.3.0,2.4.4,32,8,balanced,100,1000,0.2,0,0.9808080808080808,5,"[20, 20, 20, 20, 20]",powerlaw,5,0,0,36,14,"[14, 10, 6, 5, 4, 4, 4, 3, 3, 3, 3, 3, 3, 3, 3, 3, 2, 2, 2, 2, 2, 2, 1, 1, 1, 1, 1, 1, 1, 1, 1, 1, 1, 1, 1, 1]",0.028452346999984002,0.02857582511003582,0.028208950996486237,0.029383185999904526,0.0004478498101362371,"[0.029383, 0.028467, 0.028321, 0.028279, 0.028293, 0.028452, 0.028209, 0.028464, 0.029314]",0.011791031000029761,0.0119411574447036,0.011363604000507621,0.013017507000768092,0.0004917415227238767,"[0.012412, 0.011761, 0.011753, 0.011884, 0.011901, 0.013018, 0.011791, 0.011587, 0.011364]",2.413049969923087,2.1670010236846258,2.585727732028673,56,optimal,nan,0.9413604736328125,0.7017087936401367,113.81524070238142,113.81524070349846,9.8145400211334e-12,1.1184296911687097e-05,1.0193018896192828e-05,1.0,0.9846153846153847,0.6736842105263158,0.8,9,2,1e-07,1e-05,1000,20.0,20.0,20.0,0.0,20.0,1.0,14.0,2.7777777777777777,2.6152449546532934,2.0
primary,x86_64,none,0.3.0,2.4.4,32,8,balanced,100,1000,0.25,0,0.9808080808080808,5,"[20, 20, 20, 20, 20]",powerlaw,5,0,0,38,16,"[17, 10, 5, 4, 4, 3, 3, 3, 3, 3, 3, 3, 3, 3, 3, 2, 2, 2, 2, 2, 2, 2, 1, 1, 1, 1, 1, 1, 1, 1, 1, 1, 1, 1, 1, 1, 1, 1]",0.02439179699649685,0.024569891110230755,0.023931126001116354,0.025644392997492105,0.0005164078056008983,"[0.024227, 0.023931, 0.024302, 0.024344, 0.024392, 0.024506, 0.025101, 0.024683, 0.025644]",0.011375477999536088,0.011620455889189744,0.011153453000588343,0.01353516800008947,0.0007339597659498727,"[0.011282, 0.011296, 0.011647, 0.01147, 0.011375, 0.011545, 0.013535, 0.011279, 0.011153]",2.14424369661579,1.7680701119452795,2.299233519533311,48,optimal,nan,0.9413604736328125,0.7034635543823242,114.49176102797921,114.49176102583391,1.87375845235891e-11,1.344093568883542e-05,1.1048354909063711e-05,1.0,0.9838709677419355,0.6421052631578947,0.7770700636942676,9,2,1e-07,1e-05,1000,20.0,20.0,20.0,0.0,20.0,1.0,17.0,2.6315789473684212,2.8875508893358326,2.0
primary,x86_64,none,0.3.0,2.4.4,32,8,balanced,100,1000,0.3,0,0.9808080808080808,5,"[20, 20, 20, 20, 20]",powerlaw,5,0,0,47,23,"[11, 9, 5, 4, 3, 3, 3, 3, 3, 3, 3, 3, 2, 2, 2, 2, 2, 2, 2, 2, 2, 2, 2, 2, 1, 1, 1, 1, 1, 1, 1, 1, 1, 1, 1, 1, 1, 1, 1, 1, 1, 1, 1, 1, 1, 1, 1]",0.028238634000445018,0.02801146533359618,0.026982475999830058,0.028793102002964588,0.0006989557147372989,"[0.028793, 0.02712, 0.027537, 0.026982, 0.028562, 0.028575, 0.028653, 0.027643, 0.028239]",0.01010032200065325,0.010095968667074986,0.009976843000913505,0.01023567399897729,9.818566652899618e-05,"[0.010232, 0.010236, 0.010159, 0.010007, 0.010119, 0.010017, 0.0101, 0.010017, 0.009977]",2.795815222387826,2.636121080304633,2.8859932947053712,47,optimal,nan,0.9413604736328125,0.7027444839477539,115.15404293189319,115.15404293212976,2.0543620737995607e-12,5.481531020701258e-06,4.699628125106998e-06,1.0,1.0,0.5578947368421052,0.7162162162162162,9,2,1e-07,1e-05,1000,20.0,20.0,20.0,0.0,20.0,1.0,11.0,2.127659574468085,1.9198517371456305,2.0
primary,x86_64,none,0.3.0,2.4.4,32,8,balanced,100,1000,0.35,0,0.9808080808080808,5,"[20, 20, 20, 20, 20]",powerlaw,5,0,0,53,33,"[11, 9, 5, 4, 3, 3, 3, 3, 3, 3, 2, 2, 2, 2, 2, 2, 2, 2, 2, 2, 1, 1, 1, 1, 1, 1, 1, 1, 1, 1, 1, 1, 1, 1, 1, 1, 1, 1, 1, 1, 1, 1, 1, 1, 1, 1, 1, 1, 1, 1, 1, 1, 1]",0.026748578002298018,0.02662905766636767,0.026093191998370457,0.02703471799759427,0.00038082502361272034,"[0.026111, 0.026984, 0.026749, 0.026274, 0.026892, 0.026576, 0.027035, 0.026093, 0.026948]",0.009306021998781944,0.009344806777840454,0.009097057998587843,0.009848615998635069,0.0002417598901658121,"[0.009849, 0.009562, 0.009364, 0.009272, 0.009306, 0.009097, 0.009397, 0.009107, 0.009149]",2.8743299774918984,2.6494272902900007,2.97180890808775,45,optimal,nan,0.9413604736328125,0.7026510238647461,116.57279658037282,116.57279658059471,1.903431092263279e-12,3.608203688970635e-06,3.1195913920492205e-06,1.0,1.0,0.49473684210526314,0.6619718309859155,9,2,1e-07,1e-05,1000,20.0,20.0,20.0,0.0,20.0,1.0,11.0,1.8867924528301887,1.8496341031173542,1.0
primary,x86_64,none,0.3.0,2.4.4,32,8,balanced,100,1000,0.4,0,0.9808080808080808,5,"[20, 20, 20, 20, 20]",powerlaw,5,0,0,56,36,"[11, 8, 4, 4, 3, 3, 3, 3, 3, 2, 2, 2, 2, 2, 2, 2, 2, 2, 2, 2, 1, 1, 1, 1, 1, 1, 1, 1, 1, 1, 1, 1, 1, 1, 1, 1, 1, 1, 1, 1, 1, 1, 1, 1, 1, 1, 1, 1, 1, 1, 1, 1, 1, 1, 1, 1]",0.02716769399921759,0.027300671667035203,0.02655505100119626,0.028664875000686152,0.0006048669277074764,"[0.027095, 0.026555, 0.027266, 0.028665, 0.027597, 0.027538, 0.026918, 0.026903, 0.027168]",0.009231222000380512,0.009253780777119877,0.00912792699818965,0.009438998997211456,0.0001001824343265162,"[0.009368, 0.009254, 0.009306, 0.009231, 0.009197, 0.009179, 0.009128, 0.009183, 0.009439]",2.943022494540564,2.8133333851440567,3.140348844416841,48,optimal,nan,0.9413604736328125,0.7033157348632812,117.22174017708713,117.22174017720279,9.866953549085525e-13,3.8976550441605085e-06,3.329721641469391e-06,1.0,1.0,0.4631578947368421,0.6330935251798561,9,2,1e-07,1e-05,1000,20.0,20.0,20.0,0.0,20.0,1.0,11.0,1.7857142857142858,1.7083229633001997,1.0
primary,x86_64,none,0.3.0,2.4.4,32,8,balanced,200,400,0.05,0,0.9902010050251256,5,"[40, 40, 40, 40, 40]",powerlaw,5,0,0,1,0,[200],0.07785215200055973,0.07695231499989556,0.0728761989994382,0.08080851900012931,0.0036426185063688304,"[0.07989, 0.080532, 0.080809, 0.080584, 0.073431, 0.077852, 0.073047, 0.072876, 0.073551]",0.08365328099898761,0.0853355465555473,0.08072303500011913,0.09349833600208513,0.004331263611656443,"[0.08231, 0.080723, 0.082845, 0.082223, 0.083653, 0.084566, 0.090737, 0.093498, 0.087465]",0.930652702091887,0.7794384597156143,1.0010589790139834,29,optimal,nan,3.385162353515625,5.829907417297363,200.00213194266811,200.00213194266811,0.0,0.0,0.0,1.0,0.02786831812255541,0.8769230769230769,0.05401990206918338,9,2,1e-07,1e-05,1000,40.0,40.0,40.0,0.0,40.0,200.0,200.0,200.0,0.0,200.0
primary,x86_64,none,0.3.0,2.4.4,32,8,balanced,200,400,0.1,0,0.9902010050251256,5,"[40, 40, 40, 40, 40]",powerlaw,5,0,0,1,0,[200],0.15216736200090963,0.1519359715558595,0.12565624000126263,0.1674110509993625,0.0140073561995272,"[0.16618, 0.164184, 0.149029, 0.167411, 0.152167, 0.150113, 0.13604, 0.125656, 0.156642]",0.15135881799869821,0.15326799133334942,0.13306259299861267,0.18130597900017165,0.014081352358475125,"[0.151359, 0.164119, 0.150442, 0.133063, 0.14178, 0.155411, 0.143372, 0.158561, 0.181306]",1.005341902195737,0.6930617550188108,1.2581375969511426,57,optimal,nan,3.385162353515625,5.829843521118164,211.65372705645078,211.65372705645078,0.0,0.0,0.0,1.0,0.09711595055915244,0.8461538461538461,0.17423442449841606,9,2,1e-07,1e-05,1000,40.0,40.0,40.0,0.0,40.0,200.0,200.0,200.0,0.0,200.0
primary,x86_64,none,0.3.0,2.4.4,32,8,balanced,200,400,0.15,0,0.9902010050251256,5,"[40, 40, 40, 40, 40]",powerlaw,5,0,0,4,2,"[196, 2, 1, 1]",0.1526755399972899,0.15296022622189615,0.14941285199893173,0.1616799910007103,0.0038132654863490345,"[0.153261, 0.149492, 0.149928, 0.149413, 0.152676, 0.151949, 0.152982, 0.155261, 0.16168]",0.140536634997261,0.14364141233292888,0.13557967499946244,0.157637252999848,0.007800395210016756,"[0.157637, 0.148722, 0.153545, 0.139473, 0.140537, 0.136823, 0.13558, 0.141841, 0.138616]",1.0863753782084329,0.947827046942234,1.1925090615636256,64,optimal,nan,3.385162353515625,5.636713027954102,215.33570382784566,215.33569854795056,2.451936679406925e-08,3.948630644400042e-05,3.032488511654955e-05,1.0,0.30753968253968256,0.7948717948717948,0.4434907010014306,9,2,1e-07,1e-05,1000,40.0,40.0,40.0,0.0,40.0,1.0,196.0,50.0,84.2941279093627,1.5
primary,x86_64,none,0.3.0,2.4.4,32,8,balanced,200,400,0.2,0,0.9902010050251256,5,"[40, 40, 40, 40, 40]",powerlaw,5,0,0,24,15,"[158, 5, 5, 4, 3, 3, 3, 2, 2, 1, 1, 1, 1, 1, 1, 1, 1, 1, 1, 1, 1, 1, 1, 1]",0.13618282899915357,0.13586766633347402,0.13325020800039056,0.13953812700128765,0.0021126414723499696,"[0.137469, 0.136581, 0.135208, 0.133845, 0.13325, 0.137263, 0.139538, 0.133472, 0.136183]",0.09350904500024626,0.0945347362224614,0.09309230399958324,0.10085959199932404,0.0024992719467062242,"[0.10086, 0.093174, 0.093863, 0.095669, 0.093509, 0.094008, 0.093399, 0.093092, 0.09324]",1.4563599596038537,1.3211456179723948,1.498922263240067,57,optimal,nan,3.385162353515625,3.9963321685791016,217.5586832279189,217.558643537058,1.8243749364005e-07,0.0005152388994999479,0.00038528193759353413,1.0,0.6133333333333333,0.7076923076923077,0.657142857142857,9,2,1e-07,1e-05,1000,40.0,40.0,40.0,0.0,40.0,1.0,158.0,8.333333333333334,31.23388473365994,1.0
primary,x86_64,none,0.3.0,2.4.4,32,8,balanced,200,400,0.25,0,0.9902010050251256,5,"[40, 40, 40, 40, 40]",powerlaw,5,0,0,52,34,"[120, 5, 5, 3, 3, 3, 3, 3, 3, 2, 2, 2, 2, 2, 2, 2, 2, 2, 1, 1, 1, 1, 1, 1, 1, 1, 1, 1, 1, 1, 1, 1, 1, 1, 1, 1, 1, 1, 1, 1, 1, 1, 1, 1, 1, 1, 1, 1, 1, 1, 1, 1]",0.15529948599942145,0.15520925433358773,0.15259126700038905,0.1596236229997885,0.001971244215197787,"[0.155299, 0.154503, 0.152591, 0.153281, 0.155365, 0.155601, 0.154908, 0.155711, 0.159624]",0.08283763600047678,0.08319224155517684,0.08043573599934462,0.08714870799667551,0.002468714826609757,"[0.087149, 0.081356, 0.08049, 0.0865, 0.083804, 0.084375, 0.082838, 0.080436, 0.081782]",1.8747455081712812,1.7509297671539779,1.984486385517615,70,optimal,nan,3.385162353515625,2.710543632507324,219.6287895035422,219.628770273109,8.755879973450004e-08,0.0008271578344091479,0.0006058051236704757,1.0,0.6944444444444444,0.6410256410256411,0.6666666666666666,9,2,1e-07,1e-05,1000,40.0,40.0,40.0,0.0,40.0,1.0,120.0,3.8461538461538463,16.293444429001095,1.0
primary,x86_64,none,0.3.0,2.4.4,32,8,balanced,200,400,0.3,0,0.9902010050251256,5,"[40, 40, 40, 40, 40]",powerlaw,5,0,0,80,49,"[64, 8, 6, 5, 5, 4, 4, 4, 3, 3, 3, 3, 3, 2, 2, 2, 2, 2, 2, 2, 2, 2, 2, 2, 2, 2, 2, 2, 2, 2, 2, 1, 1, 1, 1, 1, 1, 1, 1, 1, 1, 1, 1, 1, 1, 1, 1, 1, 1, 1, 1, 1, 1, 1, 1, 1, 1, 1, 1, 1, 1, 1, 1, 1, 1, 1, 1, 1, 1, 1, 1, 1, 1, 1, 1, 1, 1, 1, 1, 1]",0.14926803599882987,0.14930062211149359,0.1483371980029915,0.15015376299925265,0.0006469461864177922,"[0.14909, 0.148558, 0.149879, 0.150109, 0.149268, 0.149336, 0.148337, 0.148975, 0.150154]",0.02781478300312301,0.02882688744486788,0.027678244001435814,0.035840904998622136,0.0026461549662045716,"[0.035841, 0.028623, 0.02816, 0.027678, 0.027815, 0.027752, 0.027799, 0.027811, 0.027962]",5.366500108308242,4.138768203779848,5.424974322484598,59,optimal,nan,3.385162353515625,2.414215087890625,221.6160339579318,221.6160165600167,7.850476690039879e-08,0.0005989908153364865,0.00042217584063335937,1.0,0.912,0.5846153846153846,0.7125,9,2,1e-07,1e-05,1000,40.0,40.0,40.0,0.0,40.0,1.0,64.0,2.5,7.035623639735144,1.0
primary,x86_64,none,0.3.0,2.4.4,32,8,balanced,200,400,0.35,0,0.9902010050251256,5,"[40, 40, 40, 40, 40]",powerlaw,5,0,0,91,65,"[30, 23, 17, 7, 5, 4, 4, 3, 3, 3, 3, 3, 3, 3, 2, 2, 2, 2, 2, 2, 2, 2, 2, 2, 2, 2, 1, 1, 1, 1, 1, 1, 1, 1, 1, 1, 1, 1, 1, 1, 1, 1, 1, 1, 1, 1, 1, 1, 1, 1, 1, 1, 1, 1, 1, 1, 1, 1, 1, 1, 1, 1, 1, 1, 1, 1, 1, 1, 1, 1, 1, 1, 1, 1, 1, 1, 1, 1, 1, 1, 1, 1, 1, 1, 1, 1, 1, 1, 1, 1, 1]",0.15901456100255018,0.15923750833381847,0.15817989200149896,0.16061266099859495,0.0007575882309173058,"[0.158921, 0.159808, 0.15818, 0.160613, 0.159015, 0.158834, 0.158518, 0.159877, 0.159373]",0.020634019001590787,0.02199558377793033,0.019956072999775643,0.027991693001240492,0.0030325024039793034,"[0.027992, 0.026541, 0.021134, 0.020838, 0.020634, 0.02054, 0.020271, 0.020055, 0.019956]",7.706426992739074,5.650958375203993,8.048309955590994,69,optimal,nan,3.385162353515625,2.358647346496582,223.00482412456108,223.00482395984815,7.38607024150817e-10,5.250975528334201e-05,4.071759691639734e-05,1.0,0.9272727272727272,0.5230769230769231,0.6688524590163936,9,2,1e-07,1e-05,1000,40.0,40.0,40.0,0.0,40.0,1.0,30.0,2.197802197802198,4.140976633278411,1.0
primary,x86_64,none,0.3.0,2.4.4,32,8,balanced,200,400,0.4,0,0.9902010050251256,5,"[40, 40, 40, 40, 40]",powerlaw,5,0,0,117,102,"[50, 8, 7, 7, 3, 3, 3, 3, 2, 2, 2, 2, 2, 2, 2, 1, 1, 1, 1, 1, 1, 1, 1, 1, 1, 1, 1, 1, 1, 1, 1, 1, 1, 1, 1, 1, 1, 1, 1, 1, 1, 1, 1, 1, 1, 1, 1, 1, 1, 1, 1, 1, 1, 1, 1, 1, 1, 1, 1, 1, 1, 1, 1, 1, 1, 1, 1, 1, 1, 1, 1, 1, 1, 1, 1, 1, 1, 1, 1, 1, 1, 1, 1, 1, 1, 1, 1, 1, 1, 1, 1, 1, 1, 1, 1, 1, 1, 1, 1, 1, 1, 1, 1, 1, 1, 1, 1, 1, 1, 1, 1, 1, 1, 1, 1, 1, 1]",0.17989792300068075,0.17998697033342775,0.17880442300156574,0.18153045999861206,0.000765566668853561,"[0.180106, 0.179862, 0.178804, 0.18028, 0.179898, 0.179256, 0.179731, 0.180416, 0.18153]",0.027512026998010697,0.02848376244461785,0.02737311300006695,0.03574830000070506,0.00273293952989466,"[0.035748, 0.028101, 0.027619, 0.027653, 0.027494, 0.027512, 0.027373, 0.027454, 0.027399]",6.538882904327208,5.001760167561512,6.631706813842038,80,optimal,nan,3.385162353515625,2.3814191818237305,223.61553451309157,223.61543369188078,4.508685454831554e-07,0.0013759130014550924,0.0009256341589919542,0.99995,0.8953488372093024,0.39487179487179486,0.5480427046263345,9,2,1e-07,1e-05,1000,40.0,40.0,40.0,0.0,40.0,1.0,50.0,1.7094017094017093,4.609651393200432,1.0
primary,x86_64,none,0.3.0,2.4.4,32,8,balanced,200,1000,0.05,0,0.9902010050251256,5,"[40, 40, 40, 40, 40]",powerlaw,5,0,0,1,0,[200],0.09820720700008678,0.09826234899972203,0.09750076499767601,0.09925440000006347,0.00048588654861512896,"[0.099254, 0.098283, 0.097948, 0.098145, 0.097501, 0.097999, 0.098207, 0.098422, 0.0986]",0.10177384700000403,0.10168756933328243,0.10108996499911882,0.10233543800131883,0.00044082112770678985,"[0.101443, 0.102257, 0.10124, 0.101332, 0.101774, 0.101846, 0.102335, 0.101871, 0.10109]",0.9649552404173432,0.9527566100456764,0.9818422629875146,43,optimal,nan,3.385162353515625,5.829886436462402,207.5339070640482,207.5339070640482,0.0,0.0,0.0,1.0,0.059307507713404185,0.8871794871794871,0.11118251928020566,9,2,1e-07,1e-05,1000,40.0,40.0,40.0,0.0,40.0,200.0,200.0,200.0,0.0,200.0
primary,x86_64,none,0.3.0,2.4.4,32,8,balanced,200,1000,0.1,0,0.9902010050251256,5,"[40, 40, 40, 40, 40]",powerlaw,5,0,0,6,4,"[194, 2, 1, 1, 1, 1]",0.12122413700126344,0.1212291506668003,0.12062455200066324,0.12157913799819653,0.0003497043853609304,"[0.121579, 0.12152, 0.121224, 0.120625, 0.121532, 0.121487, 0.120737, 0.121205, 0.121154]",0.11903595300100278,0.11870219222287738,0.11780947800070862,0.11972814900218509,0.0006715594224848076,"[0.118492, 0.119036, 0.119107, 0.119728, 0.119114, 0.119112, 0.117809, 0.117971, 0.11795]",1.018382546996051,1.0074869861928777,1.0319979348135744,53,optimal,nan,3.385162353515625,5.541668891906738,213.3476568839408,213.3476567377524,6.852121106497617e-10,2.313339575232831e-06,1.8487041214656286e-06,1.0,0.3744075829383886,0.8102564102564103,0.5121555915721232,9,2,1e-07,1e-05,1000,40.0,40.0,40.0,0.0,40.0,1.0,194.0,33.333333333333336,71.8532455000391,1.0
primary,x86_64,none,0.3.0,2.4.4,32,8,balanced,200,1000,0.15,0,0.9902010050251256,5,"[40, 40, 40, 40, 40]",powerlaw,5,0,0,28,7,"[126, 8, 7, 6, 5, 4, 3, 3, 3, 3, 3, 3, 3, 2, 2, 2, 2, 2, 2, 2, 2, 1, 1, 1, 1, 1, 1, 1]",0.1394491469982313,0.13942803833277947,0.13778336699760985,0.14142599600018002,0.0012157861113592096,"[0.138631, 0.138651, 0.137783, 0.138356, 0.139449, 0.139966, 0.140983, 0.141426, 0.139607]",0.08975129700047546,0.08977240455593953,0.0889249390020268,0.09044705300038913,0.000531038353547356,"[0.089808, 0.089219, 0.089641, 0.089464, 0.090359, 0.090337, 0.089751, 0.090447, 0.088925]",1.553728488152016,1.5233593846005913,1.5903974474129985,61,optimal,nan,3.385162353515625,2.8881711959838867,216.72405045092225,216.72401910770532,1.4462269815872677e-07,0.0006284653368743079,0.0004909333652095806,1.0,0.8210526315789474,0.8,0.8103896103896103,9,2,1e-07,1e-05,1000,40.0,40.0,40.0,0.0,40.0,1.0,126.0,7.142857142857143,22.943586538841444,2.0
primary,x86_64,none,0.3.0,2.4.4,32,8,balanced,200,1000,0.2,0,0.9902010050251256,5,"[40, 40, 40, 40, 40]",powerlaw,5,0,0,47,21,"[97, 8, 5, 5, 4, 4, 4, 4, 4, 3, 3, 3, 3, 3, 3, 3, 3, 3, 3, 2, 2, 2, 2, 2, 2, 2, 1, 1, 1, 1, 1, 1, 1, 1, 1, 1, 1, 1, 1, 1, 1, 1, 1, 1, 1, 1, 1]",0.1373203340008331,0.13744711033359636,0.13675280700044823,0.13876408700161846,0.0006648789835358317,"[0.136812, 0.137177, 0.137525, 0.137323, 0.138268, 0.138764, 0.136753, 0.13732, 0.137083]",0.06920394999906421,0.06982899622137968,0.06909115799862775,0.07435206800073502,0.0017056904346514172,"[0.074352, 0.069149, 0.069204, 0.069159, 0.069234, 0.069199, 0.069091, 0.069381, 0.069692]",1.984284625410688,1.839260301396006,2.008420339464777,60,optimal,nan,3.385162353515625,2.5206823348999023,218.60209379607852,218.60208638726394,3.389178234124467e-08,0.0004791098527139187,0.0003868596898911341,0.99995,0.90625,0.7435897435897436,0.8169014084507042,9,2,1e-07,1e-05,1000,40.0,40.0,40.0,0.0,40.0,1.0,97.0,4.25531914893617,13.753866899362448,2.0
primary,x86_64,none,0.3.0,2.4.4,32,8,balanced,200,1000,0.25,0,0.9902010050251256,5,"[40, 40, 40, 40, 40]",powerlaw,5,0,0,70,36,"[34, 18, 10, 8, 7, 7, 5, 5, 5, 5, 4, 4, 4, 3, 3, 3, 3, 3, 3, 2, 2, 2, 2, 2, 2, 2, 2, 2, 2, 2, 2, 2, 2, 2, 1, 1, 1, 1, 1, 1, 1, 1, 1, 1, 1, 1, 1, 1, 1, 1, 1, 1, 1, 1, 1, 1, 1, 1, 1, 1, 1, 1, 1, 1, 1, 1, 1, 1, 1, 1]",0.15857650999896578,0.15846358855600962,0.1569427930007805,0.1593874380014313,0.0007688459642133226,"[0.158577, 0.156943, 0.158984, 0.158682, 0.158339, 0.157736, 0.158258, 0.159387, 0.159266]",0.023180778000096325,0.024521631999959936,0.023051363001286518,0.03150135300165857,0.002886392150010244,"[0.031501, 0.026839, 0.023554, 0.023346, 0.023051, 0.023088, 0.023053, 0.023181, 0.023082]",6.840862286775139,4.982096895727538,6.914447444714472,69,optimal,nan,3.385162353515625,2.3567018508911133,221.62512077720135,221.62504037995546,3.6276233307496564e-07,0.001408723791879285,0.0011455515087729774,1.0,0.9699248120300752,0.6615384615384615,0.7865853658536585,9,2,1e-07,1e-05,1000,40.0,40.0,40.0,0.0,40.0,1.0,34.0,2.857142857142857,4.5803484405375405,1.0
primary,x86_64,none,0.3.0,2.4.4,32,8,balanced,200,1000,0.3,0,0.9902010050251256,5,"[40, 40, 40, 40, 40]",powerlaw,5,0,0,87,51,"[25, 14, 11, 8, 7, 5, 5, 4, 4, 4, 4, 4, 3, 3, 3, 3, 3, 3, 2, 2, 2, 2, 2, 2, 2, 2, 2, 2, 2, 2, 2, 2, 2, 2, 2, 2, 1, 1, 1, 1, 1, 1, 1, 1, 1, 1, 1, 1, 1, 1, 1, 1, 1, 1, 1, 1, 1, 1, 1, 1, 1, 1, 1, 1, 1, 1, 1, 1, 1, 1, 1, 1, 1, 1, 1, 1, 1, 1, 1, 1, 1, 1, 1, 1, 1, 1, 1]",0.12400006900134031,0.1239760615555699,0.12343135400078609,0.12437763300113147,0.00027806692381505954,"[0.123431, 0.124, 0.124077, 0.123942, 0.124378, 0.124277, 0.124046, 0.123852, 0.123782]",0.01824756199857802,0.020087343777656013,0.01793173999976716,0.026151394999033073,0.003418296518692722,"[0.02592, 0.026151, 0.019735, 0.01866, 0.018248, 0.017932, 0.01803, 0.018021, 0.01809]",6.795432124631404,4.719876473333444,6.936172005770019,59,optimal,nan,3.385162353515625,2.3478927612304688,222.7708383404409,222.7708383234554,7.624649529162492e-11,1.2053793972260918e-05,9.53493072859065e-06,1.0,0.9739130434782609,0.5743589743589743,0.7225806451612903,9,2,1e-07,1e-05,1000,40.0,40.0,40.0,0.0,40.0,1.0,25.0,2.2988505747126435,3.220319619065233,1.0
primary,x86_64,none,0.3.0,2.4.4,32,8,balanced,200,1000,0.35,0,0.9902010050251256,5,"[40, 40, 40, 40, 40]",powerlaw,5,0,0,105,76,"[21, 17, 12, 8, 7, 4, 4, 4, 4, 3, 3, 3, 2, 2, 2, 2, 2, 2, 2, 2, 2, 2, 2, 2, 2, 2, 2, 2, 2, 1, 1, 1, 1, 1, 1, 1, 1, 1, 1, 1, 1, 1, 1, 1, 1, 1, 1, 1, 1, 1, 1, 1, 1, 1, 1, 1, 1, 1, 1, 1, 1, 1, 1, 1, 1, 1, 1, 1, 1, 1, 1, 1, 1, 1, 1, 1, 1, 1, 1, 1, 1, 1, 1, 1, 1, 1, 1, 1, 1, 1, 1, 1, 1, 1, 1, 1, 1, 1, 1, 1, 1, 1, 1, 1, 1]",0.13694636399668525,0.13692710088758353,0.1358231779995549,0.13836043099945528,0.0007003647753184249,"[0.136962, 0.13836, 0.137406, 0.135823, 0.136658, 0.136697, 0.137084, 0.136407, 0.136946]",0.017752459996700054,0.01976796244384281,0.01760523499979172,0.025727532000018982,0.003422281329678381,"[0.025728, 0.025649, 0.019752, 0.018275, 0.017735, 0.017706, 0.017752, 0.01771, 0.017605]",7.714218988362275,5.279292937987782,7.8590505040740535,65,optimal,nan,3.385162353515625,2.3474111557006836,224.73813463610094,224.7381345511755,3.778861658597116e-10,7.049734511933858e-05,5.7354624318431215e-05,0.99995,1.0,0.48717948717948717,0.6551724137931034,9,2,1e-07,1e-05,1000,40.0,40.0,40.0,0.0,40.0,1.0,21.0,1.9047619047619047,2.830190333575295,1.0
primary,x86_64,none,0.3.0,2.4.4,32,8,balanced,200,1000,0.4,0,0.9902010050251256,5,"[40, 40, 40, 40, 40]",powerlaw,5,0,0,120,95,"[16, 14, 12, 8, 7, 5, 4, 3, 3, 3, 2, 2, 2, 2, 2, 2, 2, 2, 2, 2, 2, 2, 2, 2, 2, 1, 1, 1, 1, 1, 1, 1, 1, 1, 1, 1, 1, 1, 1, 1, 1, 1, 1, 1, 1, 1, 1, 1, 1, 1, 1, 1, 1, 1, 1, 1, 1, 1, 1, 1, 1, 1, 1, 1, 1, 1, 1, 1, 1, 1, 1, 1, 1, 1, 1, 1, 1, 1, 1, 1, 1, 1, 1, 1, 1, 1, 1, 1, 1, 1, 1, 1, 1, 1, 1, 1, 1, 1, 1, 1, 1, 1, 1, 1, 1, 1, 1, 1, 1, 1, 1, 1, 1, 1, 1, 1, 1, 1, 1, 1]",0.13511437000124715,0.1351242640003976,0.13435093900261563,0.136273173000518,0.0005521732690664351,"[0.134915, 0.135138, 0.134725, 0.13534, 0.135114, 0.136273, 0.134763, 0.135499, 0.134351]",0.015128536000702297,0.016869772000063676,0.014381724999111611,0.02106264500253019,0.0030961965497635167,"[0.021063, 0.02086, 0.020917, 0.015949, 0.015129, 0.014671, 0.014382, 0.014426, 0.014433]",8.931093530462887,6.378635683527709,9.475440046930105,64,optimal,nan,3.385162353515625,2.3444690704345703,224.04871319746397,224.04871318639667,4.939684681700225e-11,1.5288271972335732e-05,1.2020496313638598e-05,1.0,1.0,0.41025641025641024,0.5818181818181819,9,2,1e-07,1e-05,1000,40.0,40.0,40.0,0.0,40.0,1.0,16.0,1.6666666666666667,2.2335820757001277,1.0
primary,x86_64,none,0.3.0,2.4.4,32,8,balanced,200,2000,0.05,0,0.9902010050251256,5,"[40, 40, 40, 40, 40]",powerlaw,5,0,0,1,0,[200],0.09940286300115986,0.09942700488924554,0.09848983199844952,0.10027196400187677,0.000556856298462969,"[0.099361, 0.100141, 0.099279, 0.100272, 0.09849, 0.099403, 0.099587, 0.098857, 0.099453]",0.10224762800135068,0.10222915966692704,0.10128948100100388,0.1031582849973347,0.0005146378921695717,"[0.102321, 0.102485, 0.102585, 0.103158, 0.102248, 0.102036, 0.10197, 0.10197, 0.101289]",0.9721776919836884,0.9547447594829073,0.9899543665435799,47,optimal,nan,3.385162353515625,5.829800605773926,210.30452724776802,210.30452724776802,0.0,0.0,0.0,1.0,0.13736263736263737,0.8974358974358975,0.23825731790333562,9,2,1e-07,1e-05,1000,40.0,40.0,40.0,0.0,40.0,200.0,200.0,200.0,0.0,200.0
primary,x86_64,none,0.3.0,2.4.4,32,8,balanced,200,2000,0.1,0,0.9902010050251256,5,"[40, 40, 40, 40, 40]",powerlaw,5,0,0,22,9,"[157, 5, 4, 4, 3, 3, 3, 2, 2, 2, 2, 2, 2, 1, 1, 1, 1, 1, 1, 1, 1, 1]",0.11035212199931266,0.1104031745558637,0.10973709899917594,0.11129839700151933,0.000449665530399794,"[0.110132, 0.109737, 0.110702, 0.110647, 0.110302, 0.110425, 0.110352, 0.111298, 0.110033]",0.08845243100222433,0.08847604655602481,0.08828502200049115,0.08881455899972934,0.00018571240970251097,"[0.088285, 0.088452, 0.088291, 0.088286, 0.088528, 0.088815, 0.088429, 0.088696, 0.088502]",1.247587214381226,1.2355755659329497,1.26067134016119,52,optimal,nan,3.385162353515625,3.9620113372802734,213.05034207135571,213.05033143114628,4.994223119011789e-08,0.00019689164667367753,0.00016080706979522465,1.0,0.7323943661971831,0.8,0.7647058823529411,9,2,1e-07,1e-05,1000,40.0,40.0,40.0,0.0,40.0,1.0,157.0,9.090909090909092,32.29679000501597,2.0
primary,x86_64,none,0.3.0,2.4.4,32,8,balanced,200,2000,0.15,0,0.9902010050251256,5,"[40, 40, 40, 40, 40]",powerlaw,5,0,0,40,13,"[84, 19, 7, 6, 6, 5, 4, 4, 4, 4, 3, 3, 3, 3, 3, 3, 3, 3, 3, 3, 2, 2, 2, 2, 2, 2, 2, 1, 1, 1, 1, 1, 1, 1, 1, 1, 1, 1, 1, 1]",0.11178757100060466,0.11198967422185685,0.11090659699766547,0.11386177699750988,0.0010602515256102887,"[0.113862, 0.113326, 0.112629, 0.111092, 0.111809, 0.110985, 0.11151, 0.110907, 0.111788]",0.04009620600118069,0.04025912922224961,0.03994779299682705,0.041211077998013934,0.0003851567517321942,"[0.041211, 0.040376, 0.040202, 0.040029, 0.040031, 0.040094, 0.040346, 0.039948, 0.040096]",2.7879837558025544,2.6911840792665105,2.8502645191576326,53,optimal,nan,3.385162353515625,2.47316837310791,216.51321616795295,216.51320618441696,4.611051540279986e-08,0.0008081483022204378,0.0006559340236460223,0.99995,0.9444444444444444,0.7846153846153846,0.857142857142857,9,2,1e-07,1e-05,1000,40.0,40.0,40.0,0.0,40.0,1.0,84.0,5.0,12.99807678081646,2.5
primary,x86_64,none,0.3.0,2.4.4,32,8,balanced,200,2000,0.2,0,0.9902010050251256,5,"[40, 40, 40, 40, 40]",powerlaw,5,0,0,57,22,"[34, 18, 15, 8, 8, 7, 5, 5, 5, 4, 4, 4, 4, 4, 3, 3, 3, 3, 3, 3, 3, 3, 3, 3, 3, 2, 2, 2, 2, 2, 2, 2, 2, 2, 2, 1, 1, 1, 1, 1, 1, 1, 1, 1, 1, 1, 1, 1, 1, 1, 1, 1, 1, 1, 1, 1, 1]",0.15852671000175178,0.1598676972223782,0.15611412200087216,0.16842402199836215,0.004287116366216158,"[0.159088, 0.158527, 0.15723, 0.156114, 0.157745, 0.157171, 0.158567, 0.165943, 0.168424]",0.02482756899917149,0.026001145555104205,0.024701714999537216,0.033182576997205615,0.0027693319034478923,"[0.033183, 0.026741, 0.025282, 0.025021, 0.024828, 0.024749, 0.024718, 0.024702, 0.024786]",6.385108022740442,4.704701567151306,6.818312898578805,69,optimal,nan,3.385162353515625,2.356001853942871,219.8883546548608,219.88822493207053,5.899484329954204e-07,0.0018041692705770065,0.0014084384414353877,0.99995,0.9861111111111112,0.7282051282051282,0.8377581120943952,9,2,1e-07,1e-05,1000,40.0,40.0,40.0,0.0,40.0,1.0,34.0,3.508771929824561,5.1234678737401245,2.0
primary,x86_64,none,0.3.0,2.4.4,32,8,balanced,200,2000,0.25,0,0.9902010050251256,5,"[40, 40, 40, 40, 40]",powerlaw,5,0,0,69,32,"[18, 15, 14, 12, 8, 7, 7, 5, 5, 5, 5, 4, 4, 3, 3, 3, 3, 3, 3, 3, 3, 3, 3, 3, 2, 2, 2, 2, 2, 2, 2, 2, 2, 2, 2, 2, 2, 1, 1, 1, 1, 1, 1, 1, 1, 1, 1, 1, 1, 1, 1, 1, 1, 1, 1, 1, 1, 1, 1, 1, 1, 1, 1, 1, 1, 1, 1, 1, 1]",0.1330247670011886,0.12954176411141008,0.11646434499925817,0.13656884800002445,0.007701405503365816,"[0.116464, 0.11728, 0.126592, 0.135481, 0.133259, 0.133025, 0.134248, 0.132958, 0.136569]",0.020520056001259945,0.020577574000021234,0.019590402000176255,0.021480579998751637,0.0008074049891277584,"[0.021481, 0.02142, 0.021446, 0.021167, 0.02052, 0.020044, 0.019814, 0.01959, 0.019716]",6.482670758453134,5.421843591096079,6.971212127183287,56,optimal,nan,3.385162353515625,2.342526435852051,221.53109837608943,221.53109820619048,7.66930488847762e-10,6.305667610539967e-05,5.1821176626449005e-05,1.0,0.9924242424242424,0.6717948717948717,0.8012232415902141,9,2,1e-07,1e-05,1000,40.0,40.0,40.0,0.0,40.0,1.0,18.0,2.898550724637681,3.3757229071678463,2.0
primary,x86_64,none,0.3.0,2.4.4,32,8,balanced,200,2000,0.3,0,0.9902010050251256,5,"[40, 40, 40, 40, 40]",powerlaw,5,0,0,93,60,"[18, 14, 12, 8, 7, 7, 5, 5, 5, 4, 4, 3, 3, 3, 3, 3, 3, 3, 2, 2, 2, 2, 2, 2, 2, 2, 2, 2, 2, 2, 2, 2, 2, 1, 1, 1, 1, 1, 1, 1, 1, 1, 1, 1, 1, 1, 1, 1, 1, 1, 1, 1, 1, 1, 1, 1, 1, 1, 1, 1, 1, 1, 1, 1, 1, 1, 1, 1, 1, 1, 1, 1, 1, 1, 1, 1, 1, 1, 1, 1, 1, 1, 1, 1, 1, 1, 1, 1, 1, 1, 1, 1, 1]",0.15385827800128027,0.15348045277803773,0.1483266579998599,0.15508356999998796,0.002020876767706005,"[0.148327, 0.153477, 0.153344, 0.153627, 0.154485, 0.153858, 0.154484, 0.155084, 0.154638]",0.016943917999014957,0.01882143077778488,0.01661266199880629,0.024049891999311512,0.0031450214031190924,"[0.02384, 0.02405, 0.020437, 0.017473, 0.016944, 0.016678, 0.016628, 0.016613, 0.01673]",9.080442788393151,6.167456303093008,9.33526306687824,63,optimal,nan,3.385162353515625,2.3431882858276367,222.71825125988914,222.71825124607406,6.202941309584394e-11,1.1914570547152947e-05,9.966614670359508e-06,1.0,0.9907407407407407,0.5487179487179488,0.7062706270627064,9,2,1e-07,1e-05,1000,40.0,40.0,40.0,0.0,40.0,1.0,18.0,2.150537634408602,2.7157297146425035,1.0
primary,x86_64,none,0.3.0,2.4.4,32,8,balanced,200,2000,0.35,0,0.9902010050251256,5,"[40, 40, 40, 40, 40]",powerlaw,5,0,0,106,77,"[21, 17, 12, 8, 7, 5, 4, 3, 3, 3, 3, 3, 2, 2, 2, 2, 2, 2, 2, 2, 2, 2, 2, 2, 2, 2, 2, 2, 2, 1, 1, 1, 1, 1, 1, 1, 1, 1, 1, 1, 1, 1, 1, 1, 1, 1, 1, 1, 1, 1, 1, 1, 1, 1, 1, 1, 1, 1, 1, 1, 1, 1, 1, 1, 1, 1, 1, 1, 1, 1, 1, 1, 1, 1, 1, 1, 1, 1, 1, 1, 1, 1, 1, 1, 1, 1, 1, 1, 1, 1, 1, 1, 1, 1, 1, 1, 1, 1, 1, 1, 1, 1, 1, 1, 1, 1]",0.1412658109984477,0.1423688108888099,0.13972113699855981,0.14625127500039525,0.002346086318728976,"[0.141266, 0.142271, 0.140785, 0.139721, 0.141145, 0.140772, 0.143035, 0.146073, 0.146251]",0.019108362001134083,0.020939042333338875,0.018984883001394337,0.027424191997852176,0.00338414261651254,"[0.027424, 0.026281, 0.02014, 0.019405, 0.019034, 0.018985, 0.019015, 0.019108, 0.01906]",7.392879148409663,5.09481325865508,7.703564725137041,59,optimal,nan,3.385162353515625,2.3475494384765625,224.76049143767318,224.76048942748034,8.943710842255543e-09,0.0004632984060320422,0.0003635944398121286,1.0,1.0,0.48205128205128206,0.6505190311418685,9,2,1e-07,1e-05,1000,40.0,40.0,40.0,0.0,40.0,1.0,21.0,1.8867924528301887,2.81612859750383,1.0
primary,x86_64,none,0.3.0,2.4.4,32,8,balanced,200,2000,0.4,0,0.9902010050251256,5,"[40, 40, 40, 40, 40]",powerlaw,5,0,0,116,92,"[17, 14, 12, 8, 7, 7, 4, 3, 3, 3, 3, 3, 2, 2, 2, 2, 2, 2, 2, 2, 2, 2, 2, 2, 1, 1, 1, 1, 1, 1, 1, 1, 1, 1, 1, 1, 1, 1, 1, 1, 1, 1, 1, 1, 1, 1, 1, 1, 1, 1, 1, 1, 1, 1, 1, 1, 1, 1, 1, 1, 1, 1, 1, 1, 1, 1, 1, 1, 1, 1, 1, 1, 1, 1, 1, 1, 1, 1, 1, 1, 1, 1, 1, 1, 1, 1, 1, 1, 1, 1, 1, 1, 1, 1, 1, 1, 1, 1, 1, 1, 1, 1, 1, 1, 1, 1, 1, 1, 1, 1, 1, 1, 1, 1, 1, 1]",0.1349339640000835,0.13582192944441987,0.13313639300031355,0.13881523800228024,0.0024608855088044143,"[0.133451, 0.133136, 0.133503, 0.134934, 0.134011, 0.137604, 0.138815, 0.138495, 0.138447]",0.015135665998968761,0.016966478889015788,0.014523021000059089,0.021155263999389717,0.003127818808977333,"[0.021155, 0.021023, 0.021153, 0.015685, 0.015136, 0.014741, 0.014523, 0.014662, 0.014619]",8.914967072428592,6.293298585361744,9.558289422133003,55,optimal,nan,3.385162353515625,2.3434343338012695,225.57817917281463,225.5781790593241,5.03109517909689e-10,4.811940636451073e-05,3.92282456724319e-05,1.0,0.9882352941176471,0.4307692307692308,0.6000000000000001,9,2,1e-07,1e-05,1000,40.0,40.0,40.0,0.0,40.0,1.0,17.0,1.7241379310344827,2.3620060399370626,1.0
primary,x86_64,none,0.3.0,2.4.4,32,8,balanced,400,800,0.05,0,0.9950501253132832,5,"[80, 80, 80, 80, 80]",powerlaw,5,0,0,1,0,[400],0.23267466699689976,0.23220885022156937,0.22327483499975642,0.24501899799724924,0.008414490893889716,"[0.234578, 0.235434, 0.244257, 0.22488, 0.232675, 0.245019, 0.223275, 0.224755, 0.225007]",0.2389151169991237,0.24082138666643813,0.23456960299881757,0.25409115299771656,0.005719195057290561,"[0.236741, 0.238402, 0.237978, 0.23457, 0.24401, 0.254091, 0.240455, 0.238915, 0.24223]",0.9738800538006691,0.8787194373578324,1.0445470975985083,25,optimal,nan,13.45904541015625,23.229501724243164,341.57397043339546,341.57397043339546,0.0,0.0,0.0,1.0,0.03513984222927979,0.8683544303797468,0.06754627806222922,9,2,1e-07,1e-05,1000,80.0,80.0,80.0,0.0,80.0,400.0,400.0,400.0,0.0,400.0
primary,x86_64,none,0.3.0,2.4.4,32,8,balanced,400,800,0.1,0,0.9950501253132832,5,"[80, 80, 80, 80, 80]",powerlaw,5,0,0,8,6,"[392, 2, 1, 1, 1, 1, 1, 1]",0.38217209199865465,0.3823033461113583,0.3798663529996702,0.3882272940027178,0.00254566511255587,"[0.38004, 0.388227, 0.383036, 0.383274, 0.379866, 0.381131, 0.382172, 0.382357, 0.380626]",0.35960514900216367,0.36052095211117474,0.3581293309980538,0.36950128600074095,0.003461175367578126,"[0.360864, 0.35869, 0.358129, 0.359605, 0.359149, 0.359675, 0.358976, 0.360099, 0.369501]",1.062754782736315,1.0280515045322696,1.08404216130744,43,optimal,nan,13.45904541015625,22.456674575805664,353.13060429141194,353.13061227260346,2.260124559777936e-08,3.9765480956237276e-05,2.3617584209912615e-05,1.0,0.2988505747126437,0.789873417721519,0.43363446838082004,9,2,1e-07,1e-05,1000,80.0,80.0,80.0,0.0,80.0,1.0,392.0,50.0,129.26426420322053,1.0
primary,x86_64,none,0.3.0,2.4.4,32,8,balanced,400,800,0.15,0,0.9950501253132832,5,"[80, 80, 80, 80, 80]",powerlaw,5,0,0,81,51,"[268, 12, 4, 4, 4, 4, 3, 3, 3, 3, 3, 2, 2, 2, 2, 2, 2, 2, 2, 2, 2, 2, 2, 2, 2, 2, 2, 2, 2, 2, 1, 1, 1, 1, 1, 1, 1, 1, 1, 1, 1, 1, 1, 1, 1, 1, 1, 1, 1, 1, 1, 1, 1, 1, 1, 1, 1, 1, 1, 1, 1, 1, 1, 1, 1, 1, 1, 1, 1, 1, 1, 1, 1, 1, 1, 1, 1, 1, 1, 1, 1]",0.39911963600025047,0.39947464944473016,0.3979679650001344,0.4018195580028987,0.0013678301216480094,"[0.39912, 0.399558, 0.40182, 0.397968, 0.398873, 0.400732, 0.398372, 0.398019, 0.400812]",0.25684576899948297,0.2568649014441083,0.25612983800238,0.2578442849990097,0.000507941031881098,"[0.256798, 0.257844, 0.256846, 0.256935, 0.257265, 0.256254, 0.256751, 0.25613, 0.256961]",1.5539272363916334,1.5434430319123145,1.568811978865051,48,optimal,nan,13.45904541015625,12.472986221313477,359.4881956094809,359.4879476568494,6.897378954219187e-07,0.002763907146962813,0.0015757860386218178,0.99995,0.7190721649484536,0.7063291139240506,0.7126436781609196,9,2,1e-07,1e-05,1000,80.0,80.0,80.0,0.0,80.0,1.0,268.0,4.938271604938271,29.445218303882005,1.0
primary,x86_64,none,0.3.0,2.4.4,32,8,balanced,400,800,0.2,0,0.9950501253132832,5,"[80, 80, 80, 80, 80]",powerlaw,5,0,0,149,104,"[136, 14, 11, 9, 9, 7, 6, 5, 5, 5, 4, 4, 4, 4, 3, 3, 3, 3, 3, 3, 3, 3, 3, 3, 3, 2, 2, 2, 2, 2, 2, 2, 2, 2, 2, 2, 2, 2, 2, 2, 2, 2, 2, 2, 2, 1, 1, 1, 1, 1, 1, 1, 1, 1, 1, 1, 1, 1, 1, 1, 1, 1, 1, 1, 1, 1, 1, 1, 1, 1, 1, 1, 1, 1, 1, 1, 1, 1, 1, 1, 1, 1, 1, 1, 1, 1, 1, 1, 1, 1, 1, 1, 1, 1, 1, 1, 1, 1, 1, 1, 1, 1, 1, 1, 1, 1, 1, 1, 1, 1, 1, 1, 1, 1, 1, 1, 1, 1, 1, 1, 1, 1, 1, 1, 1, 1, 1, 1, 1, 1, 1, 1, 1, 1, 1, 1, 1, 1, 1, 1, 1, 1, 1, 1, 1, 1, 1, 1, 1]",0.4164720769986161,0.41722878411100184,0.41529309000179637,0.42016575199886574,0.0018174205008902084,"[0.419246, 0.420166, 0.418209, 0.415293, 0.416472, 0.416321, 0.41539, 0.418417, 0.415545]",0.10986187699745642,0.11003997122194657,0.1096125439980824,0.11072741700263578,0.0004185651805167152,"[0.109658, 0.109613, 0.109837, 0.110681, 0.110727, 0.110262, 0.109893, 0.109862, 0.109827]",3.790869848402995,3.7505895219420737,3.833190405709553,50,optimal,nan,13.45904541015625,9.204352378845215,363.3413309004064,363.3409104991542,1.157042198193488e-06,0.0033709951741679386,0.0019540202335609795,0.99995,0.9254901960784314,0.5974683544303797,0.7261538461538463,9,2,1e-07,1e-05,1000,80.0,80.0,80.0,0.0,80.0,1.0,136.0,2.684563758389262,11.115070637629433,1.0
primary,x86_64,none,0.3.0,2.4.4,32,8,balanced,400,800,0.25,0,0.9950501253132832,5,"[80, 80, 80, 80, 80]",powerlaw,5,0,0,190,145,"[72, 19, 17, 14, 7, 6, 6, 5, 5, 5, 5, 4, 4, 4, 4, 4, 4, 3, 3, 3, 3, 3, 3, 3, 3, 3, 3, 3, 3, 3, 3, 2, 2, 2, 2, 2, 2, 2, 2, 2, 2, 2, 2, 2, 2, 1, 1, 1, 1, 1, 1, 1, 1, 1, 1, 1, 1, 1, 1, 1, 1, 1, 1, 1, 1, 1, 1, 1, 1, 1, 1, 1, 1, 1, 1, 1, 1, 1, 1, 1, 1, 1, 1, 1, 1, 1, 1, 1, 1, 1, 1, 1, 1, 1, 1, 1, 1, 1, 1, 1, 1, 1, 1, 1, 1, 1, 1, 1, 1, 1, 1, 1, 1, 1, 1, 1, 1, 1, 1, 1, 1, 1, 1, 1, 1, 1, 1, 1, 1, 1, 1, 1, 1, 1, 1, 1, 1, 1, 1, 1, 1, 1, 1, 1, 1, 1, 1, 1, 1, 1, 1, 1, 1, 1, 1, 1, 1, 1, 1, 1, 1, 1, 1, 1, 1, 1, 1, 1, 1, 1, 1, 1, 1, 1, 1, 1, 1, 1, 1, 1, 1, 1, 1, 1, 1, 1, 1, 1, 1, 1]",0.42344278499876964,0.4270274866665002,0.4230129779971321,0.44464316700032214,0.0072329501623249574,"[0.423018, 0.423364, 0.423364, 0.424173, 0.444643, 0.425994, 0.432235, 0.423013, 0.423443]",0.04907697200178518,0.049204408778475935,0.04857593300039298,0.05004699500204879,0.0004744718144672836,"[0.050047, 0.049502, 0.049761, 0.049151, 0.048963, 0.048959, 0.049077, 0.048576, 0.048804]",8.628135920516181,8.452315228513022,9.153569258190574,51,optimal,nan,13.45904541015625,8.924700736999512,366.879548577389,366.87934592545093,5.523664070886525e-07,0.0026262558113121642,0.0015069727865376578,0.999975,0.9575471698113207,0.5139240506329114,0.6688632619439868,9,2,1e-07,1e-05,1000,80.0,80.0,80.0,0.0,80.0,1.0,72.0,2.1052631578947367,5.540233102089186,1.0
primary,x86_64,none,0.3.0,2.4.4,32,8,balanced,400,800,0.3,0,0.9950501253132832,5,"[80, 80, 80, 80, 80]",powerlaw,5,0,0,218,176,"[59, 17, 17, 15, 8, 8, 5, 5, 4, 4, 4, 4, 4, 4, 3, 3, 3, 3, 3, 3, 3, 3, 3, 3, 2, 2, 2, 2, 2, 2, 2, 2, 2, 2, 2, 2, 2, 2, 2, 2, 2, 2, 1, 1, 1, 1, 1, 1, 1, 1, 1, 1, 1, 1, 1, 1, 1, 1, 1, 1, 1, 1, 1, 1, 1, 1, 1, 1, 1, 1, 1, 1, 1, 1, 1, 1, 1, 1, 1, 1, 1, 1, 1, 1, 1, 1, 1, 1, 1, 1, 1, 1, 1, 1, 1, 1, 1, 1, 1, 1, 1, 1, 1, 1, 1, 1, 1, 1, 1, 1, 1, 1, 1, 1, 1, 1, 1, 1, 1, 1, 1, 1, 1, 1, 1, 1, 1, 1, 1, 1, 1, 1, 1, 1, 1, 1, 1, 1, 1, 1, 1, 1, 1, 1, 1, 1, 1, 1, 1, 1, 1, 1, 1, 1, 1, 1, 1, 1, 1, 1, 1, 1, 1, 1, 1, 1, 1, 1, 1, 1, 1, 1, 1, 1, 1, 1, 1, 1, 1, 1, 1, 1, 1, 1, 1, 1, 1, 1, 1, 1, 1, 1, 1, 1, 1, 1, 1, 1, 1, 1]",0.38048519600124564,0.3800216108890406,0.3762987739974051,0.3822673200011195,0.0017211534839996908,"[0.380596, 0.380358, 0.380628, 0.379662, 0.382267, 0.381297, 0.376299, 0.378602, 0.380485]",0.03990272500232095,0.040078708000186855,0.039174909001303604,0.04126811699825339,0.0006662702738692458,"[0.040387, 0.039695, 0.039175, 0.041268, 0.040923, 0.040001, 0.039903, 0.03974, 0.039617]",9.535318602404088,9.118389724768187,9.757963189867244,51,optimal,nan,13.45904541015625,8.890480041503906,369.3200522985941,369.3200272389064,6.785357992550633e-08,0.0009824057796635755,0.0005664814369989045,0.999975,0.9726775956284153,0.4506329113924051,0.6159169550173011,9,2,1e-07,1e-05,1000,80.0,80.0,80.0,0.0,80.0,1.0,59.0,1.834862385321101,4.369438822464967,1.0
primary,x86_64,none,0.3.0,2.4.4,32,8,balanced,400,800,0.35,0,0.9950501253132832,5,"[80, 80, 80, 80, 80]",powerlaw,5,0,0,258,227,"[23, 21, 17, 15, 12, 8, 7, 6, 5, 5, 4, 4, 3, 3, 3, 3, 3, 3, 3, 3, 2, 2, 2, 2, 2, 2, 2, 2, 2, 2, 2, 1, 1, 1, 1, 1, 1, 1, 1, 1, 1, 1, 1, 1, 1, 1, 1, 1, 1, 1, 1, 1, 1, 1, 1, 1, 1, 1, 1, 1, 1, 1, 1, 1, 1, 1, 1, 1, 1, 1, 1, 1, 1, 1, 1, 1, 1, 1, 1, 1, 1, 1, 1, 1, 1, 1, 1, 1, 1, 1, 1, 1, 1, 1, 1, 1, 1, 1, 1, 1, 1, 1, 1, 1, 1, 1, 1, 1, 1, 1, 1, 1, 1, 1, 1, 1, 1, 1, 1, 1, 1, 1, 1, 1, 1, 1, 1, 1, 1, 1, 1, 1, 1, 1, 1, 1, 1, 1, 1, 1, 1, 1, 1, 1, 1, 1, 1, 1, 1, 1, 1, 1, 1, 1, 1, 1, 1, 1, 1, 1, 1, 1, 1, 1, 1, 1, 1, 1, 1, 1, 1, 1, 1, 1, 1, 1, 1, 1, 1, 1, 1, 1, 1, 1, 1, 1, 1, 1, 1, 1, 1, 1, 1, 1, 1, 1, 1, 1, 1, 1]",0.35349675100223976,0.3534669343332805,0.3509001200000057,0.3560696269996697,0.0015479447578151298,"[0.354456, 0.3509, 0.351837, 0.354775, 0.353497, 0.35607, 0.353642, 0.352926, 0.3531]",0.02485371999864583,0.025616097110792505,0.024720741999772144,0.027696111999830464,0.001260983308472051,"[0.027656, 0.027696, 0.026258, 0.024981, 0.02476, 0.02478, 0.024721, 0.024839, 0.024854]",14.22309219792853,12.669652693567734,14.4036787812822,53,optimal,nan,13.45904541015625,8.83902359008789,370.6749028509405,370.67487816909954,6.658622087770404e-08,0.0011251786912226391,0.0006651701350177737,0.9999875,0.9929577464788732,0.3569620253164557,0.5251396648044694,9,2,1e-07,1e-05,1000,80.0,80.0,80.0,0.0,80.0,1.0,23.0,1.550387596899225,2.4761223758754896,1.0
primary,x86_64,none,0.3.0,2.4.4,32,8,balanced,400,800,0.4,0,0.9950501253132832,5,"[80, 80, 80, 80, 80]",powerlaw,5,0,0,276,252,"[33, 17, 15, 12, 8, 8, 7, 6, 5, 4, 3, 3, 3, 3, 3, 2, 2, 2, 2, 2, 2, 2, 2, 2, 1, 1, 1, 1, 1, 1, 1, 1, 1, 1, 1, 1, 1, 1, 1, 1, 1, 1, 1, 1, 1, 1, 1, 1, 1, 1, 1, 1, 1, 1, 1, 1, 1, 1, 1, 1, 1, 1, 1, 1, 1, 1, 1, 1, 1, 1, 1, 1, 1, 1, 1, 1, 1, 1, 1, 1, 1, 1, 1, 1, 1, 1, 1, 1, 1, 1, 1, 1, 1, 1, 1, 1, 1, 1, 1, 1, 1, 1, 1, 1, 1, 1, 1, 1, 1, 1, 1, 1, 1, 1, 1, 1, 1, 1, 1, 1, 1, 1, 1, 1, 1, 1, 1, 1, 1, 1, 1, 1, 1, 1, 1, 1, 1, 1, 1, 1, 1, 1, 1, 1, 1, 1, 1, 1, 1, 1, 1, 1, 1, 1, 1, 1, 1, 1, 1, 1, 1, 1, 1, 1, 1, 1, 1, 1, 1, 1, 1, 1, 1, 1, 1, 1, 1, 1, 1, 1, 1, 1, 1, 1, 1, 1, 1, 1, 1, 1, 1, 1, 1, 1, 1, 1, 1, 1, 1, 1]",0.33900461200028076,0.33858075466640813,0.3353714889999537,0.3399710789999517,0.0014261285607450325,"[0.339648, 0.339005, 0.338037, 0.338958, 0.339971, 0.335371, 0.339212, 0.337544, 0.33948]",0.023944250999193173,0.024057440777849277,0.02357975099948817,0.025146985000901623,0.0005475798832502158,"[0.024565, 0.025147, 0.024399, 0.024045, 0.023944, 0.023612, 0.023587, 0.023638, 0.02358]",14.15807961634314,13.33644923985636,14.417924896973307,51,optimal,nan,13.45904541015625,8.84369945526123,374.18517593260503,374.1847506966367,1.136431894424178e-06,0.0038322422258688926,0.0022389736131717577,0.9999875,0.9919354838709677,0.31139240506329113,0.47398843930635837,9,2,1e-07,1e-05,1000,80.0,80.0,80.0,0.0,80.0,1.0,33.0,1.4492753623188406,2.5211351933813524,1.0
primary,x86_64,none,0.3.0,2.4.4,32,8,balanced,400,2000,0.05,0,0.9950501253132832,5,"[80, 80, 80, 80, 80]",powerlaw,5,0,0,1,0,[400],0.2267396210008883,0.2328999860001204,0.22180520400070236,0.24650458600081038,0.01143195295804797,"[0.22391, 0.222398, 0.221805, 0.221931, 0.22674, 0.244479, 0.244281, 0.246505, 0.244052]",0.2521703799975512,0.25221128044439767,0.25110537499858765,0.25318077799965977,0.0008023004186196295,"[0.25217, 0.25296, 0.251105, 0.253, 0.251533, 0.252839, 0.251344, 0.253181, 0.251769]",0.8991524738277752,0.8760744229998394,0.9816778553712634,34,optimal,nan,13.45904541015625,23.229458808898926,346.3211645436911,346.3211645436911,0.0,0.0,0.0,1.0,0.14445399828030955,0.850632911392405,0.24696802646086,9,2,1e-07,1e-05,1000,80.0,80.0,80.0,0.0,80.0,400.0,400.0,400.0,0.0,400.0
primary,x86_64,none,0.3.0,2.4.4,32,8,balanced,400,2000,0.1,0,0.9950501253132832,5,"[80, 80, 80, 80, 80]",powerlaw,5,0,0,60,23,"[245, 12, 8, 7, 7, 6, 6, 6, 4, 4, 4, 4, 4, 4, 4, 4, 3, 3, 3, 3, 3, 3, 2, 2, 2, 2, 2, 2, 2, 2, 2, 2, 2, 2, 2, 2, 2, 1, 1, 1, 1, 1, 1, 1, 1, 1, 1, 1, 1, 1, 1, 1, 1, 1, 1, 1, 1, 1, 1, 1]",0.2797062309982721,0.2800305021111045,0.27871959100230015,0.281791138000699,0.0009759096643375082,"[0.279706, 0.279755, 0.280903, 0.27872, 0.279672, 0.27942, 0.281791, 0.280968, 0.279339]",0.17546734399729758,0.17573013177752728,0.17466354000134743,0.1769930230002501,0.0007814492023436102,"[0.175425, 0.174664, 0.175249, 0.176993, 0.176688, 0.175119, 0.175571, 0.175467, 0.176396]",1.5940643120612796,1.5747490283947876,1.6133369219387466,39,optimal,nan,13.45904541015625,11.029926300048828,354.33400275152593,354.3336722124441,9.328460696253024e-07,0.0025349880348939924,0.001534531170067107,0.999875,0.8160621761658031,0.7974683544303798,0.8066581306017926,9,2,1e-07,1e-05,1000,80.0,80.0,80.0,0.0,80.0,1.0,245.0,6.666666666666667,31.1012682842499,2.0
primary,x86_64,none,0.3.0,2.4.4,32,8,balanced,400,2000,0.15,0,0.9950501253132832,5,"[80, 80, 80, 80, 80]",powerlaw,5,0,0,117,58,"[83, 28, 19, 14, 11, 9, 9, 9, 8, 7, 6, 5, 5, 5, 4, 4, 4, 4, 4, 4, 4, 4, 4, 4, 4, 4, 3, 3, 3, 3, 3, 3, 3, 3, 3, 3, 2, 2, 2, 2, 2, 2, 2, 2, 2, 2, 2, 2, 2, 2, 2, 2, 2, 2, 2, 2, 2, 2, 2, 1, 1, 1, 1, 1, 1, 1, 1, 1, 1, 1, 1, 1, 1, 1, 1, 1, 1, 1, 1, 1, 1, 1, 1, 1, 1, 1, 1, 1, 1, 1, 1, 1, 1, 1, 1, 1, 1, 1, 1, 1, 1, 1, 1, 1, 1, 1, 1, 1, 1, 1, 1, 1, 1, 1, 1, 1, 1]",0.2933768330003659,0.29308132611064747,0.29071846299848403,0.2949689950000902,0.0012157093726401448,"[0.290718, 0.294969, 0.292072, 0.292708, 0.293377, 0.293418, 0.293849, 0.292751, 0.293868]",0.060017964999133255,0.0600837948893766,0.059846995001862524,0.060673355001199525,0.00025930554356404673,"[0.060673, 0.059886, 0.060018, 0.060033, 0.059942, 0.060005, 0.060024, 0.060325, 0.059847]",4.888150289744123,4.79153432330776,4.928718559568619,42,optimal,nan,13.45904541015625,8.964873313903809,360.64186353217355,360.64172409131976,3.866463322381729e-07,0.0020107427265689815,0.0012068862750116472,0.9999625,0.9754385964912281,0.7037974683544304,0.8176470588235294,9,2,1e-07,1e-05,1000,80.0,80.0,80.0,0.0,80.0,1.0,83.0,3.4188034188034186,8.20802121363043,2.0
primary,x86_64,none,0.3.0,2.4.4,32,8,balanced,400,2000,0.2,0,0.9950501253132832,5,"[80, 80, 80, 80, 80]",powerlaw,5,0,0,162,111,"[35, 19, 18, 17, 15, 12, 11, 11, 9, 9, 8, 7, 6, 6, 5, 5, 5, 4, 4, 4, 4, 4, 3, 3, 3, 3, 3, 3, 3, 3, 3, 3, 3, 3, 3, 2, 2, 2, 2, 2, 2, 2, 2, 2, 2, 2, 2, 2, 2, 2, 2, 1, 1, 1, 1, 1, 1, 1, 1, 1, 1, 1, 1, 1, 1, 1, 1, 1, 1, 1, 1, 1, 1, 1, 1, 1, 1, 1, 1, 1, 1, 1, 1, 1, 1, 1, 1, 1, 1, 1, 1, 1, 1, 1, 1, 1, 1, 1, 1, 1, 1, 1, 1, 1, 1, 1, 1, 1, 1, 1, 1, 1, 1, 1, 1, 1, 1, 1, 1, 1, 1, 1, 1, 1, 1, 1, 1, 1, 1, 1, 1, 1, 1, 1, 1, 1, 1, 1, 1, 1, 1, 1, 1, 1, 1, 1, 1, 1, 1, 1, 1, 1, 1, 1, 1, 1, 1, 1, 1, 1, 1, 1]",0.30248937999931513,0.3018867613334603,0.29960899900106597,0.3045184689981397,0.0018823024294347898,"[0.304518, 0.303982, 0.302988, 0.302489, 0.301004, 0.299653, 0.302776, 0.299609, 0.299962]",0.03633847799937939,0.03644309211126205,0.03576382499886677,0.038185915000212844,0.0007470711370658467,"[0.038186, 0.036955, 0.03603, 0.036456, 0.036387, 0.035764, 0.036338, 0.035986, 0.035886]",8.324217101345885,7.846060491136482,8.514706382994238,43,optimal,nan,13.45904541015625,8.847318649291992,364.2422174517505,364.2422139299562,9.668825031277076e-09,0.00038031327261729697,0.00023040571993900803,0.9999875,0.9957983193277311,0.6,0.7488151658767772,9,2,1e-07,1e-05,1000,80.0,80.0,80.0,0.0,80.0,1.0,35.0,2.4691358024691357,4.01874134141674,1.0
primary,x86_64,none,0.3.0,2.4.4,32,8,balanced,400,2000,0.25,0,0.9950501253132832,5,"[80, 80, 80, 80, 80]",powerlaw,5,0,0,187,134,"[29, 21, 18, 15, 14, 8, 8, 8, 8, 7, 6, 6, 5, 5, 5, 4, 4, 4, 4, 4, 4, 3, 3, 3, 3, 3, 3, 3, 3, 3, 3, 3, 3, 3, 3, 3, 2, 2, 2, 2, 2, 2, 2, 2, 2, 2, 2, 2, 2, 2, 2, 2, 2, 1, 1, 1, 1, 1, 1, 1, 1, 1, 1, 1, 1, 1, 1, 1, 1, 1, 1, 1, 1, 1, 1, 1, 1, 1, 1, 1, 1, 1, 1, 1, 1, 1, 1, 1, 1, 1, 1, 1, 1, 1, 1, 1, 1, 1, 1, 1, 1, 1, 1, 1, 1, 1, 1, 1, 1, 1, 1, 1, 1, 1, 1, 1, 1, 1, 1, 1, 1, 1, 1, 1, 1, 1, 1, 1, 1, 1, 1, 1, 1, 1, 1, 1, 1, 1, 1, 1, 1, 1, 1, 1, 1, 1, 1, 1, 1, 1, 1, 1, 1, 1, 1, 1, 1, 1, 1, 1, 1, 1, 1, 1, 1, 1, 1, 1, 1, 1, 1, 1, 1, 1, 1, 1, 1, 1, 1, 1, 1, 1, 1, 1, 1, 1, 1]",0.2563165339997795,0.25646942711157156,0.2545106469988241,0.2587125030004245,0.0013036803453128588,"[0.258156, 0.255806, 0.256147, 0.255343, 0.254511, 0.256567, 0.256667, 0.256317, 0.258713]",0.03418115900058183,0.034569141110599354,0.03401374899840448,0.036206690998369595,0.0007702490111219625,"[0.036207, 0.035449, 0.034758, 0.034136, 0.034014, 0.03402, 0.034204, 0.034154, 0.034181]",7.498766615708276,7.029381586135138,7.606115486198249,42,optimal,nan,13.45904541015625,8.83975601196289,367.84682183242415,367.8467229684548,2.687639623022958e-07,0.002651862020473933,0.001592629933106546,0.9999875,0.9953051643192489,0.5367088607594936,0.6973684210526316,9,2,1e-07,1e-05,1000,80.0,80.0,80.0,0.0,80.0,1.0,29.0,2.1390374331550803,3.316128974109769,1.0
primary,x86_64,none,0.3.0,2.4.4,32,8,balanced,400,2000,0.3,0,0.9950501253132832,5,"[80, 80, 80, 80, 80]",powerlaw,5,0,0,228,182,"[21, 17, 17, 15, 12, 8, 8, 7, 7, 6, 5, 5, 5, 4, 4, 4, 4, 4, 4, 3, 3, 3, 3, 3, 3, 3, 2, 2, 2, 2, 2, 2, 2, 2, 2, 2, 2, 2, 2, 2, 2, 2, 2, 2, 2, 2, 1, 1, 1, 1, 1, 1, 1, 1, 1, 1, 1, 1, 1, 1, 1, 1, 1, 1, 1, 1, 1, 1, 1, 1, 1, 1, 1, 1, 1, 1, 1, 1, 1, 1, 1, 1, 1, 1, 1, 1, 1, 1, 1, 1, 1, 1, 1, 1, 1, 1, 1, 1, 1, 1, 1, 1, 1, 1, 1, 1, 1, 1, 1, 1, 1, 1, 1, 1, 1, 1, 1, 1, 1, 1, 1, 1, 1, 1, 1, 1, 1, 1, 1, 1, 1, 1, 1, 1, 1, 1, 1, 1, 1, 1, 1, 1, 1, 1, 1, 1, 1, 1, 1, 1, 1, 1, 1, 1, 1, 1, 1, 1, 1, 1, 1, 1, 1, 1, 1, 1, 1, 1, 1, 1, 1, 1, 1, 1, 1, 1, 1, 1, 1, 1, 1, 1, 1, 1, 1, 1, 1, 1, 1, 1, 1, 1, 1, 1, 1, 1, 1, 1, 1, 1]",0.25486923399876105,0.2543457659994601,0.25114230300096096,0.25588080999659724,0.0015162298250793443,"[0.254637, 0.255842, 0.254891, 0.255881, 0.254869, 0.255197, 0.253526, 0.251142, 0.253127]",0.026299867997295223,0.026937183555775037,0.02600066800005152,0.028840688002674142,0.0011407253883725175,"[0.028841, 0.028812, 0.027367, 0.026502, 0.026001, 0.026187, 0.0263, 0.026229, 0.026197]",9.690894038896802,8.707916502466055,9.84131676909571,41,optimal,nan,13.45904541015625,8.833597183227539,370.2320950761418,370.232093924666,3.110145735432589e-09,4.1266912938597855e-05,2.521149717597715e-05,1.0,1.0,0.43544303797468353,0.6067019400352733,9,2,1e-07,1e-05,1000,80.0,80.0,80.0,0.0,80.0,1.0,21.0,1.7543859649122806,2.516825498097394,1.0
primary,x86_64,none,0.3.0,2.4.4,32,8,balanced,400,2000,0.35,0,0.9950501253132832,5,"[80, 80, 80, 80, 80]",powerlaw,5,0,0,251,216,"[21, 17, 16, 15, 12, 8, 8, 7, 6, 5, 5, 5, 4, 4, 4, 4, 3, 3, 3, 3, 3, 2, 2, 2, 2, 2, 2, 2, 2, 2, 2, 2, 2, 2, 2, 1, 1, 1, 1, 1, 1, 1, 1, 1, 1, 1, 1, 1, 1, 1, 1, 1, 1, 1, 1, 1, 1, 1, 1, 1, 1, 1, 1, 1, 1, 1, 1, 1, 1, 1, 1, 1, 1, 1, 1, 1, 1, 1, 1, 1, 1, 1, 1, 1, 1, 1, 1, 1, 1, 1, 1, 1, 1, 1, 1, 1, 1, 1, 1, 1, 1, 1, 1, 1, 1, 1, 1, 1, 1, 1, 1, 1, 1, 1, 1, 1, 1, 1, 1, 1, 1, 1, 1, 1, 1, 1, 1, 1, 1, 1, 1, 1, 1, 1, 1, 1, 1, 1, 1, 1, 1, 1, 1, 1, 1, 1, 1, 1, 1, 1, 1, 1, 1, 1, 1, 1, 1, 1, 1, 1, 1, 1, 1, 1, 1, 1, 1, 1, 1, 1, 1, 1, 1, 1, 1, 1, 1, 1, 1, 1, 1, 1, 1, 1, 1, 1, 1, 1, 1, 1, 1, 1, 1, 1, 1, 1, 1, 1, 1, 1]",0.2789809290006815,0.2790263113335338,0.27633800400144537,0.2823374200015678,0.0016823190651568452,"[0.282337, 0.279446, 0.278981, 0.277973, 0.280187, 0.276338, 0.278248, 0.278102, 0.279623]",0.02392883299762616,0.024457576999945257,0.0237685469983262,0.025931806998414686,0.0009218270399070505,"[0.025932, 0.025918, 0.025065, 0.023997, 0.023769, 0.023853, 0.023929, 0.023835, 0.023822]",11.658777050613274,10.656334285471853,11.878615046239478,43,optimal,nan,13.45904541015625,8.833906173706055,371.967644709543,371.96764399307926,1.926145262871885e-09,6.10509277511051e-05,3.6610257241701265e-05,1.0,1.0,0.37721518987341773,0.5477941176470589,9,2,1e-07,1e-05,1000,80.0,80.0,80.0,0.0,80.0,1.0,21.0,1.593625498007968,2.3503409948386587,1.0
primary,x86_64,none,0.3.0,2.4.4,32,8,balanced,400,2000,0.4,0,0.9950501253132832,5,"[80, 80, 80, 80, 80]",powerlaw,5,0,0,276,252,"[21, 17, 15, 13, 12, 8, 8, 7, 6, 5, 4, 3, 3, 3, 3, 3, 3, 2, 2, 2, 2, 2, 2, 2, 1, 1, 1, 1, 1, 1, 1, 1, 1, 1, 1, 1, 1, 1, 1, 1, 1, 1, 1, 1, 1, 1, 1, 1, 1, 1, 1, 1, 1, 1, 1, 1, 1, 1, 1, 1, 1, 1, 1, 1, 1, 1, 1, 1, 1, 1, 1, 1, 1, 1, 1, 1, 1, 1, 1, 1, 1, 1, 1, 1, 1, 1, 1, 1, 1, 1, 1, 1, 1, 1, 1, 1, 1, 1, 1, 1, 1, 1, 1, 1, 1, 1, 1, 1, 1, 1, 1, 1, 1, 1, 1, 1, 1, 1, 1, 1, 1, 1, 1, 1, 1, 1, 1, 1, 1, 1, 1, 1, 1, 1, 1, 1, 1, 1, 1, 1, 1, 1, 1, 1, 1, 1, 1, 1, 1, 1, 1, 1, 1, 1, 1, 1, 1, 1, 1, 1, 1, 1, 1, 1, 1, 1, 1, 1, 1, 1, 1, 1, 1, 1, 1, 1, 1, 1, 1, 1, 1, 1, 1, 1, 1, 1, 1, 1, 1, 1, 1, 1, 1, 1, 1, 1, 1, 1, 1, 1]",0.2630770819996542,0.26288671244401485,0.26068467200093437,0.2638369479973335,0.0009655736467023578,"[0.262977, 0.263533, 0.262235, 0.263436, 0.262638, 0.263837, 0.263563, 0.260685, 0.263077]",0.02020664999872679,0.020706371666569287,0.02009148200158961,0.02178575899961288,0.0006993150517058095,"[0.021552, 0.021786, 0.021426, 0.020796, 0.020091, 0.020109, 0.020198, 0.020207, 0.020192]",13.019331854425674,11.965829237602719,13.131781317896762,40,optimal,nan,13.45904541015625,8.83450984954834,373.9462857992601,373.9462851143903,1.8314657199274776e-09,6.416613813242655e-05,3.898205108068748e-05,1.0,1.0,0.3139240506329114,0.4778420038535646,9,2,1e-07,1e-05,1000,80.0,80.0,80.0,0.0,80.0,1.0,21.0,1.4492753623188406,2.150404288810598,1.0
primary,x86_64,none,0.3.0,2.4.4,32,8,balanced,400,4000,0.05,0,0.9950501253132832,5,"[80, 80, 80, 80, 80]",powerlaw,5,0,0,10,7,"[388, 3, 2, 1, 1, 1, 1, 1, 1, 1]",0.23984995399951003,0.2392949568877359,0.23697312799777137,0.24060745499809855,0.0013692868812779045,"[0.240294, 0.239161, 0.240514, 0.237487, 0.240331, 0.23985, 0.236973, 0.240607, 0.238437]",0.22956082899690955,0.22977440744418548,0.22811231699961354,0.2315531159983948,0.0011917815738980572,"[0.228112, 0.229053, 0.230897, 0.228524, 0.230542, 0.231553, 0.230714, 0.229015, 0.229561]",1.0448209088961733,1.0234072082165984,1.0547762530442675,37,optimal,nan,13.45904541015625,22.07602882385254,346.99647194410653,346.99647230816396,1.0491675195427674e-09,8.255227220033134e-06,5.069360279430623e-06,0.9999875,0.42929936305732486,0.8531645569620253,0.5711864406779662,9,2,1e-07,1e-05,1000,80.0,80.0,80.0,0.0,80.0,1.0,388.0,40.0,116.00172412511807,1.0
primary,x86_64,none,0.3.0,2.4.4,32,8,balanced,400,4000,0.1,0,0.9950501253132832,5,"[80, 80, 80, 80, 80]",powerlaw,5,0,0,75,22,"[156, 16, 15, 14, 12, 9, 9, 8, 7, 6, 6, 5, 5, 5, 4, 4, 4, 4, 4, 4, 4, 4, 4, 4, 3, 3, 3, 3, 3, 3, 3, 2, 2, 2, 2, 2, 2, 2, 2, 2, 2, 2, 2, 2, 2, 2, 2, 2, 2, 2, 2, 2, 2, 1, 1, 1, 1, 1, 1, 1, 1, 1, 1, 1, 1, 1, 1, 1, 1, 1, 1, 1, 1, 1, 1]",0.2355555110007117,0.23625404311153236,0.23494643200319842,0.23959233400091762,0.0016539795333407514,"[0.235556, 0.235191, 0.235744, 0.236905, 0.239592, 0.238225, 0.234946, 0.23499, 0.235136]",0.0979961600023671,0.09782822300015444,0.09683854200193309,0.09900061599910259,0.0007886110569633363,"[0.098434, 0.097755, 0.096839, 0.096868, 0.096924, 0.097996, 0.099001, 0.098335, 0.098302]",2.403721849866585,2.3731815164193337,2.4741423099506687,36,optimal,nan,13.45904541015625,9.329907417297363,353.74790316290233,353.7478379886525,1.8423925408288176e-07,0.0014479709013514343,0.0008797746471281561,0.9999625,0.9635258358662614,0.8025316455696202,0.8756906077348067,9,2,1e-07,1e-05,1000,80.0,80.0,80.0,0.0,80.0,1.0,156.0,5.333333333333333,17.80586669861618,2.0
primary,x86_64,none,0.3.0,2.4.4,32,8,balanced,400,4000,0.15,0,0.9950501253132832,5,"[80, 80, 80, 80, 80]",powerlaw,5,0,0,123,62,"[29, 28, 23, 19, 17, 14, 12, 12, 11, 9, 8, 7, 6, 6, 6, 5, 5, 5, 4, 4, 4, 4, 4, 4, 4, 4, 4, 4, 4, 3, 3, 3, 3, 3, 3, 3, 3, 2, 2, 2, 2, 2, 2, 2, 2, 2, 2, 2, 2, 2, 2, 2, 2, 2, 2, 2, 2, 2, 2, 2, 2, 1, 1, 1, 1, 1, 1, 1, 1, 1, 1, 1, 1, 1, 1, 1, 1, 1, 1, 1, 1, 1, 1, 1, 1, 1, 1, 1, 1, 1, 1, 1, 1, 1, 1, 1, 1, 1, 1, 1, 1, 1, 1, 1, 1, 1, 1, 1, 1, 1, 1, 1, 1, 1, 1, 1, 1, 1, 1, 1, 1, 1, 1]",0.23111978100132546,0.23123284044454018,0.23012126400135458,0.2333934579983179,0.0010214598410661479,"[0.230939, 0.233393, 0.23112, 0.230165, 0.230121, 0.231798, 0.230429, 0.23166, 0.23147]",0.03995501400277135,0.04026991222255876,0.03965937600150937,0.04233198799920501,0.0008506415774618539,"[0.042332, 0.040867, 0.039741, 0.039855, 0.039659, 0.039879, 0.039955, 0.03996, 0.040181]",5.784500062627799,5.436108127160865,5.884950332789788,35,optimal,nan,13.45904541015625,8.852673530578613,360.15526466707695,360.15525931946786,1.484806586045817e-08,0.0006284133443582585,0.0003859481819180616,1.0,1.0,0.6987341772151898,0.8226527570789866,9,2,1e-07,1e-05,1000,80.0,80.0,80.0,0.0,80.0,1.0,29.0,3.252032520325203,4.848255902874295,1.0
primary,x86_64,none,0.3.0,2.4.4,32,8,balanced,400,4000,0.2,0,0.9950501253132832,5,"[80, 80, 80, 80, 80]",powerlaw,5,0,0,164,107,"[25, 23, 19, 17, 15, 12, 9, 8, 8, 8, 7, 6, 6, 6, 5, 5, 5, 4, 4, 4, 4, 4, 4, 3, 3, 3, 3, 3, 3, 3, 3, 3, 3, 3, 3, 3, 3, 3, 3, 3, 2, 2, 2, 2, 2, 2, 2, 2, 2, 2, 2, 2, 2, 2, 2, 2, 2, 1, 1, 1, 1, 1, 1, 1, 1, 1, 1, 1, 1, 1, 1, 1, 1, 1, 1, 1, 1, 1, 1, 1, 1, 1, 1, 1, 1, 1, 1, 1, 1, 1, 1, 1, 1, 1, 1, 1, 1, 1, 1, 1, 1, 1, 1, 1, 1, 1, 1, 1, 1, 1, 1, 1, 1, 1, 1, 1, 1, 1, 1, 1, 1, 1, 1, 1, 1, 1, 1, 1, 1, 1, 1, 1, 1, 1, 1, 1, 1, 1, 1, 1, 1, 1, 1, 1, 1, 1, 1, 1, 1, 1, 1, 1, 1, 1, 1, 1, 1, 1, 1, 1, 1, 1, 1, 1]",0.2626378630011459,0.263214101777218,0.2605185319989687,0.2659053169991239,0.002010987983555419,"[0.26139, 0.260519, 0.262638, 0.265655, 0.261705, 0.264635, 0.264642, 0.265905, 0.261839]",0.034685780003201216,0.03514922322170201,0.03449462499702349,0.03757685599703109,0.0010183078266672013,"[0.037577, 0.035968, 0.034686, 0.034495, 0.034562, 0.034581, 0.034668, 0.035088, 0.034718]",7.571917453691586,6.932951815328882,7.708601471158727,39,optimal,nan,13.45904541015625,8.839024543762207,363.9711796225868,363.97117898583326,1.7494614695391814e-09,4.880740165066899e-05,3.0452435424643003e-05,1.0,1.0,0.5974683544303797,0.7480190174326465,9,2,1e-07,1e-05,1000,80.0,80.0,80.0,0.0,80.0,1.0,25.0,2.4390243902439024,3.6008046559257867,1.0
primary,x86_64,none,0.3.0,2.4.4,32,8,balanced,400,4000,0.25,0,0.9950501253132832,5,"[80, 80, 80, 80, 80]",powerlaw,5,0,0,188,136,"[22, 18, 17, 15, 14, 12, 9, 8, 8, 6, 6, 6, 5, 5, 5, 5, 5, 5, 5, 4, 4, 4, 3, 3, 3, 3, 3, 3, 3, 3, 3, 3, 3, 3, 3, 3, 3, 3, 2, 2, 2, 2, 2, 2, 2, 2, 2, 2, 2, 2, 2, 2, 1, 1, 1, 1, 1, 1, 1, 1, 1, 1, 1, 1, 1, 1, 1, 1, 1, 1, 1, 1, 1, 1, 1, 1, 1, 1, 1, 1, 1, 1, 1, 1, 1, 1, 1, 1, 1, 1, 1, 1, 1, 1, 1, 1, 1, 1, 1, 1, 1, 1, 1, 1, 1, 1, 1, 1, 1, 1, 1, 1, 1, 1, 1, 1, 1, 1, 1, 1, 1, 1, 1, 1, 1, 1, 1, 1, 1, 1, 1, 1, 1, 1, 1, 1, 1, 1, 1, 1, 1, 1, 1, 1, 1, 1, 1, 1, 1, 1, 1, 1, 1, 1, 1, 1, 1, 1, 1, 1, 1, 1, 1, 1, 1, 1, 1, 1, 1, 1, 1, 1, 1, 1, 1, 1, 1, 1, 1, 1, 1, 1, 1, 1, 1, 1, 1, 1]",0.25496792599733453,0.2547753215557249,0.25374263699995936,0.25550458599900594,0.0006737912710061359,"[0.254567, 0.254968, 0.255108, 0.255505, 0.255435, 0.253743, 0.253915, 0.254299, 0.255439]",0.030843681000988,0.03129841655552607,0.030641839999589138,0.03337144299803185,0.0009934361505114545,"[0.033371, 0.032654, 0.03099, 0.030686, 0.030815, 0.030642, 0.030825, 0.030844, 0.030859]",8.266455809511429,7.603586006602241,8.338421778928154,38,optimal,nan,13.45904541015625,8.83243179321289,368.60559857083365,368.60559804743036,1.4199547944015245e-09,4.185349480709255e-05,2.583733763786357e-05,1.0,1.0,0.5367088607594936,0.6985172981878088,9,2,1e-07,1e-05,1000,80.0,80.0,80.0,0.0,80.0,1.0,22.0,2.127659574468085,2.9955074253245115,1.0
primary,x86_64,none,0.3.0,2.4.4,32,8,balanced,400,4000,0.3,0,0.9950501253132832,5,"[80, 80, 80, 80, 80]",powerlaw,5,0,0,218,167,"[21, 17, 17, 15, 12, 8, 8, 7, 7, 6, 5, 5, 5, 4, 4, 4, 4, 4, 4, 4, 3, 3, 3, 3, 3, 3, 3, 3, 3, 3, 2, 2, 2, 2, 2, 2, 2, 2, 2, 2, 2, 2, 2, 2, 2, 2, 2, 2, 2, 2, 2, 1, 1, 1, 1, 1, 1, 1, 1, 1, 1, 1, 1, 1, 1, 1, 1, 1, 1, 1, 1, 1, 1, 1, 1, 1, 1, 1, 1, 1, 1, 1, 1, 1, 1, 1, 1, 1, 1, 1, 1, 1, 1, 1, 1, 1, 1, 1, 1, 1, 1, 1, 1, 1, 1, 1, 1, 1, 1, 1, 1, 1, 1, 1, 1, 1, 1, 1, 1, 1, 1, 1, 1, 1, 1, 1, 1, 1, 1, 1, 1, 1, 1, 1, 1, 1, 1, 1, 1, 1, 1, 1, 1, 1, 1, 1, 1, 1, 1, 1, 1, 1, 1, 1, 1, 1, 1, 1, 1, 1, 1, 1, 1, 1, 1, 1, 1, 1, 1, 1, 1, 1, 1, 1, 1, 1, 1, 1, 1, 1, 1, 1, 1, 1, 1, 1, 1, 1, 1, 1, 1, 1, 1, 1, 1, 1, 1, 1, 1, 1]",0.24013025800013565,0.24122719155558217,0.23921722100203624,0.24999672500052839,0.003386388122553457,"[0.239963, 0.239217, 0.240171, 0.24013, 0.241581, 0.239306, 0.241202, 0.249997, 0.239477]",0.028974872002436314,0.029620499667038933,0.028347978000965668,0.03227437900204677,0.0015023914495428043,"[0.031182, 0.031154, 0.028975, 0.028348, 0.028428, 0.028448, 0.029287, 0.028489, 0.032274]",8.287534729400862,7.411985246466418,8.818855616157608,36,optimal,nan,13.45904541015625,8.833939552307129,371.70755096407584,371.70755004067576,2.4842112503773578e-09,0.00016090615047612,9.769941321052041e-05,1.0,1.0,0.4607594936708861,0.6308492201039861,9,2,1e-07,1e-05,1000,80.0,80.0,80.0,0.0,80.0,1.0,21.0,1.834862385321101,2.573733808109757,1.0
primary,x86_64,none,0.3.0,2.4.4,32,8,balanced,400,4000,0.35,0,0.9950501253132832,5,"[80, 80, 80, 80, 80]",powerlaw,5,0,0,250,216,"[21, 17, 16, 15, 12, 8, 8, 7, 6, 5, 5, 5, 4, 4, 4, 4, 4, 3, 3, 3, 3, 3, 2, 2, 2, 2, 2, 2, 2, 2, 2, 2, 2, 2, 1, 1, 1, 1, 1, 1, 1, 1, 1, 1, 1, 1, 1, 1, 1, 1, 1, 1, 1, 1, 1, 1, 1, 1, 1, 1, 1, 1, 1, 1, 1, 1, 1, 1, 1, 1, 1, 1, 1, 1, 1, 1, 1, 1, 1, 1, 1, 1, 1, 1, 1, 1, 1, 1, 1, 1, 1, 1, 1, 1, 1, 1, 1, 1, 1, 1, 1, 1, 1, 1, 1, 1, 1, 1, 1, 1, 1, 1, 1, 1, 1, 1, 1, 1, 1, 1, 1, 1, 1, 1, 1, 1, 1, 1, 1, 1, 1, 1, 1, 1, 1, 1, 1, 1, 1, 1, 1, 1, 1, 1, 1, 1, 1, 1, 1, 1, 1, 1, 1, 1, 1, 1, 1, 1, 1, 1, 1, 1, 1, 1, 1, 1, 1, 1, 1, 1, 1, 1, 1, 1, 1, 1, 1, 1, 1, 1, 1, 1, 1, 1, 1, 1, 1, 1, 1, 1, 1, 1, 1, 1, 1, 1, 1, 1, 1, 1]",0.22710559200277203,0.22699688799992954,0.22584468200147967,0.22787852399778785,0.0007346965060756064,"[0.226076, 0.226459, 0.227757, 0.226917, 0.227879, 0.227106, 0.227331, 0.227603, 0.225845]",0.024602048000815557,0.025088181222397705,0.02433490499970503,0.027032451002014568,0.0010040933786163763,"[0.026445, 0.027032, 0.025436, 0.02439, 0.024549, 0.024335, 0.024602, 0.024671, 0.024335]",9.231166120610913,8.354576578522192,9.36426602037485,36,optimal,nan,13.45904541015625,8.833648681640625,373.74499492348184,373.74499422679963,1.8640576235087017e-09,0.00013195090095230455,8.05807633336945e-05,1.0,1.0,0.379746835443038,0.5504587155963303,9,2,1e-07,1e-05,1000,80.0,80.0,80.0,0.0,80.0,1.0,21.0,1.6,2.359660992600421,1.0
primary,x86_64,none,0.3.0,2.4.4,32,8,balanced,400,4000,0.4,0,0.9950501253132832,5,"[80, 80, 80, 80, 80]",powerlaw,5,0,0,275,250,"[21, 16, 15, 15, 12, 8, 8, 7, 6, 5, 4, 4, 3, 3, 3, 2, 2, 2, 2, 2, 2, 2, 2, 2, 2, 1, 1, 1, 1, 1, 1, 1, 1, 1, 1, 1, 1, 1, 1, 1, 1, 1, 1, 1, 1, 1, 1, 1, 1, 1, 1, 1, 1, 1, 1, 1, 1, 1, 1, 1, 1, 1, 1, 1, 1, 1, 1, 1, 1, 1, 1, 1, 1, 1, 1, 1, 1, 1, 1, 1, 1, 1, 1, 1, 1, 1, 1, 1, 1, 1, 1, 1, 1, 1, 1, 1, 1, 1, 1, 1, 1, 1, 1, 1, 1, 1, 1, 1, 1, 1, 1, 1, 1, 1, 1, 1, 1, 1, 1, 1, 1, 1, 1, 1, 1, 1, 1, 1, 1, 1, 1, 1, 1, 1, 1, 1, 1, 1, 1, 1, 1, 1, 1, 1, 1, 1, 1, 1, 1, 1, 1, 1, 1, 1, 1, 1, 1, 1, 1, 1, 1, 1, 1, 1, 1, 1, 1, 1, 1, 1, 1, 1, 1, 1, 1, 1, 1, 1, 1, 1, 1, 1, 1, 1, 1, 1, 1, 1, 1, 1, 1, 1, 1, 1, 1, 1, 1, 1, 1, 1]",0.31531252800050424,0.315489956444152,0.31455739500233904,0.3178034739976283,0.0009681289998604689,"[0.31524, 0.315124, 0.314557, 0.317803, 0.316, 0.315364, 0.315392, 0.314617, 0.315313]",0.02322596899830387,0.022696300999895256,0.02096653599801357,0.02427197999713826,0.0011199388122490612,"[0.02334, 0.02336, 0.023226, 0.022669, 0.024272, 0.022109, 0.023282, 0.020967, 0.021043]",13.575861055507767,12.959692412379473,15.157652843928913,37,optimal,nan,13.45904541015625,8.835552215576172,375.77387345852713,375.77387283068987,1.670784775007735e-09,5.475697981663363e-05,3.338822077636553e-05,1.0,1.0,0.31645569620253167,0.48076923076923084,9,2,1e-07,1e-05,1000,80.0,80.0,80.0,0.0,80.0,1.0,21.0,1.4545454545454546,2.1710339540762753,1.0
primary,x86_64,none,0.3.0,2.4.4,32,8,balanced,800,1600,0.05,0,0.9975125156445557,5,"[160, 160, 160, 160, 160]",powerlaw,5,0,0,1,0,[800],0.7933553040020342,0.7950613535556639,0.7832763209989935,0.8096866099986073,0.008290021198551458,"[0.809687, 0.793355, 0.783276, 0.785415, 0.796472, 0.800487, 0.792193, 0.802386, 0.792281]",0.834887257002265,0.8351688782224502,0.8169625369991991,0.8486444979971566,0.010496048886804055,"[0.837693, 0.82988, 0.84445, 0.816963, 0.824332, 0.83325, 0.848644, 0.834887, 0.846421]",0.950254417405585,0.922973427445255,0.9910939282144845,27,optimal,nan,53.74835205078125,92.81873512268066,679.543634092412,679.543634092412,0.0,0.0,0.0,1.0,0.04883147913088927,0.8226415094339623,0.09219058359176768,9,2,1e-07,1e-05,1000,160.0,160.0,160.0,0.0,160.0,800.0,800.0,800.0,0.0,800.0
primary,x86_64,none,0.3.0,2.4.4,32,8,balanced,800,1600,0.1,0,0.9975125156445557,5,"[160, 160, 160, 160, 160]",powerlaw,5,0,0,89,65,"[682, 4, 3, 3, 3, 3, 3, 2, 2, 2, 2, 2, 2, 2, 2, 2, 2, 2, 2, 2, 2, 2, 2, 2, 1, 1, 1, 1, 1, 1, 1, 1, 1, 1, 1, 1, 1, 1, 1, 1, 1, 1, 1, 1, 1, 1, 1, 1, 1, 1, 1, 1, 1, 1, 1, 1, 1, 1, 1, 1, 1, 1, 1, 1, 1, 1, 1, 1, 1, 1, 1, 1, 1, 1, 1, 1, 1, 1, 1, 1, 1, 1, 1, 1, 1, 1, 1, 1, 1]",1.1535626019976917,1.1556450457768126,1.134911170000123,1.1802399000007426,0.01487676715428031,"[1.18024, 1.159474, 1.134911, 1.173834, 1.148215, 1.148315, 1.140261, 1.161992, 1.153563]",0.9186527749989182,0.9242973878891563,0.8943392490000406,1.0060311170018394,0.03270321742457427,"[0.918653, 0.90663, 0.894339, 0.925762, 0.927786, 0.917466, 0.900523, 0.921487, 1.006031]",1.255711225603221,1.128107422146514,1.3196780766586809,40,optimal,nan,53.74835205078125,71.4810733795166,693.7488372800252,693.7475884803002,1.8000746925537736e-06,0.0019245651491598473,0.0010740040144349894,0.99995625,0.470335339638865,0.6880503144654088,0.5587334014300306,9,2,1e-07,1e-05,1000,160.0,160.0,160.0,0.0,160.0,1.0,682.0,8.98876404494382,71.74604000065638,1.0
primary,x86_64,none,0.3.0,2.4.4,32,8,balanced,800,1600,0.15,0,0.9975125156445557,5,"[160, 160, 160, 160, 160]",powerlaw,5,0,0,273,194,"[383, 11, 8, 8, 7, 7, 6, 5, 4, 4, 4, 4, 4, 3, 3, 3, 3, 3, 3, 3, 3, 3, 3, 3, 3, 3, 3, 3, 3, 3, 3, 3, 2, 2, 2, 2, 2, 2, 2, 2, 2, 2, 2, 2, 2, 2, 2, 2, 2, 2, 2, 2, 2, 2, 2, 2, 2, 2, 2, 2, 2, 2, 2, 2, 2, 2, 2, 2, 2, 2, 2, 2, 2, 2, 2, 2, 2, 2, 2, 1, 1, 1, 1, 1, 1, 1, 1, 1, 1, 1, 1, 1, 1, 1, 1, 1, 1, 1, 1, 1, 1, 1, 1, 1, 1, 1, 1, 1, 1, 1, 1, 1, 1, 1, 1, 1, 1, 1, 1, 1, 1, 1, 1, 1, 1, 1, 1, 1, 1, 1, 1, 1, 1, 1, 1, 1, 1, 1, 1, 1, 1, 1, 1, 1, 1, 1, 1, 1, 1, 1, 1, 1, 1, 1, 1, 1, 1, 1, 1, 1, 1, 1, 1, 1, 1, 1, 1, 1, 1, 1, 1, 1, 1, 1, 1, 1, 1, 1, 1, 1, 1, 1, 1, 1, 1, 1, 1, 1, 1, 1, 1, 1, 1, 1, 1, 1, 1, 1, 1, 1]",1.1163090459995146,1.115107875111183,1.0885095539997565,1.1448411399978795,0.0182875181007401,"[1.129711, 1.121084, 1.100746, 1.097126, 1.08851, 1.116309, 1.130576, 1.107068, 1.144841]",0.4193465619973722,0.41919749633315306,0.416696514999785,0.42165588100033347,0.001861026346628338,"[0.42151, 0.418174, 0.419347, 0.417398, 0.41982, 0.416697, 0.420723, 0.417454, 0.421656]",2.6620202647721003,2.5815116142039427,2.747421921679547,35,optimal,nan,53.74835205078125,37.84291934967041,705.071249839452,705.0687438970145,3.5541690829235197e-06,0.0036907140031502625,0.0020276504183092663,0.999903125,0.8140350877192982,0.5836477987421383,0.6798534798534799,9,2,1e-07,1e-05,1000,160.0,160.0,160.0,0.0,160.0,1.0,383.0,2.93040293040293,23.077007383996243,1.0
primary,x86_64,none,0.3.0,2.4.4,32,8,balanced,800,1600,0.2,0,0.9975125156445557,5,"[160, 160, 160, 160, 160]",powerlaw,5,0,0,402,321,"[163, 36, 13, 12, 10, 9, 8, 7, 7, 6, 6, 6, 6, 5, 5, 5, 4, 4, 4, 4, 4, 4, 4, 4, 4, 4, 3, 3, 3, 3, 3, 3, 3, 3, 3, 3, 3, 3, 3, 3, 3, 3, 3, 3, 3, 3, 3, 3, 3, 3, 3, 2, 2, 2, 2, 2, 2, 2, 2, 2, 2, 2, 2, 2, 2, 2, 2, 2, 2, 2, 2, 2, 2, 2, 2, 2, 2, 2, 2, 2, 2, 1, 1, 1, 1, 1, 1, 1, 1, 1, 1, 1, 1, 1, 1, 1, 1, 1, 1, 1, 1, 1, 1, 1, 1, 1, 1, 1, 1, 1, 1, 1, 1, 1, 1, 1, 1, 1, 1, 1, 1, 1, 1, 1, 1, 1, 1, 1, 1, 1, 1, 1, 1, 1, 1, 1, 1, 1, 1, 1, 1, 1, 1, 1, 1, 1, 1, 1, 1, 1, 1, 1, 1, 1, 1, 1, 1, 1, 1, 1, 1, 1, 1, 1, 1, 1, 1, 1, 1, 1, 1, 1, 1, 1, 1, 1, 1, 1, 1, 1, 1, 1, 1, 1, 1, 1, 1, 1, 1, 1, 1, 1, 1, 1, 1, 1, 1, 1, 1, 1]",1.1239140139987285,1.129821384666785,1.1161573540011887,1.1527689499998814,0.013160449931956185,"[1.152769, 1.137422, 1.116157, 1.123914, 1.116461, 1.134349, 1.120662, 1.121664, 1.144993]",0.18443783700058702,0.18502832077784762,0.18414694799866993,0.18699765799829038,0.001019870520289274,"[0.184292, 0.18625, 0.185157, 0.186998, 0.184266, 0.184438, 0.185413, 0.184147, 0.184295]",6.09372801306031,5.968830657822426,6.260049175554122,36,optimal,nan,53.74835205078125,35.18215560913086,710.2764952698823,710.2740880965466,3.3890651762879185e-06,0.005124031419550229,0.002851518529941653,0.99995625,0.9402985074626866,0.47547169811320755,0.631578947368421,9,2,1e-07,1e-05,1000,160.0,160.0,160.0,0.0,160.0,1.0,163.0,1.9900497512437811,8.341880223856405,1.0
primary,x86_64,none,0.3.0,2.4.4,32,8,balanced,800,1600,0.25,0,0.9975125156445557,5,"[160, 160, 160, 160, 160]",powerlaw,5,0,0,458,378,"[67, 34, 23, 12, 12, 11, 9, 9, 9, 8, 8, 7, 7, 7, 6, 6, 5, 5, 5, 4, 4, 4, 4, 4, 4, 4, 4, 4, 4, 3, 3, 3, 3, 3, 3, 3, 3, 3, 3, 3, 3, 3, 3, 3, 3, 3, 3, 3, 3, 3, 3, 3, 3, 3, 3, 3, 3, 3, 3, 2, 2, 2, 2, 2, 2, 2, 2, 2, 2, 2, 2, 2, 2, 2, 2, 2, 2, 2, 2, 2, 1, 1, 1, 1, 1, 1, 1, 1, 1, 1, 1, 1, 1, 1, 1, 1, 1, 1, 1, 1, 1, 1, 1, 1, 1, 1, 1, 1, 1, 1, 1, 1, 1, 1, 1, 1, 1, 1, 1, 1, 1, 1, 1, 1, 1, 1, 1, 1, 1, 1, 1, 1, 1, 1, 1, 1, 1, 1, 1, 1, 1, 1, 1, 1, 1, 1, 1, 1, 1, 1, 1, 1, 1, 1, 1, 1, 1, 1, 1, 1, 1, 1, 1, 1, 1, 1, 1, 1, 1, 1, 1, 1, 1, 1, 1, 1, 1, 1, 1, 1, 1, 1, 1, 1, 1, 1, 1, 1, 1, 1, 1, 1, 1, 1, 1, 1, 1, 1, 1, 1]",1.1443180989990651,1.1354345751113013,1.0435422170012316,1.1614698820012563,0.03578724497060483,"[1.043542, 1.129217, 1.142868, 1.151453, 1.144318, 1.16147, 1.141507, 1.145533, 1.159004]",0.08367392800209927,0.0838095435558191,0.08282975499969325,0.08452997200220125,0.0005482013215617382,"[0.08283, 0.084431, 0.08453, 0.084377, 0.083605, 0.083537, 0.083524, 0.083674, 0.083777]",13.675921835178523,12.345233202893485,14.02237495457469,36,optimal,nan,53.74835205078125,34.71158218383789,718.4225459582245,718.4192552779023,4.580424627232147e-06,0.005811946604665316,0.0031430363867787025,0.9999875,0.9854227405247813,0.42515723270440253,0.5940246045694201,9,2,1e-07,1e-05,1000,160.0,160.0,160.0,0.0,160.0,1.0,67.0,1.7467248908296944,3.8369099442061616,1.0
primary,x86_64,none,0.3.0,2.4.4,32,8,balanced,800,1600,0.3,0,0.9975125156445557,5,"[160, 160, 160, 160, 160]",powerlaw,5,0,0,500,420,"[54, 24, 23, 15, 13, 11, 10, 9, 8, 8, 7, 7, 6, 6, 5, 5, 5, 4, 4, 4, 4, 4, 4, 4, 3, 3, 3, 3, 3, 3, 3, 3, 3, 3, 3, 3, 3, 3, 3, 3, 3, 3, 3, 3, 3, 3, 3, 3, 2, 2, 2, 2, 2, 2, 2, 2, 2, 2, 2, 2, 2, 2, 2, 2, 2, 2, 2, 2, 2, 2, 2, 2, 2, 2, 2, 2, 2, 2, 2, 2, 1, 1, 1, 1, 1, 1, 1, 1, 1, 1, 1, 1, 1, 1, 1, 1, 1, 1, 1, 1, 1, 1, 1, 1, 1, 1, 1, 1, 1, 1, 1, 1, 1, 1, 1, 1, 1, 1, 1, 1, 1, 1, 1, 1, 1, 1, 1, 1, 1, 1, 1, 1, 1, 1, 1, 1, 1, 1, 1, 1, 1, 1, 1, 1, 1, 1, 1, 1, 1, 1, 1, 1, 1, 1, 1, 1, 1, 1, 1, 1, 1, 1, 1, 1, 1, 1, 1, 1, 1, 1, 1, 1, 1, 1, 1, 1, 1, 1, 1, 1, 1, 1, 1, 1, 1, 1, 1, 1, 1, 1, 1, 1, 1, 1, 1, 1, 1, 1, 1, 1]",1.2158936680025363,1.217233114221421,1.2084161339989805,1.2305188149985042,0.007358995411298504,"[1.230519, 1.220116, 1.215894, 1.225254, 1.219238, 1.213397, 1.208749, 1.208416, 1.213516]",0.07213930500074639,0.07236462833316182,0.07162045299992315,0.07319837899922277,0.0005318804018741572,"[0.07162, 0.072919, 0.071987, 0.072047, 0.073198, 0.07252, 0.072139, 0.072861, 0.071989]",16.85480152588046,16.50878271514471,17.18110907508257,38,optimal,nan,53.74835205078125,34.68252372741699,722.7471397868242,722.7421796479484,6.862896582605632e-06,0.00879618436418158,0.004971595634093261,0.99998125,0.9834983498349835,0.37484276729559746,0.5428051001821493,9,2,1e-07,1e-05,1000,160.0,160.0,160.0,0.0,160.0,1.0,54.0,1.6,3.0613722413323083,1.0
primary,x86_64,none,0.3.0,2.4.4,32,8,balanced,800,1600,0.35,0,0.9975125156445557,5,"[160, 160, 160, 160, 160]",powerlaw,5,0,0,543,476,"[39, 32, 24, 23, 10, 9, 9, 8, 7, 7, 6, 6, 5, 5, 4, 4, 4, 4, 4, 4, 4, 4, 3, 3, 3, 3, 3, 3, 3, 3, 3, 3, 3, 3, 2, 2, 2, 2, 2, 2, 2, 2, 2, 2, 2, 2, 2, 2, 2, 2, 2, 2, 2, 2, 2, 2, 2, 2, 2, 2, 2, 2, 2, 2, 2, 2, 2, 1, 1, 1, 1, 1, 1, 1, 1, 1, 1, 1, 1, 1, 1, 1, 1, 1, 1, 1, 1, 1, 1, 1, 1, 1, 1, 1, 1, 1, 1, 1, 1, 1, 1, 1, 1, 1, 1, 1, 1, 1, 1, 1, 1, 1, 1, 1, 1, 1, 1, 1, 1, 1, 1, 1, 1, 1, 1, 1, 1, 1, 1, 1, 1, 1, 1, 1, 1, 1, 1, 1, 1, 1, 1, 1, 1, 1, 1, 1, 1, 1, 1, 1, 1, 1, 1, 1, 1, 1, 1, 1, 1, 1, 1, 1, 1, 1, 1, 1, 1, 1, 1, 1, 1, 1, 1, 1, 1, 1, 1, 1, 1, 1, 1, 1, 1, 1, 1, 1, 1, 1, 1, 1, 1, 1, 1, 1, 1, 1, 1, 1, 1, 1]",1.1747598910005763,1.173451219777942,1.162080755999341,1.1863823249987036,0.008548310935213271,"[1.186382, 1.180595, 1.179706, 1.179056, 1.17476, 1.166641, 1.167498, 1.164341, 1.162081]",0.06313481699908152,0.06317373488855083,0.06247942699701525,0.06407278700135066,0.0004387684646191415,"[0.062479, 0.063301, 0.062945, 0.062919, 0.063259, 0.063135, 0.064073, 0.063452, 0.063001]",18.607163952303317,18.136884789713363,18.988367563860326,37,optimal,nan,53.74835205078125,34.671380043029785,726.1338416225944,726.1272412302726,9.089773735230626e-06,0.009007036827530082,0.004861759934621779,0.9999875,0.9844961240310077,0.31949685534591193,0.4824311490978158,9,2,1e-07,1e-05,1000,160.0,160.0,160.0,0.0,160.0,1.0,39.0,1.4732965009208103,2.666676841346848,1.0
primary,x86_64,none,0.3.0,2.4.4,32,8,balanced,800,1600,0.4,0,0.9975125156445557,5,"[160, 160, 160, 160, 160]",powerlaw,5,0,0,576,515,"[28, 24, 23, 17, 11, 9, 8, 8, 7, 7, 7, 6, 5, 5, 4, 4, 4, 4, 4, 4, 4, 3, 3, 3, 3, 3, 3, 3, 3, 3, 3, 3, 3, 2, 2, 2, 2, 2, 2, 2, 2, 2, 2, 2, 2, 2, 2, 2, 2, 2, 2, 2, 2, 2, 2, 2, 2, 2, 2, 2, 2, 1, 1, 1, 1, 1, 1, 1, 1, 1, 1, 1, 1, 1, 1, 1, 1, 1, 1, 1, 1, 1, 1, 1, 1, 1, 1, 1, 1, 1, 1, 1, 1, 1, 1, 1, 1, 1, 1, 1, 1, 1, 1, 1, 1, 1, 1, 1, 1, 1, 1, 1, 1, 1, 1, 1, 1, 1, 1, 1, 1, 1, 1, 1, 1, 1, 1, 1, 1, 1, 1, 1, 1, 1, 1, 1, 1, 1, 1, 1, 1, 1, 1, 1, 1, 1, 1, 1, 1, 1, 1, 1, 1, 1, 1, 1, 1, 1, 1, 1, 1, 1, 1, 1, 1, 1, 1, 1, 1, 1, 1, 1, 1, 1, 1, 1, 1, 1, 1, 1, 1, 1, 1, 1, 1, 1, 1, 1, 1, 1, 1, 1, 1, 1, 1, 1, 1, 1, 1, 1]",1.17584293300024,1.1761375496668431,1.1671388989998377,1.1858328640009859,0.005712752276279629,"[1.185833, 1.179417, 1.175843, 1.171896, 1.171338, 1.175505, 1.181953, 1.167139, 1.176314]",0.05584122900108923,0.05570139177749903,0.05465155199999572,0.05643488099667593,0.0005691049331575183,"[0.054928, 0.054652, 0.055625, 0.056435, 0.055841, 0.055779, 0.056121, 0.056019, 0.055911]",21.056895667129822,20.681161692687603,21.698063835425547,37,optimal,nan,53.74835205078125,34.6452522277832,727.5044795086237,727.5003537282691,5.671140825630539e-06,0.008263644832388381,0.004592474908388161,1.0,1.0,0.28176100628930817,0.43964671246319925,9,2,1e-07,1e-05,1000,160.0,160.0,160.0,0.0,160.0,1.0,28.0,1.3888888888888888,2.073681345093227,1.0
primary,x86_64,none,0.3.0,2.4.4,32,8,balanced,800,4000,0.05,0,0.9975125156445557,5,"[160, 160, 160, 160, 160]",powerlaw,5,0,0,12,11,"[789, 1, 1, 1, 1, 1, 1, 1, 1, 1, 1, 1]",0.8507857240001613,0.850036939777864,0.8405476349980745,0.8563648349991126,0.0046588154675113085,"[0.856365, 0.851138, 0.855034, 0.850786, 0.848376, 0.846738, 0.840548, 0.851758, 0.84959]",0.9002334630022233,0.9025895812224513,0.894590153999161,0.9211953109988826,0.00787485552952286,"[0.89459, 0.90655, 0.899054, 0.904935, 0.89931, 0.896989, 0.900233, 0.921195, 0.90045]",0.9450723161998924,0.9124532278465908,0.9572705793494747,30,optimal,nan,53.74835205078125,90.68611526489258,681.7084689539959,681.7079752045955,7.24282333021198e-07,0.0009555338049142617,0.0005435917676139663,0.999959375,0.2680283451438099,0.8088050314465409,0.4026299311208516,9,2,1e-07,1e-05,1000,160.0,160.0,160.0,0.0,160.0,1.0,789.0,66.66666666666667,217.7916945666713,1.0
primary,x86_64,none,0.3.0,2.4.4,32,8,balanced,800,4000,0.1,0,0.9975125156445557,5,"[160, 160, 160, 160, 160]",powerlaw,5,0,0,198,104,"[402, 13, 9, 8, 8, 8, 7, 6, 6, 6, 6, 6, 6, 5, 4, 4, 4, 4, 4, 4, 4, 4, 3, 3, 3, 3, 3, 3, 3, 3, 3, 3, 3, 3, 3, 3, 3, 3, 3, 3, 3, 3, 3, 3, 3, 3, 2, 2, 2, 2, 2, 2, 2, 2, 2, 2, 2, 2, 2, 2, 2, 2, 2, 2, 2, 2, 2, 2, 2, 2, 2, 2, 2, 2, 2, 2, 2, 2, 2, 2, 2, 2, 2, 2, 2, 2, 2, 2, 2, 2, 2, 2, 2, 2, 1, 1, 1, 1, 1, 1, 1, 1, 1, 1, 1, 1, 1, 1, 1, 1, 1, 1, 1, 1, 1, 1, 1, 1, 1, 1, 1, 1, 1, 1, 1, 1, 1, 1, 1, 1, 1, 1, 1, 1, 1, 1, 1, 1, 1, 1, 1, 1, 1, 1, 1, 1, 1, 1, 1, 1, 1, 1, 1, 1, 1, 1, 1, 1, 1, 1, 1, 1, 1, 1, 1, 1, 1, 1, 1, 1, 1, 1, 1, 1, 1, 1, 1, 1, 1, 1, 1, 1, 1, 1, 1, 1, 1, 1, 1, 1, 1, 1, 1, 1, 1, 1, 1, 1]",0.9166148299991619,0.9156437196668574,0.9100039069999184,0.9235509900026955,0.0044027350802069536,"[0.923551, 0.910872, 0.917142, 0.911691, 0.919759, 0.910004, 0.916633, 0.916615, 0.914528]",0.36758439099867246,0.3677841233329673,0.3652002820017515,0.3694793270005903,0.0014042791522846086,"[0.368671, 0.3652, 0.369479, 0.367584, 0.368867, 0.367529, 0.366396, 0.36718, 0.369152]",2.4936173908496357,2.4629359222538167,2.5288890384763345,32,optimal,nan,53.74835205078125,38.16987323760986,695.3174820735502,695.3152138615677,3.262124196443318e-06,0.0027848866698908514,0.0015878096657811994,0.999853125,0.865414710485133,0.6955974842767295,0.7712691771269177,9,2,1e-07,1e-05,1000,160.0,160.0,160.0,0.0,160.0,1.0,402.0,4.040404040404041,28.403982930240577,1.0
primary,x86_64,none,0.3.0,2.4.4,32,8,balanced,800,4000,0.15,0,0.9975125156445557,5,"[160, 160, 160, 160, 160]",powerlaw,5,0,0,318,209,"[220, 13, 12, 11, 10, 9, 9, 8, 8, 7, 7, 7, 6, 6, 6, 6, 6, 6, 6, 5, 4, 4, 4, 4, 4, 4, 4, 4, 4, 4, 3, 3, 3, 3, 3, 3, 3, 3, 3, 3, 3, 3, 3, 3, 3, 3, 3, 3, 3, 3, 3, 3, 3, 3, 3, 2, 2, 2, 2, 2, 2, 2, 2, 2, 2, 2, 2, 2, 2, 2, 2, 2, 2, 2, 2, 2, 2, 2, 2, 2, 2, 2, 2, 2, 2, 2, 2, 2, 2, 2, 2, 2, 2, 2, 2, 2, 2, 2, 2, 2, 2, 2, 2, 2, 2, 2, 2, 2, 2, 1, 1, 1, 1, 1, 1, 1, 1, 1, 1, 1, 1, 1, 1, 1, 1, 1, 1, 1, 1, 1, 1, 1, 1, 1, 1, 1, 1, 1, 1, 1, 1, 1, 1, 1, 1, 1, 1, 1, 1, 1, 1, 1, 1, 1, 1, 1, 1, 1, 1, 1, 1, 1, 1, 1, 1, 1, 1, 1, 1, 1, 1, 1, 1, 1, 1, 1, 1, 1, 1, 1, 1, 1, 1, 1, 1, 1, 1, 1, 1, 1, 1, 1, 1, 1, 1, 1, 1, 1, 1, 1]",0.9161911249975674,0.9171086376671964,0.9079476939987217,0.9292644779998227,0.006199343792738429,"[0.929264, 0.922278, 0.917864, 0.912564, 0.919343, 0.916191, 0.915962, 0.907948, 0.912563]",0.19655811700067716,0.19636999677782618,0.19517134800116764,0.1979223300004378,0.001065565874655805,"[0.196577, 0.196558, 0.197922, 0.197008, 0.195562, 0.195171, 0.195269, 0.195459, 0.197804]",4.661171662498227,4.587393923650319,4.761275092460105,32,optimal,nan,53.74835205078125,35.64372634887695,705.0305197950192,705.0275794304808,4.170549296587203e-06,0.004913229724934007,0.0026818490418533875,0.99994375,0.9590163934426229,0.5886792452830188,0.7295401402961809,9,2,1e-07,1e-05,1000,160.0,160.0,160.0,0.0,160.0,1.0,220.0,2.5157232704402515,12.342774906859809,1.0
primary,x86_64,none,0.3.0,2.4.4,32,8,balanced,800,4000,0.2,0,0.9975125156445557,5,"[160, 160, 160, 160, 160]",powerlaw,5,0,0,424,337,"[64, 24, 23, 12, 12, 12, 11, 11, 10, 9, 8, 8, 8, 7, 7, 7, 7, 6, 6, 6, 6, 6, 6, 5, 5, 4, 4, 4, 4, 4, 4, 4, 4, 4, 4, 4, 4, 4, 4, 4, 4, 4, 3, 3, 3, 3, 3, 3, 3, 3, 3, 3, 3, 3, 3, 3, 3, 3, 3, 3, 3, 2, 2, 2, 2, 2, 2, 2, 2, 2, 2, 2, 2, 2, 2, 2, 2, 2, 2, 2, 2, 2, 2, 2, 2, 2, 2, 1, 1, 1, 1, 1, 1, 1, 1, 1, 1, 1, 1, 1, 1, 1, 1, 1, 1, 1, 1, 1, 1, 1, 1, 1, 1, 1, 1, 1, 1, 1, 1, 1, 1, 1, 1, 1, 1, 1, 1, 1, 1, 1, 1, 1, 1, 1, 1, 1, 1, 1, 1, 1, 1, 1, 1, 1, 1, 1, 1, 1, 1, 1, 1, 1, 1, 1, 1, 1, 1, 1, 1, 1, 1, 1, 1, 1, 1, 1, 1, 1, 1, 1, 1, 1, 1, 1, 1, 1, 1, 1, 1, 1, 1, 1, 1, 1, 1, 1, 1, 1, 1, 1, 1, 1, 1, 1, 1, 1, 1, 1, 1, 1]",0.883456126000965,0.8835253774446351,0.8710535339996568,0.8909515670020483,0.00591528443991403,"[0.890431, 0.880918, 0.886352, 0.871054, 0.890952, 0.883456, 0.883011, 0.884414, 0.881141]",0.08294385800036252,0.08340466433300106,0.0823407079988101,0.08548231399981887,0.0011546970941018677,"[0.082573, 0.082595, 0.082512, 0.083071, 0.084375, 0.085482, 0.08475, 0.082341, 0.082944]",10.6512543218945,10.189868444617707,10.82030490938848,31,optimal,nan,53.74835205078125,34.69753360748291,710.8450957084582,710.8439327778477,1.635983166351212e-06,0.004372583438377129,0.0024563331625699824,0.99999375,0.9946949602122016,0.4716981132075472,0.6399317406143344,9,2,1e-07,1e-05,1000,160.0,160.0,160.0,0.0,160.0,1.0,64.0,1.8867924528301887,3.7881910720598038,1.0
primary,x86_64,none,0.3.0,2.4.4,32,8,balanced,800,4000,0.25,0,0.9975125156445557,5,"[160, 160, 160, 160, 160]",powerlaw,5,0,0,460,372,"[28, 24, 23, 17, 13, 12, 11, 10, 10, 9, 8, 8, 8, 7, 7, 7, 7, 6, 6, 6, 6, 6, 5, 5, 4, 4, 4, 4, 4, 4, 4, 4, 4, 4, 4, 3, 3, 3, 3, 3, 3, 3, 3, 3, 3, 3, 3, 3, 3, 3, 3, 3, 3, 3, 3, 3, 3, 3, 3, 3, 3, 3, 3, 3, 2, 2, 2, 2, 2, 2, 2, 2, 2, 2, 2, 2, 2, 2, 2, 2, 2, 2, 2, 2, 2, 2, 2, 2, 1, 1, 1, 1, 1, 1, 1, 1, 1, 1, 1, 1, 1, 1, 1, 1, 1, 1, 1, 1, 1, 1, 1, 1, 1, 1, 1, 1, 1, 1, 1, 1, 1, 1, 1, 1, 1, 1, 1, 1, 1, 1, 1, 1, 1, 1, 1, 1, 1, 1, 1, 1, 1, 1, 1, 1, 1, 1, 1, 1, 1, 1, 1, 1, 1, 1, 1, 1, 1, 1, 1, 1, 1, 1, 1, 1, 1, 1, 1, 1, 1, 1, 1, 1, 1, 1, 1, 1, 1, 1, 1, 1, 1, 1, 1, 1, 1, 1, 1, 1, 1, 1, 1, 1, 1, 1, 1, 1, 1, 1, 1, 1]",1.1118210979984724,1.1136131608889426,1.1012791020002624,1.1395446179994906,0.011879036592189874,"[1.139545, 1.114351, 1.111821, 1.116085, 1.107281, 1.12266, 1.107518, 1.101978, 1.101279]",0.0869985169993015,0.08692688244466101,0.08612703499966301,0.08745800299948314,0.00037887887019735035,"[0.086127, 0.086907, 0.086601, 0.087031, 0.086999, 0.08704, 0.087228, 0.086952, 0.087458]",12.779770694337227,12.59209065186145,13.230974664389054,32,optimal,nan,53.74835205078125,34.63860893249512,717.4890710362679,717.4849385256603,5.7596843972331045e-06,0.008729361459105633,0.004920791998757418,1.0,1.0,0.4276729559748428,0.5991189427312776,9,2,1e-07,1e-05,1000,160.0,160.0,160.0,0.0,160.0,1.0,28.0,1.7391304347826086,2.5642592167744773,1.0
primary,x86_64,none,0.3.0,2.4.4,32,8,balanced,800,4000,0.3,0,0.9975125156445557,5,"[160, 160, 160, 160, 160]",powerlaw,5,0,0,502,415,"[28, 24, 23, 17, 13, 11, 10, 9, 8, 8, 7, 7, 7, 7, 6, 6, 6, 6, 5, 5, 4, 4, 4, 4, 3, 3, 3, 3, 3, 3, 3, 3, 3, 3, 3, 3, 3, 3, 3, 3, 3, 3, 3, 3, 3, 3, 3, 3, 3, 3, 3, 3, 3, 3, 2, 2, 2, 2, 2, 2, 2, 2, 2, 2, 2, 2, 2, 2, 2, 2, 2, 2, 2, 2, 2, 2, 2, 2, 2, 2, 2, 2, 2, 2, 2, 2, 2, 1, 1, 1, 1, 1, 1, 1, 1, 1, 1, 1, 1, 1, 1, 1, 1, 1, 1, 1, 1, 1, 1, 1, 1, 1, 1, 1, 1, 1, 1, 1, 1, 1, 1, 1, 1, 1, 1, 1, 1, 1, 1, 1, 1, 1, 1, 1, 1, 1, 1, 1, 1, 1, 1, 1, 1, 1, 1, 1, 1, 1, 1, 1, 1, 1, 1, 1, 1, 1, 1, 1, 1, 1, 1, 1, 1, 1, 1, 1, 1, 1, 1, 1, 1, 1, 1, 1, 1, 1, 1, 1, 1, 1, 1, 1, 1, 1, 1, 1, 1, 1, 1, 1, 1, 1, 1, 1, 1, 1, 1, 1, 1, 1]",0.9308524209991447,0.9328027486670989,0.9279340370012505,0.9417340110012447,0.005324561597496123,"[0.941734, 0.941075, 0.934721, 0.92867, 0.929297, 0.928576, 0.930852, 0.927934, 0.932365]",0.06417735499780974,0.06427194399940264,0.06378435800070292,0.0650393379983143,0.00037214110056766746,"[0.064472, 0.064106, 0.063984, 0.064386, 0.064177, 0.064017, 0.063784, 0.065039, 0.064481]",14.504374962647073,14.267273707879697,14.76434098452267,33,optimal,nan,53.74835205078125,34.64286231994629,722.2906225902192,722.2776657307056,1.79385680892552e-05,0.01590487444628018,0.008954997576824183,0.999996875,1.0,0.37484276729559746,0.5452881976212259,9,2,1e-07,1e-05,1000,160.0,160.0,160.0,0.0,160.0,1.0,28.0,1.593625498007968,2.350340994838658,1.0
primary,x86_64,none,0.3.0,2.4.4,32,8,balanced,800,4000,0.35,0,0.9975125156445557,5,"[160, 160, 160, 160, 160]",powerlaw,5,0,0,541,470,"[34, 24, 23, 17, 11, 10, 9, 8, 8, 8, 7, 7, 7, 6, 6, 5, 5, 4, 4, 4, 4, 4, 4, 3, 3, 3, 3, 3, 3, 3, 3, 3, 3, 3, 3, 3, 3, 3, 2, 2, 2, 2, 2, 2, 2, 2, 2, 2, 2, 2, 2, 2, 2, 2, 2, 2, 2, 2, 2, 2, 2, 2, 2, 2, 2, 2, 2, 2, 2, 2, 2, 1, 1, 1, 1, 1, 1, 1, 1, 1, 1, 1, 1, 1, 1, 1, 1, 1, 1, 1, 1, 1, 1, 1, 1, 1, 1, 1, 1, 1, 1, 1, 1, 1, 1, 1, 1, 1, 1, 1, 1, 1, 1, 1, 1, 1, 1, 1, 1, 1, 1, 1, 1, 1, 1, 1, 1, 1, 1, 1, 1, 1, 1, 1, 1, 1, 1, 1, 1, 1, 1, 1, 1, 1, 1, 1, 1, 1, 1, 1, 1, 1, 1, 1, 1, 1, 1, 1, 1, 1, 1, 1, 1, 1, 1, 1, 1, 1, 1, 1, 1, 1, 1, 1, 1, 1, 1, 1, 1, 1, 1, 1, 1, 1, 1, 1, 1, 1, 1, 1, 1, 1, 1, 1, 1, 1, 1, 1, 1, 1]",0.934116421998624,0.9348451793327209,0.9276955220011587,0.943278831000498,0.005292704707825733,"[0.943279, 0.94129, 0.934116, 0.929034, 0.935417, 0.931666, 0.932856, 0.927696, 0.938254]",0.06185024799924577,0.061869376554871756,0.06097045599744888,0.06299480899906484,0.0008012688129206211,"[0.062995, 0.062494, 0.062988, 0.061942, 0.06101, 0.06185, 0.061272, 0.061304, 0.06097]",15.102872700041802,14.726539166345123,15.471080469530467,33,optimal,nan,53.74835205078125,34.65152835845947,727.2098289870121,727.1983726956441,1.575376309738223e-05,0.01429190342985312,0.008060028492121158,0.999996875,1.0,0.32578616352201256,0.49146110056925996,9,2,1e-07,1e-05,1000,160.0,160.0,160.0,0.0,160.0,1.0,34.0,1.478743068391867,2.340278805959635,1.0
primary,x86_64,none,0.3.0,2.4.4,32,8,balanced,800,4000,0.4,0,0.9975125156445557,5,"[160, 160, 160, 160, 160]",powerlaw,5,0,0,579,518,"[28, 24, 23, 17, 11, 9, 8, 8, 8, 7, 7, 6, 6, 6, 4, 4, 4, 4, 4, 3, 3, 3, 3, 3, 3, 3, 3, 3, 3, 2, 2, 2, 2, 2, 2, 2, 2, 2, 2, 2, 2, 2, 2, 2, 2, 2, 2, 2, 2, 2, 2, 2, 2, 2, 2, 2, 2, 2, 2, 2, 2, 1, 1, 1, 1, 1, 1, 1, 1, 1, 1, 1, 1, 1, 1, 1, 1, 1, 1, 1, 1, 1, 1, 1, 1, 1, 1, 1, 1, 1, 1, 1, 1, 1, 1, 1, 1, 1, 1, 1, 1, 1, 1, 1, 1, 1, 1, 1, 1, 1, 1, 1, 1, 1, 1, 1, 1, 1, 1, 1, 1, 1, 1, 1, 1, 1, 1, 1, 1, 1, 1, 1, 1, 1, 1, 1, 1, 1, 1, 1, 1, 1, 1, 1, 1, 1, 1, 1, 1, 1, 1, 1, 1, 1, 1, 1, 1, 1, 1, 1, 1, 1, 1, 1, 1, 1, 1, 1, 1, 1, 1, 1, 1, 1, 1, 1, 1, 1, 1, 1, 1, 1, 1, 1, 1, 1, 1, 1, 1, 1, 1, 1, 1, 1, 1, 1, 1, 1, 1, 1]",0.9456678629976523,0.9445557455558932,0.9372640959991259,0.9522027439998055,0.005220981831106259,"[0.952203, 0.947508, 0.937264, 0.937415, 0.948426, 0.945668, 0.944739, 0.940044, 0.947735]",0.05496032800147077,0.05520121866680307,0.05461363500216976,0.05730169199887314,0.0008089899314451392,"[0.057302, 0.0548, 0.055129, 0.055241, 0.054824, 0.054614, 0.05496, 0.055017, 0.054925]",17.206372257682773,16.356656554182685,17.435256671012198,33,optimal,nan,53.74835205078125,34.64624786376953,730.09133436538,730.0782958517282,1.785874319845659e-05,0.015611230989640457,0.008966519148185262,0.999996875,1.0,0.2779874213836478,0.43503937007874016,9,2,1e-07,1e-05,1000,160.0,160.0,160.0,0.0,160.0,1.0,28.0,1.381692573402418,2.073205131822456,1.0
primary,x86_64,none,0.3.0,2.4.4,32,8,balanced,800,8000,0.05,0,0.9975125156445557,5,"[160, 160, 160, 160, 160]",powerlaw,5,0,0,69,34,"[671, 7, 6, 4, 4, 4, 3, 3, 3, 3, 3, 3, 3, 3, 3, 3, 3, 3, 2, 2, 2, 2, 2, 2, 2, 2, 2, 2, 2, 2, 2, 2, 2, 2, 2, 1, 1, 1, 1, 1, 1, 1, 1, 1, 1, 1, 1, 1, 1, 1, 1, 1, 1, 1, 1, 1, 1, 1, 1, 1, 1, 1, 1, 1, 1, 1, 1, 1, 1]",1.067733595999016,1.068163136666246,1.0611939109985542,1.0763569480004662,0.0040529574159261774,"[1.076357, 1.067865, 1.06675, 1.061194, 1.067734, 1.067129, 1.069947, 1.066105, 1.070387]",0.8779620450004586,0.8778137433328084,0.8733469709986821,0.8804803259990877,0.00222927805030652,"[0.877662, 0.877227, 0.879034, 0.879053, 0.873347, 0.875625, 0.879933, 0.877962, 0.88048]",1.2161500626128527,1.2052443191100375,1.232450542273754,29,optimal,nan,53.74835205078125,69.6619758605957,683.0599892835743,683.059077506191,1.3348423236594213e-06,0.0020287189069098446,0.0011522870136154502,0.999875,0.6845493562231759,0.8025157232704403,0.7388535031847134,9,2,1e-07,1e-05,1000,160.0,160.0,160.0,0.0,160.0,1.0,671.0,11.594202898550725,79.97360413097537,2.0
primary,x86_64,none,0.3.0,2.4.4,32,8,balanced,800,8000,0.1,0,0.9975125156445557,5,"[160, 160, 160, 160, 160]",powerlaw,5,0,0,243,115,"[186, 34, 22, 16, 15, 13, 12, 9, 9, 8, 8, 8, 7, 7, 6, 6, 6, 6, 6, 6, 6, 6, 5, 5, 5, 4, 4, 4, 4, 4, 4, 4, 4, 4, 4, 4, 4, 4, 3, 3, 3, 3, 3, 3, 3, 3, 3, 3, 3, 3, 3, 3, 3, 3, 3, 3, 3, 3, 3, 3, 3, 3, 3, 3, 3, 3, 3, 3, 3, 3, 3, 3, 3, 3, 2, 2, 2, 2, 2, 2, 2, 2, 2, 2, 2, 2, 2, 2, 2, 2, 2, 2, 2, 2, 2, 2, 2, 2, 2, 2, 2, 2, 2, 2, 2, 2, 2, 2, 2, 2, 2, 2, 2, 2, 2, 2, 2, 2, 2, 2, 2, 2, 2, 2, 2, 2, 2, 2, 1, 1, 1, 1, 1, 1, 1, 1, 1, 1, 1, 1, 1, 1, 1, 1, 1, 1, 1, 1, 1, 1, 1, 1, 1, 1, 1, 1, 1, 1, 1, 1, 1, 1, 1, 1, 1, 1, 1, 1, 1, 1, 1, 1, 1, 1, 1, 1, 1, 1, 1, 1, 1, 1, 1, 1, 1, 1, 1, 1, 1, 1, 1, 1, 1, 1, 1, 1, 1, 1, 1, 1]",0.8747837150003761,0.87616811177779,0.8644031270014239,0.9033514309994644,0.012233389592409227,"[0.903351, 0.884256, 0.870267, 0.875335, 0.874784, 0.880503, 0.867681, 0.864403, 0.864933]",0.19175331500082393,0.19211491733343186,0.1911359200021252,0.19367200099804904,0.0009123586548286642,"[0.191753, 0.193672, 0.193195, 0.192776, 0.191358, 0.191689, 0.191233, 0.191136, 0.192222]",4.562026554777513,4.463232282141451,4.726225353086014,28,optimal,nan,53.74835205078125,35.35895824432373,695.9361527771332,695.9342494913435,2.7348569004491322e-06,0.0033061195968133103,0.0019069731784296744,0.999959375,0.9732620320855615,0.6867924528301886,0.8053097345132743,9,2,1e-07,1e-05,1000,160.0,160.0,160.0,0.0,160.0,1.0,186.0,3.292181069958848,12.1841587675376,2.0
primary,x86_64,none,0.3.0,2.4.4,32,8,balanced,800,8000,0.15,0,0.9975125156445557,5,"[160, 160, 160, 160, 160]",powerlaw,5,0,0,332,204,"[34, 29, 28, 23, 16, 15, 13, 13, 12, 11, 11, 10, 9, 9, 9, 8, 8, 8, 7, 7, 7, 7, 6, 6, 6, 6, 6, 6, 6, 6, 5, 5, 4, 4, 4, 4, 4, 4, 4, 4, 4, 4, 4, 4, 3, 3, 3, 3, 3, 3, 3, 3, 3, 3, 3, 3, 3, 3, 3, 3, 3, 3, 3, 3, 3, 3, 3, 3, 3, 3, 3, 3, 2, 2, 2, 2, 2, 2, 2, 2, 2, 2, 2, 2, 2, 2, 2, 2, 2, 2, 2, 2, 2, 2, 2, 2, 2, 2, 2, 2, 2, 2, 2, 2, 2, 2, 2, 2, 2, 2, 2, 2, 2, 2, 2, 2, 2, 2, 2, 2, 2, 2, 2, 2, 2, 2, 2, 2, 1, 1, 1, 1, 1, 1, 1, 1, 1, 1, 1, 1, 1, 1, 1, 1, 1, 1, 1, 1, 1, 1, 1, 1, 1, 1, 1, 1, 1, 1, 1, 1, 1, 1, 1, 1, 1, 1, 1, 1, 1, 1, 1, 1, 1, 1, 1, 1, 1, 1, 1, 1, 1, 1, 1, 1, 1, 1, 1, 1, 1, 1, 1, 1, 1, 1, 1, 1, 1, 1, 1, 1]",0.8206688600002963,0.8206664632226521,0.8146219100017333,0.8261126090001198,0.003908624745688944,"[0.826113, 0.82101, 0.825001, 0.815667, 0.823719, 0.81909, 0.820108, 0.814622, 0.820669]",0.08480920500005595,0.0848227935558599,0.08413481599927763,0.08534942900223541,0.0003639498132290447,"[0.084839, 0.084628, 0.084809, 0.084781, 0.084135, 0.085349, 0.084638, 0.084931, 0.085295]",9.676648425129734,9.544550204083935,9.81891502570366,29,optimal,nan,53.74835205078125,34.66340160369873,705.0253434561425,705.023176162076,3.0740654739335675e-06,0.005573514297533586,0.0032135356187037436,0.999996875,0.9978632478632479,0.5874213836477987,0.7395091053048297,9,2,1e-07,1e-05,1000,160.0,160.0,160.0,0.0,160.0,1.0,34.0,2.4096385542168677,3.693159239805639,1.0
primary,x86_64,none,0.3.0,2.4.4,32,8,balanced,800,8000,0.2,0,0.9975125156445557,5,"[160, 160, 160, 160, 160]",powerlaw,5,0,0,421,328,"[34, 25, 23, 17, 15, 13, 12, 12, 11, 10, 10, 10, 9, 8, 8, 7, 7, 7, 6, 6, 6, 6, 6, 6, 5, 5, 5, 4, 4, 4, 4, 4, 4, 4, 4, 4, 4, 4, 4, 4, 4, 3, 3, 3, 3, 3, 3, 3, 3, 3, 3, 3, 3, 3, 3, 3, 3, 3, 3, 3, 3, 3, 3, 3, 2, 2, 2, 2, 2, 2, 2, 2, 2, 2, 2, 2, 2, 2, 2, 2, 2, 2, 2, 2, 2, 2, 2, 2, 2, 2, 2, 2, 2, 1, 1, 1, 1, 1, 1, 1, 1, 1, 1, 1, 1, 1, 1, 1, 1, 1, 1, 1, 1, 1, 1, 1, 1, 1, 1, 1, 1, 1, 1, 1, 1, 1, 1, 1, 1, 1, 1, 1, 1, 1, 1, 1, 1, 1, 1, 1, 1, 1, 1, 1, 1, 1, 1, 1, 1, 1, 1, 1, 1, 1, 1, 1, 1, 1, 1, 1, 1, 1, 1, 1, 1, 1, 1, 1, 1, 1, 1, 1, 1, 1, 1, 1, 1, 1, 1, 1, 1, 1, 1, 1, 1, 1, 1, 1, 1, 1, 1, 1, 1, 1, 1, 1, 1, 1, 1, 1]",0.8216615259989339,0.8468029725558558,0.8147074669977883,0.9227024080028059,0.043768980976925616,"[0.831414, 0.819084, 0.819095, 0.814707, 0.816675, 0.821662, 0.857637, 0.918251, 0.922702]",0.07273788300153683,0.07287072877766655,0.07204924599864171,0.07434311999895726,0.0008097743405062016,"[0.072049, 0.073251, 0.072262, 0.072398, 0.07213, 0.073912, 0.074343, 0.072738, 0.072753]",11.296197965805158,10.958747319310993,12.80655189674297,29,optimal,nan,53.74835205078125,34.64531707763672,711.6299565266189,711.62540846412,6.391049810610301e-06,0.008730216429237228,0.004967351841899653,0.999996875,1.0,0.4767295597484277,0.645655877342419,9,2,1e-07,1e-05,1000,160.0,160.0,160.0,0.0,160.0,1.0,34.0,1.9002375296912113,2.9660830061946437,1.0
primary,x86_64,none,0.3.0,2.4.4,32,8,balanced,800,8000,0.25,0,0.9975125156445557,5,"[160, 160, 160, 160, 160]",powerlaw,5,0,0,456,370,"[34, 24, 23, 17, 13, 12, 11, 10, 10, 9, 8, 8, 8, 8, 7, 7, 7, 7, 6, 6, 6, 6, 5, 5, 4, 4, 4, 4, 4, 4, 4, 4, 4, 4, 3, 3, 3, 3, 3, 3, 3, 3, 3, 3, 3, 3, 3, 3, 3, 3, 3, 3, 3, 3, 3, 3, 3, 3, 3, 3, 3, 3, 3, 2, 2, 2, 2, 2, 2, 2, 2, 2, 2, 2, 2, 2, 2, 2, 2, 2, 2, 2, 2, 2, 2, 2, 1, 1, 1, 1, 1, 1, 1, 1, 1, 1, 1, 1, 1, 1, 1, 1, 1, 1, 1, 1, 1, 1, 1, 1, 1, 1, 1, 1, 1, 1, 1, 1, 1, 1, 1, 1, 1, 1, 1, 1, 1, 1, 1, 1, 1, 1, 1, 1, 1, 1, 1, 1, 1, 1, 1, 1, 1, 1, 1, 1, 1, 1, 1, 1, 1, 1, 1, 1, 1, 1, 1, 1, 1, 1, 1, 1, 1, 1, 1, 1, 1, 1, 1, 1, 1, 1, 1, 1, 1, 1, 1, 1, 1, 1, 1, 1, 1, 1, 1, 1, 1, 1, 1, 1, 1, 1, 1, 1, 1, 1, 1, 1, 1, 1]",0.9339391200010141,0.9746807414444952,0.9165308700030437,1.06965768399823,0.0690496358894484,"[0.933939, 0.921388, 0.919076, 0.916531, 0.927591, 0.957813, 1.066484, 1.059646, 1.069658]",0.06800885399934486,0.06812349488892425,0.067151619001379,0.06905724500029464,0.0006171767674164046,"[0.06745, 0.067152, 0.067941, 0.067995, 0.068009, 0.069057, 0.068144, 0.068471, 0.068893]",13.732610756976008,13.272045098224424,15.928993223175508,29,optimal,nan,53.74835205078125,34.64328193664551,717.2319692437397,717.2213411953448,1.4818146500216033e-05,0.014167998491853698,0.008061176439692268,0.999996875,1.0,0.4327044025157233,0.6040386303775243,9,2,1e-07,1e-05,1000,160.0,160.0,160.0,0.0,160.0,1.0,34.0,1.7543859649122806,2.7267724109018796,1.0
primary,x86_64,none,0.3.0,2.4.4,32,8,balanced,800,8000,0.3,0,0.9975125156445557,5,"[160, 160, 160, 160, 160]",powerlaw,5,0,0,508,427,"[28, 24, 23, 17, 13, 12, 11, 10, 9, 8, 8, 7, 7, 7, 6, 6, 6, 6, 5, 5, 4, 4, 4, 4, 4, 4, 3, 3, 3, 3, 3, 3, 3, 3, 3, 3, 3, 3, 3, 3, 3, 3, 3, 3, 3, 3, 3, 2, 2, 2, 2, 2, 2, 2, 2, 2, 2, 2, 2, 2, 2, 2, 2, 2, 2, 2, 2, 2, 2, 2, 2, 2, 2, 2, 2, 2, 2, 2, 2, 2, 2, 1, 1, 1, 1, 1, 1, 1, 1, 1, 1, 1, 1, 1, 1, 1, 1, 1, 1, 1, 1, 1, 1, 1, 1, 1, 1, 1, 1, 1, 1, 1, 1, 1, 1, 1, 1, 1, 1, 1, 1, 1, 1, 1, 1, 1, 1, 1, 1, 1, 1, 1, 1, 1, 1, 1, 1, 1, 1, 1, 1, 1, 1, 1, 1, 1, 1, 1, 1, 1, 1, 1, 1, 1, 1, 1, 1, 1, 1, 1, 1, 1, 1, 1, 1, 1, 1, 1, 1, 1, 1, 1, 1, 1, 1, 1, 1, 1, 1, 1, 1, 1, 1, 1, 1, 1, 1, 1, 1, 1, 1, 1, 1, 1, 1, 1, 1, 1, 1, 1]",0.8237917510014086,0.8252083224445718,0.8184227349993307,0.8337698290015396,0.004576020384292858,"[0.83377, 0.823135, 0.821586, 0.818423, 0.828118, 0.823157, 0.825709, 0.823792, 0.829186]",0.06326913800148759,0.06346543844483676,0.06262680500003626,0.06493730199872516,0.0007341269161600267,"[0.062908, 0.062896, 0.062627, 0.063765, 0.063583, 0.064162, 0.063269, 0.064937, 0.063041]",13.020435824209262,12.603275926298846,13.313306163408095,29,optimal,nan,53.74835205078125,34.6434907913208,722.1839827701887,722.1688292673385,2.0982884156471022e-05,0.016880597166897326,0.009737257077492912,0.999996875,1.0,0.3672955974842767,0.5372585096596136,9,2,1e-07,1e-05,1000,160.0,160.0,160.0,0.0,160.0,1.0,28.0,1.5748031496062993,2.3686591610217884,1.0
primary,x86_64,none,0.3.0,2.4.4,32,8,balanced,800,8000,0.35,0,0.9975125156445557,5,"[160, 160, 160, 160, 160]",powerlaw,5,0,0,544,471,"[28, 24, 23, 17, 11, 10, 9, 8, 8, 8, 7, 7, 6, 6, 6, 6, 5, 4, 4, 4, 4, 4, 3, 3, 3, 3, 3, 3, 3, 3, 3, 3, 3, 3, 3, 3, 3, 3, 3, 3, 2, 2, 2, 2, 2, 2, 2, 2, 2, 2, 2, 2, 2, 2, 2, 2, 2, 2, 2, 2, 2, 2, 2, 2, 2, 2, 2, 2, 2, 2, 2, 2, 2, 1, 1, 1, 1, 1, 1, 1, 1, 1, 1, 1, 1, 1, 1, 1, 1, 1, 1, 1, 1, 1, 1, 1, 1, 1, 1, 1, 1, 1, 1, 1, 1, 1, 1, 1, 1, 1, 1, 1, 1, 1, 1, 1, 1, 1, 1, 1, 1, 1, 1, 1, 1, 1, 1, 1, 1, 1, 1, 1, 1, 1, 1, 1, 1, 1, 1, 1, 1, 1, 1, 1, 1, 1, 1, 1, 1, 1, 1, 1, 1, 1, 1, 1, 1, 1, 1, 1, 1, 1, 1, 1, 1, 1, 1, 1, 1, 1, 1, 1, 1, 1, 1, 1, 1, 1, 1, 1, 1, 1, 1, 1, 1, 1, 1, 1, 1, 1, 1, 1, 1, 1, 1, 1, 1, 1, 1, 1]",0.9103226669976721,0.9007305446664557,0.8417165509999904,0.9180579439998837,0.025923769927796537,"[0.841717, 0.873654, 0.913553, 0.918058, 0.917114, 0.909442, 0.910323, 0.907252, 0.915463]",0.05994350100081647,0.05990893700032353,0.059261987000354566,0.06072237300031702,0.000464228937352468,"[0.059262, 0.060166, 0.059944, 0.059592, 0.059961, 0.059496, 0.059645, 0.060392, 0.060722]",15.186344671214197,13.861720308519498,15.491514720800552,29,optimal,nan,53.74835205078125,34.645392417907715,725.9821939898444,725.9714994170021,1.4731177886835845e-05,0.013794319389143661,0.00789566353389243,0.999996875,1.0,0.3220125786163522,0.4871550903901047,9,2,1e-07,1e-05,1000,160.0,160.0,160.0,0.0,160.0,1.0,28.0,1.4705882352941178,2.1893498110525216,1.0
primary,x86_64,none,0.3.0,2.4.4,32,8,balanced,800,8000,0.4,0,0.9975125156445557,5,"[160, 160, 160, 160, 160]",powerlaw,5,0,0,573,512,"[28, 24, 23, 17, 11, 9, 9, 8, 8, 7, 7, 6, 6, 6, 6, 4, 4, 4, 4, 3, 3, 3, 3, 3, 3, 3, 3, 3, 3, 3, 3, 3, 2, 2, 2, 2, 2, 2, 2, 2, 2, 2, 2, 2, 2, 2, 2, 2, 2, 2, 2, 2, 2, 2, 2, 2, 2, 2, 2, 2, 2, 1, 1, 1, 1, 1, 1, 1, 1, 1, 1, 1, 1, 1, 1, 1, 1, 1, 1, 1, 1, 1, 1, 1, 1, 1, 1, 1, 1, 1, 1, 1, 1, 1, 1, 1, 1, 1, 1, 1, 1, 1, 1, 1, 1, 1, 1, 1, 1, 1, 1, 1, 1, 1, 1, 1, 1, 1, 1, 1, 1, 1, 1, 1, 1, 1, 1, 1, 1, 1, 1, 1, 1, 1, 1, 1, 1, 1, 1, 1, 1, 1, 1, 1, 1, 1, 1, 1, 1, 1, 1, 1, 1, 1, 1, 1, 1, 1, 1, 1, 1, 1, 1, 1, 1, 1, 1, 1, 1, 1, 1, 1, 1, 1, 1, 1, 1, 1, 1, 1, 1, 1, 1, 1, 1, 1, 1, 1, 1, 1, 1, 1, 1, 1, 1, 1, 1, 1, 1, 1]",1.0323303260011016,1.0106548415553536,0.9802740329978405,1.0365559230012877,0.027875218927323708,"[0.980274, 0.982383, 0.981829, 0.980761, 1.033839, 1.036556, 1.035516, 1.032405, 1.03233]",0.05642670799716143,0.056376709110837614,0.05587342400031048,0.0573124380025547,0.00043110694333163454,"[0.055879, 0.055873, 0.056428, 0.05655, 0.056219, 0.056194, 0.056507, 0.057312, 0.056427]",18.29506562837289,17.104036526140188,18.551859699801604,30,optimal,nan,53.74835205078125,34.645453453063965,729.6761026585312,729.6682001034882,1.0830223182973592e-05,0.011796808223710542,0.006797725091511405,0.999996875,1.0,0.28553459119496855,0.4442270058708415,9,2,1e-07,1e-05,1000,160.0,160.0,160.0,0.0,160.0,1.0,28.0,1.3961605584642234,2.0983961103664592,1.0
primary,x86_64,none,0.3.0,2.4.4,32,8,imbalanced,100,200,0.05,0,0.9808080808080808,5,"[90, 4, 4, 1, 1]",powerlaw,3,0,2,1,0,[100],0.013339381002879236,0.013309038667001814,0.013055614999757381,0.013491355999576626,0.00018163540108165997,"[0.013135, 0.013056, 0.013065, 0.013295, 0.013339, 0.013437, 0.013481, 0.013482, 0.013491]",0.014288038000813685,0.014278408000488222,0.01414912400286994,0.014366400002472801,6.552368704945832e-05,"[0.014366, 0.014326, 0.014305, 0.014325, 0.014288, 0.01428, 0.014251, 0.014216, 0.014149]",0.9336048099899773,0.9087603712489001,0.9535117507515027,26,optimal,nan,0.9413604736328125,1.4787569046020508,101.7734642283088,101.7734642283088,0.0,0.0,0.0,1.0,0.03600514359194171,0.8842105263157894,0.06919275123558484,9,2,1e-07,1e-05,1000,1.0,90.0,20.0,35.02570484658374,4.0,100.0,100.0,100.0,0.0,100.0
primary,x86_64,none,0.3.0,2.4.4,32,8,imbalanced,100,200,0.1,0,0.9808080808080808,5,"[90, 4, 4, 1, 1]",powerlaw,3,0,2,1,0,[100],0.021497358997294214,0.02152611866646718,0.021413061000203015,0.021684953997464618,9.026207628028477e-05,"[0.021506, 0.021477, 0.02149, 0.021664, 0.021413, 0.021469, 0.021497, 0.021685, 0.021534]",0.021929537997493753,0.021937321999252565,0.021820306003064616,0.022086262997618178,7.808995781567462e-05,"[0.021908, 0.021922, 0.02182, 0.021977, 0.021849, 0.02193, 0.021972, 0.022086, 0.021971]",0.9802923800652376,0.9695194249254497,0.9937969703275019,42,optimal,nan,0.9413604736328125,1.4787569046020508,111.09060703749898,111.09060703749898,0.0,0.0,0.0,1.0,0.07103321033210332,0.8105263157894737,0.13061916878710772,9,2,1e-07,1e-05,1000,1.0,90.0,20.0,35.02570484658374,4.0,100.0,100.0,100.0,0.0,100.0
primary,x86_64,none,0.3.0,2.4.4,32,8,imbalanced,100,200,0.15,0,0.9808080808080808,5,"[90, 4, 4, 1, 1]",powerlaw,3,0,2,1,0,[100],0.02772002900019288,0.02773823477764381,0.027575178999541095,0.02797886200278299,0.00011889949387233718,"[0.02783, 0.02772, 0.027689, 0.027695, 0.02779, 0.027625, 0.027979, 0.027575, 0.02774]",0.0284953400005179,0.028558795000006083,0.02839679299722775,0.028815912999561988,0.00013655838437375743,"[0.028613, 0.028726, 0.028816, 0.028561, 0.028397, 0.028479, 0.028495, 0.028486, 0.028457]",0.972791656449408,0.9569427489581971,0.9852824579703222,55,optimal,nan,0.9413604736328125,1.4787569046020508,115.66889752249044,115.66889752249044,0.0,0.0,0.0,1.0,0.13555992141453832,0.7263157894736842,0.228476821192053,9,2,1e-07,1e-05,1000,1.0,90.0,20.0,35.02570484658374,4.0,100.0,100.0,100.0,0.0,100.0
primary,x86_64,none,0.3.0,2.4.4,32,8,imbalanced,100,200,0.2,0,0.9808080808080808,5,"[90, 4, 4, 1, 1]",powerlaw,3,0,2,7,5,"[93, 2, 1, 1, 1, 1, 1]",0.028295872998569394,0.028328853555447293,0.02816883099876577,0.02873992600143538,0.00016912239104827125,"[0.028354, 0.028368, 0.028296, 0.02874, 0.028289, 0.028169, 0.028235, 0.028185, 0.028323]",0.026278640998498304,0.02628338977754336,0.026225210996926762,0.02636412699939683,4.207850527400764e-05,"[0.026299, 0.026264, 0.026273, 0.026364, 0.026235, 0.026314, 0.026225, 0.026298, 0.026279]",1.0767631781333884,1.0684530156985752,1.09588921914883,56,optimal,nan,0.9413604736328125,1.3143529891967773,116.00923389783311,116.00923384705905,4.376725936544318e-10,2.4927892429971177e-05,2.0781843410653363e-05,1.0,0.34375,0.6947368421052632,0.4599303135888502,9,2,1e-07,1e-05,1000,1.0,90.0,20.0,35.02570484658374,4.0,1.0,93.0,14.285714285714286,32.13682483077757,1.0
primary,x86_64,none,0.3.0,2.4.4,32,8,imbalanced,100,200,0.25,0,0.9808080808080808,5,"[90, 4, 4, 1, 1]",powerlaw,3,0,2,13,8,"[82, 4, 2, 2, 2, 1, 1, 1, 1, 1, 1, 1, 1]",0.026276265998603776,0.026276134110958083,0.026080360999912955,0.02648404399951687,0.00012628106159387272,"[0.026421, 0.026282, 0.026484, 0.026349, 0.026182, 0.026225, 0.026276, 0.02608, 0.026185]",0.020570074000715977,0.02078471233309958,0.02021744400190073,0.021357256999181118,0.0004964271306997057,"[0.021243, 0.021323, 0.021357, 0.021258, 0.02057, 0.020217, 0.020359, 0.02026, 0.020475]",1.2774025994116105,1.2211475003982455,1.3099600521721237,52,optimal,nan,0.9413604736328125,1.0799379348754883,117.7226318856288,117.7226318660739,1.661099752957509e-10,1.603435194127978e-05,1.3345665570758812e-05,1.0,0.6017699115044248,0.7157894736842105,0.6538461538461539,9,2,1e-07,1e-05,1000,1.0,90.0,20.0,35.02570484658374,4.0,1.0,82.0,7.6923076923076925,21.466914132377386,1.0
primary,x86_64,none,0.3.0,2.4.4,32,8,imbalanced,100,200,0.3,0,0.9808080808080808,5,"[90, 4, 4, 1, 1]",powerlaw,3,0,2,34,19,"[29, 11, 8, 5, 4, 3, 3, 3, 3, 2, 2, 2, 2, 2, 2, 1, 1, 1, 1, 1, 1, 1, 1, 1, 1, 1, 1, 1, 1, 1, 1, 1, 1, 1]",0.028000234000501223,0.027996935888950247,0.027741400997911114,0.028216323000378907,0.00013964192148892377,"[0.027741, 0.027882, 0.02801, 0.028216, 0.028133, 0.02807, 0.027994, 0.028, 0.027925]",0.010753429000033066,0.01076292755573781,0.01071187299748999,0.010842477000551298,4.193571806236708e-05,"[0.010751, 0.010753, 0.010734, 0.010818, 0.010764, 0.010712, 0.010842, 0.01073, 0.010762]",2.6038423651111775,2.558585182749345,2.634116648600162,55,optimal,nan,0.9413604736328125,0.711613655090332,118.86289792242864,118.86289791868487,3.149661236502602e-11,9.478690899705766e-06,7.74058421139468e-06,1.0,0.8591549295774648,0.6421052631578947,0.7349397590361445,9,2,1e-07,1e-05,1000,1.0,90.0,20.0,35.02570484658374,4.0,1.0,29.0,2.9411764705882355,5.005533270471719,1.0
primary,x86_64,none,0.3.0,2.4.4,32,8,imbalanced,100,200,0.35,0,0.9808080808080808,5,"[90, 4, 4, 1, 1]",powerlaw,3,0,2,49,31,"[11, 10, 5, 5, 4, 4, 3, 3, 3, 3, 3, 3, 2, 2, 2, 2, 2, 2, 1, 1, 1, 1, 1, 1, 1, 1, 1, 1, 1, 1, 1, 1, 1, 1, 1, 1, 1, 1, 1, 1, 1, 1, 1, 1, 1, 1, 1, 1, 1]",0.02870074500242481,0.028608134777540626,0.028256691999558825,0.028838472000643378,0.00021638378485335552,"[0.028257, 0.028263, 0.028544, 0.028715, 0.028758, 0.028838, 0.028701, 0.028787, 0.028611]",0.0102476360007131,0.010244734555372916,0.010195396000199253,0.010299877998477314,3.3297797713469604e-05,"[0.010252, 0.010236, 0.0103, 0.010195, 0.010232, 0.010255, 0.010281, 0.010204, 0.010248]",2.80071862431761,2.74340065035102,2.8285779189037656,57,optimal,nan,0.9413604736328125,0.7019205093383789,117.49383942196083,117.4938394229161,8.130365553719784e-12,9.899510253513766e-06,8.260019714190667e-06,1.0,0.8888888888888888,0.5052631578947369,0.6442953020134229,9,2,1e-07,1e-05,1000,1.0,90.0,20.0,35.02570484658374,4.0,1.0,11.0,2.0408163265306123,2.0599106744400886,1.0
primary,x86_64,none,0.3.0,2.4.4,32,8,imbalanced,100,200,0.4,0,0.9808080808080808,5,"[90, 4, 4, 1, 1]",powerlaw,3,0,2,56,37,"[13, 5, 5, 4, 4, 3, 3, 3, 3, 2, 2, 2, 2, 2, 2, 2, 2, 2, 2, 1, 1, 1, 1, 1, 1, 1, 1, 1, 1, 1, 1, 1, 1, 1, 1, 1, 1, 1, 1, 1, 1, 1, 1, 1, 1, 1, 1, 1, 1, 1, 1, 1, 1, 1, 1, 1]",0.02448937100052717,0.02443264399981773,0.024022760000661947,0.024757702001807047,0.00027209119110072137,"[0.024378, 0.024023, 0.024073, 0.024231, 0.024489, 0.024602, 0.024758, 0.024677, 0.024664]",0.008775377998972544,0.008782369666732848,0.008739758999581682,0.008827618999930564,2.8627332610113313e-05,"[0.008755, 0.008805, 0.008806, 0.008775, 0.008771, 0.008762, 0.008828, 0.00874, 0.008799]",2.790691295964058,2.721318172074588,2.8327671281315703,50,optimal,nan,0.9413604736328125,0.7029514312744141,118.15533223977451,118.15533223979153,1.440866326224169e-13,4.030205465910264e-06,3.5251694534445764e-06,1.0,0.9565217391304348,0.4631578947368421,0.6241134751773051,9,2,1e-07,1e-05,1000,1.0,90.0,20.0,35.02570484658374,4.0,1.0,13.0,1.7857142857142858,1.819677028979571,1.0
primary,x86_64,none,0.3.0,2.4.4,32,8,imbalanced,100,500,0.05,0,0.9808080808080808,5,"[90, 4, 4, 1, 1]",powerlaw,3,0,2,1,0,[100],0.017021216997818556,0.016954200222244253,0.016549856001802254,0.017385720999300247,0.0002749297358313504,"[0.01661, 0.01655, 0.016841, 0.016792, 0.017149, 0.017021, 0.017136, 0.017102, 0.017386]",0.018014992001553765,0.01802515022265854,0.01786776600056328,0.01831419299924164,0.00013549353183595997,"[0.018015, 0.018314, 0.01806, 0.018073, 0.017894, 0.018014, 0.018083, 0.017906, 0.017868]",0.9448362228720669,0.9036628587722951,0.9730215293144182,31,optimal,nan,0.9413604736328125,1.478708267211914,110.3633288283784,110.3633288283784,0.0,0.0,0.0,1.0,0.055163566388710714,0.9052631578947369,0.10399032648125757,9,2,1e-07,1e-05,1000,1.0,90.0,20.0,35.02570484658374,4.0,100.0,100.0,100.0,0.0,100.0
primary,x86_64,none,0.3.0,2.4.4,32,8,imbalanced,100,500,0.1,0,0.9808080808080808,5,"[90, 4, 4, 1, 1]",powerlaw,3,0,2,1,0,[100],0.028408668000338366,0.028396399110836985,0.028205638998770155,0.028509588999440894,9.790778246582771e-05,"[0.028206, 0.028385, 0.028409, 0.02832, 0.02851, 0.028335, 0.028479, 0.028431, 0.028494]",0.02910324199910974,0.029131473222352926,0.02887765400009812,0.029560353999841027,0.00019023555992580185,"[0.02956, 0.029127, 0.029154, 0.029046, 0.029103, 0.028878, 0.029242, 0.029069, 0.029004]",0.9761341365751409,0.954171218616727,0.9872543316484097,52,optimal,nan,0.9413604736328125,1.478799819946289,113.02108579918735,113.02108579918735,0.0,0.0,0.0,1.0,0.18138424821002386,0.8,0.29571984435797666,9,2,1e-07,1e-05,1000,1.0,90.0,20.0,35.02570484658374,4.0,100.0,100.0,100.0,0.0,100.0
primary,x86_64,none,0.3.0,2.4.4,32,8,imbalanced,100,500,0.15,0,0.9808080808080808,5,"[90, 4, 4, 1, 1]",powerlaw,3,0,2,7,5,"[93, 2, 1, 1, 1, 1, 1]",0.02901419399859151,0.028989392666618288,0.028908524000144098,0.02904981300162035,5.390940204567679e-05,"[0.028909, 0.028931, 0.028951, 0.029044, 0.02902, 0.02905, 0.029014, 0.02895, 0.029036]",0.02723679699920467,0.02727439533312766,0.027167934000317473,0.027446950000012293,0.00010692676224610925,"[0.027179, 0.027246, 0.027237, 0.027231, 0.027447, 0.027168, 0.027378, 0.027405, 0.027179]",1.0652571959705373,1.0532508712309072,1.0692683882874894,53,optimal,nan,0.9413604736328125,1.314401626586914,116.09188205253783,116.0918820448396,6.631155448545306e-11,7.586408019011337e-06,7.114364585881548e-06,1.0,0.5107913669064749,0.7473684210526316,0.6068376068376068,9,2,1e-07,1e-05,1000,1.0,90.0,20.0,35.02570484658374,4.0,1.0,93.0,14.285714285714286,32.13682483077757,1.0
primary,x86_64,none,0.3.0,2.4.4,32,8,imbalanced,100,500,0.2,0,0.9808080808080808,5,"[90, 4, 4, 1, 1]",powerlaw,3,0,2,20,7,"[44, 13, 8, 4, 4, 3, 3, 3, 3, 2, 2, 2, 2, 1, 1, 1, 1, 1, 1, 1]",0.027983613003016217,0.027979259444691706,0.027804330002254574,0.02817120699910447,0.000127669804186089,"[0.027994, 0.027866, 0.027836, 0.027984, 0.027959, 0.027804, 0.028109, 0.028089, 0.028171]",0.014711906998854829,0.014667844888511658,0.014463760002399795,0.014810453001700807,0.00013376887552812576,"[0.014712, 0.014738, 0.01481, 0.01477, 0.01479, 0.014698, 0.014534, 0.014495, 0.014464]",1.90210643699654,1.8773450075471405,1.9477097929190172,51,optimal,nan,0.9413604736328125,0.7379541397094727,116.53805901840121,116.53805901506848,2.8597778922016712e-11,1.1365495506399093e-05,1.0408578934437637e-05,1.0,0.8160919540229885,0.7473684210526316,0.7802197802197802,9,2,1e-07,1e-05,1000,1.0,90.0,20.0,35.02570484658374,4.0,1.0,44.0,5.0,9.38083151964686,2.0
primary,x86_64,none,0.3.0,2.4.4,32,8,imbalanced,100,500,0.25,0,0.9808080808080808,5,"[90, 4, 4, 1, 1]",powerlaw,3,0,2,34,16,"[21, 10, 9, 4, 4, 4, 4, 3, 3, 3, 3, 3, 3, 2, 2, 2, 2, 2, 1, 1, 1, 1, 1, 1, 1, 1, 1, 1, 1, 1, 1, 1, 1, 1]",0.02749681699788198,0.027501170777718978,0.02706226299778791,0.028029917000822024,0.0002713609724277505,"[0.027062, 0.027251, 0.02744, 0.027427, 0.027683, 0.027511, 0.02761, 0.027497, 0.02803]",0.010337871997762704,0.010341698222570509,0.010267822002788307,0.01041742199959117,4.4380385158960334e-05,"[0.010364, 0.010322, 0.010376, 0.010359, 0.010338, 0.010295, 0.010417, 0.010335, 0.010268]",2.6598140317303955,2.597788877022546,2.7298795200394284,51,optimal,nan,0.9413604736328125,0.711155891418457,118.60296753153183,118.60296753407597,2.1450904230341437e-11,5.742834694871801e-06,5.2792308901231995e-06,1.0,0.927536231884058,0.6736842105263158,0.7804878048780488,9,2,1e-07,1e-05,1000,1.0,90.0,20.0,35.02570484658374,4.0,1.0,21.0,2.9411764705882355,3.764705882352941,2.0
primary,x86_64,none,0.3.0,2.4.4,32,8,imbalanced,100,500,0.3,0,0.9808080808080808,5,"[90, 4, 4, 1, 1]",powerlaw,3,0,2,42,21,"[10, 6, 6, 5, 5, 4, 4, 4, 4, 4, 3, 3, 3, 3, 3, 2, 2, 2, 2, 2, 2, 1, 1, 1, 1, 1, 1, 1, 1, 1, 1, 1, 1, 1, 1, 1, 1, 1, 1, 1, 1, 1]",0.0315419690014096,0.03145767000023625,0.030727476998436032,0.03179011600150261,0.00033627650464166585,"[0.030727, 0.031143, 0.031414, 0.0316, 0.031768, 0.03179, 0.031646, 0.031489, 0.031542]",0.0098249559996475,0.009829177888605045,0.009754906001035124,0.009922315999574494,5.8026460990865974e-05,"[0.009857, 0.009922, 0.009867, 0.009889, 0.009825, 0.009776, 0.0098, 0.009772, 0.009755]",3.21039290176376,3.0968049193105465,3.258884913717186,59,optimal,nan,0.9413604736328125,0.7000961303710938,118.38015537379806,118.38015537426799,3.969622630063819e-12,4.998023728525203e-06,4.447627738578032e-06,1.0,0.9827586206896551,0.6,0.7450980392156863,9,2,1e-07,1e-05,1000,1.0,90.0,20.0,35.02570484658374,4.0,1.0,10.0,2.380952380952381,1.9142620230706457,1.5
primary,x86_64,none,0.3.0,2.4.4,32,8,imbalanced,100,500,0.35,0,0.9808080808080808,5,"[90, 4, 4, 1, 1]",powerlaw,3,0,2,48,27,"[7, 6, 6, 5, 4, 4, 4, 4, 3, 3, 3, 3, 3, 3, 3, 2, 2, 2, 2, 2, 2, 1, 1, 1, 1, 1, 1, 1, 1, 1, 1, 1, 1, 1, 1, 1, 1, 1, 1, 1, 1, 1, 1, 1, 1, 1, 1, 1]",0.03214868299983209,0.03211042477778392,0.031400679999933345,0.03268415699858451,0.0003324739815569674,"[0.031401, 0.031934, 0.032149, 0.03213, 0.03214, 0.03218, 0.032172, 0.032204, 0.032684]",0.009163627000816632,0.009147004777736988,0.009075766000023577,0.009225366997270612,5.08571002672588e-05,"[0.009076, 0.009078, 0.009104, 0.009153, 0.009167, 0.009166, 0.00919, 0.009164, 0.009225]",3.508292403975752,3.403732340320277,3.6012560260477855,60,optimal,nan,0.9413604736328125,0.7000598907470703,119.22350130147316,119.22350130226046,6.60352659905634e-12,6.863309945925877e-06,6.017964787079882e-06,1.0,1.0,0.5473684210526316,0.707482993197279,9,2,1e-07,1e-05,1000,1.0,90.0,20.0,35.02570484658374,4.0,1.0,7.0,2.0833333333333335,1.552328000849763,1.0
primary,x86_64,none,0.3.0,2.4.4,32,8,imbalanced,100,500,0.4,0,0.9808080808080808,5,"[90, 4, 4, 1, 1]",powerlaw,3,0,2,57,38,"[7, 6, 5, 5, 5, 5, 3, 3, 3, 2, 2, 2, 2, 2, 2, 2, 2, 2, 2, 1, 1, 1, 1, 1, 1, 1, 1, 1, 1, 1, 1, 1, 1, 1, 1, 1, 1, 1, 1, 1, 1, 1, 1, 1, 1, 1, 1, 1, 1, 1, 1, 1, 1, 1, 1, 1, 1]",0.027470697998069227,0.027368061000338964,0.026558845998806646,0.027790082000137772,0.00037432596870119755,"[0.026559, 0.026957, 0.027581, 0.027459, 0.027503, 0.027537, 0.027456, 0.02779, 0.027471]",0.008106925000902265,0.008109299556154938,0.008057057999394601,0.008148480003001168,2.579475514588959e-05,"[0.008102, 0.008132, 0.008057, 0.0081, 0.008113, 0.008148, 0.008107, 0.008126, 0.008099]",3.3885471982301376,3.259361990091987,3.4491599790178857,51,optimal,nan,0.9413604736328125,0.7014579772949219,119.6034553954077,119.60345539603988,5.2855485647619e-12,8.816423887614278e-06,8.325203210324936e-06,1.0,1.0,0.45263157894736844,0.6231884057971014,9,2,1e-07,1e-05,1000,1.0,90.0,20.0,35.02570484658374,4.0,1.0,7.0,1.7543859649122806,1.4176914983043454,1.0
primary,x86_64,none,0.3.0,2.4.4,32,8,imbalanced,100,1000,0.05,0,0.9808080808080808,5,"[90, 4, 4, 1, 1]",powerlaw,3,0,2,1,0,[100],0.0200476610007172,0.019959799778815877,0.01950624900200637,0.02016876600100659,0.0002224932614084158,"[0.019506, 0.019737, 0.019896, 0.019911, 0.020048, 0.02009, 0.020169, 0.02014, 0.020141]",0.020952388000296196,0.020955026222105114,0.020803974999580532,0.021172038999793585,0.00011433571137269185,"[0.020815, 0.020952, 0.020942, 0.021028, 0.020804, 0.021013, 0.021172, 0.020884, 0.020986]",0.9568198622722046,0.921321229485575,0.9694669408809253,37,optimal,nan,0.9413604736328125,1.4787569046020508,110.89706591339291,110.89706591339291,0.0,0.0,0.0,1.0,0.09090909090909091,0.8842105263157894,0.1648675171736997,9,2,1e-07,1e-05,1000,1.0,90.0,20.0,35.02570484658374,4.0,100.0,100.0,100.0,0.0,100.0
primary,x86_64,none,0.3.0,2.4.4,32,8,imbalanced,100,1000,0.1,0,0.9808080808080808,5,"[90, 4, 4, 1, 1]",powerlaw,3,0,2,4,2,"[95, 3, 1, 1]",0.027280729002086446,0.027340753222637834,0.02716437199705979,0.02761792300225352,0.00015928721008798407,"[0.027212, 0.027258, 0.02722, 0.027281, 0.027164, 0.027618, 0.027551, 0.027435, 0.027327]",0.026757126997836167,0.026821637111424934,0.026674016000470147,0.02708838499893318,0.00013411419980231595,"[0.026752, 0.026674, 0.027088, 0.026736, 0.026795, 0.02687, 0.026757, 0.02698, 0.026742]",1.019568693017476,1.0028051505517808,1.0353867599752034,50,optimal,nan,0.9413604736328125,1.3599672317504883,114.86505904758087,114.86505902056805,2.351700081487779e-10,1.7727637106369765e-05,1.6399911041938707e-05,1.0,0.49044585987261147,0.8105263157894737,0.6111111111111112,9,2,1e-07,1e-05,1000,1.0,90.0,20.0,35.02570484658374,4.0,1.0,95.0,25.0,40.422765862815474,2.0
primary,x86_64,none,0.3.0,2.4.4,32,8,imbalanced,100,1000,0.15,0,0.9808080808080808,5,"[90, 4, 4, 1, 1]",powerlaw,3,0,2,24,6,"[40, 9, 4, 4, 4, 3, 3, 3, 3, 3, 3, 3, 2, 2, 2, 2, 2, 2, 1, 1, 1, 1, 1, 1]",0.02683786299894564,0.026865699444897473,0.02658852999957162,0.027115694003441604,0.00015437733393867164,"[0.027116, 0.026818, 0.026819, 0.026589, 0.027039, 0.026838, 0.026755, 0.026907, 0.026913]",0.014559932998963632,0.014563362888616717,0.01449937999859685,0.014657292002084432,5.267303973796848e-05,"[0.01454, 0.014499, 0.01456, 0.014657, 0.014592, 0.014588, 0.014524, 0.014607, 0.014502]",1.8432683035599096,1.8140138025353136,1.8701278265736654,49,optimal,nan,0.9413604736328125,0.7250747680664062,115.4876122909198,115.4876122791433,1.0197191227971799e-10,3.502002387736902e-05,3.2196092781124995e-05,1.0,0.8554216867469879,0.7473684210526316,0.797752808988764,9,2,1e-07,1e-05,1000,1.0,90.0,20.0,35.02570484658374,4.0,1.0,40.0,4.166666666666667,7.6521601888326645,2.5
primary,x86_64,none,0.3.0,2.4.4,32,8,imbalanced,100,1000,0.2,0,0.9808080808080808,5,"[90, 4, 4, 1, 1]",powerlaw,3,0,2,31,12,"[17, 10, 9, 8, 5, 4, 4, 3, 3, 3, 3, 3, 3, 3, 2, 2, 2, 2, 2, 1, 1, 1, 1, 1, 1, 1, 1, 1, 1, 1, 1]",0.026546974000666523,0.0264903789999759,0.026006749998487066,0.026814117998583242,0.0002522040347696614,"[0.026273, 0.026007, 0.026382, 0.026559, 0.026439, 0.026784, 0.026609, 0.026547, 0.026814]",0.01088047200028086,0.010844456778108401,0.010618077001709025,0.010912529000052018,8.956302262277916e-05,"[0.01088, 0.010894, 0.010882, 0.010882, 0.010913, 0.010853, 0.010869, 0.01081, 0.010618]",2.4398733804913295,2.3832009975289044,2.5253271373213244,49,optimal,nan,0.9413604736328125,0.7062091827392578,116.21491026572572,116.21491025924608,5.575565256253828e-11,1.1971389612661087e-05,1.1336744982524712e-05,1.0,0.9714285714285714,0.7157894736842105,0.8242424242424242,9,2,1e-07,1e-05,1000,1.0,90.0,20.0,35.02570484658374,4.0,1.0,17.0,3.225806451612903,3.4239166162155716,2.0
primary,x86_64,none,0.3.0,2.4.4,32,8,imbalanced,100,1000,0.25,0,0.9808080808080808,5,"[90, 4, 4, 1, 1]",powerlaw,3,0,2,36,17,"[13, 9, 9, 8, 5, 4, 4, 3, 3, 3, 3, 3, 3, 3, 2, 2, 2, 2, 2, 1, 1, 1, 1, 1, 1, 1, 1, 1, 1, 1, 1, 1, 1, 1, 1, 1]",0.024352832999284146,0.02432657988902065,0.023925402001623297,0.02459266900041257,0.00022674169111140034,"[0.024037, 0.023925, 0.024216, 0.024353, 0.024481, 0.024353, 0.024538, 0.024593, 0.024443]",0.010336685001675505,0.010338004777521646,0.0102500120010518,0.010412673000246286,4.9163833058526516e-05,"[0.010396, 0.010353, 0.010319, 0.010413, 0.010295, 0.01033, 0.01035, 0.010337, 0.01025]",2.3559616061954793,2.297719519383486,2.3992819713663756,45,optimal,nan,0.9413604736328125,0.7002162933349609,117.97836582877227,117.97836580538197,1.982592258398913e-10,3.6212199725216276e-05,3.265926439465367e-05,1.0,1.0,0.6736842105263158,0.8050314465408805,9,2,1e-07,1e-05,1000,1.0,90.0,20.0,35.02570484658374,4.0,1.0,13.0,2.7777777777777777,2.7599427440831605,2.0
primary,x86_64,none,0.3.0,2.4.4,32,8,imbalanced,100,1000,0.3,0,0.9808080808080808,5,"[90, 4, 4, 1, 1]",powerlaw,3,0,2,41,19,"[7, 6, 6, 5, 5, 4, 4, 4, 4, 4, 3, 3, 3, 3, 3, 3, 3, 3, 2, 2, 2, 2, 1, 1, 1, 1, 1, 1, 1, 1, 1, 1, 1, 1, 1, 1, 1, 1, 1, 1, 1]",0.024904930000047898,0.024803745000503516,0.024488186001690337,0.025052155997400405,0.0002173802814006961,"[0.024488, 0.024504, 0.02495, 0.024685, 0.025052, 0.024695, 0.024905, 0.024911, 0.025044]",0.00980477299890481,0.009803453444975376,0.009739471002831124,0.009868886998447124,4.042257338684582e-05,"[0.009843, 0.009805, 0.009775, 0.009815, 0.009826, 0.009795, 0.009763, 0.009869, 0.009739]",2.540082264304311,2.4813523556955888,2.5722296406158103,46,optimal,nan,0.9413604736328125,0.6994514465332031,118.99109113917959,118.9910911396316,3.798762264079377e-12,5.4062842994584415e-06,4.944096611061316e-06,1.0,1.0,0.6210526315789474,0.7662337662337663,9,2,1e-07,1e-05,1000,1.0,90.0,20.0,35.02570484658374,4.0,1.0,7.0,2.4390243902439024,1.6681928368352774,2.0
primary,x86_64,none,0.3.0,2.4.4,32,8,imbalanced,100,1000,0.35,0,0.9808080808080808,5,"[90, 4, 4, 1, 1]",powerlaw,3,0,2,46,24,"[7, 6, 6, 5, 4, 4, 3, 3, 3, 3, 3, 3, 3, 3, 3, 3, 3, 3, 2, 2, 2, 2, 1, 1, 1, 1, 1, 1, 1, 1, 1, 1, 1, 1, 1, 1, 1, 1, 1, 1, 1, 1, 1, 1, 1, 1]",0.026847363002161728,0.026834829889089126,0.026541037997958483,0.02704920399992261,0.0001760540249952993,"[0.026686, 0.026541, 0.026898, 0.026693, 0.026769, 0.027022, 0.026847, 0.027008, 0.027049]",0.010147903998586116,0.010151465999822702,0.010068355000839802,0.010236951999104349,5.081529612141061e-05,"[0.010129, 0.010186, 0.010068, 0.010191, 0.0101, 0.010148, 0.010169, 0.010135, 0.010237]",2.645606718973919,2.5926699666346593,2.686556443199156,50,optimal,nan,0.9413604736328125,0.7004003524780273,120.28452747767955,120.2845274781802,4.162201258257999e-12,4.358411202776136e-06,4.269132882005085e-06,1.0,1.0,0.5684210526315789,0.7248322147651006,9,2,1e-07,1e-05,1000,1.0,90.0,20.0,35.02570484658374,4.0,1.0,7.0,2.1739130434782608,1.5365736562671557,1.0
primary,x86_64,none,0.3.0,2.4.4,32,8,imbalanced,100,1000,0.4,0,0.9808080808080808,5,"[90, 4, 4, 1, 1]",powerlaw,3,0,2,55,36,"[7, 7, 6, 5, 4, 4, 3, 3, 3, 3, 3, 2, 2, 2, 2, 2, 2, 2, 2, 1, 1, 1, 1, 1, 1, 1, 1, 1, 1, 1, 1, 1, 1, 1, 1, 1, 1, 1, 1, 1, 1, 1, 1, 1, 1, 1, 1, 1, 1, 1, 1, 1, 1, 1, 1]",0.02732347199707874,0.027425976333082264,0.02706463899812661,0.02777227400292759,0.00023862220196138332,"[0.027297, 0.027065, 0.027726, 0.027491, 0.027249, 0.027772, 0.027323, 0.027296, 0.027614]",0.00840018999952008,0.0084030918890979,0.00834676100203069,0.008460741999442689,3.695022855116346e-05,"[0.008347, 0.008432, 0.0084, 0.008378, 0.008372, 0.008461, 0.008439, 0.008382, 0.008417]",3.252720712107677,3.1988493444084884,3.327311515948624,51,optimal,nan,0.9413604736328125,0.7012500762939453,119.67006610019601,119.67006610075259,4.650973747349589e-12,5.65906371752245e-06,5.265534592239017e-06,1.0,1.0,0.47368421052631576,0.6428571428571429,9,2,1e-07,1e-05,1000,1.0,90.0,20.0,35.02570484658374,4.0,1.0,7.0,1.8181818181818181,1.4904655659577595,1.0
primary,x86_64,none,0.3.0,2.4.4,32,8,imbalanced,200,400,0.05,0,0.9902010050251256,5,"[180, 8, 8, 2, 2]",powerlaw,3,0,2,1,0,[200],0.042315586000768235,0.04229764366633996,0.04165188099796069,0.04276794899851666,0.0004161473411471632,"[0.041652, 0.042367, 0.04206, 0.042753, 0.042768, 0.042316, 0.042757, 0.042221, 0.041786]",0.04392794699742808,0.04389720866594063,0.04367030099820113,0.04409179499998572,0.00015890585541717295,"[0.044021, 0.043835, 0.044017, 0.044092, 0.044049, 0.043928, 0.04367, 0.043719, 0.043744]",0.9632953254848389,0.9446628561612013,0.9793371701348786,22,optimal,nan,3.385162353515625,5.829800605773926,173.98208905623568,173.98208905623568,0.0,0.0,0.0,1.0,0.03228943785255787,0.8512820512820513,0.06221889055472264,9,2,1e-07,1e-05,1000,2.0,180.0,40.0,70.05140969316749,8.0,200.0,200.0,200.0,0.0,200.0
primary,x86_64,none,0.3.0,2.4.4,32,8,imbalanced,200,400,0.1,0,0.9902010050251256,5,"[180, 8, 8, 2, 2]",powerlaw,3,0,2,1,0,[200],0.07888579700011178,0.0787739265554895,0.07813898200038238,0.07942127199930837,0.0004894276457480319,"[0.078318, 0.078886, 0.079254, 0.078139, 0.07901, 0.078382, 0.079421, 0.078311, 0.079243]",0.08073205899927416,0.08078350855551737,0.08037824200073374,0.08128415600003791,0.00023895024376290557,"[0.080378, 0.080739, 0.081284, 0.080701, 0.080727, 0.080894, 0.080712, 0.080884, 0.080732]",0.9771309932875739,0.961306432219656,0.9880941660627931,42,optimal,nan,3.385162353515625,5.829800605773926,182.2980802186132,182.2980802186132,0.0,0.0,0.0,1.0,0.1639871382636656,0.7846153846153846,0.2712765957446808,9,2,1e-07,1e-05,1000,2.0,180.0,40.0,70.05140969316749,8.0,200.0,200.0,200.0,0.0,200.0
primary,x86_64,none,0.3.0,2.4.4,32,8,imbalanced,200,400,0.15,0,0.9902010050251256,5,"[180, 8, 8, 2, 2]",powerlaw,3,0,2,28,16,"[151, 5, 4, 3, 3, 3, 3, 3, 3, 2, 2, 2, 1, 1, 1, 1, 1, 1, 1, 1, 1, 1, 1, 1, 1, 1, 1, 1]",0.08191342899954179,0.0825520675555001,0.0807142500016198,0.08464304500012076,0.001619764007467123,"[0.080749, 0.081487, 0.081304, 0.080714, 0.081913, 0.084643, 0.083975, 0.084341, 0.083842]",0.059549333000177285,0.059537460222297035,0.059087470999656944,0.05988534100106335,0.00026461291766283174,"[0.059549, 0.059837, 0.059318, 0.059627, 0.059087, 0.059289, 0.059708, 0.059885, 0.059536]",1.3755557765743225,1.3478131484662765,1.432504109045591,43,optimal,nan,3.385162353515625,3.7344112396240234,184.21803573186264,184.2180342579069,8.0011478164929e-09,0.0002841047618586112,0.00019066079204645424,0.99995,0.6139534883720931,0.676923076923077,0.6439024390243903,9,2,1e-07,1e-05,1000,2.0,180.0,40.0,70.05140969316749,8.0,1.0,151.0,7.142857142857143,27.707289249419922,1.0
primary,x86_64,none,0.3.0,2.4.4,32,8,imbalanced,200,400,0.2,0,0.9902010050251256,5,"[180, 8, 8, 2, 2]",powerlaw,3,0,2,79,46,"[40, 9, 9, 6, 6, 5, 5, 5, 4, 4, 4, 3, 3, 3, 3, 3, 3, 3, 3, 3, 3, 3, 3, 3, 2, 2, 2, 2, 2, 2, 2, 2, 2, 1, 1, 1, 1, 1, 1, 1, 1, 1, 1, 1, 1, 1, 1, 1, 1, 1, 1, 1, 1, 1, 1, 1, 1, 1, 1, 1, 1, 1, 1, 1, 1, 1, 1, 1, 1, 1, 1, 1, 1, 1, 1, 1, 1, 1, 1]",0.08441627100182814,0.0843447687778583,0.08356615999946371,0.08463117299834266,0.0003590437413800147,"[0.083566, 0.084416, 0.084085, 0.084631, 0.084623, 0.084611, 0.084137, 0.084617, 0.084416]",0.02051308699810761,0.020480501332915284,0.019900437000615057,0.02107230700130458,0.0004679253722401671,"[0.020911, 0.021072, 0.020974, 0.020774, 0.020513, 0.020163, 0.0199, 0.020044, 0.019973]",4.115239749610372,3.9656863386761665,4.252729374522127,43,optimal,nan,3.385162353515625,2.3615188598632812,187.10097051549326,187.10097051257767,1.5582945457023718e-11,9.728567031436208e-06,7.027782209854297e-06,1.0,0.9349593495934959,0.5897435897435898,0.7232704402515723,9,2,1e-07,1e-05,1000,2.0,180.0,40.0,70.05140969316749,8.0,1.0,40.0,2.5316455696202533,4.569672849376471,1.0
primary,x86_64,none,0.3.0,2.4.4,32,8,imbalanced,200,400,0.25,0,0.9902010050251256,5,"[180, 8, 8, 2, 2]",powerlaw,3,0,2,103,68,"[28, 10, 6, 6, 5, 4, 4, 4, 4, 3, 3, 3, 3, 3, 3, 3, 3, 3, 2, 2, 2, 2, 2, 2, 2, 2, 2, 2, 2, 2, 2, 2, 2, 2, 2, 1, 1, 1, 1, 1, 1, 1, 1, 1, 1, 1, 1, 1, 1, 1, 1, 1, 1, 1, 1, 1, 1, 1, 1, 1, 1, 1, 1, 1, 1, 1, 1, 1, 1, 1, 1, 1, 1, 1, 1, 1, 1, 1, 1, 1, 1, 1, 1, 1, 1, 1, 1, 1, 1, 1, 1, 1, 1, 1, 1, 1, 1, 1, 1, 1, 1, 1, 1]",0.0772045750018151,0.07733333188904605,0.07636396199814044,0.07812236199970357,0.0006264142545169075,"[0.076996, 0.077913, 0.076959, 0.078122, 0.076775, 0.077205, 0.076364, 0.078114, 0.077552]",0.017998373001319123,0.018071985444597278,0.017639805999351665,0.018511288999434328,0.00033853788419304655,"[0.018511, 0.018454, 0.018385, 0.018266, 0.017998, 0.017909, 0.017794, 0.01769, 0.01764]",4.289530781263211,4.125264426506117,4.4287540351960155,45,optimal,nan,3.385162353515625,2.3504533767700195,187.21302579693526,187.2130257853914,6.16615575665257e-11,2.2534669407908714e-05,1.5238557236135676e-05,1.0,0.9381443298969072,0.4666666666666667,0.6232876712328768,9,2,1e-07,1e-05,1000,2.0,180.0,40.0,70.05140969316749,8.0,1.0,28.0,1.941747572815534,2.912394813196008,1.0
primary,x86_64,none,0.3.0,2.4.4,32,8,imbalanced,200,400,0.3,0,0.9902010050251256,5,"[180, 8, 8, 2, 2]",powerlaw,3,0,2,137,104,"[14, 5, 5, 4, 4, 4, 3, 3, 3, 3, 3, 3, 2, 2, 2, 2, 2, 2, 2, 2, 2, 2, 2, 2, 2, 2, 2, 2, 2, 2, 2, 2, 2, 1, 1, 1, 1, 1, 1, 1, 1, 1, 1, 1, 1, 1, 1, 1, 1, 1, 1, 1, 1, 1, 1, 1, 1, 1, 1, 1, 1, 1, 1, 1, 1, 1, 1, 1, 1, 1, 1, 1, 1, 1, 1, 1, 1, 1, 1, 1, 1, 1, 1, 1, 1, 1, 1, 1, 1, 1, 1, 1, 1, 1, 1, 1, 1, 1, 1, 1, 1, 1, 1, 1, 1, 1, 1, 1, 1, 1, 1, 1, 1, 1, 1, 1, 1, 1, 1, 1, 1, 1, 1, 1, 1, 1, 1, 1, 1, 1, 1, 1, 1, 1, 1, 1, 1]",0.07687331800116226,0.07670313733332376,0.07601489499938907,0.0770490390023042,0.0003510408236846971,"[0.076015, 0.077022, 0.076873, 0.076974, 0.076442, 0.077049, 0.076523, 0.076924, 0.076505]",0.014403208999283379,0.014077887888561236,0.013316824999492383,0.014495819999865489,0.0005127374024985755,"[0.014496, 0.014492, 0.014457, 0.01442, 0.014403, 0.014194, 0.013597, 0.013325, 0.013317]",5.3372354733578495,5.243918246783862,5.785841520425566,44,optimal,nan,3.385162353515625,2.344407081604004,187.29202624553182,187.29202624589365,1.9319390686932978e-12,1.322201528239364e-05,9.852855109955997e-06,1.0,0.9682539682539683,0.3128205128205128,0.47286821705426363,9,2,1e-07,1e-05,1000,2.0,180.0,40.0,70.05140969316749,8.0,1.0,14.0,1.4598540145985401,1.3346291676659148,1.0
primary,x86_64,none,0.3.0,2.4.4,32,8,imbalanced,200,400,0.35,0,0.9902010050251256,5,"[180, 8, 8, 2, 2]",powerlaw,3,0,2,152,128,"[12, 6, 6, 5, 3, 3, 3, 2, 2, 2, 2, 2, 2, 2, 2, 2, 2, 2, 2, 2, 2, 2, 2, 2, 1, 1, 1, 1, 1, 1, 1, 1, 1, 1, 1, 1, 1, 1, 1, 1, 1, 1, 1, 1, 1, 1, 1, 1, 1, 1, 1, 1, 1, 1, 1, 1, 1, 1, 1, 1, 1, 1, 1, 1, 1, 1, 1, 1, 1, 1, 1, 1, 1, 1, 1, 1, 1, 1, 1, 1, 1, 1, 1, 1, 1, 1, 1, 1, 1, 1, 1, 1, 1, 1, 1, 1, 1, 1, 1, 1, 1, 1, 1, 1, 1, 1, 1, 1, 1, 1, 1, 1, 1, 1, 1, 1, 1, 1, 1, 1, 1, 1, 1, 1, 1, 1, 1, 1, 1, 1, 1, 1, 1, 1, 1, 1, 1, 1, 1, 1, 1, 1, 1, 1, 1, 1, 1, 1, 1, 1, 1, 1]",0.07580118199985009,0.07583666866654919,0.07538681100049871,0.076483881999593,0.000383102135872907,"[0.075406, 0.076051, 0.075617, 0.075871, 0.075387, 0.076305, 0.075801, 0.076484, 0.075609]",0.01166528300018399,0.011595890777647987,0.011096562000602717,0.011744832001568284,0.0002090731583054434,"[0.011745, 0.011745, 0.011625, 0.011668, 0.011665, 0.011735, 0.011642, 0.011442, 0.011097]",6.4980148358727785,6.418721952807187,6.892574654693835,44,optimal,nan,3.385162353515625,2.343905448913574,188.46029812119744,188.46029812725186,3.212571042777688e-11,2.267825449764338e-05,1.6350059359782122e-05,1.0,1.0,0.24615384615384617,0.39506172839506176,9,2,1e-07,1e-05,1000,2.0,180.0,40.0,70.05140969316749,8.0,1.0,12.0,1.3157894736842106,1.1494910351495555,1.0
primary,x86_64,none,0.3.0,2.4.4,32,8,imbalanced,200,400,0.4,0,0.9902010050251256,5,"[180, 8, 8, 2, 2]",powerlaw,3,0,2,167,152,"[12, 5, 4, 3, 3, 3, 2, 2, 2, 2, 2, 2, 2, 2, 2, 1, 1, 1, 1, 1, 1, 1, 1, 1, 1, 1, 1, 1, 1, 1, 1, 1, 1, 1, 1, 1, 1, 1, 1, 1, 1, 1, 1, 1, 1, 1, 1, 1, 1, 1, 1, 1, 1, 1, 1, 1, 1, 1, 1, 1, 1, 1, 1, 1, 1, 1, 1, 1, 1, 1, 1, 1, 1, 1, 1, 1, 1, 1, 1, 1, 1, 1, 1, 1, 1, 1, 1, 1, 1, 1, 1, 1, 1, 1, 1, 1, 1, 1, 1, 1, 1, 1, 1, 1, 1, 1, 1, 1, 1, 1, 1, 1, 1, 1, 1, 1, 1, 1, 1, 1, 1, 1, 1, 1, 1, 1, 1, 1, 1, 1, 1, 1, 1, 1, 1, 1, 1, 1, 1, 1, 1, 1, 1, 1, 1, 1, 1, 1, 1, 1, 1, 1, 1, 1, 1, 1, 1, 1, 1, 1, 1, 1, 1, 1, 1, 1, 1]",0.07115287899796385,0.0710582901111694,0.07041793600001256,0.07151144599993131,0.0003422451005797039,"[0.070418, 0.071401, 0.07072, 0.071158, 0.070945, 0.071511, 0.071153, 0.071272, 0.070947]",0.009441458001674619,0.009442117889395578,0.009361909000290325,0.009519821000139927,5.251765758827695e-05,"[0.009491, 0.00952, 0.009438, 0.009479, 0.009465, 0.009441, 0.00939, 0.009392, 0.009362]",7.536217286074202,7.396981098591824,7.6385538459852205,41,optimal,nan,3.385162353515625,2.3427162170410156,189.74318398455077,189.74318398743344,1.519249239125996e-11,1.5599846688640895e-05,1.1088680065512782e-05,1.0,1.0,0.16923076923076924,0.2894736842105263,9,2,1e-07,1e-05,1000,2.0,180.0,40.0,70.05140969316749,8.0,1.0,12.0,1.1976047904191616,0.9802817690865211,1.0
primary,x86_64,none,0.3.0,2.4.4,32,8,imbalanced,200,1000,0.05,0,0.9902010050251256,5,"[180, 8, 8, 2, 2]",powerlaw,3,0,2,1,0,[200],0.054524658000445925,0.05447756133354334,0.05405211000106647,0.05480248700041557,0.0002129310275180857,"[0.054052, 0.054487, 0.054362, 0.054564, 0.054322, 0.054558, 0.054525, 0.054627, 0.054802]",0.05675441899802536,0.056716161444152625,0.056521706999774324,0.05688146100146696,0.0001203561153344783,"[0.056748, 0.056522, 0.056618, 0.056563, 0.056767, 0.056881, 0.056754, 0.056798, 0.056792]",0.9607121165726846,0.9502588198230787,0.9695830134895674,31,optimal,nan,3.385162353515625,5.829800605773926,177.4990351240423,177.4990351240423,0.0,0.0,0.0,1.0,0.08605495075168482,0.8512820512820513,0.15630885122410548,9,2,1e-07,1e-05,1000,2.0,180.0,40.0,70.05140969316749,8.0,200.0,200.0,200.0,0.0,200.0
primary,x86_64,none,0.3.0,2.4.4,32,8,imbalanced,200,1000,0.1,0,0.9902010050251256,5,"[180, 8, 8, 2, 2]",powerlaw,3,0,2,21,8,"[154, 8, 5, 4, 3, 3, 3, 2, 2, 2, 2, 2, 2, 1, 1, 1, 1, 1, 1, 1, 1]",0.07478959799846052,0.07475991599979655,0.07430399000077159,0.0751624129989068,0.000288443490716315,"[0.07479, 0.074416, 0.074304, 0.074906, 0.074952, 0.074698, 0.074571, 0.07504, 0.075162]",0.0601061839988688,0.06011014211172652,0.05944485500003793,0.060885058002895676,0.00044969932192163493,"[0.059445, 0.059911, 0.059792, 0.060106, 0.060547, 0.060885, 0.060372, 0.060225, 0.059708]",1.24429123632051,1.2203977862226512,1.2644056916087834,43,optimal,nan,3.385162353515625,3.843912124633789,182.35059846519192,182.35059831545485,8.211493536736062e-10,5.5221501705927933e-05,4.231412551392519e-05,1.0,0.7211538461538461,0.7692307692307693,0.7444168734491315,9,2,1e-07,1e-05,1000,2.0,180.0,40.0,70.05140969316749,8.0,1.0,154.0,9.523809523809524,32.34872345699365,2.0
primary,x86_64,none,0.3.0,2.4.4,32,8,imbalanced,200,1000,0.15,0,0.9902010050251256,5,"[180, 8, 8, 2, 2]",powerlaw,3,0,2,55,18,"[36, 14, 12, 12, 6, 5, 5, 5, 5, 5, 4, 4, 4, 4, 4, 4, 4, 3, 3, 3, 3, 3, 3, 3, 3, 3, 2, 2, 2, 2, 2, 2, 2, 2, 2, 2, 2, 1, 1, 1, 1, 1, 1, 1, 1, 1, 1, 1, 1, 1, 1, 1, 1, 1, 1]",0.07193056699907174,0.07182436855550299,0.07135116100107552,0.0722178950018133,0.00030378252595680507,"[0.071351, 0.071445, 0.071567, 0.071815, 0.071931, 0.072113, 0.072218, 0.071996, 0.071983]",0.022486391000711592,0.022662375777953356,0.022446022001531674,0.023395868000079645,0.00032383558908292227,"[0.023396, 0.022946, 0.022764, 0.022494, 0.022486, 0.022485, 0.022464, 0.022446, 0.02248]",3.198848894729059,3.0497334401456118,3.2174028430019934,41,optimal,nan,3.385162353515625,2.356626510620117,185.82166941049513,185.82166464368763,2.5652592198003137e-08,0.0007246745311208364,0.0005670202065036783,0.99995,0.9383561643835616,0.7025641025641025,0.8035190615835777,9,2,1e-07,1e-05,1000,2.0,180.0,40.0,70.05140969316749,8.0,1.0,36.0,3.6363636363636362,5.167604109391988,2.0
primary,x86_64,none,0.3.0,2.4.4,32,8,imbalanced,200,1000,0.2,0,0.9902010050251256,5,"[180, 8, 8, 2, 2]",powerlaw,3,0,2,89,48,"[22, 10, 6, 6, 6, 5, 5, 4, 4, 4, 4, 4, 4, 3, 3, 3, 3, 3, 3, 3, 3, 3, 3, 3, 3, 2, 2, 2, 2, 2, 2, 2, 2, 2, 2, 2, 2, 2, 2, 2, 2, 1, 1, 1, 1, 1, 1, 1, 1, 1, 1, 1, 1, 1, 1, 1, 1, 1, 1, 1, 1, 1, 1, 1, 1, 1, 1, 1, 1, 1, 1, 1, 1, 1, 1, 1, 1, 1, 1, 1, 1, 1, 1, 1, 1, 1, 1, 1, 1]",0.08575793499767315,0.08576875244438674,0.08516309400147293,0.08626966299925698,0.00031780854954183455,"[0.085633, 0.085782, 0.086162, 0.08627, 0.085163, 0.085655, 0.08579, 0.085707, 0.085758]",0.017352479000692256,0.01921404311118143,0.017109080999944126,0.024760082000284456,0.0032163514826202095,"[0.024524, 0.02476, 0.020098, 0.017411, 0.017109, 0.017215, 0.01722, 0.017238, 0.017352]",4.942114322354284,3.4395319854148516,5.042331788571152,42,optimal,nan,3.385162353515625,2.3436107635498047,187.63899810472824,187.63899795367962,8.049959006429849e-10,0.000113536703716971,8.479321026764215e-05,1.0,0.9819819819819819,0.558974358974359,0.7124183006535948,9,2,1e-07,1e-05,1000,2.0,180.0,40.0,70.05140969316749,8.0,1.0,22.0,2.247191011235955,2.6149135757149846,1.0
primary,x86_64,none,0.3.0,2.4.4,32,8,imbalanced,200,1000,0.25,0,0.9902010050251256,5,"[180, 8, 8, 2, 2]",powerlaw,3,0,2,120,82,"[12, 6, 6, 6, 6, 4, 4, 4, 4, 4, 3, 3, 3, 3, 3, 3, 2, 2, 2, 2, 2, 2, 2, 2, 2, 2, 2, 2, 2, 2, 2, 2, 2, 2, 2, 2, 2, 2, 1, 1, 1, 1, 1, 1, 1, 1, 1, 1, 1, 1, 1, 1, 1, 1, 1, 1, 1, 1, 1, 1, 1, 1, 1, 1, 1, 1, 1, 1, 1, 1, 1, 1, 1, 1, 1, 1, 1, 1, 1, 1, 1, 1, 1, 1, 1, 1, 1, 1, 1, 1, 1, 1, 1, 1, 1, 1, 1, 1, 1, 1, 1, 1, 1, 1, 1, 1, 1, 1, 1, 1, 1, 1, 1, 1, 1, 1, 1, 1, 1, 1]",0.08109657200111542,0.08101306455581733,0.08052785199834034,0.08143851599743357,0.00035817577557285395,"[0.081295, 0.081439, 0.08132, 0.081029, 0.080528, 0.08053, 0.080636, 0.081097, 0.081245]",0.014362842000991805,0.016348810111392394,0.014062453999940772,0.020016794998809928,0.0028332685692738216,"[0.020014, 0.020017, 0.019988, 0.016336, 0.014363, 0.014062, 0.014122, 0.014137, 0.014099]",5.646276133617247,4.023014273919877,5.791202303508092,40,optimal,nan,3.385162353515625,2.342245101928711,188.62685337310438,188.62685337793616,2.5615524947233828e-11,2.1987872336759473e-05,1.662082142086516e-05,1.0,1.0,0.41025641025641024,0.5818181818181819,9,2,1e-07,1e-05,1000,2.0,180.0,40.0,70.05140969316749,8.0,1.0,12.0,1.6666666666666667,1.4681810363696823,1.0
primary,x86_64,none,0.3.0,2.4.4,32,8,imbalanced,200,1000,0.3,0,0.9902010050251256,5,"[180, 8, 8, 2, 2]",powerlaw,3,0,2,136,105,"[12, 6, 6, 6, 5, 4, 3, 3, 3, 3, 3, 3, 2, 2, 2, 2, 2, 2, 2, 2, 2, 2, 2, 2, 2, 2, 2, 2, 2, 2, 2, 1, 1, 1, 1, 1, 1, 1, 1, 1, 1, 1, 1, 1, 1, 1, 1, 1, 1, 1, 1, 1, 1, 1, 1, 1, 1, 1, 1, 1, 1, 1, 1, 1, 1, 1, 1, 1, 1, 1, 1, 1, 1, 1, 1, 1, 1, 1, 1, 1, 1, 1, 1, 1, 1, 1, 1, 1, 1, 1, 1, 1, 1, 1, 1, 1, 1, 1, 1, 1, 1, 1, 1, 1, 1, 1, 1, 1, 1, 1, 1, 1, 1, 1, 1, 1, 1, 1, 1, 1, 1, 1, 1, 1, 1, 1, 1, 1, 1, 1, 1, 1, 1, 1, 1, 1]",0.08203573200080427,0.08180671377825395,0.08109776000128477,0.08291433900012635,0.0006268213217919806,"[0.082036, 0.082245, 0.082914, 0.082101, 0.082146, 0.081192, 0.081238, 0.081291, 0.081098]",0.012946386999828974,0.014842778444290161,0.012396663998515578,0.017764475000149105,0.002726854359244856,"[0.017764, 0.017741, 0.017686, 0.017656, 0.012946, 0.01252, 0.012397, 0.012419, 0.012455]",6.336573439515441,4.565165027427159,6.688439648767992,40,optimal,nan,3.385162353515625,2.3438854217529297,188.44355015928153,188.4435501645036,2.7711549574296083e-11,1.201551143370505e-05,9.380839751137938e-06,1.0,1.0,0.3282051282051282,0.4942084942084942,9,2,1e-07,1e-05,1000,2.0,180.0,40.0,70.05140969316749,8.0,1.0,12.0,1.4705882352941178,1.3113821652710562,1.0
primary,x86_64,none,0.3.0,2.4.4,32,8,imbalanced,200,1000,0.35,0,0.9902010050251256,5,"[180, 8, 8, 2, 2]",powerlaw,3,0,2,149,126,"[12, 6, 5, 5, 4, 4, 3, 3, 3, 3, 2, 2, 2, 2, 2, 2, 2, 2, 2, 2, 2, 2, 2, 1, 1, 1, 1, 1, 1, 1, 1, 1, 1, 1, 1, 1, 1, 1, 1, 1, 1, 1, 1, 1, 1, 1, 1, 1, 1, 1, 1, 1, 1, 1, 1, 1, 1, 1, 1, 1, 1, 1, 1, 1, 1, 1, 1, 1, 1, 1, 1, 1, 1, 1, 1, 1, 1, 1, 1, 1, 1, 1, 1, 1, 1, 1, 1, 1, 1, 1, 1, 1, 1, 1, 1, 1, 1, 1, 1, 1, 1, 1, 1, 1, 1, 1, 1, 1, 1, 1, 1, 1, 1, 1, 1, 1, 1, 1, 1, 1, 1, 1, 1, 1, 1, 1, 1, 1, 1, 1, 1, 1, 1, 1, 1, 1, 1, 1, 1, 1, 1, 1, 1, 1, 1, 1, 1, 1, 1]",0.08487576900006388,0.08473685433354047,0.0838926789983816,0.08528776400271454,0.0005299851294320849,"[0.085288, 0.0851, 0.084876, 0.085123, 0.085264, 0.084757, 0.084174, 0.083893, 0.084157]",0.014799771997786593,0.013422364555380126,0.010831793999386718,0.015516905001277337,0.002317414520009714,"[0.015517, 0.015503, 0.015516, 0.015487, 0.0148, 0.011292, 0.010991, 0.010832, 0.010864]",5.734937606657565,5.406534292210697,7.873835489074424,41,optimal,nan,3.385162353515625,2.342967987060547,190.8873318494405,190.8873318499832,2.8431040253714733e-12,9.819710980241148e-06,7.36630198767963e-06,1.0,1.0,0.26153846153846155,0.41463414634146345,9,2,1e-07,1e-05,1000,2.0,180.0,40.0,70.05140969316749,8.0,1.0,12.0,1.342281879194631,1.1802161790404975,1.0
primary,x86_64,none,0.3.0,2.4.4,32,8,imbalanced,200,1000,0.4,0,0.9902010050251256,5,"[180, 8, 8, 2, 2]",powerlaw,3,0,2,165,152,"[12, 5, 5, 4, 3, 3, 3, 3, 2, 2, 2, 2, 2, 1, 1, 1, 1, 1, 1, 1, 1, 1, 1, 1, 1, 1, 1, 1, 1, 1, 1, 1, 1, 1, 1, 1, 1, 1, 1, 1, 1, 1, 1, 1, 1, 1, 1, 1, 1, 1, 1, 1, 1, 1, 1, 1, 1, 1, 1, 1, 1, 1, 1, 1, 1, 1, 1, 1, 1, 1, 1, 1, 1, 1, 1, 1, 1, 1, 1, 1, 1, 1, 1, 1, 1, 1, 1, 1, 1, 1, 1, 1, 1, 1, 1, 1, 1, 1, 1, 1, 1, 1, 1, 1, 1, 1, 1, 1, 1, 1, 1, 1, 1, 1, 1, 1, 1, 1, 1, 1, 1, 1, 1, 1, 1, 1, 1, 1, 1, 1, 1, 1, 1, 1, 1, 1, 1, 1, 1, 1, 1, 1, 1, 1, 1, 1, 1, 1, 1, 1, 1, 1, 1, 1, 1, 1, 1, 1, 1, 1, 1, 1, 1, 1, 1]",0.08468698900105665,0.08477946655572548,0.08433317199887824,0.08552285200130427,0.0003935115130555257,"[0.084545, 0.084477, 0.084746, 0.084562, 0.084333, 0.084687, 0.085309, 0.084833, 0.085523]",0.012659059000725392,0.011624255443974916,0.008959412996773608,0.012718424000922823,0.0016342482821397357,"[0.012695, 0.012718, 0.012679, 0.012659, 0.01262, 0.01268, 0.010511, 0.009096, 0.008959]",6.689832869584058,6.630787902082774,9.54558652805737,41,optimal,nan,3.385162353515625,2.342174530029297,190.77052667465196,190.77052667421447,2.2933069425778323e-12,7.225064233229439e-06,5.444201080805384e-06,1.0,1.0,0.1794871794871795,0.30434782608695654,9,2,1e-07,1e-05,1000,2.0,180.0,40.0,70.05140969316749,8.0,1.0,12.0,1.2121212121212122,1.0315500474815251,1.0
primary,x86_64,none,0.3.0,2.4.4,32,8,imbalanced,200,2000,0.05,0,0.9902010050251256,5,"[180, 8, 8, 2, 2]",powerlaw,3,0,2,1,0,[200],0.07806419500047923,0.07789691699953336,0.0768472070012649,0.07888462399932905,0.0006725240213675792,"[0.078127, 0.078885, 0.077941, 0.078495, 0.078274, 0.078064, 0.077079, 0.07736, 0.076847]",0.08072613600234035,0.08069961977728074,0.07996269899740582,0.08143495799959055,0.00042841248364334475,"[0.081435, 0.080698, 0.080726, 0.080841, 0.080771, 0.080991, 0.080695, 0.080176, 0.079963]",0.9670250412854648,0.9436636168173782,0.9865177762682604,37,optimal,nan,3.385162353515625,5.829843521118164,179.67684198530733,179.67684198530733,0.0,0.0,0.0,1.0,0.2496124031007752,0.8256410256410256,0.38333333333333336,9,2,1e-07,1e-05,1000,2.0,180.0,40.0,70.05140969316749,8.0,200.0,200.0,200.0,0.0,200.0
primary,x86_64,none,0.3.0,2.4.4,32,8,imbalanced,200,2000,0.1,0,0.9902010050251256,5,"[180, 8, 8, 2, 2]",powerlaw,3,0,2,42,7,"[50, 14, 12, 10, 6, 6, 6, 6, 6, 5, 5, 5, 5, 4, 4, 4, 3, 3, 3, 3, 3, 3, 3, 2, 2, 2, 2, 2, 2, 2, 2, 2, 2, 2, 2, 1, 1, 1, 1, 1, 1, 1]",0.07989027300209273,0.07984014277786224,0.07930968099753954,0.08031176800068351,0.00040370849107958663,"[0.07989, 0.080312, 0.07931, 0.080166, 0.079345, 0.080277, 0.079584, 0.080147, 0.079531]",0.02372831500179018,0.02506720044483599,0.02356921599857742,0.03236596700298833,0.0029026335298966573,"[0.032366, 0.026623, 0.024365, 0.024019, 0.023728, 0.023728, 0.02363, 0.023569, 0.023576]",3.3668751024278554,2.4504035671239772,3.407485764716609,38,optimal,nan,3.385162353515625,2.3779029846191406,183.8545415373655,183.85454141213023,6.811648999095486e-10,9.583186478596961e-05,7.410861559911939e-05,1.0,0.949685534591195,0.7743589743589744,0.8531073446327685,9,2,1e-07,1e-05,1000,2.0,180.0,40.0,70.05140969316749,8.0,1.0,50.0,4.761904761904762,7.612050358319787,3.0
primary,x86_64,none,0.3.0,2.4.4,32,8,imbalanced,200,2000,0.15,0,0.9902010050251256,5,"[180, 8, 8, 2, 2]",powerlaw,3,0,2,58,13,"[26, 10, 6, 6, 6, 6, 6, 6, 5, 5, 5, 5, 5, 4, 4, 4, 4, 4, 4, 4, 3, 3, 3, 3, 3, 3, 3, 3, 3, 3, 3, 3, 2, 2, 2, 2, 2, 2, 2, 2, 2, 2, 2, 2, 2, 1, 1, 1, 1, 1, 1, 1, 1, 1, 1, 1, 1, 1]",0.07689707600002293,0.07692715388919977,0.07639959400330554,0.0775548429992341,0.000418001302808298,"[0.076897, 0.077555, 0.076588, 0.077182, 0.076489, 0.077509, 0.0764, 0.076918, 0.076807]",0.02168733600046835,0.023029651111250535,0.02152823700089357,0.029244540000945562,0.002814472781836559,"[0.029245, 0.02642, 0.021797, 0.021645, 0.021558, 0.02159, 0.021528, 0.021798, 0.021687]",3.545713313906434,2.6124395870420707,3.6024706991108952,37,optimal,nan,3.385162353515625,2.342606544494629,185.63312187992267,185.63312174205336,7.426977776687358e-10,0.00011607204242332358,9.13939370321215e-05,1.0,0.9859154929577465,0.717948717948718,0.830860534124629,9,2,1e-07,1e-05,1000,2.0,180.0,40.0,70.05140969316749,8.0,1.0,26.0,3.4482758620689653,3.5045409645452836,3.0
primary,x86_64,none,0.3.0,2.4.4,32,8,imbalanced,200,2000,0.2,0,0.9902010050251256,5,"[180, 8, 8, 2, 2]",powerlaw,3,0,2,86,44,"[12, 10, 6, 6, 6, 6, 6, 5, 5, 4, 4, 4, 4, 4, 4, 4, 4, 3, 3, 3, 3, 3, 3, 3, 3, 3, 3, 3, 3, 2, 2, 2, 2, 2, 2, 2, 2, 2, 2, 2, 2, 2, 1, 1, 1, 1, 1, 1, 1, 1, 1, 1, 1, 1, 1, 1, 1, 1, 1, 1, 1, 1, 1, 1, 1, 1, 1, 1, 1, 1, 1, 1, 1, 1, 1, 1, 1, 1, 1, 1, 1, 1, 1, 1, 1, 1]",0.08054685499882908,0.08088721711141665,0.08005649900223943,0.0819383790003485,0.0007398489844620163,"[0.081938, 0.081883, 0.081234, 0.081404, 0.080472, 0.080547, 0.080056, 0.080368, 0.080083]",0.01719456999853719,0.01908634411099936,0.01711858199996641,0.024251917999208672,0.003057636252934322,"[0.024252, 0.024132, 0.020201, 0.017348, 0.017119, 0.017159, 0.01718, 0.017192, 0.017195]",4.684435551786495,3.301037839763916,4.786516722033944,39,optimal,nan,3.385162353515625,2.3375377655029297,187.6762909111094,187.6762909113848,1.467454216212413e-12,1.1650807242524763e-05,9.27853323949603e-06,1.0,1.0,0.5846153846153846,0.7378640776699029,9,2,1e-07,1e-05,1000,2.0,180.0,40.0,70.05140969316749,8.0,1.0,12.0,2.3255813953488373,1.9909204396115807,1.0
primary,x86_64,none,0.3.0,2.4.4,32,8,imbalanced,200,2000,0.25,0,0.9902010050251256,5,"[180, 8, 8, 2, 2]",powerlaw,3,0,2,117,77,"[12, 8, 6, 6, 5, 4, 4, 4, 4, 3, 3, 3, 3, 3, 3, 3, 3, 2, 2, 2, 2, 2, 2, 2, 2, 2, 2, 2, 2, 2, 2, 2, 2, 2, 2, 2, 2, 2, 2, 2, 1, 1, 1, 1, 1, 1, 1, 1, 1, 1, 1, 1, 1, 1, 1, 1, 1, 1, 1, 1, 1, 1, 1, 1, 1, 1, 1, 1, 1, 1, 1, 1, 1, 1, 1, 1, 1, 1, 1, 1, 1, 1, 1, 1, 1, 1, 1, 1, 1, 1, 1, 1, 1, 1, 1, 1, 1, 1, 1, 1, 1, 1, 1, 1, 1, 1, 1, 1, 1, 1, 1, 1, 1, 1, 1, 1, 1]",0.07803807899836102,0.07836907344446647,0.07777093400000012,0.07932868100033375,0.000551665634494776,"[0.078559, 0.078997, 0.078726, 0.079329, 0.077771, 0.078038, 0.077988, 0.077916, 0.077998]",0.01484014100060449,0.016915684443827357,0.014717849000589922,0.020934583997586742,0.002982100766774701,"[0.020791, 0.020935, 0.020879, 0.01577, 0.01484, 0.014718, 0.014795, 0.014751, 0.014763]",5.2585806964490605,3.7149500562784175,5.389964321359329,38,optimal,nan,3.385162353515625,2.3429718017578125,188.88588639718145,188.88588640414554,3.6869277686315904e-11,2.4986747636956963e-05,1.932950203340317e-05,1.0,1.0,0.4256410256410256,0.5971223021582733,9,2,1e-07,1e-05,1000,2.0,180.0,40.0,70.05140969316749,8.0,1.0,12.0,1.7094017094017093,1.5138100969308292,1.0
primary,x86_64,none,0.3.0,2.4.4,32,8,imbalanced,200,2000,0.3,0,0.9902010050251256,5,"[180, 8, 8, 2, 2]",powerlaw,3,0,2,139,108,"[12, 6, 6, 5, 5, 4, 3, 3, 3, 3, 2, 2, 2, 2, 2, 2, 2, 2, 2, 2, 2, 2, 2, 2, 2, 2, 2, 2, 2, 2, 2, 1, 1, 1, 1, 1, 1, 1, 1, 1, 1, 1, 1, 1, 1, 1, 1, 1, 1, 1, 1, 1, 1, 1, 1, 1, 1, 1, 1, 1, 1, 1, 1, 1, 1, 1, 1, 1, 1, 1, 1, 1, 1, 1, 1, 1, 1, 1, 1, 1, 1, 1, 1, 1, 1, 1, 1, 1, 1, 1, 1, 1, 1, 1, 1, 1, 1, 1, 1, 1, 1, 1, 1, 1, 1, 1, 1, 1, 1, 1, 1, 1, 1, 1, 1, 1, 1, 1, 1, 1, 1, 1, 1, 1, 1, 1, 1, 1, 1, 1, 1, 1, 1, 1, 1, 1, 1, 1, 1]",0.08166292500027339,0.08173640688902298,0.08121056299933116,0.08238480799991521,0.0004250237467287464,"[0.081663, 0.082306, 0.081213, 0.081836, 0.081473, 0.081947, 0.081594, 0.082385, 0.081211]",0.013067493000562536,0.014865602444640698,0.012280309001653222,0.01802330999998958,0.002777028175277325,"[0.018023, 0.017896, 0.017916, 0.017259, 0.013067, 0.012666, 0.012314, 0.012368, 0.01228]",6.24931844208816,4.505862852016534,6.708691775493944,39,optimal,nan,3.385162353515625,2.343564987182617,189.0697124958323,189.06971249751777,8.914511956424387e-12,1.5070370662950694e-05,1.1744149004466067e-05,1.0,1.0,0.3128205128205128,0.4765625,9,2,1e-07,1e-05,1000,2.0,180.0,40.0,70.05140969316749,8.0,1.0,12.0,1.4388489208633093,1.264428143918004,1.0
primary,x86_64,none,0.3.0,2.4.4,32,8,imbalanced,200,2000,0.35,0,0.9902010050251256,5,"[180, 8, 8, 2, 2]",powerlaw,3,0,2,151,131,"[12, 6, 5, 5, 5, 4, 3, 3, 3, 3, 2, 2, 2, 2, 2, 2, 2, 2, 2, 2, 1, 1, 1, 1, 1, 1, 1, 1, 1, 1, 1, 1, 1, 1, 1, 1, 1, 1, 1, 1, 1, 1, 1, 1, 1, 1, 1, 1, 1, 1, 1, 1, 1, 1, 1, 1, 1, 1, 1, 1, 1, 1, 1, 1, 1, 1, 1, 1, 1, 1, 1, 1, 1, 1, 1, 1, 1, 1, 1, 1, 1, 1, 1, 1, 1, 1, 1, 1, 1, 1, 1, 1, 1, 1, 1, 1, 1, 1, 1, 1, 1, 1, 1, 1, 1, 1, 1, 1, 1, 1, 1, 1, 1, 1, 1, 1, 1, 1, 1, 1, 1, 1, 1, 1, 1, 1, 1, 1, 1, 1, 1, 1, 1, 1, 1, 1, 1, 1, 1, 1, 1, 1, 1, 1, 1, 1, 1, 1, 1, 1, 1]",0.08331090700085042,0.08343346399932569,0.08296777600116911,0.08417882899811957,0.00043369855556678533,"[0.083311, 0.083375, 0.083266, 0.083882, 0.083031, 0.084179, 0.083044, 0.083846, 0.082968]",0.014709537001181161,0.012955754333233926,0.010365183999965666,0.014796210998611059,0.002151307074799278,"[0.014715, 0.014796, 0.014783, 0.01471, 0.014734, 0.011517, 0.010603, 0.010378, 0.010365]",5.663734147047636,5.607366372982747,8.121305805897745,40,optimal,nan,3.385162353515625,2.341899871826172,190.5562769785175,190.5562769787642,1.294632964957217e-12,6.787713603628731e-06,5.275345837795111e-06,1.0,1.0,0.2512820512820513,0.4016393442622951,9,2,1e-07,1e-05,1000,2.0,180.0,40.0,70.05140969316749,8.0,1.0,12.0,1.3245033112582782,1.1879620753092843,1.0
primary,x86_64,none,0.3.0,2.4.4,32,8,imbalanced,200,2000,0.4,0,0.9902010050251256,5,"[180, 8, 8, 2, 2]",powerlaw,3,0,2,170,160,"[12, 5, 4, 4, 3, 3, 3, 2, 2, 2, 1, 1, 1, 1, 1, 1, 1, 1, 1, 1, 1, 1, 1, 1, 1, 1, 1, 1, 1, 1, 1, 1, 1, 1, 1, 1, 1, 1, 1, 1, 1, 1, 1, 1, 1, 1, 1, 1, 1, 1, 1, 1, 1, 1, 1, 1, 1, 1, 1, 1, 1, 1, 1, 1, 1, 1, 1, 1, 1, 1, 1, 1, 1, 1, 1, 1, 1, 1, 1, 1, 1, 1, 1, 1, 1, 1, 1, 1, 1, 1, 1, 1, 1, 1, 1, 1, 1, 1, 1, 1, 1, 1, 1, 1, 1, 1, 1, 1, 1, 1, 1, 1, 1, 1, 1, 1, 1, 1, 1, 1, 1, 1, 1, 1, 1, 1, 1, 1, 1, 1, 1, 1, 1, 1, 1, 1, 1, 1, 1, 1, 1, 1, 1, 1, 1, 1, 1, 1, 1, 1, 1, 1, 1, 1, 1, 1, 1, 1, 1, 1, 1, 1, 1, 1, 1, 1, 1, 1, 1, 1]",0.08094816999800969,0.0808514696671207,0.08007193699813797,0.08162493399868254,0.0005845601023585974,"[0.081139, 0.081625, 0.081365, 0.081462, 0.080948, 0.080438, 0.080175, 0.080439, 0.080072]",0.011471753001387697,0.010844196333184501,0.008197162998840213,0.01150143599807052,0.001274068618444887,"[0.011488, 0.011493, 0.011492, 0.011472, 0.011501, 0.011463, 0.011428, 0.009063, 0.008197]",7.056303425310646,6.961907801040743,9.957705368336747,39,optimal,nan,3.385162353515625,2.341313362121582,190.97371698368693,190.9737169840774,2.0447099843465695e-12,1.2371698865254466e-05,9.796510977453211e-06,1.0,1.0,0.15384615384615385,0.2666666666666667,9,2,1e-07,1e-05,1000,2.0,180.0,40.0,70.05140969316749,8.0,1.0,12.0,1.1764705882352942,0.9843059135695007,1.0
primary,x86_64,none,0.3.0,2.4.4,32,8,imbalanced,400,800,0.05,0,0.9950501253132832,5,"[360, 16, 16, 4, 4]",powerlaw,5,0,0,1,0,[400],0.15066204799950356,0.15056389722182453,0.14850352400026168,0.1519668979999551,0.0012188163889738568,"[0.150458, 0.148504, 0.148698, 0.151237, 0.150662, 0.151537, 0.151967, 0.151441, 0.150572]",0.157205295003223,0.15740845588920316,0.15685978799956501,0.15862412600108655,0.0005804582802256958,"[0.156975, 0.15744, 0.15686, 0.157554, 0.157205, 0.157989, 0.158624, 0.156922, 0.157107]",0.9583776932985285,0.9361975869877729,0.9688072382220517,20,optimal,nan,13.45904541015625,23.229458808898926,291.2748945072438,291.2748945072438,0.0,0.0,0.0,1.0,0.05054493760859264,0.810126582278481,0.0951531370799881,9,2,1e-07,1e-05,1000,4.0,360.0,80.0,140.10281938633497,16.0,400.0,400.0,400.0,0.0,400.0
primary,x86_64,none,0.3.0,2.4.4,32,8,imbalanced,400,800,0.1,0,0.9950501253132832,5,"[360, 16, 16, 4, 4]",powerlaw,5,0,0,42,26,"[340, 4, 3, 3, 2, 2, 2, 2, 2, 2, 2, 2, 2, 2, 2, 2, 1, 1, 1, 1, 1, 1, 1, 1, 1, 1, 1, 1, 1, 1, 1, 1, 1, 1, 1, 1, 1, 1, 1, 1, 1, 1]",0.2308432259997062,0.23046777199973198,0.22657366899875342,0.23372244300117018,0.002312098416480403,"[0.226574, 0.227605, 0.230438, 0.231953, 0.229293, 0.233722, 0.23117, 0.232611, 0.230843]",0.193115382000542,0.19353806222271588,0.19249798199962243,0.19556835500043235,0.0010509172072961045,"[0.194772, 0.195568, 0.193809, 0.192503, 0.193115, 0.193088, 0.192791, 0.192498, 0.193698]",1.1953642615535323,1.158539524445315,1.214155289179232,31,optimal,nan,13.45904541015625,17.813422203063965,297.94342432151876,297.94340867826264,5.250411602613725e-08,0.0006314947813117339,0.0003904797278560809,1.0,0.6162280701754386,0.7113924050632912,0.6603995299647473,9,2,1e-07,1e-05,1000,4.0,360.0,80.0,140.10281938633497,16.0,1.0,340.0,9.523809523809524,51.61636787983609,1.0
primary,x86_64,none,0.3.0,2.4.4,32,8,imbalanced,400,800,0.15,0,0.9950501253132832,5,"[360, 16, 16, 4, 4]",powerlaw,5,0,0,168,99,"[96, 9, 7, 7, 6, 6, 6, 5, 5, 4, 4, 4, 4, 4, 4, 4, 4, 3, 3, 3, 3, 3, 3, 3, 3, 3, 3, 3, 3, 3, 3, 3, 3, 3, 3, 2, 2, 2, 2, 2, 2, 2, 2, 2, 2, 2, 2, 2, 2, 2, 2, 2, 2, 2, 2, 2, 2, 2, 2, 2, 2, 2, 2, 2, 2, 2, 2, 2, 2, 1, 1, 1, 1, 1, 1, 1, 1, 1, 1, 1, 1, 1, 1, 1, 1, 1, 1, 1, 1, 1, 1, 1, 1, 1, 1, 1, 1, 1, 1, 1, 1, 1, 1, 1, 1, 1, 1, 1, 1, 1, 1, 1, 1, 1, 1, 1, 1, 1, 1, 1, 1, 1, 1, 1, 1, 1, 1, 1, 1, 1, 1, 1, 1, 1, 1, 1, 1, 1, 1, 1, 1, 1, 1, 1, 1, 1, 1, 1, 1, 1, 1, 1, 1, 1, 1, 1, 1, 1, 1, 1, 1, 1, 1, 1, 1, 1, 1, 1]",0.240359493996948,0.2402521084441105,0.23959011799888685,0.24083797800267348,0.00042590125426406007,"[0.24002, 0.240586, 0.23959, 0.240838, 0.240513, 0.240359, 0.239933, 0.240615, 0.239815]",0.050795343002391746,0.05083056644475113,0.050675425001827534,0.05100549599956139,0.00010186301591964806,"[0.051005, 0.050792, 0.050753, 0.050931, 0.050769, 0.050795, 0.050851, 0.050903, 0.050675]",4.731919892452158,4.697339243616946,4.75255960840956,33,optimal,nan,13.45904541015625,9.003889083862305,300.39331003199254,300.393258172417,1.726389163916296e-07,0.001934649997639759,0.0011857856710330433,1.0,0.9106382978723404,0.5417721518987342,0.6793650793650794,9,2,1e-07,1e-05,1000,4.0,360.0,80.0,140.10281938633497,16.0,1.0,96.0,2.380952380952381,7.370153390380177,1.0
primary,x86_64,none,0.3.0,2.4.4,32,8,imbalanced,400,800,0.2,0,0.9950501253132832,5,"[360, 16, 16, 4, 4]",powerlaw,5,0,0,247,186,"[56, 8, 7, 6, 6, 5, 4, 3, 3, 3, 3, 3, 3, 3, 3, 3, 3, 3, 3, 3, 3, 2, 2, 2, 2, 2, 2, 2, 2, 2, 2, 2, 2, 2, 2, 2, 2, 2, 2, 2, 2, 2, 2, 2, 2, 2, 2, 2, 2, 2, 2, 2, 2, 2, 2, 2, 2, 2, 2, 2, 2, 1, 1, 1, 1, 1, 1, 1, 1, 1, 1, 1, 1, 1, 1, 1, 1, 1, 1, 1, 1, 1, 1, 1, 1, 1, 1, 1, 1, 1, 1, 1, 1, 1, 1, 1, 1, 1, 1, 1, 1, 1, 1, 1, 1, 1, 1, 1, 1, 1, 1, 1, 1, 1, 1, 1, 1, 1, 1, 1, 1, 1, 1, 1, 1, 1, 1, 1, 1, 1, 1, 1, 1, 1, 1, 1, 1, 1, 1, 1, 1, 1, 1, 1, 1, 1, 1, 1, 1, 1, 1, 1, 1, 1, 1, 1, 1, 1, 1, 1, 1, 1, 1, 1, 1, 1, 1, 1, 1, 1, 1, 1, 1, 1, 1, 1, 1, 1, 1, 1, 1, 1, 1, 1, 1, 1, 1, 1, 1, 1, 1, 1, 1, 1, 1, 1, 1, 1, 1, 1]",0.24393092100217473,0.2433277672223792,0.24012916200081236,0.24526426499869558,0.0018119905921691265,"[0.240129, 0.241591, 0.24339, 0.244704, 0.24421, 0.245264, 0.24513, 0.241601, 0.243931]",0.034885437999037094,0.03522975644429809,0.03485694199844147,0.03755450199969346,0.0008838508098019479,"[0.037555, 0.03532, 0.034877, 0.03488, 0.034857, 0.034858, 0.034917, 0.034919, 0.034885]",6.992342220525014,6.3941511460536065,7.03631044311523,33,optimal,nan,13.45904541015625,8.885133743286133,304.79191786714387,304.7918901680682,9.087864218492384e-08,0.0015761722603872819,0.0010171177667894326,0.9999875,0.9805194805194806,0.3822784810126582,0.5500910746812385,9,2,1e-07,1e-05,1000,4.0,360.0,80.0,140.10281938633497,16.0,1.0,56.0,1.6194331983805668,3.591615698047415,1.0
primary,x86_64,none,0.3.0,2.4.4,32,8,imbalanced,400,800,0.25,0,0.9950501253132832,5,"[360, 16, 16, 4, 4]",powerlaw,5,0,0,308,277,"[33, 10, 7, 7, 6, 5, 4, 3, 3, 3, 2, 2, 2, 2, 2, 2, 2, 2, 2, 2, 2, 2, 2, 2, 2, 2, 2, 2, 2, 2, 2, 1, 1, 1, 1, 1, 1, 1, 1, 1, 1, 1, 1, 1, 1, 1, 1, 1, 1, 1, 1, 1, 1, 1, 1, 1, 1, 1, 1, 1, 1, 1, 1, 1, 1, 1, 1, 1, 1, 1, 1, 1, 1, 1, 1, 1, 1, 1, 1, 1, 1, 1, 1, 1, 1, 1, 1, 1, 1, 1, 1, 1, 1, 1, 1, 1, 1, 1, 1, 1, 1, 1, 1, 1, 1, 1, 1, 1, 1, 1, 1, 1, 1, 1, 1, 1, 1, 1, 1, 1, 1, 1, 1, 1, 1, 1, 1, 1, 1, 1, 1, 1, 1, 1, 1, 1, 1, 1, 1, 1, 1, 1, 1, 1, 1, 1, 1, 1, 1, 1, 1, 1, 1, 1, 1, 1, 1, 1, 1, 1, 1, 1, 1, 1, 1, 1, 1, 1, 1, 1, 1, 1, 1, 1, 1, 1, 1, 1, 1, 1, 1, 1, 1, 1, 1, 1, 1, 1, 1, 1, 1, 1, 1, 1, 1, 1, 1, 1, 1, 1]",0.24953857400032575,0.24950335044438057,0.24864571699799853,0.24992801199914538,0.00037590942243098435,"[0.248646, 0.249733, 0.249441, 0.249776, 0.249539, 0.249308, 0.249452, 0.249707, 0.249928]",0.021782323998195352,0.02307081577803021,0.021581670000159647,0.0299984850025794,0.002862142635776651,"[0.029998, 0.025363, 0.022061, 0.021795, 0.021651, 0.021582, 0.021705, 0.021699, 0.021782]",11.456012408088311,8.2886091406489,11.580568695439073,34,optimal,nan,13.45904541015625,8.843575477600098,306.74598948379406,306.74593165840486,1.8851229091261056e-07,0.002259826518135555,0.0013997270741157451,0.9999875,1.0,0.23291139240506328,0.37782340862423,9,2,1e-07,1e-05,1000,4.0,360.0,80.0,140.10281938633497,16.0,1.0,33.0,1.2987012987012987,2.000421611826679,1.0
primary,x86_64,none,0.3.0,2.4.4,32,8,imbalanced,400,800,0.3,0,0.9950501253132832,5,"[360, 16, 16, 4, 4]",powerlaw,5,0,0,339,321,"[18, 15, 7, 5, 4, 4, 3, 3, 2, 2, 2, 2, 2, 2, 2, 2, 2, 2, 1, 1, 1, 1, 1, 1, 1, 1, 1, 1, 1, 1, 1, 1, 1, 1, 1, 1, 1, 1, 1, 1, 1, 1, 1, 1, 1, 1, 1, 1, 1, 1, 1, 1, 1, 1, 1, 1, 1, 1, 1, 1, 1, 1, 1, 1, 1, 1, 1, 1, 1, 1, 1, 1, 1, 1, 1, 1, 1, 1, 1, 1, 1, 1, 1, 1, 1, 1, 1, 1, 1, 1, 1, 1, 1, 1, 1, 1, 1, 1, 1, 1, 1, 1, 1, 1, 1, 1, 1, 1, 1, 1, 1, 1, 1, 1, 1, 1, 1, 1, 1, 1, 1, 1, 1, 1, 1, 1, 1, 1, 1, 1, 1, 1, 1, 1, 1, 1, 1, 1, 1, 1, 1, 1, 1, 1, 1, 1, 1, 1, 1, 1, 1, 1, 1, 1, 1, 1, 1, 1, 1, 1, 1, 1, 1, 1, 1, 1, 1, 1, 1, 1, 1, 1, 1, 1, 1, 1, 1, 1, 1, 1, 1, 1, 1, 1, 1, 1, 1, 1, 1, 1, 1, 1, 1, 1, 1, 1, 1, 1, 1, 1]",0.22832022500006133,0.22799807011081916,0.22662237700205878,0.2287393449987576,0.0006819387873066765,"[0.226622, 0.227626, 0.227579, 0.22832, 0.228739, 0.227634, 0.228564, 0.228475, 0.228424]",0.01732755099874339,0.01731792077771388,0.015677195999160176,0.018267898001795402,0.0007893818801825076,"[0.017328, 0.017408, 0.017187, 0.017166, 0.018268, 0.017933, 0.018129, 0.016765, 0.015677]",13.176716375939064,12.40549826694817,14.590577614199063,33,optimal,nan,13.45904541015625,8.831378936767578,307.6052369468357,307.6052368190001,4.155833648746241e-10,4.896369816254076e-05,2.977556478438428e-05,1.0,1.0,0.15443037974683543,0.2675438596491228,9,2,1e-07,1e-05,1000,4.0,360.0,80.0,140.10281938633497,16.0,1.0,18.0,1.1799410029498525,1.2875895006495917,1.0
primary,x86_64,none,0.3.0,2.4.4,32,8,imbalanced,400,800,0.35,0,0.9950501253132832,5,"[360, 16, 16, 4, 4]",powerlaw,5,0,0,349,337,"[18, 15, 7, 5, 4, 2, 2, 2, 2, 2, 2, 2, 1, 1, 1, 1, 1, 1, 1, 1, 1, 1, 1, 1, 1, 1, 1, 1, 1, 1, 1, 1, 1, 1, 1, 1, 1, 1, 1, 1, 1, 1, 1, 1, 1, 1, 1, 1, 1, 1, 1, 1, 1, 1, 1, 1, 1, 1, 1, 1, 1, 1, 1, 1, 1, 1, 1, 1, 1, 1, 1, 1, 1, 1, 1, 1, 1, 1, 1, 1, 1, 1, 1, 1, 1, 1, 1, 1, 1, 1, 1, 1, 1, 1, 1, 1, 1, 1, 1, 1, 1, 1, 1, 1, 1, 1, 1, 1, 1, 1, 1, 1, 1, 1, 1, 1, 1, 1, 1, 1, 1, 1, 1, 1, 1, 1, 1, 1, 1, 1, 1, 1, 1, 1, 1, 1, 1, 1, 1, 1, 1, 1, 1, 1, 1, 1, 1, 1, 1, 1, 1, 1, 1, 1, 1, 1, 1, 1, 1, 1, 1, 1, 1, 1, 1, 1, 1, 1, 1, 1, 1, 1, 1, 1, 1, 1, 1, 1, 1, 1, 1, 1, 1, 1, 1, 1, 1, 1, 1, 1, 1, 1, 1, 1, 1, 1, 1, 1, 1, 1]",0.22873697699833428,0.22877470588921117,0.2282394950016169,0.22951347600246663,0.0005111407799341588,"[0.228396, 0.229455, 0.228749, 0.229251, 0.228239, 0.228333, 0.228298, 0.228737, 0.229513]",0.01581017399803386,0.0154481772220202,0.014456643999437802,0.01599183100188384,0.0005873773994701304,"[0.015921, 0.015992, 0.01581, 0.015839, 0.015835, 0.015518, 0.015003, 0.01466, 0.014457]",14.467707757471855,14.272255314274537,15.875985879668344,33,optimal,nan,13.45904541015625,8.830953598022461,308.4126576866061,308.4126573538604,1.0788976293109359e-09,6.171625250495083e-05,3.886326558492041e-05,1.0,1.0,0.1291139240506329,0.22869955156950672,9,2,1e-07,1e-05,1000,4.0,360.0,80.0,140.10281938633497,16.0,1.0,18.0,1.146131805157593,1.250269057503926,1.0
primary,x86_64,none,0.3.0,2.4.4,32,8,imbalanced,400,800,0.4,0,0.9950501253132832,5,"[360, 16, 16, 4, 4]",powerlaw,5,0,0,358,347,"[18, 11, 7, 3, 2, 2, 2, 2, 2, 2, 2, 1, 1, 1, 1, 1, 1, 1, 1, 1, 1, 1, 1, 1, 1, 1, 1, 1, 1, 1, 1, 1, 1, 1, 1, 1, 1, 1, 1, 1, 1, 1, 1, 1, 1, 1, 1, 1, 1, 1, 1, 1, 1, 1, 1, 1, 1, 1, 1, 1, 1, 1, 1, 1, 1, 1, 1, 1, 1, 1, 1, 1, 1, 1, 1, 1, 1, 1, 1, 1, 1, 1, 1, 1, 1, 1, 1, 1, 1, 1, 1, 1, 1, 1, 1, 1, 1, 1, 1, 1, 1, 1, 1, 1, 1, 1, 1, 1, 1, 1, 1, 1, 1, 1, 1, 1, 1, 1, 1, 1, 1, 1, 1, 1, 1, 1, 1, 1, 1, 1, 1, 1, 1, 1, 1, 1, 1, 1, 1, 1, 1, 1, 1, 1, 1, 1, 1, 1, 1, 1, 1, 1, 1, 1, 1, 1, 1, 1, 1, 1, 1, 1, 1, 1, 1, 1, 1, 1, 1, 1, 1, 1, 1, 1, 1, 1, 1, 1, 1, 1, 1, 1, 1, 1, 1, 1, 1, 1, 1, 1, 1, 1, 1, 1, 1, 1, 1, 1, 1, 1]",0.21512095000070985,0.21502319466647654,0.21436938300030306,0.21610166399841546,0.0005290367656704501,"[0.215309, 0.216102, 0.214369, 0.215272, 0.214642, 0.215121, 0.214534, 0.215147, 0.214713]",0.015132222000829643,0.014832493111397425,0.013707453999813879,0.015439734001120087,0.0005917424714065739,"[0.015199, 0.015323, 0.015211, 0.015132, 0.01544, 0.014825, 0.014485, 0.014171, 0.013707]",14.216084722317422,13.88426659324257,15.765266401867898,31,optimal,nan,13.45904541015625,8.832085609436035,307.7455465683076,307.745546262241,9.94544262488044e-10,7.326668218843313e-05,4.3442658724497565e-05,1.0,1.0,0.10632911392405063,0.1922196796338673,9,2,1e-07,1e-05,1000,4.0,360.0,80.0,140.10281938633497,16.0,1.0,18.0,1.1173184357541899,1.0973210467334784,1.0
primary,x86_64,none,0.3.0,2.4.4,32,8,imbalanced,400,2000,0.05,0,0.9950501253132832,5,"[360, 16, 16, 4, 4]",powerlaw,5,0,0,4,2,"[396, 2, 1, 1]",0.16891810599918244,0.16886942588866483,0.1679741970001487,0.16999380600100267,0.0007213212900222341,"[0.168083, 0.168345, 0.167974, 0.169378, 0.168357, 0.169122, 0.169654, 0.168918, 0.169994]",0.1719504879984015,0.17174257777716978,0.17014578300222638,0.17401402600080473,0.001430359214503914,"[0.172437, 0.174014, 0.17195, 0.173386, 0.170401, 0.170173, 0.172336, 0.170146, 0.170839]",0.9823647956192642,0.9652911369303754,0.9991067836149561,24,optimal,nan,13.45904541015625,22.841015815734863,294.2756372930978,294.2756376446341,1.1945817321038194e-09,0.0002976461844028666,0.0001925797852565854,1.0,0.2987630827783064,0.7949367088607595,0.4343015214384509,9,2,1e-07,1e-05,1000,4.0,360.0,80.0,140.10281938633497,16.0,1.0,396.0,100.0,170.8961673063501,1.5
primary,x86_64,none,0.3.0,2.4.4,32,8,imbalanced,400,2000,0.1,0,0.9950501253132832,5,"[360, 16, 16, 4, 4]",powerlaw,5,0,0,104,32,"[78, 12, 10, 9, 9, 9, 8, 8, 7, 7, 7, 7, 6, 6, 6, 6, 6, 6, 5, 5, 5, 5, 5, 4, 4, 4, 4, 4, 4, 4, 4, 4, 4, 4, 4, 3, 3, 3, 3, 3, 3, 3, 3, 3, 3, 3, 3, 3, 3, 2, 2, 2, 2, 2, 2, 2, 2, 2, 2, 2, 2, 2, 2, 2, 2, 2, 2, 2, 2, 2, 2, 2, 1, 1, 1, 1, 1, 1, 1, 1, 1, 1, 1, 1, 1, 1, 1, 1, 1, 1, 1, 1, 1, 1, 1, 1, 1, 1, 1, 1, 1, 1, 1, 1]",0.20314697200228693,0.20340897166695665,0.20271716699789977,0.2045468059986888,0.0005659604658760528,"[0.202717, 0.203128, 0.203147, 0.204547, 0.203937, 0.203099, 0.20378, 0.20323, 0.203096]",0.04908206800246262,0.049577966444404514,0.04885529199964367,0.05291113199928077,0.0012875605909914332,"[0.052911, 0.049942, 0.049082, 0.04897, 0.048855, 0.049073, 0.04906, 0.049147, 0.049162]",4.138924464064846,3.8312763181981313,4.186789140471839,29,optimal,nan,13.45904541015625,8.929058074951172,300.0667542395991,300.06671394146167,1.3429724174916255e-07,0.0018935792097465667,0.0012293324666912378,0.9999875,0.9633333333333334,0.7316455696202532,0.8316546762589929,9,2,1e-07,1e-05,1000,4.0,360.0,80.0,140.10281938633497,16.0,1.0,78.0,3.8461538461538463,7.6833601808479,2.0
primary,x86_64,none,0.3.0,2.4.4,32,8,imbalanced,400,2000,0.15,0,0.9950501253132832,5,"[360, 16, 16, 4, 4]",powerlaw,5,0,0,185,105,"[33, 10, 8, 7, 7, 7, 7, 7, 7, 6, 6, 6, 6, 6, 5, 5, 5, 5, 4, 4, 4, 4, 4, 4, 3, 3, 3, 3, 3, 3, 3, 3, 3, 3, 3, 3, 3, 3, 3, 3, 2, 2, 2, 2, 2, 2, 2, 2, 2, 2, 2, 2, 2, 2, 2, 2, 2, 2, 2, 2, 2, 2, 2, 2, 2, 2, 2, 2, 2, 2, 2, 2, 2, 2, 2, 2, 2, 2, 2, 2, 1, 1, 1, 1, 1, 1, 1, 1, 1, 1, 1, 1, 1, 1, 1, 1, 1, 1, 1, 1, 1, 1, 1, 1, 1, 1, 1, 1, 1, 1, 1, 1, 1, 1, 1, 1, 1, 1, 1, 1, 1, 1, 1, 1, 1, 1, 1, 1, 1, 1, 1, 1, 1, 1, 1, 1, 1, 1, 1, 1, 1, 1, 1, 1, 1, 1, 1, 1, 1, 1, 1, 1, 1, 1, 1, 1, 1, 1, 1, 1, 1, 1, 1, 1, 1, 1, 1, 1, 1, 1, 1, 1, 1, 1, 1, 1, 1, 1, 1, 1, 1, 1, 1, 1, 1]",0.200285568000254,0.20025535788914162,0.19959099300103844,0.20106206700074836,0.00045544814388810006,"[0.200002, 0.200326, 0.199591, 0.201062, 0.200599, 0.200286, 0.200597, 0.199786, 0.20005]",0.035836476999975275,0.03612499188926045,0.03557170700150891,0.037590128002193524,0.0006810747235889877,"[0.03759, 0.036966, 0.035861, 0.035782, 0.035981, 0.035572, 0.035714, 0.035836, 0.035822]",5.588874375134369,5.309665159676806,5.652303022517855,29,optimal,nan,13.45904541015625,8.838150024414062,303.0906337753935,303.0906265614295,2.3801342592425698e-08,0.0007340362098717523,0.0004780266551993492,1.0,1.0,0.5443037974683544,0.7049180327868853,9,2,1e-07,1e-05,1000,4.0,360.0,80.0,140.10281938633497,16.0,1.0,33.0,2.1621621621621623,2.816107275996362,1.0
primary,x86_64,none,0.3.0,2.4.4,32,8,imbalanced,400,2000,0.2,0,0.9950501253132832,5,"[360, 16, 16, 4, 4]",powerlaw,5,0,0,243,177,"[33, 10, 9, 7, 7, 6, 6, 5, 5, 4, 4, 4, 3, 3, 3, 3, 3, 3, 3, 3, 3, 3, 3, 3, 3, 3, 3, 2, 2, 2, 2, 2, 2, 2, 2, 2, 2, 2, 2, 2, 2, 2, 2, 2, 2, 2, 2, 2, 2, 2, 2, 2, 2, 2, 2, 2, 2, 2, 2, 2, 2, 2, 2, 2, 2, 2, 1, 1, 1, 1, 1, 1, 1, 1, 1, 1, 1, 1, 1, 1, 1, 1, 1, 1, 1, 1, 1, 1, 1, 1, 1, 1, 1, 1, 1, 1, 1, 1, 1, 1, 1, 1, 1, 1, 1, 1, 1, 1, 1, 1, 1, 1, 1, 1, 1, 1, 1, 1, 1, 1, 1, 1, 1, 1, 1, 1, 1, 1, 1, 1, 1, 1, 1, 1, 1, 1, 1, 1, 1, 1, 1, 1, 1, 1, 1, 1, 1, 1, 1, 1, 1, 1, 1, 1, 1, 1, 1, 1, 1, 1, 1, 1, 1, 1, 1, 1, 1, 1, 1, 1, 1, 1, 1, 1, 1, 1, 1, 1, 1, 1, 1, 1, 1, 1, 1, 1, 1, 1, 1, 1, 1, 1, 1, 1, 1, 1, 1, 1, 1, 1]",0.21917681000195444,0.21923182177811718,0.21856297200065455,0.22030356300092535,0.0005140326454827333,"[0.218563, 0.220304, 0.219476, 0.219177, 0.219269, 0.218897, 0.218965, 0.219585, 0.21885]",0.030490035002003424,0.031116141778410464,0.030290568000054918,0.032715048000682145,0.0009289292156395069,"[0.032181, 0.031998, 0.03104, 0.03049, 0.030291, 0.030444, 0.030446, 0.030441, 0.032715]",7.188473545128855,6.680808537896605,7.273008647461676,32,optimal,nan,13.45904541015625,8.844181060791016,307.46985715895727,307.46984416130584,4.227292894524263e-08,0.0009563295284165108,0.0006018940398313572,0.9999875,1.0,0.39746835443037976,0.568840579710145,9,2,1e-07,1e-05,1000,4.0,360.0,80.0,140.10281938633497,16.0,1.0,33.0,1.646090534979424,2.3548948986256195,1.0
primary,x86_64,none,0.3.0,2.4.4,32,8,imbalanced,400,2000,0.25,0,0.9950501253132832,5,"[360, 16, 16, 4, 4]",powerlaw,5,0,0,302,266,"[33, 9, 7, 7, 5, 5, 4, 4, 3, 3, 3, 3, 2, 2, 2, 2, 2, 2, 2, 2, 2, 2, 2, 2, 2, 2, 2, 2, 2, 2, 2, 2, 2, 2, 2, 2, 1, 1, 1, 1, 1, 1, 1, 1, 1, 1, 1, 1, 1, 1, 1, 1, 1, 1, 1, 1, 1, 1, 1, 1, 1, 1, 1, 1, 1, 1, 1, 1, 1, 1, 1, 1, 1, 1, 1, 1, 1, 1, 1, 1, 1, 1, 1, 1, 1, 1, 1, 1, 1, 1, 1, 1, 1, 1, 1, 1, 1, 1, 1, 1, 1, 1, 1, 1, 1, 1, 1, 1, 1, 1, 1, 1, 1, 1, 1, 1, 1, 1, 1, 1, 1, 1, 1, 1, 1, 1, 1, 1, 1, 1, 1, 1, 1, 1, 1, 1, 1, 1, 1, 1, 1, 1, 1, 1, 1, 1, 1, 1, 1, 1, 1, 1, 1, 1, 1, 1, 1, 1, 1, 1, 1, 1, 1, 1, 1, 1, 1, 1, 1, 1, 1, 1, 1, 1, 1, 1, 1, 1, 1, 1, 1, 1, 1, 1, 1, 1, 1, 1, 1, 1, 1, 1, 1, 1, 1, 1, 1, 1, 1, 1]",0.212318932000926,0.21246628955527236,0.2115519309991214,0.214226931999292,0.0008728633367283161,"[0.211821, 0.214227, 0.212372, 0.213528, 0.211552, 0.212509, 0.212319, 0.21203, 0.211838]",0.022491151001304388,0.02268323066649221,0.02209577800022089,0.02359178400001838,0.0006359360810178919,"[0.023464, 0.023592, 0.023315, 0.022863, 0.022491, 0.022096, 0.022111, 0.022122, 0.022096]",9.44010966751379,8.967186669687912,9.695378546849556,31,optimal,nan,13.45904541015625,8.843059539794922,307.5556906218345,307.55524379755747,1.4528239622071275e-06,0.0061590414599650145,0.004035020229799746,0.9999875,1.0,0.2481012658227848,0.3975659229208925,9,2,1e-07,1e-05,1000,4.0,360.0,80.0,140.10281938633497,16.0,1.0,33.0,1.3245033112582782,2.0084248675677494,1.0
primary,x86_64,none,0.3.0,2.4.4,32,8,imbalanced,400,2000,0.3,0,0.9950501253132832,5,"[360, 16, 16, 4, 4]",powerlaw,5,0,0,334,318,"[33, 8, 7, 5, 4, 4, 3, 2, 2, 2, 2, 2, 2, 2, 2, 2, 1, 1, 1, 1, 1, 1, 1, 1, 1, 1, 1, 1, 1, 1, 1, 1, 1, 1, 1, 1, 1, 1, 1, 1, 1, 1, 1, 1, 1, 1, 1, 1, 1, 1, 1, 1, 1, 1, 1, 1, 1, 1, 1, 1, 1, 1, 1, 1, 1, 1, 1, 1, 1, 1, 1, 1, 1, 1, 1, 1, 1, 1, 1, 1, 1, 1, 1, 1, 1, 1, 1, 1, 1, 1, 1, 1, 1, 1, 1, 1, 1, 1, 1, 1, 1, 1, 1, 1, 1, 1, 1, 1, 1, 1, 1, 1, 1, 1, 1, 1, 1, 1, 1, 1, 1, 1, 1, 1, 1, 1, 1, 1, 1, 1, 1, 1, 1, 1, 1, 1, 1, 1, 1, 1, 1, 1, 1, 1, 1, 1, 1, 1, 1, 1, 1, 1, 1, 1, 1, 1, 1, 1, 1, 1, 1, 1, 1, 1, 1, 1, 1, 1, 1, 1, 1, 1, 1, 1, 1, 1, 1, 1, 1, 1, 1, 1, 1, 1, 1, 1, 1, 1, 1, 1, 1, 1, 1, 1, 1, 1, 1, 1, 1, 1]",0.19927755900062039,0.19925288933316349,0.1980498830016586,0.20000893999895197,0.00057661177456952,"[0.199445, 0.199166, 0.19805, 0.200009, 0.199864, 0.199123, 0.199481, 0.199278, 0.198861]",0.019059834998188308,0.01901168311127953,0.0184424350009067,0.01962855499732541,0.0004453604131217614,"[0.019433, 0.019629, 0.019414, 0.01927, 0.01906, 0.018669, 0.018661, 0.018528, 0.018442]",10.455366429959247,10.089886037390166,10.845039713525832,29,optimal,nan,13.45904541015625,8.84228229522705,307.4635759783558,307.4635593291817,5.415006975260881e-08,0.0012120211486467414,0.0007718706481178492,0.9999875,1.0,0.1670886075949367,0.28633405639913234,9,2,1e-07,1e-05,1000,4.0,360.0,80.0,140.10281938633497,16.0,1.0,33.0,1.1976047904191616,1.849873020267817,1.0
primary,x86_64,none,0.3.0,2.4.4,32,8,imbalanced,400,2000,0.35,0,0.9950501253132832,5,"[360, 16, 16, 4, 4]",powerlaw,5,0,0,346,334,"[33, 7, 5, 4, 3, 2, 2, 2, 2, 2, 2, 2, 1, 1, 1, 1, 1, 1, 1, 1, 1, 1, 1, 1, 1, 1, 1, 1, 1, 1, 1, 1, 1, 1, 1, 1, 1, 1, 1, 1, 1, 1, 1, 1, 1, 1, 1, 1, 1, 1, 1, 1, 1, 1, 1, 1, 1, 1, 1, 1, 1, 1, 1, 1, 1, 1, 1, 1, 1, 1, 1, 1, 1, 1, 1, 1, 1, 1, 1, 1, 1, 1, 1, 1, 1, 1, 1, 1, 1, 1, 1, 1, 1, 1, 1, 1, 1, 1, 1, 1, 1, 1, 1, 1, 1, 1, 1, 1, 1, 1, 1, 1, 1, 1, 1, 1, 1, 1, 1, 1, 1, 1, 1, 1, 1, 1, 1, 1, 1, 1, 1, 1, 1, 1, 1, 1, 1, 1, 1, 1, 1, 1, 1, 1, 1, 1, 1, 1, 1, 1, 1, 1, 1, 1, 1, 1, 1, 1, 1, 1, 1, 1, 1, 1, 1, 1, 1, 1, 1, 1, 1, 1, 1, 1, 1, 1, 1, 1, 1, 1, 1, 1, 1, 1, 1, 1, 1, 1, 1, 1, 1, 1, 1, 1, 1, 1, 1, 1, 1, 1]",0.18207230199914193,0.1827623898886183,0.18129224099902785,0.18589898999925936,0.0015643210135653496,"[0.184367, 0.185899, 0.183727, 0.181292, 0.181785, 0.181499, 0.181802, 0.182418, 0.182072]",0.017283625002164626,0.017271487333750377,0.016783768001914723,0.017671872999926563,0.00034439657837097054,"[0.017591, 0.017672, 0.01758, 0.017571, 0.017284, 0.017103, 0.016946, 0.016912, 0.016784]",10.534381645999547,10.258801712743251,11.07611770956627,30,optimal,nan,13.45904541015625,8.842419624328613,308.1323224947443,308.1321974572913,4.057914210522902e-07,0.003429011007356042,0.002209533992922378,0.9999875,1.0,0.13670886075949368,0.24053452115812918,9,2,1e-07,1e-05,1000,4.0,360.0,80.0,140.10281938633497,16.0,1.0,33.0,1.1560693641618498,1.7729276385046242,1.0
primary,x86_64,none,0.3.0,2.4.4,32,8,imbalanced,400,2000,0.4,0,0.9950501253132832,5,"[360, 16, 16, 4, 4]",powerlaw,5,0,0,352,343,"[18, 15, 7, 5, 4, 2, 2, 2, 2, 1, 1, 1, 1, 1, 1, 1, 1, 1, 1, 1, 1, 1, 1, 1, 1, 1, 1, 1, 1, 1, 1, 1, 1, 1, 1, 1, 1, 1, 1, 1, 1, 1, 1, 1, 1, 1, 1, 1, 1, 1, 1, 1, 1, 1, 1, 1, 1, 1, 1, 1, 1, 1, 1, 1, 1, 1, 1, 1, 1, 1, 1, 1, 1, 1, 1, 1, 1, 1, 1, 1, 1, 1, 1, 1, 1, 1, 1, 1, 1, 1, 1, 1, 1, 1, 1, 1, 1, 1, 1, 1, 1, 1, 1, 1, 1, 1, 1, 1, 1, 1, 1, 1, 1, 1, 1, 1, 1, 1, 1, 1, 1, 1, 1, 1, 1, 1, 1, 1, 1, 1, 1, 1, 1, 1, 1, 1, 1, 1, 1, 1, 1, 1, 1, 1, 1, 1, 1, 1, 1, 1, 1, 1, 1, 1, 1, 1, 1, 1, 1, 1, 1, 1, 1, 1, 1, 1, 1, 1, 1, 1, 1, 1, 1, 1, 1, 1, 1, 1, 1, 1, 1, 1, 1, 1, 1, 1, 1, 1, 1, 1, 1, 1, 1, 1, 1, 1, 1, 1, 1, 1]",0.18223259200021857,0.18220937211097205,0.18140266399859684,0.18347095100034494,0.0006828195854172481,"[0.181656, 0.182661, 0.183471, 0.182785, 0.182304, 0.181475, 0.181898, 0.181403, 0.182233]",0.014613372000894742,0.014320898555726873,0.01335363899852382,0.014810464999754913,0.0005623846350576591,"[0.01481, 0.014799, 0.014613, 0.014714, 0.014685, 0.014428, 0.013934, 0.013551, 0.013354]",12.470262988519071,12.248276067064655,13.739397254982462,30,optimal,nan,13.45904541015625,8.830402374267578,310.9849676085608,310.9849672087016,1.285782969444096e-09,0.00013264271605112343,8.67692076327891e-05,1.0,1.0,0.12151898734177215,0.21670428893905191,9,2,1e-07,1e-05,1000,4.0,360.0,80.0,140.10281938633497,16.0,1.0,18.0,1.1363636363636365,1.2425397211669678,1.0
primary,x86_64,none,0.3.0,2.4.4,32,8,imbalanced,400,4000,0.05,0,0.9950501253132832,5,"[360, 16, 16, 4, 4]",powerlaw,5,0,0,35,17,"[321, 16, 6, 4, 4, 4, 3, 3, 3, 3, 2, 2, 2, 2, 2, 2, 2, 2, 1, 1, 1, 1, 1, 1, 1, 1, 1, 1, 1, 1, 1, 1, 1, 1, 1]",0.1536161260009976,0.15356612677755443,0.15226734500174643,0.1549993379994703,0.0009978001467209601,"[0.152602, 0.153434, 0.152267, 0.154473, 0.153652, 0.153616, 0.152421, 0.15463, 0.154999]",0.12361644599877764,0.12365035055619147,0.12299548400187632,0.12496641400139197,0.0006299831034696402,"[0.124966, 0.123919, 0.123616, 0.123828, 0.123999, 0.122995, 0.123081, 0.123, 0.123448]",1.242683566574278,1.2184661472325706,1.2602034884232478,25,optimal,nan,13.45904541015625,16.279184341430664,295.2530605021685,295.25304729347636,4.473685097195667e-08,0.0005946864620597764,0.0003912455861824185,0.9999625,0.7517899761336515,0.7974683544303798,0.7739557739557739,9,2,1e-07,1e-05,1000,4.0,360.0,80.0,140.10281938633497,16.0,1.0,321.0,11.428571428571429,53.15598916089765,2.0
primary,x86_64,none,0.3.0,2.4.4,32,8,imbalanced,400,4000,0.1,0,0.9950501253132832,5,"[360, 16, 16, 4, 4]",powerlaw,5,0,0,113,33,"[43, 14, 12, 12, 9, 9, 9, 8, 8, 7, 7, 6, 6, 6, 6, 6, 5, 5, 5, 5, 5, 5, 5, 5, 4, 4, 4, 4, 4, 4, 4, 4, 4, 4, 4, 4, 4, 4, 4, 4, 4, 3, 3, 3, 3, 3, 3, 3, 3, 3, 3, 3, 3, 3, 2, 2, 2, 2, 2, 2, 2, 2, 2, 2, 2, 2, 2, 2, 2, 2, 2, 2, 2, 2, 2, 2, 2, 2, 2, 2, 1, 1, 1, 1, 1, 1, 1, 1, 1, 1, 1, 1, 1, 1, 1, 1, 1, 1, 1, 1, 1, 1, 1, 1, 1, 1, 1, 1, 1, 1, 1, 1, 1]",0.16308727599971462,0.16311445144472397,0.16236776799996733,0.16365124599906267,0.0004559253119853209,"[0.163453, 0.162656, 0.162926, 0.162827, 0.163648, 0.162368, 0.163651, 0.163087, 0.163414]",0.04210664900165284,0.04232023200004025,0.04180151100081275,0.04400040299879038,0.0006679464135524885,"[0.044, 0.042604, 0.042172, 0.042107, 0.041932, 0.041802, 0.042024, 0.042047, 0.042195]",3.8731953234586025,3.690142747202361,3.914960059598821,27,optimal,nan,13.45904541015625,8.844903945922852,300.8282530179108,300.8282329798001,6.660980320945415e-08,0.001172702360103875,0.0007833772960010485,0.9999875,0.9965277777777778,0.7265822784810126,0.8404099560761347,9,2,1e-07,1e-05,1000,4.0,360.0,80.0,140.10281938633497,16.0,1.0,43.0,3.5398230088495577,4.503755361701462,2.0
primary,x86_64,none,0.3.0,2.4.4,32,8,imbalanced,400,4000,0.15,0,0.9950501253132832,5,"[360, 16, 16, 4, 4]",powerlaw,5,0,0,178,96,"[43, 9, 8, 7, 7, 7, 7, 7, 6, 6, 6, 5, 5, 5, 5, 4, 4, 4, 4, 4, 4, 4, 4, 4, 3, 3, 3, 3, 3, 3, 3, 3, 3, 3, 3, 3, 3, 3, 3, 3, 3, 3, 3, 2, 2, 2, 2, 2, 2, 2, 2, 2, 2, 2, 2, 2, 2, 2, 2, 2, 2, 2, 2, 2, 2, 2, 2, 2, 2, 2, 2, 2, 2, 2, 2, 2, 2, 2, 2, 2, 2, 2, 1, 1, 1, 1, 1, 1, 1, 1, 1, 1, 1, 1, 1, 1, 1, 1, 1, 1, 1, 1, 1, 1, 1, 1, 1, 1, 1, 1, 1, 1, 1, 1, 1, 1, 1, 1, 1, 1, 1, 1, 1, 1, 1, 1, 1, 1, 1, 1, 1, 1, 1, 1, 1, 1, 1, 1, 1, 1, 1, 1, 1, 1, 1, 1, 1, 1, 1, 1, 1, 1, 1, 1, 1, 1, 1, 1, 1, 1, 1, 1, 1, 1, 1, 1, 1, 1, 1, 1, 1, 1, 1, 1, 1, 1, 1, 1]",0.198452399999951,0.19865991511121844,0.198091458001727,0.19968126299863798,0.0004927960121835456,"[0.198452, 0.198703, 0.198091, 0.198437, 0.199681, 0.198341, 0.199161, 0.198315, 0.198758]",0.039225055999850156,0.039568187666898465,0.039013714998873184,0.04122685500260559,0.0007357959092381265,"[0.041227, 0.040212, 0.039794, 0.039238, 0.039213, 0.039225, 0.039032, 0.03916, 0.039014]",5.059327385044629,4.804913156465789,5.118232472975344,28,optimal,nan,13.45904541015625,8.852357864379883,304.48879785611865,304.48877250912113,8.324443360885011e-08,0.0014471405367460222,0.0009534709661761519,1.0,1.0,0.5620253164556962,0.7196110210696921,9,2,1e-07,1e-05,1000,4.0,360.0,80.0,140.10281938633497,16.0,1.0,43.0,2.247191011235955,3.4471316813668795,1.0
primary,x86_64,none,0.3.0,2.4.4,32,8,imbalanced,400,4000,0.2,0,0.9950501253132832,5,"[360, 16, 16, 4, 4]",powerlaw,5,0,0,243,174,"[33, 10, 8, 7, 7, 7, 6, 5, 4, 4, 4, 3, 3, 3, 3, 3, 3, 3, 3, 3, 3, 3, 3, 3, 3, 3, 2, 2, 2, 2, 2, 2, 2, 2, 2, 2, 2, 2, 2, 2, 2, 2, 2, 2, 2, 2, 2, 2, 2, 2, 2, 2, 2, 2, 2, 2, 2, 2, 2, 2, 2, 2, 2, 2, 2, 2, 2, 2, 2, 1, 1, 1, 1, 1, 1, 1, 1, 1, 1, 1, 1, 1, 1, 1, 1, 1, 1, 1, 1, 1, 1, 1, 1, 1, 1, 1, 1, 1, 1, 1, 1, 1, 1, 1, 1, 1, 1, 1, 1, 1, 1, 1, 1, 1, 1, 1, 1, 1, 1, 1, 1, 1, 1, 1, 1, 1, 1, 1, 1, 1, 1, 1, 1, 1, 1, 1, 1, 1, 1, 1, 1, 1, 1, 1, 1, 1, 1, 1, 1, 1, 1, 1, 1, 1, 1, 1, 1, 1, 1, 1, 1, 1, 1, 1, 1, 1, 1, 1, 1, 1, 1, 1, 1, 1, 1, 1, 1, 1, 1, 1, 1, 1, 1, 1, 1, 1, 1, 1, 1, 1, 1, 1, 1, 1, 1, 1, 1, 1, 1, 1]",0.19476700499944855,0.18324616977770347,0.1672131730010733,0.19533334899824695,0.014048357955015056,"[0.167485, 0.167523, 0.167213, 0.171809, 0.195333, 0.195103, 0.194767, 0.194798, 0.195184]",0.030300071000965545,0.030680932777613634,0.030112477001239313,0.031978922997950576,0.0007013002366547327,"[0.031979, 0.031719, 0.030858, 0.030495, 0.0303, 0.030282, 0.030188, 0.030112, 0.030194]",6.4279388980059515,5.228855675089165,6.486791139440564,28,optimal,nan,13.45904541015625,8.84498405456543,305.62585691491586,305.62542816517623,1.4028582003963629e-06,0.006315375943792487,0.004241231880273998,0.9999875,1.0,0.39746835443037976,0.568840579710145,9,2,1e-07,1e-05,1000,4.0,360.0,80.0,140.10281938633497,16.0,1.0,33.0,1.646090534979424,2.340872991465746,1.0
primary,x86_64,none,0.3.0,2.4.4,32,8,imbalanced,400,4000,0.25,0,0.9950501253132832,5,"[360, 16, 16, 4, 4]",powerlaw,5,0,0,310,282,"[33, 10, 7, 7, 5, 5, 4, 3, 3, 3, 3, 3, 2, 2, 2, 2, 2, 2, 2, 2, 2, 2, 2, 2, 2, 2, 2, 2, 1, 1, 1, 1, 1, 1, 1, 1, 1, 1, 1, 1, 1, 1, 1, 1, 1, 1, 1, 1, 1, 1, 1, 1, 1, 1, 1, 1, 1, 1, 1, 1, 1, 1, 1, 1, 1, 1, 1, 1, 1, 1, 1, 1, 1, 1, 1, 1, 1, 1, 1, 1, 1, 1, 1, 1, 1, 1, 1, 1, 1, 1, 1, 1, 1, 1, 1, 1, 1, 1, 1, 1, 1, 1, 1, 1, 1, 1, 1, 1, 1, 1, 1, 1, 1, 1, 1, 1, 1, 1, 1, 1, 1, 1, 1, 1, 1, 1, 1, 1, 1, 1, 1, 1, 1, 1, 1, 1, 1, 1, 1, 1, 1, 1, 1, 1, 1, 1, 1, 1, 1, 1, 1, 1, 1, 1, 1, 1, 1, 1, 1, 1, 1, 1, 1, 1, 1, 1, 1, 1, 1, 1, 1, 1, 1, 1, 1, 1, 1, 1, 1, 1, 1, 1, 1, 1, 1, 1, 1, 1, 1, 1, 1, 1, 1, 1, 1, 1, 1, 1, 1, 1]",0.16149392100123805,0.1614064552227824,0.16087770800004364,0.1619522209985007,0.00036468294250440104,"[0.161651, 0.161714, 0.161635, 0.161198, 0.161084, 0.160878, 0.161952, 0.161494, 0.161052]",0.020494104999670526,0.02058763777798352,0.020029866998811485,0.021221923998382408,0.0005087779719929894,"[0.021202, 0.021222, 0.021139, 0.020784, 0.020494, 0.020265, 0.020117, 0.020037, 0.02003]",7.880018229819468,7.580731512011171,8.085536514451668,27,optimal,nan,13.45904541015625,8.843530654907227,307.73665302587074,307.736642076502,3.558032049669428e-08,0.0009142764421718186,0.0006039008396929094,1.0,1.0,0.22784810126582278,0.3711340206185567,9,2,1e-07,1e-05,1000,4.0,360.0,80.0,140.10281938633497,16.0,1.0,33.0,1.2903225806451613,1.990194485343107,1.0
primary,x86_64,none,0.3.0,2.4.4,32,8,imbalanced,400,4000,0.3,0,0.9950501253132832,5,"[360, 16, 16, 4, 4]",powerlaw,5,0,0,337,323,"[33, 7, 6, 5, 5, 4, 3, 2, 2, 2, 2, 2, 2, 2, 1, 1, 1, 1, 1, 1, 1, 1, 1, 1, 1, 1, 1, 1, 1, 1, 1, 1, 1, 1, 1, 1, 1, 1, 1, 1, 1, 1, 1, 1, 1, 1, 1, 1, 1, 1, 1, 1, 1, 1, 1, 1, 1, 1, 1, 1, 1, 1, 1, 1, 1, 1, 1, 1, 1, 1, 1, 1, 1, 1, 1, 1, 1, 1, 1, 1, 1, 1, 1, 1, 1, 1, 1, 1, 1, 1, 1, 1, 1, 1, 1, 1, 1, 1, 1, 1, 1, 1, 1, 1, 1, 1, 1, 1, 1, 1, 1, 1, 1, 1, 1, 1, 1, 1, 1, 1, 1, 1, 1, 1, 1, 1, 1, 1, 1, 1, 1, 1, 1, 1, 1, 1, 1, 1, 1, 1, 1, 1, 1, 1, 1, 1, 1, 1, 1, 1, 1, 1, 1, 1, 1, 1, 1, 1, 1, 1, 1, 1, 1, 1, 1, 1, 1, 1, 1, 1, 1, 1, 1, 1, 1, 1, 1, 1, 1, 1, 1, 1, 1, 1, 1, 1, 1, 1, 1, 1, 1, 1, 1, 1, 1, 1, 1, 1, 1, 1]",0.18406225299986545,0.18487291888878746,0.17543765400114353,0.20049932899928535,0.008676391791059498,"[0.179407, 0.187622, 0.184479, 0.175438, 0.178908, 0.200499, 0.196426, 0.184062, 0.177016]",0.017683748999843374,0.01790142177722171,0.01713996199760004,0.018733327997324523,0.0007429858981333333,"[0.018733, 0.018669, 0.018716, 0.018531, 0.017684, 0.017347, 0.017147, 0.01714, 0.017146]",10.408553808442752,9.365001991434697,11.697769751610858,29,optimal,nan,13.45904541015625,8.841851234436035,309.3091066316969,309.30870636653026,1.294062017830067e-06,0.00587892347411148,0.0038634731439969486,1.0,1.0,0.15949367088607594,0.27510917030567683,9,2,1e-07,1e-05,1000,4.0,360.0,80.0,140.10281938633497,16.0,1.0,33.0,1.1869436201780414,1.8272764769543801,1.0
primary,x86_64,none,0.3.0,2.4.4,32,8,imbalanced,400,4000,0.35,0,0.9950501253132832,5,"[360, 16, 16, 4, 4]",powerlaw,5,0,0,348,337,"[33, 7, 5, 4, 2, 2, 2, 2, 2, 2, 2, 1, 1, 1, 1, 1, 1, 1, 1, 1, 1, 1, 1, 1, 1, 1, 1, 1, 1, 1, 1, 1, 1, 1, 1, 1, 1, 1, 1, 1, 1, 1, 1, 1, 1, 1, 1, 1, 1, 1, 1, 1, 1, 1, 1, 1, 1, 1, 1, 1, 1, 1, 1, 1, 1, 1, 1, 1, 1, 1, 1, 1, 1, 1, 1, 1, 1, 1, 1, 1, 1, 1, 1, 1, 1, 1, 1, 1, 1, 1, 1, 1, 1, 1, 1, 1, 1, 1, 1, 1, 1, 1, 1, 1, 1, 1, 1, 1, 1, 1, 1, 1, 1, 1, 1, 1, 1, 1, 1, 1, 1, 1, 1, 1, 1, 1, 1, 1, 1, 1, 1, 1, 1, 1, 1, 1, 1, 1, 1, 1, 1, 1, 1, 1, 1, 1, 1, 1, 1, 1, 1, 1, 1, 1, 1, 1, 1, 1, 1, 1, 1, 1, 1, 1, 1, 1, 1, 1, 1, 1, 1, 1, 1, 1, 1, 1, 1, 1, 1, 1, 1, 1, 1, 1, 1, 1, 1, 1, 1, 1, 1, 1, 1, 1, 1, 1, 1, 1, 1, 1]",0.1745353049991536,0.17473622333353786,0.17403901000216138,0.17576179400202818,0.0005942540894284557,"[0.174374, 0.174039, 0.175337, 0.174579, 0.174219, 0.175346, 0.174434, 0.174535, 0.175762]",0.017327556997770444,0.017277162777948735,0.016793269001937006,0.017724117999023292,0.0003721724171377103,"[0.017718, 0.017724, 0.01752, 0.017558, 0.017328, 0.017065, 0.016918, 0.01687, 0.016793]",10.072701248168524,9.819332618511792,10.466204881357827,29,optimal,nan,13.45904541015625,8.842855453491211,309.69312889415255,309.69311817697417,3.460579968992337e-08,0.0009748171085725843,0.0006414986323915631,0.9999875,1.0,0.13164556962025317,0.23266219239373603,9,2,1e-07,1e-05,1000,4.0,360.0,80.0,140.10281938633497,16.0,1.0,33.0,1.1494252873563218,1.7651071123252657,1.0
primary,x86_64,none,0.3.0,2.4.4,32,8,imbalanced,400,4000,0.4,0,0.9950501253132832,5,"[360, 16, 16, 4, 4]",powerlaw,5,0,0,352,342,"[18, 15, 7, 5, 3, 2, 2, 2, 2, 2, 1, 1, 1, 1, 1, 1, 1, 1, 1, 1, 1, 1, 1, 1, 1, 1, 1, 1, 1, 1, 1, 1, 1, 1, 1, 1, 1, 1, 1, 1, 1, 1, 1, 1, 1, 1, 1, 1, 1, 1, 1, 1, 1, 1, 1, 1, 1, 1, 1, 1, 1, 1, 1, 1, 1, 1, 1, 1, 1, 1, 1, 1, 1, 1, 1, 1, 1, 1, 1, 1, 1, 1, 1, 1, 1, 1, 1, 1, 1, 1, 1, 1, 1, 1, 1, 1, 1, 1, 1, 1, 1, 1, 1, 1, 1, 1, 1, 1, 1, 1, 1, 1, 1, 1, 1, 1, 1, 1, 1, 1, 1, 1, 1, 1, 1, 1, 1, 1, 1, 1, 1, 1, 1, 1, 1, 1, 1, 1, 1, 1, 1, 1, 1, 1, 1, 1, 1, 1, 1, 1, 1, 1, 1, 1, 1, 1, 1, 1, 1, 1, 1, 1, 1, 1, 1, 1, 1, 1, 1, 1, 1, 1, 1, 1, 1, 1, 1, 1, 1, 1, 1, 1, 1, 1, 1, 1, 1, 1, 1, 1, 1, 1, 1, 1, 1, 1, 1, 1, 1, 1]",0.16899533299874747,0.1692156448888353,0.16870206800012966,0.17034411499844282,0.0005583735077464969,"[0.168867, 0.168995, 0.168826, 0.168702, 0.168798, 0.169562, 0.170344, 0.169067, 0.16978]",0.014683425000839634,0.014345834000171939,0.01346999700035667,0.014974314999562921,0.000623766765625043,"[0.014894, 0.014974, 0.014833, 0.014794, 0.014683, 0.01423, 0.013725, 0.013509, 0.01347]",11.509258431808922,11.266095845122386,12.64618804250159,28,optimal,nan,13.45904541015625,8.83092975616455,310.278650451349,310.27865027320183,5.74152171810054e-10,0.0001580438705183207,0.00010584662845757532,1.0,1.0,0.12151898734177215,0.21670428893905191,9,2,1e-07,1e-05,1000,4.0,360.0,80.0,140.10281938633497,16.0,1.0,18.0,1.1363636363636365,1.2379585301269385,1.0
primary,x86_64,none,0.3.0,2.4.4,32,8,imbalanced,800,1600,0.05,0,0.9975125156445557,5,"[720, 32, 32, 8, 8]",powerlaw,5,0,0,14,10,"[782, 3, 3, 2, 1, 1, 1, 1, 1, 1, 1, 1, 1, 1]",0.6660008510007174,0.6414137041113767,0.5962192519982636,0.6805026270012604,0.04013510058745136,"[0.596219, 0.596476, 0.600704, 0.604159, 0.666001, 0.673596, 0.678535, 0.680503, 0.676531]",0.6877701529992919,0.6870435208887405,0.6771128750006028,0.6971392020022904,0.0058352913896190335,"[0.677113, 0.68172, 0.6885, 0.686254, 0.68777, 0.690968, 0.690488, 0.68344, 0.697139]",0.9683479983775962,0.8552370176369809,1.0050061845311309,21,optimal,nan,53.74835205078125,89.34385108947754,393.9412175677907,393.94118624752605,7.950491918917162e-08,0.005533027420420389,0.0027886415887914103,1.0,0.2997506234413965,0.7559748427672957,0.4292857142857143,9,2,1e-07,1e-05,1000,8.0,720.0,160.0,280.20563877266994,32.0,1.0,782.0,57.142857142857146,201.0404568889617,1.0
primary,x86_64,none,0.3.0,2.4.4,32,8,imbalanced,800,1600,0.1,0,0.9975125156445557,5,"[720, 32, 32, 8, 8]",powerlaw,5,0,0,372,255,"[212, 14, 9, 7, 7, 7, 7, 6, 6, 5, 5, 4, 4, 4, 4, 4, 4, 4, 4, 4, 4, 4, 4, 3, 3, 3, 3, 3, 3, 3, 3, 3, 3, 3, 3, 3, 3, 3, 3, 3, 3, 3, 3, 3, 3, 3, 3, 2, 2, 2, 2, 2, 2, 2, 2, 2, 2, 2, 2, 2, 2, 2, 2, 2, 2, 2, 2, 2, 2, 2, 2, 2, 2, 2, 2, 2, 2, 2, 2, 2, 2, 2, 2, 2, 2, 2, 2, 2, 2, 2, 2, 2, 2, 2, 2, 2, 2, 2, 2, 2, 2, 2, 2, 2, 2, 2, 2, 2, 2, 2, 2, 2, 2, 2, 2, 2, 2, 1, 1, 1, 1, 1, 1, 1, 1, 1, 1, 1, 1, 1, 1, 1, 1, 1, 1, 1, 1, 1, 1, 1, 1, 1, 1, 1, 1, 1, 1, 1, 1, 1, 1, 1, 1, 1, 1, 1, 1, 1, 1, 1, 1, 1, 1, 1, 1, 1, 1, 1, 1, 1, 1, 1, 1, 1, 1, 1, 1, 1, 1, 1, 1, 1, 1, 1, 1, 1, 1, 1, 1, 1, 1, 1, 1, 1, 1, 1, 1, 1, 1, 1]",0.644315933001053,0.643196172777809,0.63336658100161,0.6517947849970369,0.00554759590429361,"[0.633367, 0.644989, 0.636389, 0.644316, 0.645857, 0.651795, 0.643103, 0.647167, 0.641783]",0.1584900639973057,0.1585779243335613,0.15811487400060287,0.15921194600014132,0.0003301610425182774,"[0.158115, 0.158487, 0.158383, 0.159212, 0.158777, 0.158268, 0.158826, 0.15849, 0.158643]",4.065339597641946,3.978134787706494,4.1222863384412,20,optimal,nan,53.74835205078125,35.57420539855957,402.7676931731944,402.7664652516756,3.048709068854378e-06,0.007627648291606004,0.0038276902128317504,0.9999375,0.8603104212860311,0.4880503144654088,0.6227929373996791,9,2,1e-07,1e-05,1000,8.0,720.0,160.0,280.20563877266994,32.0,1.0,212.0,2.150537634408602,10.969357355206279,1.0
primary,x86_64,none,0.3.0,2.4.4,32,8,imbalanced,800,1600,0.15,0,0.9975125156445557,5,"[720, 32, 32, 8, 8]",powerlaw,5,0,0,595,538,"[72, 21, 16, 13, 9, 8, 6, 5, 5, 4, 4, 4, 3, 3, 3, 3, 3, 2, 2, 2, 2, 2, 2, 2, 2, 2, 2, 2, 2, 2, 2, 2, 2, 2, 2, 2, 2, 2, 2, 2, 2, 2, 2, 2, 2, 2, 2, 2, 2, 2, 2, 2, 2, 2, 2, 2, 2, 1, 1, 1, 1, 1, 1, 1, 1, 1, 1, 1, 1, 1, 1, 1, 1, 1, 1, 1, 1, 1, 1, 1, 1, 1, 1, 1, 1, 1, 1, 1, 1, 1, 1, 1, 1, 1, 1, 1, 1, 1, 1, 1, 1, 1, 1, 1, 1, 1, 1, 1, 1, 1, 1, 1, 1, 1, 1, 1, 1, 1, 1, 1, 1, 1, 1, 1, 1, 1, 1, 1, 1, 1, 1, 1, 1, 1, 1, 1, 1, 1, 1, 1, 1, 1, 1, 1, 1, 1, 1, 1, 1, 1, 1, 1, 1, 1, 1, 1, 1, 1, 1, 1, 1, 1, 1, 1, 1, 1, 1, 1, 1, 1, 1, 1, 1, 1, 1, 1, 1, 1, 1, 1, 1, 1, 1, 1, 1, 1, 1, 1, 1, 1, 1, 1, 1, 1, 1, 1, 1, 1, 1, 1]",0.6338011789994198,0.6331085864443998,0.6233552519988734,0.639928880998923,0.005118073432469665,"[0.62889, 0.630353, 0.633801, 0.623355, 0.633958, 0.635619, 0.639027, 0.639929, 0.633045]",0.06616862900045817,0.06611506811087667,0.06567589599944768,0.06657231300050626,0.00028345052098680505,"[0.065676, 0.065738, 0.066189, 0.066229, 0.066048, 0.066169, 0.066572, 0.066374, 0.066042]",9.578575052462266,9.36358110306507,9.743740397608047,20,optimal,nan,53.74835205078125,34.72280502319336,407.09065444951847,407.0899724882485,1.6752073831552868e-06,0.008734353629864522,0.004323723060888963,0.999978125,0.961352657004831,0.25031446540880503,0.39720558882235535,9,2,1e-07,1e-05,1000,8.0,720.0,160.0,280.20563877266994,32.0,1.0,72.0,1.3445378151260505,3.17457593221683,1.0
primary,x86_64,none,0.3.0,2.4.4,32,8,imbalanced,800,1600,0.2,0,0.9975125156445557,5,"[720, 32, 32, 8, 8]",powerlaw,5,0,0,680,666,"[28, 21, 21, 18, 8, 8, 6, 6, 4, 4, 3, 3, 2, 2, 1, 1, 1, 1, 1, 1, 1, 1, 1, 1, 1, 1, 1, 1, 1, 1, 1, 1, 1, 1, 1, 1, 1, 1, 1, 1, 1, 1, 1, 1, 1, 1, 1, 1, 1, 1, 1, 1, 1, 1, 1, 1, 1, 1, 1, 1, 1, 1, 1, 1, 1, 1, 1, 1, 1, 1, 1, 1, 1, 1, 1, 1, 1, 1, 1, 1, 1, 1, 1, 1, 1, 1, 1, 1, 1, 1, 1, 1, 1, 1, 1, 1, 1, 1, 1, 1, 1, 1, 1, 1, 1, 1, 1, 1, 1, 1, 1, 1, 1, 1, 1, 1, 1, 1, 1, 1, 1, 1, 1, 1, 1, 1, 1, 1, 1, 1, 1, 1, 1, 1, 1, 1, 1, 1, 1, 1, 1, 1, 1, 1, 1, 1, 1, 1, 1, 1, 1, 1, 1, 1, 1, 1, 1, 1, 1, 1, 1, 1, 1, 1, 1, 1, 1, 1, 1, 1, 1, 1, 1, 1, 1, 1, 1, 1, 1, 1, 1, 1, 1, 1, 1, 1, 1, 1, 1, 1, 1, 1, 1, 1, 1, 1, 1, 1, 1, 1]",0.5473664300006931,0.5670157102225252,0.5393437980019371,0.6065964480003458,0.031059436309437135,"[0.540712, 0.547366, 0.539344, 0.539577, 0.539363, 0.588012, 0.604769, 0.606596, 0.597403]",0.03780505000031553,0.03797879222232344,0.03758658500009915,0.03887243899953319,0.00043509134651312665,"[0.038516, 0.038872, 0.038014, 0.037684, 0.037805, 0.037587, 0.037888, 0.037638, 0.037805]",14.478659067932051,13.874709482685509,16.138642230964738,19,optimal,nan,53.74835205078125,34.63653564453125,408.99361583769627,408.99260980332883,2.459780124867856e-06,0.00973699850030152,0.004880367675081659,0.999996875,0.9917355371900827,0.1509433962264151,0.26200873362445415,9,2,1e-07,1e-05,1000,8.0,720.0,160.0,280.20563877266994,32.0,1.0,28.0,1.1764705882352942,1.7032941826544117,1.0
primary,x86_64,none,0.3.0,2.4.4,32,8,imbalanced,800,1600,0.25,0,0.9975125156445557,5,"[720, 32, 32, 8, 8]",powerlaw,5,0,0,703,693,"[28, 20, 18, 14, 8, 6, 6, 3, 2, 2, 1, 1, 1, 1, 1, 1, 1, 1, 1, 1, 1, 1, 1, 1, 1, 1, 1, 1, 1, 1, 1, 1, 1, 1, 1, 1, 1, 1, 1, 1, 1, 1, 1, 1, 1, 1, 1, 1, 1, 1, 1, 1, 1, 1, 1, 1, 1, 1, 1, 1, 1, 1, 1, 1, 1, 1, 1, 1, 1, 1, 1, 1, 1, 1, 1, 1, 1, 1, 1, 1, 1, 1, 1, 1, 1, 1, 1, 1, 1, 1, 1, 1, 1, 1, 1, 1, 1, 1, 1, 1, 1, 1, 1, 1, 1, 1, 1, 1, 1, 1, 1, 1, 1, 1, 1, 1, 1, 1, 1, 1, 1, 1, 1, 1, 1, 1, 1, 1, 1, 1, 1, 1, 1, 1, 1, 1, 1, 1, 1, 1, 1, 1, 1, 1, 1, 1, 1, 1, 1, 1, 1, 1, 1, 1, 1, 1, 1, 1, 1, 1, 1, 1, 1, 1, 1, 1, 1, 1, 1, 1, 1, 1, 1, 1, 1, 1, 1, 1, 1, 1, 1, 1, 1, 1, 1, 1, 1, 1, 1, 1, 1, 1, 1, 1, 1, 1, 1, 1, 1, 1]",0.6290900140011217,0.6286818374444718,0.6243787739986146,0.6328312160003406,0.002996679071341195,"[0.631528, 0.625571, 0.631081, 0.630137, 0.627964, 0.624379, 0.632831, 0.62909, 0.625555]",0.035608532998594455,0.03562383577769247,0.03541618900271715,0.03582462199847214,0.0001348330156342984,"[0.035822, 0.035825, 0.035609, 0.035682, 0.035416, 0.035563, 0.035614, 0.035571, 0.035512]",17.666833228595888,17.428760979676028,17.86841650161144,20,optimal,nan,53.74835205078125,34.63450622558594,411.61686718718545,411.6163483792637,1.260414630989084e-06,0.00740453782157946,0.0037283442964099853,1.0,0.9897959183673469,0.1220125786163522,0.21724524076147814,9,2,1e-07,1e-05,1000,8.0,720.0,160.0,280.20563877266994,32.0,1.0,28.0,1.1379800853485065,1.5271911626900447,1.0
primary,x86_64,none,0.3.0,2.4.4,32,8,imbalanced,800,1600,0.3,0,0.9975125156445557,5,"[720, 32, 32, 8, 8]",powerlaw,5,0,0,721,711,"[28, 17, 9, 8, 6, 6, 6, 3, 3, 3, 1, 1, 1, 1, 1, 1, 1, 1, 1, 1, 1, 1, 1, 1, 1, 1, 1, 1, 1, 1, 1, 1, 1, 1, 1, 1, 1, 1, 1, 1, 1, 1, 1, 1, 1, 1, 1, 1, 1, 1, 1, 1, 1, 1, 1, 1, 1, 1, 1, 1, 1, 1, 1, 1, 1, 1, 1, 1, 1, 1, 1, 1, 1, 1, 1, 1, 1, 1, 1, 1, 1, 1, 1, 1, 1, 1, 1, 1, 1, 1, 1, 1, 1, 1, 1, 1, 1, 1, 1, 1, 1, 1, 1, 1, 1, 1, 1, 1, 1, 1, 1, 1, 1, 1, 1, 1, 1, 1, 1, 1, 1, 1, 1, 1, 1, 1, 1, 1, 1, 1, 1, 1, 1, 1, 1, 1, 1, 1, 1, 1, 1, 1, 1, 1, 1, 1, 1, 1, 1, 1, 1, 1, 1, 1, 1, 1, 1, 1, 1, 1, 1, 1, 1, 1, 1, 1, 1, 1, 1, 1, 1, 1, 1, 1, 1, 1, 1, 1, 1, 1, 1, 1, 1, 1, 1, 1, 1, 1, 1, 1, 1, 1, 1, 1, 1, 1, 1, 1, 1, 1]",0.6363599180003803,0.6337165767771593,0.6097713509989262,0.6428972369976691,0.009473486829958973,"[0.609771, 0.634105, 0.636988, 0.639255, 0.63636, 0.633691, 0.642897, 0.63326, 0.637122]",0.03535682499932591,0.035302604888986226,0.03511817700200481,0.035547980998671846,0.00015571481061806843,"[0.035363, 0.035548, 0.035221, 0.035131, 0.035357, 0.035138, 0.0354, 0.035118, 0.035447]",17.998220089403183,17.15347352699746,18.306680240291733,20,optimal,nan,53.74835205078125,34.62877559661865,412.939460066705,412.93889510520233,1.368146077839655e-06,0.007209563765906646,0.0036375210931329123,1.0,1.0,0.09937106918238994,0.18077803203661327,9,2,1e-07,1e-05,1000,8.0,720.0,160.0,280.20563877266994,32.0,1.0,28.0,1.1095700416088765,1.277319470655238,1.0
primary,x86_64,none,0.3.0,2.4.4,32,8,imbalanced,800,1600,0.35,0,0.9975125156445557,5,"[720, 32, 32, 8, 8]",powerlaw,5,0,0,731,721,"[28, 16, 7, 6, 6, 6, 3, 3, 2, 2, 1, 1, 1, 1, 1, 1, 1, 1, 1, 1, 1, 1, 1, 1, 1, 1, 1, 1, 1, 1, 1, 1, 1, 1, 1, 1, 1, 1, 1, 1, 1, 1, 1, 1, 1, 1, 1, 1, 1, 1, 1, 1, 1, 1, 1, 1, 1, 1, 1, 1, 1, 1, 1, 1, 1, 1, 1, 1, 1, 1, 1, 1, 1, 1, 1, 1, 1, 1, 1, 1, 1, 1, 1, 1, 1, 1, 1, 1, 1, 1, 1, 1, 1, 1, 1, 1, 1, 1, 1, 1, 1, 1, 1, 1, 1, 1, 1, 1, 1, 1, 1, 1, 1, 1, 1, 1, 1, 1, 1, 1, 1, 1, 1, 1, 1, 1, 1, 1, 1, 1, 1, 1, 1, 1, 1, 1, 1, 1, 1, 1, 1, 1, 1, 1, 1, 1, 1, 1, 1, 1, 1, 1, 1, 1, 1, 1, 1, 1, 1, 1, 1, 1, 1, 1, 1, 1, 1, 1, 1, 1, 1, 1, 1, 1, 1, 1, 1, 1, 1, 1, 1, 1, 1, 1, 1, 1, 1, 1, 1, 1, 1, 1, 1, 1, 1, 1, 1, 1, 1, 1]",0.7856721629977983,0.7854023834447111,0.7793829990005179,0.7908334030034894,0.0037684512747030324,"[0.790617, 0.782673, 0.786472, 0.785672, 0.779383, 0.782167, 0.78452, 0.786282, 0.790833]",0.04427113099882263,0.04475317788940932,0.04395174499950372,0.04759677900074166,0.0012094561716625733,"[0.047597, 0.045838, 0.044287, 0.044271, 0.043971, 0.044266, 0.044094, 0.044503, 0.043952]",17.746828356806446,16.37470046005368,17.99321967790856,20,optimal,nan,53.74835205078125,34.628177642822266,414.84179777718396,414.8412836120366,1.2394246436112102e-06,0.00754185182972833,0.0037887880716251953,1.0,1.0,0.08679245283018867,0.1597222222222222,9,2,1e-07,1e-05,1000,8.0,720.0,160.0,280.20563877266994,32.0,1.0,28.0,1.094391244870041,1.2089989777439856,1.0
primary,x86_64,none,0.3.0,2.4.4,32,8,imbalanced,800,1600,0.4,0,0.9975125156445557,5,"[720, 32, 32, 8, 8]",powerlaw,5,0,0,735,725,"[28, 16, 6, 6, 5, 5, 3, 2, 2, 2, 1, 1, 1, 1, 1, 1, 1, 1, 1, 1, 1, 1, 1, 1, 1, 1, 1, 1, 1, 1, 1, 1, 1, 1, 1, 1, 1, 1, 1, 1, 1, 1, 1, 1, 1, 1, 1, 1, 1, 1, 1, 1, 1, 1, 1, 1, 1, 1, 1, 1, 1, 1, 1, 1, 1, 1, 1, 1, 1, 1, 1, 1, 1, 1, 1, 1, 1, 1, 1, 1, 1, 1, 1, 1, 1, 1, 1, 1, 1, 1, 1, 1, 1, 1, 1, 1, 1, 1, 1, 1, 1, 1, 1, 1, 1, 1, 1, 1, 1, 1, 1, 1, 1, 1, 1, 1, 1, 1, 1, 1, 1, 1, 1, 1, 1, 1, 1, 1, 1, 1, 1, 1, 1, 1, 1, 1, 1, 1, 1, 1, 1, 1, 1, 1, 1, 1, 1, 1, 1, 1, 1, 1, 1, 1, 1, 1, 1, 1, 1, 1, 1, 1, 1, 1, 1, 1, 1, 1, 1, 1, 1, 1, 1, 1, 1, 1, 1, 1, 1, 1, 1, 1, 1, 1, 1, 1, 1, 1, 1, 1, 1, 1, 1, 1, 1, 1, 1, 1, 1, 1]",0.6483529729994189,0.6483647166662396,0.6403517029975774,0.654473552996933,0.003773933918885542,"[0.640352, 0.648879, 0.647255, 0.648353, 0.647227, 0.647728, 0.650644, 0.65037, 0.654474]",0.044053854999219766,0.04411533177780155,0.043720222001866205,0.04478998699778458,0.0003908424862682622,"[0.04479, 0.044199, 0.044449, 0.04372, 0.044054, 0.044496, 0.043782, 0.043784, 0.043764]",14.717281223423052,14.296760189487232,14.969584394356385,19,optimal,nan,53.74835205078125,34.62827396392822,414.6622375125909,414.6613199379753,2.21282415560415e-06,0.009784485320239122,0.004902627862832252,1.0,1.0,0.08176100628930817,0.1511627906976744,9,2,1e-07,1e-05,1000,8.0,720.0,160.0,280.20563877266994,32.0,1.0,28.0,1.08843537414966,1.1879506739114338,1.0
primary,x86_64,none,0.3.0,2.4.4,32,8,imbalanced,800,4000,0.05,0,0.9975125156445557,5,"[720, 32, 32, 8, 8]",powerlaw,5,0,0,126,54,"[500, 12, 11, 9, 8, 7, 7, 6, 6, 6, 5, 5, 5, 4, 4, 4, 4, 4, 4, 4, 4, 4, 4, 4, 4, 3, 3, 3, 3, 3, 3, 3, 3, 3, 3, 3, 3, 3, 3, 3, 3, 3, 2, 2, 2, 2, 2, 2, 2, 2, 2, 2, 2, 2, 2, 2, 2, 2, 2, 2, 2, 2, 2, 2, 2, 2, 2, 2, 2, 2, 2, 2, 1, 1, 1, 1, 1, 1, 1, 1, 1, 1, 1, 1, 1, 1, 1, 1, 1, 1, 1, 1, 1, 1, 1, 1, 1, 1, 1, 1, 1, 1, 1, 1, 1, 1, 1, 1, 1, 1, 1, 1, 1, 1, 1, 1, 1, 1, 1, 1, 1, 1, 1, 1, 1, 1]",0.7232436189988221,0.7247658747777072,0.71689982099997,0.730958746997203,0.0044909541185150685,"[0.7169, 0.722224, 0.722903, 0.724683, 0.729041, 0.72999, 0.723244, 0.730959, 0.72295]",0.32890911800132017,0.3285996277772938,0.3261925609986065,0.3294054159996449,0.0009955542563070418,"[0.328909, 0.328156, 0.32927, 0.329316, 0.328707, 0.329028, 0.326193, 0.329405, 0.328412]",2.1989162945489373,2.176344972423716,2.2408811064220613,21,optimal,nan,53.74835205078125,45.231760025024414,396.1364741922723,396.1351663956253,3.3013790252642593e-06,0.007476606479525971,0.0038845648740269546,0.99998125,0.8018617021276596,0.7584905660377359,0.7795733678086619,9,2,1e-07,1e-05,1000,8.0,720.0,160.0,280.20563877266994,32.0,1.0,500.0,6.349206349206349,44.197485646418365,2.0
primary,x86_64,none,0.3.0,2.4.4,32,8,imbalanced,800,4000,0.1,0,0.9975125156445557,5,"[720, 32, 32, 8, 8]",powerlaw,5,0,0,402,259,"[39, 38, 21, 16, 14, 11, 9, 8, 8, 8, 7, 7, 7, 7, 7, 7, 6, 6, 6, 6, 5, 5, 5, 5, 4, 4, 4, 4, 4, 4, 4, 4, 4, 4, 4, 3, 3, 3, 3, 3, 3, 3, 3, 3, 3, 3, 3, 3, 3, 3, 3, 3, 3, 3, 3, 3, 3, 3, 2, 2, 2, 2, 2, 2, 2, 2, 2, 2, 2, 2, 2, 2, 2, 2, 2, 2, 2, 2, 2, 2, 2, 2, 2, 2, 2, 2, 2, 2, 2, 2, 2, 2, 2, 2, 2, 2, 2, 2, 2, 2, 2, 2, 2, 2, 2, 2, 2, 2, 2, 2, 2, 2, 2, 2, 2, 2, 2, 2, 2, 2, 2, 2, 2, 2, 2, 2, 2, 2, 2, 2, 2, 2, 2, 2, 2, 2, 2, 2, 2, 2, 2, 2, 2, 1, 1, 1, 1, 1, 1, 1, 1, 1, 1, 1, 1, 1, 1, 1, 1, 1, 1, 1, 1, 1, 1, 1, 1, 1, 1, 1, 1, 1, 1, 1, 1, 1, 1, 1, 1, 1, 1, 1, 1, 1, 1, 1, 1, 1, 1, 1, 1, 1, 1, 1, 1, 1, 1, 1, 1, 1]",0.5418753000012657,0.5405496074446192,0.5353427350019047,0.5436622030028957,0.0028575460930640216,"[0.542795, 0.538096, 0.541875, 0.535343, 0.539976, 0.538022, 0.543662, 0.543169, 0.542007]",0.07847865700023249,0.07835346177752298,0.07729134900000645,0.07914711100238492,0.0005629965267790352,"[0.077291, 0.078639, 0.077706, 0.078542, 0.078803, 0.078201, 0.078479, 0.078374, 0.079147]",6.9047473633456855,6.763894831054204,7.033933422521198,19,optimal,nan,53.74835205078125,34.66681957244873,404.77803792160887,404.776711943371,3.275815665920289e-06,0.0065086089664403435,0.0034055312923191292,0.99999375,0.9899749373433584,0.4968553459119497,0.661641541038526,9,2,1e-07,1e-05,1000,8.0,720.0,160.0,280.20563877266994,32.0,1.0,39.0,1.9900497512437811,3.224579188483118,1.0
primary,x86_64,none,0.3.0,2.4.4,32,8,imbalanced,800,4000,0.15,0,0.9975125156445557,5,"[720, 32, 32, 8, 8]",powerlaw,5,0,0,619,575,"[49, 21, 18, 16, 14, 9, 8, 6, 4, 4, 4, 3, 3, 3, 3, 3, 3, 2, 2, 2, 2, 2, 2, 2, 2, 2, 2, 2, 2, 2, 2, 2, 2, 2, 2, 2, 2, 2, 2, 2, 2, 2, 2, 2, 1, 1, 1, 1, 1, 1, 1, 1, 1, 1, 1, 1, 1, 1, 1, 1, 1, 1, 1, 1, 1, 1, 1, 1, 1, 1, 1, 1, 1, 1, 1, 1, 1, 1, 1, 1, 1, 1, 1, 1, 1, 1, 1, 1, 1, 1, 1, 1, 1, 1, 1, 1, 1, 1, 1, 1, 1, 1, 1, 1, 1, 1, 1, 1, 1, 1, 1, 1, 1, 1, 1, 1, 1, 1, 1, 1, 1, 1, 1, 1, 1, 1, 1, 1, 1, 1, 1, 1, 1, 1, 1, 1, 1, 1, 1, 1, 1, 1, 1, 1, 1, 1, 1, 1, 1, 1, 1, 1, 1, 1, 1, 1, 1, 1, 1, 1, 1, 1, 1, 1, 1, 1, 1, 1, 1, 1, 1, 1, 1, 1, 1, 1, 1, 1, 1, 1, 1, 1, 1, 1, 1, 1, 1, 1, 1, 1, 1, 1, 1, 1, 1, 1, 1, 1, 1, 1]",0.5144413960006204,0.5133422125553706,0.5078732080000918,0.5151300319994334,0.002281764124625361,"[0.514557, 0.51458, 0.51513, 0.507873, 0.514441, 0.512279, 0.514337, 0.512394, 0.514488]",0.053807593998499215,0.053471454777334455,0.0526214749988867,0.05397619200084591,0.0005666454452781818,"[0.052823, 0.052621, 0.052765, 0.053546, 0.053976, 0.053808, 0.053886, 0.053904, 0.053913]",9.56075820849691,9.409207822443875,9.78934991864694,18,optimal,nan,53.74835205078125,34.66797733306885,407.0564743398467,407.0548879197624,3.8972972654355635e-06,0.008643368453145062,0.004508953875887001,0.999996875,0.9944444444444445,0.22515723270440252,0.36717948717948723,9,2,1e-07,1e-05,1000,8.0,720.0,160.0,280.20563877266994,32.0,1.0,49.0,1.2924071082390953,2.394822873780664,1.0
primary,x86_64,none,0.3.0,2.4.4,32,8,imbalanced,800,4000,0.2,0,0.9975125156445557,5,"[720, 32, 32, 8, 8]",powerlaw,5,0,0,693,681,"[28, 21, 21, 18, 8, 6, 4, 3, 3, 3, 2, 2, 1, 1, 1, 1, 1, 1, 1, 1, 1, 1, 1, 1, 1, 1, 1, 1, 1, 1, 1, 1, 1, 1, 1, 1, 1, 1, 1, 1, 1, 1, 1, 1, 1, 1, 1, 1, 1, 1, 1, 1, 1, 1, 1, 1, 1, 1, 1, 1, 1, 1, 1, 1, 1, 1, 1, 1, 1, 1, 1, 1, 1, 1, 1, 1, 1, 1, 1, 1, 1, 1, 1, 1, 1, 1, 1, 1, 1, 1, 1, 1, 1, 1, 1, 1, 1, 1, 1, 1, 1, 1, 1, 1, 1, 1, 1, 1, 1, 1, 1, 1, 1, 1, 1, 1, 1, 1, 1, 1, 1, 1, 1, 1, 1, 1, 1, 1, 1, 1, 1, 1, 1, 1, 1, 1, 1, 1, 1, 1, 1, 1, 1, 1, 1, 1, 1, 1, 1, 1, 1, 1, 1, 1, 1, 1, 1, 1, 1, 1, 1, 1, 1, 1, 1, 1, 1, 1, 1, 1, 1, 1, 1, 1, 1, 1, 1, 1, 1, 1, 1, 1, 1, 1, 1, 1, 1, 1, 1, 1, 1, 1, 1, 1, 1, 1, 1, 1, 1, 1]",0.510948355000437,0.5115553334443474,0.5059319829997548,0.5164277799995034,0.0033508106158056774,"[0.509198, 0.513347, 0.511341, 0.510948, 0.516428, 0.516244, 0.505932, 0.510433, 0.510127]",0.037263651996909175,0.037450322665891794,0.03690627200194285,0.03816244399786228,0.0004601514435521018,"[0.037728, 0.038053, 0.03765, 0.036906, 0.037091, 0.037114, 0.037084, 0.038162, 0.037264]",13.71170906820452,13.25732657552266,13.992954367548073,18,optimal,nan,53.74835205078125,34.6375036239624,409.67424550794794,409.67273166283223,3.6952411148837663e-06,0.009069112084485242,0.00470640800411639,1.0,1.0,0.13459119496855346,0.23725055432372505,9,2,1e-07,1e-05,1000,8.0,720.0,160.0,280.20563877266994,32.0,1.0,28.0,1.1544011544011543,1.6551459291758397,1.0
primary,x86_64,none,0.3.0,2.4.4,32,8,imbalanced,800,4000,0.25,0,0.9975125156445557,5,"[720, 32, 32, 8, 8]",powerlaw,5,0,0,701,692,"[28, 21, 20, 18, 8, 6, 3, 2, 2, 1, 1, 1, 1, 1, 1, 1, 1, 1, 1, 1, 1, 1, 1, 1, 1, 1, 1, 1, 1, 1, 1, 1, 1, 1, 1, 1, 1, 1, 1, 1, 1, 1, 1, 1, 1, 1, 1, 1, 1, 1, 1, 1, 1, 1, 1, 1, 1, 1, 1, 1, 1, 1, 1, 1, 1, 1, 1, 1, 1, 1, 1, 1, 1, 1, 1, 1, 1, 1, 1, 1, 1, 1, 1, 1, 1, 1, 1, 1, 1, 1, 1, 1, 1, 1, 1, 1, 1, 1, 1, 1, 1, 1, 1, 1, 1, 1, 1, 1, 1, 1, 1, 1, 1, 1, 1, 1, 1, 1, 1, 1, 1, 1, 1, 1, 1, 1, 1, 1, 1, 1, 1, 1, 1, 1, 1, 1, 1, 1, 1, 1, 1, 1, 1, 1, 1, 1, 1, 1, 1, 1, 1, 1, 1, 1, 1, 1, 1, 1, 1, 1, 1, 1, 1, 1, 1, 1, 1, 1, 1, 1, 1, 1, 1, 1, 1, 1, 1, 1, 1, 1, 1, 1, 1, 1, 1, 1, 1, 1, 1, 1, 1, 1, 1, 1, 1, 1, 1, 1, 1, 1]",0.5122639050023281,0.5117885908888032,0.5065030959995056,0.5148344350018306,0.00247733810031019,"[0.512264, 0.513509, 0.512727, 0.509363, 0.511594, 0.512199, 0.506503, 0.513103, 0.514834]",0.03631618099825573,0.03616209500008457,0.03569165700173471,0.03665100199941662,0.00033040552426663285,"[0.036398, 0.036651, 0.036316, 0.036016, 0.036414, 0.036316, 0.035861, 0.035795, 0.035692]",14.1056655992251,13.819624795184799,14.424503602531209,18,optimal,nan,53.74835205078125,34.63834571838379,412.5256187321999,412.52398508182654,3.960118594328512e-06,0.00831013559293825,0.0043520043061140235,0.999996875,1.0,0.12452830188679245,0.2214765100671141,9,2,1e-07,1e-05,1000,8.0,720.0,160.0,280.20563877266994,32.0,1.0,28.0,1.1412268188302426,1.6223380676973174,1.0
primary,x86_64,none,0.3.0,2.4.4,32,8,imbalanced,800,4000,0.3,0,0.9975125156445557,5,"[720, 32, 32, 8, 8]",powerlaw,5,0,0,720,710,"[28, 17, 9, 8, 6, 6, 6, 5, 3, 2, 1, 1, 1, 1, 1, 1, 1, 1, 1, 1, 1, 1, 1, 1, 1, 1, 1, 1, 1, 1, 1, 1, 1, 1, 1, 1, 1, 1, 1, 1, 1, 1, 1, 1, 1, 1, 1, 1, 1, 1, 1, 1, 1, 1, 1, 1, 1, 1, 1, 1, 1, 1, 1, 1, 1, 1, 1, 1, 1, 1, 1, 1, 1, 1, 1, 1, 1, 1, 1, 1, 1, 1, 1, 1, 1, 1, 1, 1, 1, 1, 1, 1, 1, 1, 1, 1, 1, 1, 1, 1, 1, 1, 1, 1, 1, 1, 1, 1, 1, 1, 1, 1, 1, 1, 1, 1, 1, 1, 1, 1, 1, 1, 1, 1, 1, 1, 1, 1, 1, 1, 1, 1, 1, 1, 1, 1, 1, 1, 1, 1, 1, 1, 1, 1, 1, 1, 1, 1, 1, 1, 1, 1, 1, 1, 1, 1, 1, 1, 1, 1, 1, 1, 1, 1, 1, 1, 1, 1, 1, 1, 1, 1, 1, 1, 1, 1, 1, 1, 1, 1, 1, 1, 1, 1, 1, 1, 1, 1, 1, 1, 1, 1, 1, 1, 1, 1, 1, 1, 1, 1]",0.5166225339999073,0.5156378599996161,0.5081997750021401,0.5194886909994239,0.0034616928558848384,"[0.516599, 0.519489, 0.517965, 0.514025, 0.516623, 0.516706, 0.5082, 0.518274, 0.512861]",0.035638229001051513,0.03572397955576889,0.035058823003055295,0.036671187001047656,0.00044092489164324517,"[0.036671, 0.035638, 0.035882, 0.035892, 0.035408, 0.035612, 0.035538, 0.035059, 0.035815]",14.496302102572614,13.858285388679166,14.817630670434989,18,optimal,nan,53.74835205078125,34.627976417541504,413.82304576820405,413.821616569091,3.4536479484375083e-06,0.007924725171523317,0.004170967976720204,1.0,1.0,0.10062893081761007,0.18285714285714286,9,2,1e-07,1e-05,1000,8.0,720.0,160.0,280.20563877266994,32.0,1.0,28.0,1.1111111111111112,1.28296050380399,1.0
primary,x86_64,none,0.3.0,2.4.4,32,8,imbalanced,800,4000,0.35,0,0.9975125156445557,5,"[720, 32, 32, 8, 8]",powerlaw,5,0,0,731,721,"[28, 16, 7, 6, 6, 6, 3, 3, 2, 2, 1, 1, 1, 1, 1, 1, 1, 1, 1, 1, 1, 1, 1, 1, 1, 1, 1, 1, 1, 1, 1, 1, 1, 1, 1, 1, 1, 1, 1, 1, 1, 1, 1, 1, 1, 1, 1, 1, 1, 1, 1, 1, 1, 1, 1, 1, 1, 1, 1, 1, 1, 1, 1, 1, 1, 1, 1, 1, 1, 1, 1, 1, 1, 1, 1, 1, 1, 1, 1, 1, 1, 1, 1, 1, 1, 1, 1, 1, 1, 1, 1, 1, 1, 1, 1, 1, 1, 1, 1, 1, 1, 1, 1, 1, 1, 1, 1, 1, 1, 1, 1, 1, 1, 1, 1, 1, 1, 1, 1, 1, 1, 1, 1, 1, 1, 1, 1, 1, 1, 1, 1, 1, 1, 1, 1, 1, 1, 1, 1, 1, 1, 1, 1, 1, 1, 1, 1, 1, 1, 1, 1, 1, 1, 1, 1, 1, 1, 1, 1, 1, 1, 1, 1, 1, 1, 1, 1, 1, 1, 1, 1, 1, 1, 1, 1, 1, 1, 1, 1, 1, 1, 1, 1, 1, 1, 1, 1, 1, 1, 1, 1, 1, 1, 1, 1, 1, 1, 1, 1, 1]",0.5547636299997976,0.5521628958894225,0.5164337679998425,0.5670463230017049,0.01423738317391286,"[0.553458, 0.567046, 0.516434, 0.559943, 0.556314, 0.551007, 0.554764, 0.558161, 0.55234]",0.03347020699948189,0.033702655555518705,0.033236307001061505,0.03454828299800283,0.00043607171618782357,"[0.034109, 0.034046, 0.03367, 0.033446, 0.03347, 0.033236, 0.033384, 0.033414, 0.034548]",16.574849089173103,14.948174646760203,17.061050825640603,18,optimal,nan,53.74835205078125,34.62791919708252,414.2214602625171,414.22001947780785,3.4782956641903064e-06,0.00982142536983166,0.005055188259537664,1.0,1.0,0.08679245283018867,0.1597222222222222,9,2,1e-07,1e-05,1000,8.0,720.0,160.0,280.20563877266994,32.0,1.0,28.0,1.094391244870041,1.2089989777439856,1.0
primary,x86_64,none,0.3.0,2.4.4,32,8,imbalanced,800,4000,0.4,0,0.9975125156445557,5,"[720, 32, 32, 8, 8]",powerlaw,5,0,0,735,725,"[28, 16, 6, 6, 5, 5, 3, 2, 2, 2, 1, 1, 1, 1, 1, 1, 1, 1, 1, 1, 1, 1, 1, 1, 1, 1, 1, 1, 1, 1, 1, 1, 1, 1, 1, 1, 1, 1, 1, 1, 1, 1, 1, 1, 1, 1, 1, 1, 1, 1, 1, 1, 1, 1, 1, 1, 1, 1, 1, 1, 1, 1, 1, 1, 1, 1, 1, 1, 1, 1, 1, 1, 1, 1, 1, 1, 1, 1, 1, 1, 1, 1, 1, 1, 1, 1, 1, 1, 1, 1, 1, 1, 1, 1, 1, 1, 1, 1, 1, 1, 1, 1, 1, 1, 1, 1, 1, 1, 1, 1, 1, 1, 1, 1, 1, 1, 1, 1, 1, 1, 1, 1, 1, 1, 1, 1, 1, 1, 1, 1, 1, 1, 1, 1, 1, 1, 1, 1, 1, 1, 1, 1, 1, 1, 1, 1, 1, 1, 1, 1, 1, 1, 1, 1, 1, 1, 1, 1, 1, 1, 1, 1, 1, 1, 1, 1, 1, 1, 1, 1, 1, 1, 1, 1, 1, 1, 1, 1, 1, 1, 1, 1, 1, 1, 1, 1, 1, 1, 1, 1, 1, 1, 1, 1, 1, 1, 1, 1, 1, 1]",0.6224033890030114,0.6247294556669658,0.6179984759983199,0.635089767001773,0.005795234297117177,"[0.619766, 0.63509, 0.623789, 0.630329, 0.617998, 0.622403, 0.620551, 0.630272, 0.622367]",0.04523761699965689,0.04521057233392235,0.04450979700050084,0.045684044001973234,0.00039874035269912855,"[0.04451, 0.044969, 0.045372, 0.044984, 0.045616, 0.044908, 0.045684, 0.045238, 0.045615]",13.758536153832596,13.527665720040604,14.268538834149856,18,optimal,nan,53.74835205078125,34.62831115722656,414.6633345726999,414.6618637728725,3.546973423468415e-06,0.010029829878149599,0.005151163768591017,1.0,1.0,0.08176100628930817,0.1511627906976744,9,2,1e-07,1e-05,1000,8.0,720.0,160.0,280.20563877266994,32.0,1.0,28.0,1.08843537414966,1.1879506739114338,1.0
primary,x86_64,none,0.3.0,2.4.4,32,8,imbalanced,800,8000,0.05,0,0.9975125156445557,5,"[720, 32, 32, 8, 8]",powerlaw,5,0,0,179,54,"[209, 37, 24, 15, 14, 12, 11, 9, 8, 8, 8, 8, 7, 7, 7, 7, 7, 7, 6, 6, 6, 6, 6, 6, 6, 6, 6, 5, 5, 5, 5, 5, 4, 4, 4, 4, 4, 4, 4, 4, 4, 4, 4, 4, 4, 4, 4, 4, 4, 4, 4, 4, 4, 4, 3, 3, 3, 3, 3, 3, 3, 3, 3, 3, 3, 3, 3, 3, 3, 3, 3, 3, 3, 3, 3, 3, 3, 3, 3, 3, 3, 3, 3, 3, 3, 3, 2, 2, 2, 2, 2, 2, 2, 2, 2, 2, 2, 2, 2, 2, 2, 2, 2, 2, 2, 2, 2, 2, 2, 2, 2, 2, 2, 2, 2, 2, 2, 2, 2, 2, 2, 2, 2, 2, 2, 1, 1, 1, 1, 1, 1, 1, 1, 1, 1, 1, 1, 1, 1, 1, 1, 1, 1, 1, 1, 1, 1, 1, 1, 1, 1, 1, 1, 1, 1, 1, 1, 1, 1, 1, 1, 1, 1, 1, 1, 1, 1, 1, 1, 1, 1, 1, 1, 1, 1, 1, 1, 1, 1]",0.6613352450003731,0.6678812622222823,0.6570846739996341,0.7199015660007717,0.01972849265524556,"[0.719902, 0.659867, 0.664308, 0.657085, 0.665105, 0.659195, 0.658873, 0.665263, 0.661335]",0.15365545099848532,0.1540276065558525,0.1531176009993942,0.15647412099860958,0.0009977255588755453,"[0.153118, 0.153538, 0.153506, 0.156474, 0.153597, 0.153655, 0.154116, 0.154502, 0.153742]",4.304014212986771,4.199318518654423,4.70162516459241,21,optimal,nan,53.74835205078125,35.5535774230957,396.69971314000713,396.6980734307699,4.133376412716863e-06,0.007598149780021268,0.004047694591101688,0.999965625,0.9570747217806042,0.7572327044025158,0.8455056179775282,9,2,1e-07,1e-05,1000,8.0,720.0,160.0,280.20563877266994,32.0,1.0,209.0,4.4692737430167595,15.796644330307913,2.0
primary,x86_64,none,0.3.0,2.4.4,32,8,imbalanced,800,8000,0.1,0,0.9975125156445557,5,"[720, 32, 32, 8, 8]",powerlaw,5,0,0,414,274,"[28, 21, 21, 18, 16, 14, 11, 9, 9, 8, 8, 8, 7, 7, 7, 7, 6, 6, 6, 6, 6, 6, 5, 5, 4, 4, 4, 4, 4, 4, 4, 4, 4, 4, 4, 4, 4, 3, 3, 3, 3, 3, 3, 3, 3, 3, 3, 3, 3, 3, 3, 3, 3, 3, 3, 3, 3, 3, 3, 3, 2, 2, 2, 2, 2, 2, 2, 2, 2, 2, 2, 2, 2, 2, 2, 2, 2, 2, 2, 2, 2, 2, 2, 2, 2, 2, 2, 2, 2, 2, 2, 2, 2, 2, 2, 2, 2, 2, 2, 2, 2, 2, 2, 2, 2, 2, 2, 2, 2, 2, 2, 2, 2, 2, 2, 2, 2, 2, 2, 2, 2, 2, 2, 2, 2, 2, 2, 2, 2, 2, 2, 2, 2, 2, 2, 2, 2, 2, 2, 2, 1, 1, 1, 1, 1, 1, 1, 1, 1, 1, 1, 1, 1, 1, 1, 1, 1, 1, 1, 1, 1, 1, 1, 1, 1, 1, 1, 1, 1, 1, 1, 1, 1, 1, 1, 1, 1, 1, 1, 1, 1, 1, 1, 1, 1, 1, 1, 1, 1, 1, 1, 1, 1, 1, 1, 1, 1, 1, 1, 1]",0.6189958690010826,0.6187756881113778,0.6026430710007844,0.6270446279995667,0.007035225099941751,"[0.619042, 0.602643, 0.616512, 0.618536, 0.627045, 0.618996, 0.617824, 0.625298, 0.623085]",0.06917849800083786,0.06927915511106322,0.06783209100103704,0.07044179399963468,0.0009541811230740551,"[0.068518, 0.068546, 0.067832, 0.068597, 0.069178, 0.069937, 0.070442, 0.070238, 0.070225]",8.947807294017652,8.555191978840144,9.24407045022363,19,optimal,nan,53.74835205078125,34.638092041015625,405.1792728222637,405.1781102598037,2.869254520169371e-06,0.006615279712384181,0.0034591340456627826,1.0,1.0,0.48553459119496856,0.6536833192209992,9,2,1e-07,1e-05,1000,8.0,720.0,160.0,280.20563877266994,32.0,1.0,28.0,1.932367149758454,2.6201127866867693,1.0
primary,x86_64,none,0.3.0,2.4.4,32,8,imbalanced,800,8000,0.15,0,0.9975125156445557,5,"[720, 32, 32, 8, 8]",powerlaw,5,0,0,627,583,"[28, 21, 21, 18, 16, 14, 8, 6, 6, 5, 4, 4, 3, 3, 2, 2, 2, 2, 2, 2, 2, 2, 2, 2, 2, 2, 2, 2, 2, 2, 2, 2, 2, 2, 2, 2, 2, 2, 2, 2, 2, 2, 2, 2, 1, 1, 1, 1, 1, 1, 1, 1, 1, 1, 1, 1, 1, 1, 1, 1, 1, 1, 1, 1, 1, 1, 1, 1, 1, 1, 1, 1, 1, 1, 1, 1, 1, 1, 1, 1, 1, 1, 1, 1, 1, 1, 1, 1, 1, 1, 1, 1, 1, 1, 1, 1, 1, 1, 1, 1, 1, 1, 1, 1, 1, 1, 1, 1, 1, 1, 1, 1, 1, 1, 1, 1, 1, 1, 1, 1, 1, 1, 1, 1, 1, 1, 1, 1, 1, 1, 1, 1, 1, 1, 1, 1, 1, 1, 1, 1, 1, 1, 1, 1, 1, 1, 1, 1, 1, 1, 1, 1, 1, 1, 1, 1, 1, 1, 1, 1, 1, 1, 1, 1, 1, 1, 1, 1, 1, 1, 1, 1, 1, 1, 1, 1, 1, 1, 1, 1, 1, 1, 1, 1, 1, 1, 1, 1, 1, 1, 1, 1, 1, 1, 1, 1, 1, 1, 1, 1]",0.584305125001265,0.5848787292226107,0.5798289759986801,0.5914432180034055,0.003295995944717936,"[0.591443, 0.585084, 0.584305, 0.582721, 0.579829, 0.582739, 0.587256, 0.58409, 0.586441]",0.044399381997209275,0.04449977599991447,0.04420347700215643,0.045099893999577034,0.0003080692170633036,"[0.044827, 0.044304, 0.044203, 0.0451, 0.04427, 0.044399, 0.044506, 0.044664, 0.044224]",13.160208514568772,12.856548532112248,13.38001573891014,18,optimal,nan,53.74835205078125,34.64150810241699,407.7782283120099,407.7767272175158,3.681154092723016e-06,0.007655277310688158,0.004045931548698909,1.0,1.0,0.21761006289308177,0.35743801652892565,9,2,1e-07,1e-05,1000,8.0,720.0,160.0,280.20563877266994,32.0,1.0,28.0,1.2759170653907497,1.9298983733758759,1.0
primary,x86_64,none,0.3.0,2.4.4,32,8,imbalanced,800,8000,0.2,0,0.9975125156445557,5,"[720, 32, 32, 8, 8]",powerlaw,5,0,0,683,670,"[28, 21, 21, 18, 8, 8, 6, 6, 4, 3, 3, 2, 2, 1, 1, 1, 1, 1, 1, 1, 1, 1, 1, 1, 1, 1, 1, 1, 1, 1, 1, 1, 1, 1, 1, 1, 1, 1, 1, 1, 1, 1, 1, 1, 1, 1, 1, 1, 1, 1, 1, 1, 1, 1, 1, 1, 1, 1, 1, 1, 1, 1, 1, 1, 1, 1, 1, 1, 1, 1, 1, 1, 1, 1, 1, 1, 1, 1, 1, 1, 1, 1, 1, 1, 1, 1, 1, 1, 1, 1, 1, 1, 1, 1, 1, 1, 1, 1, 1, 1, 1, 1, 1, 1, 1, 1, 1, 1, 1, 1, 1, 1, 1, 1, 1, 1, 1, 1, 1, 1, 1, 1, 1, 1, 1, 1, 1, 1, 1, 1, 1, 1, 1, 1, 1, 1, 1, 1, 1, 1, 1, 1, 1, 1, 1, 1, 1, 1, 1, 1, 1, 1, 1, 1, 1, 1, 1, 1, 1, 1, 1, 1, 1, 1, 1, 1, 1, 1, 1, 1, 1, 1, 1, 1, 1, 1, 1, 1, 1, 1, 1, 1, 1, 1, 1, 1, 1, 1, 1, 1, 1, 1, 1, 1, 1, 1, 1, 1, 1, 1]",0.5871831829972507,0.5869999417777257,0.5721221749990946,0.5940743240025768,0.006353766543312265,"[0.572122, 0.586124, 0.593617, 0.586758, 0.587183, 0.587612, 0.589399, 0.58611, 0.594074]",0.03727909799999907,0.0373689373332632,0.03687066400016192,0.03803066399996169,0.00034136250520704786,"[0.038031, 0.037525, 0.037552, 0.037198, 0.037553, 0.037279, 0.037042, 0.036871, 0.03727]",15.751002961425337,15.043707230556661,16.11238474034446,18,optimal,nan,53.74835205078125,34.63710021972656,410.67704027656873,410.6755291390014,3.67962515338659e-06,0.0070575542039923445,0.0037607621199885373,1.0,1.0,0.1471698113207547,0.2565789473684211,9,2,1e-07,1e-05,1000,8.0,720.0,160.0,280.20563877266994,32.0,1.0,28.0,1.171303074670571,1.6961577198582576,1.0
primary,x86_64,none,0.3.0,2.4.4,32,8,imbalanced,800,8000,0.25,0,0.9975125156445557,5,"[720, 32, 32, 8, 8]",powerlaw,5,0,0,701,691,"[28, 20, 18, 15, 8, 6, 6, 4, 2, 2, 1, 1, 1, 1, 1, 1, 1, 1, 1, 1, 1, 1, 1, 1, 1, 1, 1, 1, 1, 1, 1, 1, 1, 1, 1, 1, 1, 1, 1, 1, 1, 1, 1, 1, 1, 1, 1, 1, 1, 1, 1, 1, 1, 1, 1, 1, 1, 1, 1, 1, 1, 1, 1, 1, 1, 1, 1, 1, 1, 1, 1, 1, 1, 1, 1, 1, 1, 1, 1, 1, 1, 1, 1, 1, 1, 1, 1, 1, 1, 1, 1, 1, 1, 1, 1, 1, 1, 1, 1, 1, 1, 1, 1, 1, 1, 1, 1, 1, 1, 1, 1, 1, 1, 1, 1, 1, 1, 1, 1, 1, 1, 1, 1, 1, 1, 1, 1, 1, 1, 1, 1, 1, 1, 1, 1, 1, 1, 1, 1, 1, 1, 1, 1, 1, 1, 1, 1, 1, 1, 1, 1, 1, 1, 1, 1, 1, 1, 1, 1, 1, 1, 1, 1, 1, 1, 1, 1, 1, 1, 1, 1, 1, 1, 1, 1, 1, 1, 1, 1, 1, 1, 1, 1, 1, 1, 1, 1, 1, 1, 1, 1, 1, 1, 1, 1, 1, 1, 1, 1, 1]",0.5003197400001227,0.5005920325549797,0.4976067449970287,0.5056816300020728,0.002580771421467051,"[0.501363, 0.50032, 0.502844, 0.498402, 0.497844, 0.497607, 0.501068, 0.500199, 0.505682]",0.03544708299887134,0.03559153811107131,0.03513600700171082,0.036247328000172274,0.00039736678374419467,"[0.036247, 0.03615, 0.035447, 0.035315, 0.035136, 0.035724, 0.035242, 0.035718, 0.035345]",14.114553234635789,13.728094523123573,14.392120025973652,18,optimal,nan,53.74835205078125,34.63489055633545,411.961000054235,411.9595753091615,3.4584464872146017e-06,0.007584273891292348,0.0040120075513430204,1.0,1.0,0.12452830188679245,0.2214765100671141,9,2,1e-07,1e-05,1000,8.0,720.0,160.0,280.20563877266994,32.0,1.0,28.0,1.1412268188302426,1.5439442907062055,1.0
primary,x86_64,none,0.3.0,2.4.4,32,8,imbalanced,800,8000,0.3,0,0.9975125156445557,5,"[720, 32, 32, 8, 8]",powerlaw,5,0,0,723,713,"[28, 17, 8, 8, 6, 6, 6, 3, 3, 2, 1, 1, 1, 1, 1, 1, 1, 1, 1, 1, 1, 1, 1, 1, 1, 1, 1, 1, 1, 1, 1, 1, 1, 1, 1, 1, 1, 1, 1, 1, 1, 1, 1, 1, 1, 1, 1, 1, 1, 1, 1, 1, 1, 1, 1, 1, 1, 1, 1, 1, 1, 1, 1, 1, 1, 1, 1, 1, 1, 1, 1, 1, 1, 1, 1, 1, 1, 1, 1, 1, 1, 1, 1, 1, 1, 1, 1, 1, 1, 1, 1, 1, 1, 1, 1, 1, 1, 1, 1, 1, 1, 1, 1, 1, 1, 1, 1, 1, 1, 1, 1, 1, 1, 1, 1, 1, 1, 1, 1, 1, 1, 1, 1, 1, 1, 1, 1, 1, 1, 1, 1, 1, 1, 1, 1, 1, 1, 1, 1, 1, 1, 1, 1, 1, 1, 1, 1, 1, 1, 1, 1, 1, 1, 1, 1, 1, 1, 1, 1, 1, 1, 1, 1, 1, 1, 1, 1, 1, 1, 1, 1, 1, 1, 1, 1, 1, 1, 1, 1, 1, 1, 1, 1, 1, 1, 1, 1, 1, 1, 1, 1, 1, 1, 1, 1, 1, 1, 1, 1, 1]",0.5052720209969266,0.5049577793328758,0.5021315890007827,0.508589357999881,0.0024384234402368803,"[0.508183, 0.505788, 0.508589, 0.502132, 0.503094, 0.505272, 0.502571, 0.506168, 0.502821]",0.0352262439992046,0.03545776944479763,0.034909233003418194,0.03666882400284521,0.0005437526017999627,"[0.036669, 0.03551, 0.035936, 0.035219, 0.035105, 0.035096, 0.034909, 0.035449, 0.035226]",14.343624628510934,13.693692193723509,14.568906682942066,18,optimal,nan,53.74835205078125,34.62817859649658,413.39254582216194,413.39112315836434,3.4414355362132053e-06,0.007270454758978806,0.003862949310234807,1.0,1.0,0.09685534591194969,0.176605504587156,9,2,1e-07,1e-05,1000,8.0,720.0,160.0,280.20563877266994,32.0,1.0,28.0,1.1065006915629323,1.2660037466429723,1.0
primary,x86_64,none,0.3.0,2.4.4,32,8,imbalanced,800,8000,0.35,0,0.9975125156445557,5,"[720, 32, 32, 8, 8]",powerlaw,5,0,0,731,721,"[28, 16, 8, 6, 6, 6, 3, 2, 2, 2, 1, 1, 1, 1, 1, 1, 1, 1, 1, 1, 1, 1, 1, 1, 1, 1, 1, 1, 1, 1, 1, 1, 1, 1, 1, 1, 1, 1, 1, 1, 1, 1, 1, 1, 1, 1, 1, 1, 1, 1, 1, 1, 1, 1, 1, 1, 1, 1, 1, 1, 1, 1, 1, 1, 1, 1, 1, 1, 1, 1, 1, 1, 1, 1, 1, 1, 1, 1, 1, 1, 1, 1, 1, 1, 1, 1, 1, 1, 1, 1, 1, 1, 1, 1, 1, 1, 1, 1, 1, 1, 1, 1, 1, 1, 1, 1, 1, 1, 1, 1, 1, 1, 1, 1, 1, 1, 1, 1, 1, 1, 1, 1, 1, 1, 1, 1, 1, 1, 1, 1, 1, 1, 1, 1, 1, 1, 1, 1, 1, 1, 1, 1, 1, 1, 1, 1, 1, 1, 1, 1, 1, 1, 1, 1, 1, 1, 1, 1, 1, 1, 1, 1, 1, 1, 1, 1, 1, 1, 1, 1, 1, 1, 1, 1, 1, 1, 1, 1, 1, 1, 1, 1, 1, 1, 1, 1, 1, 1, 1, 1, 1, 1, 1, 1, 1, 1, 1, 1, 1, 1]",0.6248909549976815,0.6148046408880974,0.5732074309999007,0.6539337009999144,0.037428763360523594,"[0.575816, 0.575975, 0.580691, 0.573207, 0.624891, 0.653934, 0.649366, 0.653243, 0.646119]",0.03460290899965912,0.03450963900023554,0.033776542000850895,0.035024403001443716,0.0003396563932071189,"[0.033777, 0.034451, 0.034389, 0.035024, 0.034357, 0.03466, 0.034686, 0.03464, 0.034603]",18.058913919746963,16.365944366739754,19.360587622718768,18,optimal,nan,53.74835205078125,34.628061294555664,414.9456796387504,414.9442746438231,3.38597314350517e-06,0.007949451016879605,0.004184807056969609,1.0,1.0,0.08679245283018867,0.1597222222222222,9,2,1e-07,1e-05,1000,8.0,720.0,160.0,280.20563877266994,32.0,1.0,28.0,1.094391244870041,1.2146433298490869,1.0
primary,x86_64,none,0.3.0,2.4.4,32,8,imbalanced,800,8000,0.4,0,0.9975125156445557,5,"[720, 32, 32, 8, 8]",powerlaw,5,0,0,734,724,"[28, 16, 6, 6, 6, 5, 3, 2, 2, 2, 1, 1, 1, 1, 1, 1, 1, 1, 1, 1, 1, 1, 1, 1, 1, 1, 1, 1, 1, 1, 1, 1, 1, 1, 1, 1, 1, 1, 1, 1, 1, 1, 1, 1, 1, 1, 1, 1, 1, 1, 1, 1, 1, 1, 1, 1, 1, 1, 1, 1, 1, 1, 1, 1, 1, 1, 1, 1, 1, 1, 1, 1, 1, 1, 1, 1, 1, 1, 1, 1, 1, 1, 1, 1, 1, 1, 1, 1, 1, 1, 1, 1, 1, 1, 1, 1, 1, 1, 1, 1, 1, 1, 1, 1, 1, 1, 1, 1, 1, 1, 1, 1, 1, 1, 1, 1, 1, 1, 1, 1, 1, 1, 1, 1, 1, 1, 1, 1, 1, 1, 1, 1, 1, 1, 1, 1, 1, 1, 1, 1, 1, 1, 1, 1, 1, 1, 1, 1, 1, 1, 1, 1, 1, 1, 1, 1, 1, 1, 1, 1, 1, 1, 1, 1, 1, 1, 1, 1, 1, 1, 1, 1, 1, 1, 1, 1, 1, 1, 1, 1, 1, 1, 1, 1, 1, 1, 1, 1, 1, 1, 1, 1, 1, 1, 1, 1, 1, 1, 1, 1]",0.5763336310010345,0.591539621221778,0.5688654639998276,0.6586129080023966,0.03414983838481341,"[0.577547, 0.576216, 0.576334, 0.568865, 0.573038, 0.57739, 0.572043, 0.643811, 0.658613]",0.033345550000376534,0.03419645444470613,0.03296086200134596,0.0408885190008732,0.0025512938681570363,"[0.040889, 0.034407, 0.033391, 0.033346, 0.032961, 0.033682, 0.032974, 0.033091, 0.033029]",17.283674463145058,13.912596442724647,19.98166516323214,18,optimal,nan,53.74835205078125,34.62849807739258,416.1100731071877,416.1086737846589,3.3628662684437115e-06,0.007423488828586899,0.003935301574806364,1.0,1.0,0.0830188679245283,0.15331010452961671,9,2,1e-07,1e-05,1000,8.0,720.0,160.0,280.20563877266994,32.0,1.0,28.0,1.0899182561307903,1.193799486524595,1.0
primary,x86_64,none,0.3.0,2.4.4,32,8,many_tiny,100,200,0.05,0,0.9808080808080808,5,"[20, 20, 20, 20, 20]",powerlaw,5,0,0,1,0,[100],0.012939284999447409,0.0129693633332661,0.012903664999612374,0.013119756000378402,7.302921668653469e-05,"[0.012993, 0.012936, 0.012904, 0.012924, 0.01295, 0.012939, 0.012907, 0.013052, 0.01312]",0.014029234000190627,0.014037544444565557,0.013967492999654496,0.014155089000269072,5.896360919471449e-05,"[0.013967, 0.014095, 0.01401, 0.014155, 0.014029, 0.014049, 0.014048, 0.014009, 0.013975]",0.9223087304176117,0.9115919369611233,0.939306431061246,26,optimal,nan,0.9413604736328125,1.4787569046020508,100.9281872616973,100.9281872616973,0.0,0.0,0.0,1.0,0.03555750658472344,0.8526315789473684,0.06826801517067003,9,2,1e-07,1e-05,1000,20.0,20.0,20.0,0.0,20.0,100.0,100.0,100.0,0.0,100.0
primary,x86_64,none,0.3.0,2.4.4,32,8,many_tiny,100,200,0.1,0,0.9808080808080808,5,"[20, 20, 20, 20, 20]",powerlaw,5,0,0,1,0,[100],0.021588824998616474,0.02165848033311906,0.021542520000366494,0.02189633799935109,0.0001296302415955025,"[0.021896, 0.021789, 0.021641, 0.021778, 0.021586, 0.021589, 0.021543, 0.021557, 0.021547]",0.022548169999936363,0.02253247099967363,0.022387884000636404,0.022658588997728657,8.858132269385818e-05,"[0.022388, 0.022419, 0.022523, 0.022561, 0.022559, 0.022659, 0.022634, 0.022502, 0.022548]",0.9574535316470207,0.9507441086700482,0.9780441063000264,43,optimal,nan,0.9413604736328125,1.4787569046020508,108.0269230752385,108.0269230752385,0.0,0.0,0.0,1.0,0.07592407592407592,0.8,0.1386861313868613,9,2,1e-07,1e-05,1000,20.0,20.0,20.0,0.0,20.0,100.0,100.0,100.0,0.0,100.0
primary,x86_64,none,0.3.0,2.4.4,32,8,many_tiny,100,200,0.15,0,0.9808080808080808,5,"[20, 20, 20, 20, 20]",powerlaw,5,0,0,1,0,[100],0.030201557998225326,0.030160926221772872,0.029857239002012648,0.030536378999386216,0.00020993858653642152,"[0.030536, 0.029968, 0.030288, 0.030065, 0.030202, 0.029857, 0.030202, 0.030002, 0.030329]",0.031283196000003954,0.031315385555192025,0.031176338001387194,0.03153134400054114,0.00011358900517134163,"[0.031265, 0.031531, 0.0313, 0.031403, 0.031416, 0.031176, 0.031283, 0.031204, 0.031259]",0.9654243127275586,0.9469066399928985,0.9794729258461176,55,optimal,nan,0.9413604736328125,1.478799819946289,110.35541902146176,110.35541902146176,0.0,0.0,0.0,1.0,0.17761557177615572,0.7684210526315789,0.2885375494071146,9,2,1e-07,1e-05,1000,20.0,20.0,20.0,0.0,20.0,100.0,100.0,100.0,0.0,100.0
primary,x86_64,none,0.3.0,2.4.4,32,8,many_tiny,100,200,0.2,0,0.9808080808080808,5,"[20, 20, 20, 20, 20]",powerlaw,5,0,0,8,6,"[92, 2, 1, 1, 1, 1, 1, 1]",0.03024548900066293,0.030241795332888916,0.02997953199883341,0.030644424998172326,0.0001948140267394094,"[0.030644, 0.030041, 0.030193, 0.030306, 0.030346, 0.02998, 0.030245, 0.030129, 0.030291]",0.026444915998581564,0.02646905733329024,0.02628581599856261,0.02665981800237205,0.00015167028904337644,"[0.026653, 0.026445, 0.026369, 0.02666, 0.026286, 0.026476, 0.026372, 0.026307, 0.026654]",1.143716584400768,1.124521255027547,1.1658160050975042,55,optimal,nan,0.9413604736328125,1.2919254302978516,111.3716102881929,111.37161025484023,2.9947185613508427e-10,1.3491260282758044e-05,1.115267651694494e-05,1.0,0.38650306748466257,0.6631578947368421,0.48837209302325585,9,2,1e-07,1e-05,1000,20.0,20.0,20.0,0.0,20.0,1.0,92.0,12.5,30.04995840263344,1.0
primary,x86_64,none,0.3.0,2.4.4,32,8,many_tiny,100,200,0.25,0,0.9808080808080808,5,"[20, 20, 20, 20, 20]",powerlaw,5,0,0,21,16,"[75, 3, 2, 2, 2, 1, 1, 1, 1, 1, 1, 1, 1, 1, 1, 1, 1, 1, 1, 1, 1]",0.030332163001730805,0.030343112222504312,0.030143379997753073,0.030726348999451147,0.0001649320998523432,"[0.030726, 0.030218, 0.030388, 0.030332, 0.030269, 0.030143, 0.030349, 0.03027, 0.030392]",0.021563891998084728,0.021543971221641794,0.021398854998551542,0.021647002999088727,0.00010333148751808091,"[0.021638, 0.021399, 0.021564, 0.021628, 0.021641, 0.021647, 0.021448, 0.021524, 0.021408]",1.4066182025222933,1.3924966887574237,1.4358875276986067,55,optimal,nan,0.9413604736328125,0.9486055374145508,113.79517972232036,113.79517965743997,5.701505293472396e-10,3.741010217522822e-05,2.9095497984444624e-05,1.0,0.6739130434782609,0.6526315789473685,0.6631016042780747,9,2,1e-07,1e-05,1000,20.0,20.0,20.0,0.0,20.0,1.0,75.0,4.761904761904762,15.714430013767483,1.0
primary,x86_64,none,0.3.0,2.4.4,32,8,many_tiny,100,200,0.3,0,0.9808080808080808,5,"[20, 20, 20, 20, 20]",powerlaw,5,0,0,40,20,"[25, 9, 4, 4, 3, 3, 3, 3, 3, 3, 2, 2, 2, 2, 2, 2, 2, 2, 2, 2, 1, 1, 1, 1, 1, 1, 1, 1, 1, 1, 1, 1, 1, 1, 1, 1, 1, 1, 1, 1]",0.030164752999553457,0.030243642222356155,0.02997953199883341,0.030690730000060285,0.00021615710988043637,"[0.030691, 0.030446, 0.030216, 0.02998, 0.030333, 0.030165, 0.030107, 0.030092, 0.030164]",0.010108741997100879,0.010105707666500367,0.010063624002214056,0.010143174000404542,2.5768506850098592e-05,"[0.010077, 0.010136, 0.010143, 0.010109, 0.01011, 0.010119, 0.010098, 0.010096, 0.010064]",2.9840264009314423,2.9556361744004125,3.0496697803205035,57,optimal,nan,0.9413604736328125,0.7088327407836914,114.54163299263375,114.54163299368113,9.144121641271616e-12,5.91249813353123e-06,4.573655340693167e-06,1.0,0.8833333333333333,0.5578947368421052,0.6838709677419355,9,2,1e-07,1e-05,1000,20.0,20.0,20.0,0.0,20.0,1.0,25.0,2.5,3.8794329482541645,1.5
primary,x86_64,none,0.3.0,2.4.4,32,8,many_tiny,100,200,0.35,0,0.9808080808080808,5,"[20, 20, 20, 20, 20]",powerlaw,5,0,0,54,34,"[17, 4, 4, 4, 3, 3, 3, 3, 3, 2, 2, 2, 2, 2, 2, 2, 2, 2, 2, 2, 1, 1, 1, 1, 1, 1, 1, 1, 1, 1, 1, 1, 1, 1, 1, 1, 1, 1, 1, 1, 1, 1, 1, 1, 1, 1, 1, 1, 1, 1, 1, 1, 1, 1]",0.027708212001016364,0.027535128444368537,0.02695070899790153,0.027988415997242555,0.000372531968475898,"[0.027138, 0.026951, 0.027166, 0.027433, 0.027814, 0.027831, 0.027988, 0.027788, 0.027708]",0.009617196999897715,0.009624320444143249,0.009555456999805756,0.00970505800069077,5.177730744807642e-05,"[0.009705, 0.00969, 0.00966, 0.009617, 0.009609, 0.009627, 0.009555, 0.009584, 0.009572]",2.8811109932874475,2.7769755725296315,2.9290504889312468,52,optimal,nan,0.9413604736328125,0.7053213119506836,113.49949003082715,113.49949000780795,2.0281322152886272e-10,5.363531564608892e-05,4.571728855928019e-05,1.0,0.9782608695652174,0.47368421052631576,0.6382978723404256,9,2,1e-07,1e-05,1000,20.0,20.0,20.0,0.0,20.0,1.0,17.0,1.8518518518518519,2.25591738264312,1.0
primary,x86_64,none,0.3.0,2.4.4,32,8,many_tiny,100,200,0.4,0,0.9808080808080808,5,"[20, 20, 20, 20, 20]",powerlaw,5,0,0,53,33,"[19, 5, 4, 3, 3, 3, 3, 3, 2, 2, 2, 2, 2, 2, 2, 2, 2, 2, 2, 2, 1, 1, 1, 1, 1, 1, 1, 1, 1, 1, 1, 1, 1, 1, 1, 1, 1, 1, 1, 1, 1, 1, 1, 1, 1, 1, 1, 1, 1, 1, 1, 1, 1]",0.028064404999895487,0.027981556555055756,0.027508743998623686,0.02831136399981915,0.0002568771971855861,"[0.027651, 0.027509, 0.028015, 0.027897, 0.028064, 0.028066, 0.028151, 0.028311, 0.02817]",0.009296624000853626,0.009339366666810948,0.009287125001719687,0.009513900997262681,7.990332404086648e-05,"[0.009432, 0.009338, 0.009295, 0.009294, 0.009297, 0.009287, 0.009514, 0.009307, 0.009289]",3.018773804051727,2.8914263461999914,3.048452992134462,53,optimal,nan,0.9413604736328125,0.7061100006103516,116.97525109051463,116.97525109001043,4.3103230862502686e-12,2.908441859905686e-06,2.510437829670679e-06,1.0,0.9375,0.47368421052631576,0.6293706293706294,9,2,1e-07,1e-05,1000,20.0,20.0,20.0,0.0,20.0,1.0,19.0,1.8867924528301887,2.5302723946022954,1.0
primary,x86_64,none,0.3.0,2.4.4,32,8,many_tiny,100,500,0.05,0,0.9808080808080808,5,"[20, 20, 20, 20, 20]",powerlaw,5,0,0,1,0,[100],0.01753535500029102,0.01753733377821239,0.01719815900287358,0.017858303002867615,0.0002295615534614014,"[0.017445, 0.017198, 0.017296, 0.017364, 0.017535, 0.017624, 0.017724, 0.017791, 0.017858]",0.018749971000943333,0.018798650777171133,0.01865379900118569,0.01914771899828338,0.00014894203891388017,"[0.018692, 0.018783, 0.018895, 0.019148, 0.01875, 0.018708, 0.018814, 0.018744, 0.018654]",0.9352203797759898,0.8981831728581049,0.957354745900955,33,optimal,nan,0.9413604736328125,1.478799819946289,108.12526561560612,108.12526561560612,0.0,0.0,0.0,1.0,0.05351170568561873,0.8421052631578947,0.10062893081761007,9,2,1e-07,1e-05,1000,20.0,20.0,20.0,0.0,20.0,100.0,100.0,100.0,0.0,100.0
primary,x86_64,none,0.3.0,2.4.4,32,8,many_tiny,100,500,0.1,0,0.9808080808080808,5,"[20, 20, 20, 20, 20]",powerlaw,5,0,0,1,0,[100],0.02879103699888219,0.02882744788924659,0.028551200997753767,0.029091426000377396,0.00016376890442682603,"[0.029064, 0.029091, 0.028842, 0.028773, 0.028796, 0.028551, 0.02878, 0.028758, 0.028791]",0.02991185599967139,0.02991264766711134,0.029707639001571806,0.03017781300150091,0.00014361891560021187,"[0.029837, 0.029917, 0.030178, 0.030032, 0.030014, 0.029829, 0.029912, 0.029708, 0.029788]",0.9625292726468893,0.9460990760441705,0.9792574226056199,54,optimal,nan,0.9413604736328125,1.4787569046020508,110.21700088289103,110.21700088289103,0.0,0.0,0.0,1.0,0.2,0.7578947368421053,0.31648351648351647,9,2,1e-07,1e-05,1000,20.0,20.0,20.0,0.0,20.0,100.0,100.0,100.0,0.0,100.0
primary,x86_64,none,0.3.0,2.4.4,32,8,many_tiny,100,500,0.15,0,0.9808080808080808,5,"[20, 20, 20, 20, 20]",powerlaw,5,0,0,9,7,"[91, 2, 1, 1, 1, 1, 1, 1, 1]",0.030294169002445415,0.030251954000252428,0.029840618000889663,0.030524506997608114,0.00023213539002504458,"[0.030369, 0.030294, 0.030525, 0.030426, 0.03001, 0.029841, 0.030094, 0.030491, 0.030218]",0.027615601997240447,0.027702803111120982,0.02742681900053867,0.028180761000839993,0.00026234039509902225,"[0.028181, 0.028009, 0.027616, 0.027485, 0.027427, 0.027618, 0.027595, 0.027499, 0.027896]",1.096994699064414,1.0589003611364574,1.1129437576048686,56,optimal,nan,0.9413604736328125,1.2714204788208008,111.71936575785612,111.71936568698376,6.343784709484619e-10,3.57915967670458e-05,3.103110888044544e-05,1.0,0.546875,0.7368421052631579,0.6278026905829596,9,2,1e-07,1e-05,1000,20.0,20.0,20.0,0.0,20.0,1.0,91.0,11.11111111111111,28.246708537631008,1.0
primary,x86_64,none,0.3.0,2.4.4,32,8,many_tiny,100,500,0.2,0,0.9808080808080808,5,"[20, 20, 20, 20, 20]",powerlaw,5,0,0,30,11,"[29, 10, 6, 5, 4, 4, 3, 3, 3, 3, 3, 2, 2, 2, 2, 2, 2, 2, 2, 1, 1, 1, 1, 1, 1, 1, 1, 1, 1, 1]",0.02838141600295785,0.02836268277800021,0.028116645997215528,0.028501333999884082,0.00012850348145721573,"[0.028501, 0.028476, 0.028442, 0.028322, 0.028239, 0.028476, 0.028381, 0.028309, 0.028117]",0.011022968999895966,0.011006347221458176,0.010894740000367165,0.011033654998755082,4.358407897549365e-05,"[0.011029, 0.011024, 0.011023, 0.011034, 0.010991, 0.011016, 0.011021, 0.011025, 0.010895]",2.574752410464523,2.548262203266996,2.61606371505181,52,optimal,nan,0.9413604736328125,0.7114906311035156,112.64908909956783,112.6490890985626,8.92358063455571e-12,7.60768955160307e-06,6.508326683353243e-06,1.0,0.8611111111111112,0.6526315789473685,0.7425149700598802,9,2,1e-07,1e-05,1000,20.0,20.0,20.0,0.0,20.0,1.0,29.0,3.3333333333333335,5.127269145353001,2.0
primary,x86_64,none,0.3.0,2.4.4,32,8,many_tiny,100,500,0.25,0,0.9808080808080808,5,"[20, 20, 20, 20, 20]",powerlaw,5,0,0,41,20,"[13, 9, 5, 5, 4, 4, 3, 3, 3, 3, 3, 3, 3, 3, 3, 3, 2, 2, 2, 2, 2, 1, 1, 1, 1, 1, 1, 1, 1, 1, 1, 1, 1, 1, 1, 1, 1, 1, 1, 1, 1]",0.02809290000004694,0.028027466000316456,0.027473124999232823,0.02846452700032387,0.00030503040873739037,"[0.027473, 0.027679, 0.027873, 0.028088, 0.028093, 0.028125, 0.02818, 0.028272, 0.028465]",0.010827062997122994,0.010782737222244678,0.010456624000653392,0.010908987002039794,0.00013297549758315287,"[0.010853, 0.01085, 0.010827, 0.010829, 0.010786, 0.010818, 0.010909, 0.010717, 0.010457]",2.594692577988314,2.5183937788261934,2.7221526755236907,56,optimal,nan,0.9413604736328125,0.701115608215332,114.70990764142519,114.70990764192783,4.38181794067784e-12,7.917126506495897e-06,7.030775208441728e-06,1.0,0.9516129032258065,0.6210526315789474,0.7515923566878981,9,2,1e-07,1e-05,1000,20.0,20.0,20.0,0.0,20.0,1.0,13.0,2.4390243902439024,2.306393875018356,2.0
primary,x86_64,none,0.3.0,2.4.4,32,8,many_tiny,100,500,0.3,0,0.9808080808080808,5,"[20, 20, 20, 20, 20]",powerlaw,5,0,0,45,23,"[13, 9, 5, 4, 4, 3, 3, 3, 3, 3, 3, 3, 3, 2, 2, 2, 2, 2, 2, 2, 2, 2, 1, 1, 1, 1, 1, 1, 1, 1, 1, 1, 1, 1, 1, 1, 1, 1, 1, 1, 1, 1, 1, 1, 1]",0.026088724000146613,0.025980018888933247,0.025392961000761716,0.026349930998549098,0.00037737044686724565,"[0.025393, 0.02555, 0.025624, 0.02589, 0.026089, 0.02633, 0.026259, 0.02635, 0.026336]",0.00946047199977329,0.009466408444697864,0.0094224780004879,0.009524585999315605,3.3602913153333765e-05,"[0.009525, 0.009495, 0.00946, 0.009471, 0.009495, 0.009447, 0.009422, 0.009455, 0.009427]",2.7576556434786554,2.6660435427415266,2.796496950927844,52,optimal,nan,0.9413604736328125,0.7024736404418945,114.93754851539728,114.9375485162281,7.228476862443878e-12,5.524981401328066e-06,4.999545492767653e-06,1.0,0.9818181818181818,0.5684210526315789,0.72,9,2,1e-07,1e-05,1000,20.0,20.0,20.0,0.0,20.0,1.0,13.0,2.2222222222222223,2.18976293885778,1.0
primary,x86_64,none,0.3.0,2.4.4,32,8,many_tiny,100,500,0.35,0,0.9808080808080808,5,"[20, 20, 20, 20, 20]",powerlaw,5,0,0,52,31,"[11, 9, 4, 4, 3, 3, 3, 3, 3, 3, 3, 2, 2, 2, 2, 2, 2, 2, 2, 2, 2, 1, 1, 1, 1, 1, 1, 1, 1, 1, 1, 1, 1, 1, 1, 1, 1, 1, 1, 1, 1, 1, 1, 1, 1, 1, 1, 1, 1, 1, 1, 1]",0.02499402600005851,0.02489561077810423,0.02446923499883269,0.025242173000151524,0.0002669026121647671,"[0.024651, 0.024469, 0.024593, 0.024868, 0.024994, 0.025096, 0.025039, 0.025108, 0.025242]",0.009650441999838222,0.009675506666907394,0.009585138999682385,0.009925897000357509,9.746873310007564e-05,"[0.00965, 0.009649, 0.009624, 0.009926, 0.009672, 0.009646, 0.009585, 0.009666, 0.009661]",2.5899358807065527,2.465191306936931,2.6334696868754803,50,optimal,nan,0.9413604736328125,0.7022733688354492,115.5449550802112,115.54495508067826,4.042306837198612e-12,1.1417297815285998e-05,9.535257225454754e-06,1.0,1.0,0.5052631578947369,0.6713286713286714,9,2,1e-07,1e-05,1000,20.0,20.0,20.0,0.0,20.0,1.0,11.0,1.9230769230769231,1.8381235608228492,1.0
primary,x86_64,none,0.3.0,2.4.4,32,8,many_tiny,100,500,0.4,0,0.9808080808080808,5,"[20, 20, 20, 20, 20]",powerlaw,5,0,0,57,37,"[11, 8, 4, 3, 3, 3, 3, 3, 3, 2, 2, 2, 2, 2, 2, 2, 2, 2, 2, 2, 1, 1, 1, 1, 1, 1, 1, 1, 1, 1, 1, 1, 1, 1, 1, 1, 1, 1, 1, 1, 1, 1, 1, 1, 1, 1, 1, 1, 1, 1, 1, 1, 1, 1, 1, 1, 1]",0.024996399999508867,0.024792974889149062,0.02431844800230465,0.025153124999633292,0.00032809230819657675,"[0.024371, 0.024318, 0.024474, 0.024716, 0.024996, 0.025066, 0.025007, 0.025034, 0.025153]",0.00942960199972731,0.009448862777693042,0.009410604998265626,0.009515088000625838,4.096552898414392e-05,"[0.009515, 0.009452, 0.009513, 0.00943, 0.009417, 0.009421, 0.009417, 0.009465, 0.009411]",2.650843588120869,2.5557775188947436,2.6728488768011207,50,optimal,nan,0.9413604736328125,0.7029790878295898,116.92727864353839,116.92727864368811,1.2805015819774441e-12,4.303805664629401e-06,3.6164689396513083e-06,1.0,1.0,0.45263157894736844,0.6231884057971014,9,2,1e-07,1e-05,1000,20.0,20.0,20.0,0.0,20.0,1.0,11.0,1.7543859649122806,1.6783523849966873,1.0
primary,x86_64,none,0.3.0,2.4.4,32,8,many_tiny,100,1000,0.05,0,0.9808080808080808,5,"[20, 20, 20, 20, 20]",powerlaw,5,0,0,1,0,[100],0.020426450999366352,0.020442413888910476,0.02004888699957519,0.020775520002644043,0.00026217616639664503,"[0.020049, 0.020304, 0.020174, 0.020263, 0.020426, 0.020569, 0.020711, 0.02071, 0.020776]",0.021325244000763632,0.021316140666992094,0.021220760001597228,0.02145347199984826,6.74364845911477e-05,"[0.021453, 0.021325, 0.021305, 0.021221, 0.02126, 0.021334, 0.021337, 0.02135, 0.02126]",0.9578530964820334,0.9345287792911559,0.979018659137577,41,optimal,nan,0.9413604736328125,1.478799819946289,109.32570362791158,109.32570362791158,0.0,0.0,0.0,1.0,0.09799291617473435,0.8736842105263158,0.1762208067940552,9,2,1e-07,1e-05,1000,20.0,20.0,20.0,0.0,20.0,100.0,100.0,100.0,0.0,100.0
primary,x86_64,none,0.3.0,2.4.4,32,8,many_tiny,100,1000,0.1,0,0.9808080808080808,5,"[20, 20, 20, 20, 20]",powerlaw,5,0,0,9,5,"[89, 2, 2, 2, 1, 1, 1, 1, 1]",0.025872633999824757,0.02588450699962171,0.025704036001116037,0.026010361001681304,0.00010539672205344636,"[0.025824, 0.026007, 0.025958, 0.02601, 0.025814, 0.025704, 0.02596, 0.02581, 0.025873]",0.022259655001107603,0.022277728444654105,0.022143299000163097,0.022457936000137124,0.00010818322283524,"[0.022458, 0.022329, 0.022348, 0.022388, 0.02226, 0.022175, 0.022143, 0.022216, 0.022184]",1.1623106467075692,1.1445413327813871,1.1746380248710784,51,optimal,nan,0.9413604736328125,1.2267580032348633,110.29394573591279,110.29394570680272,2.6393170384578193e-10,1.4158323020194152e-05,1.1753022670089615e-05,1.0,0.5343511450381679,0.7368421052631579,0.6194690265486725,9,2,1e-07,1e-05,1000,20.0,20.0,20.0,0.0,20.0,1.0,89.0,11.11111111111111,27.541663164677313,1.0
primary,x86_64,none,0.3.0,2.4.4,32,8,many_tiny,100,1000,0.15,0,0.9808080808080808,5,"[20, 20, 20, 20, 20]",powerlaw,5,0,0,28,10,"[23, 10, 7, 6, 5, 5, 4, 4, 3, 3, 3, 3, 3, 3, 2, 2, 2, 2, 1, 1, 1, 1, 1, 1, 1, 1, 1, 1]",0.027102685999125242,0.027122869666426495,0.026903218000370543,0.02755148700089194,0.00018609573787313464,"[0.027551, 0.027211, 0.026996, 0.027144, 0.027134, 0.027075, 0.027103, 0.026989, 0.026903]",0.012180595000245376,0.012107773443858605,0.011642743997072103,0.012257769998541335,0.00020807141852274342,"[0.012232, 0.012181, 0.012171, 0.012164, 0.012187, 0.012258, 0.012255, 0.01188, 0.011643]",2.2250707784454917,2.19478893824668,2.3664083834378338,53,optimal,nan,0.9413604736328125,0.7048101425170898,111.93239607284237,111.93239606195077,9.730513541919451e-11,2.13754263606869e-05,1.8826412532174507e-05,1.0,0.9178082191780822,0.7052631578947368,0.7976190476190476,9,2,1e-07,1e-05,1000,20.0,20.0,20.0,0.0,20.0,1.0,23.0,3.5714285714285716,4.304719763805531,2.5
primary,x86_64,none,0.3.0,2.4.4,32,8,many_tiny,100,1000,0.2,0,0.9808080808080808,5,"[20, 20, 20, 20, 20]",powerlaw,5,0,0,36,14,"[12, 10, 6, 5, 5, 4, 4, 4, 3, 3, 3, 3, 3, 3, 3, 3, 2, 2, 2, 2, 2, 2, 1, 1, 1, 1, 1, 1, 1, 1, 1, 1, 1, 1, 1, 1]",0.02893588900042232,0.02882573333327956,0.02809171300032176,0.029222029999800725,0.00041455559703885986,"[0.028092, 0.028278, 0.028614, 0.028897, 0.028973, 0.028936, 0.029214, 0.029222, 0.029207]",0.011209377000341192,0.011196448666952265,0.010843686002772301,0.011481270001240773,0.0001650020416284662,"[0.011258, 0.011209, 0.011237, 0.011145, 0.011481, 0.011171, 0.01125, 0.011173, 0.010844]",2.581400286522754,2.446742651055668,2.694842878365328,58,optimal,nan,0.9413604736328125,0.7008819580078125,113.78957526929825,113.78957527012597,7.274051519465217e-12,8.891814830908062e-06,7.724486547423931e-06,1.0,1.0,0.6736842105263158,0.8050314465408805,9,2,1e-07,1e-05,1000,20.0,20.0,20.0,0.0,20.0,1.0,12.0,2.7777777777777777,2.4165070189923945,2.0
primary,x86_64,none,0.3.0,2.4.4,32,8,many_tiny,100,1000,0.25,0,0.9808080808080808,5,"[20, 20, 20, 20, 20]",powerlaw,5,0,0,41,17,"[13, 10, 5, 4, 3, 3, 3, 3, 3, 3, 3, 3, 3, 3, 3, 2, 2, 2, 2, 2, 2, 2, 2, 2, 1, 1, 1, 1, 1, 1, 1, 1, 1, 1, 1, 1, 1, 1, 1, 1, 1]",0.024071488001936814,0.024006053443978697,0.023475457997847116,0.024701948001165874,0.0004092893607329406,"[0.023475, 0.023618, 0.023624, 0.023792, 0.024071, 0.024133, 0.024231, 0.024702, 0.024407]",0.0109303600002022,0.010904898555357553,0.010670338997442741,0.010986163000779925,9.25665281608151e-05,"[0.010986, 0.010933, 0.010911, 0.010928, 0.01093, 0.010882, 0.010953, 0.010951, 0.01067]",2.202259395069469,2.136820471003439,2.3150106109174184,48,optimal,nan,0.9413604736328125,0.7030096054077148,114.70120613890995,114.70120613919461,2.4817318002347254e-12,4.8183920083322285e-06,4.274180660128708e-06,1.0,0.9830508474576272,0.6105263157894737,0.7532467532467533,9,2,1e-07,1e-05,1000,20.0,20.0,20.0,0.0,20.0,1.0,13.0,2.4390243902439024,2.306393875018356,2.0
primary,x86_64,none,0.3.0,2.4.4,32,8,many_tiny,100,1000,0.3,0,0.9808080808080808,5,"[20, 20, 20, 20, 20]",powerlaw,5,0,0,45,21,"[11, 9, 5, 4, 3, 3, 3, 3, 3, 3, 3, 3, 3, 3, 2, 2, 2, 2, 2, 2, 2, 2, 2, 2, 1, 1, 1, 1, 1, 1, 1, 1, 1, 1, 1, 1, 1, 1, 1, 1, 1, 1, 1, 1, 1]",0.023376912999083288,0.023259896333507238,0.022814128002210055,0.023539572997833602,0.00028446804425116194,"[0.022814, 0.022839, 0.023072, 0.02327, 0.023377, 0.023483, 0.02354, 0.023518, 0.023427]",0.01037351199920522,0.01037509511135997,0.01023578400054248,0.010540922001382569,9.023160241661289e-05,"[0.01044, 0.010407, 0.01041, 0.010374, 0.010541, 0.010311, 0.01037, 0.010288, 0.010236]",2.2535196374067277,2.1643389448491988,2.2997332687546006,47,optimal,nan,0.9413604736328125,0.7023630142211914,115.59851529718713,115.59851529756959,3.3084917394223475e-12,5.819581535337903e-06,5.104407343818178e-06,1.0,1.0,0.5789473684210527,0.7333333333333334,9,2,1e-07,1e-05,1000,20.0,20.0,20.0,0.0,20.0,1.0,11.0,2.2222222222222223,1.9537870791407348,2.0
primary,x86_64,none,0.3.0,2.4.4,32,8,many_tiny,100,1000,0.35,0,0.9808080808080808,5,"[20, 20, 20, 20, 20]",powerlaw,5,0,0,52,32,"[11, 9, 5, 4, 3, 3, 3, 3, 3, 3, 3, 2, 2, 2, 2, 2, 2, 2, 2, 2, 1, 1, 1, 1, 1, 1, 1, 1, 1, 1, 1, 1, 1, 1, 1, 1, 1, 1, 1, 1, 1, 1, 1, 1, 1, 1, 1, 1, 1, 1, 1, 1]",0.0255140669978573,0.025372117778008234,0.024769624000327894,0.025998488999903202,0.00044083450389790645,"[0.02477, 0.02488, 0.024888, 0.025267, 0.025514, 0.025657, 0.025609, 0.025998, 0.025766]",0.00951271300073131,0.009512317777989665,0.009465221002756152,0.009568517001753207,2.978355893510382e-05,"[0.009496, 0.009513, 0.009506, 0.009484, 0.009569, 0.009521, 0.009527, 0.009531, 0.009465]",2.6821020455358897,2.588658618236184,2.746738717704824,51,optimal,nan,0.9413604736328125,0.7023601531982422,115.60479750019913,115.60479750048833,2.5016704372375015e-12,5.578151292290334e-06,4.983121826765346e-06,1.0,1.0,0.5052631578947369,0.6713286713286714,9,2,1e-07,1e-05,1000,20.0,20.0,20.0,0.0,20.0,1.0,11.0,1.9230769230769231,1.869246596957364,1.0
primary,x86_64,none,0.3.0,2.4.4,32,8,many_tiny,100,1000,0.4,0,0.9808080808080808,5,"[20, 20, 20, 20, 20]",powerlaw,5,0,0,55,35,"[11, 8, 4, 4, 3, 3, 3, 3, 3, 3, 2, 2, 2, 2, 2, 2, 2, 2, 2, 2, 1, 1, 1, 1, 1, 1, 1, 1, 1, 1, 1, 1, 1, 1, 1, 1, 1, 1, 1, 1, 1, 1, 1, 1, 1, 1, 1, 1, 1, 1, 1, 1, 1, 1, 1]",0.021999634998792317,0.021949372443891155,0.02160900999660953,0.022221661998628406,0.00023505648624365272,"[0.021609, 0.021643, 0.021757, 0.021909, 0.022, 0.022198, 0.022168, 0.022222, 0.022038]",0.009744237999257166,0.009736191444567844,0.009640943000704283,0.009820226001465926,4.790139387019105e-05,"[0.009749, 0.009758, 0.009641, 0.009701, 0.009744, 0.009748, 0.00982, 0.009739, 0.009724]",2.2577070675479622,2.200459540685094,2.304926187926335,44,optimal,nan,0.9413604736328125,0.7026309967041016,117.0638585296549,117.06385852966943,1.241861028352224e-13,5.564798971846585e-06,4.928801310975476e-06,1.0,1.0,0.47368421052631576,0.6428571428571429,9,2,1e-07,1e-05,1000,20.0,20.0,20.0,0.0,20.0,1.0,11.0,1.8181818181818181,1.727751129920669,1.0
primary,x86_64,none,0.3.0,2.4.4,32,8,many_tiny,200,400,0.05,0,0.9904522613065326,10,"[20, 20, 20, 20, 20, 20, 20, 20, 20, 20]",powerlaw,10,0,0,1,0,[200],0.04856803200163995,0.04866077355513375,0.04775591299767257,0.049408645998482825,0.00047166348706044806,"[0.047756, 0.048862, 0.048397, 0.049409, 0.048559, 0.049036, 0.048568, 0.048936, 0.048424]",0.0508832830018946,0.05095557688926217,0.050656506999075646,0.05126915799701237,0.00022626506062672425,"[0.05115, 0.051057, 0.050871, 0.051269, 0.051217, 0.050657, 0.050806, 0.050883, 0.05069]",0.9544987889211386,0.9314744938946621,0.9753662249034346,27,optimal,nan,3.385162353515625,5.8297576904296875,209.3994550588552,209.3994550588552,0.0,0.0,0.0,1.0,0.02394578313253012,0.8368421052631579,0.046559297218155195,9,2,1e-07,1e-05,1000,20.0,20.0,20.0,0.0,20.0,200.0,200.0,200.0,0.0,200.0
primary,x86_64,none,0.3.0,2.4.4,32,8,many_tiny,200,400,0.1,0,0.9904522613065326,10,"[20, 20, 20, 20, 20, 20, 20, 20, 20, 20]",powerlaw,10,0,0,1,0,[200],0.0962111510016257,0.09633238800031702,0.09576234800260863,0.09719068000049447,0.0004224638536752047,"[0.095762, 0.096539, 0.096078, 0.097191, 0.096091, 0.096605, 0.096211, 0.096481, 0.096033]",0.09882797899990692,0.09878088222184386,0.09838867399957962,0.09919604399692616,0.00027084026372312505,"[0.098739, 0.098389, 0.099073, 0.098859, 0.098828, 0.09865, 0.09841, 0.099196, 0.098885]",0.9735213850899077,0.9653847486657439,0.9878238627436906,54,optimal,nan,3.385162353515625,5.829800605773926,217.87410476816436,217.87410476816436,0.0,0.0,0.0,1.0,0.08045356371490281,0.7842105263157895,0.14593535749265424,9,2,1e-07,1e-05,1000,20.0,20.0,20.0,0.0,20.0,200.0,200.0,200.0,0.0,200.0
primary,x86_64,none,0.3.0,2.4.4,32,8,many_tiny,200,400,0.15,0,0.9904522613065326,10,"[20, 20, 20, 20, 20, 20, 20, 20, 20, 20]",powerlaw,10,0,0,5,3,"[195, 2, 1, 1, 1]",0.09567092699944624,0.09588464177755264,0.09548689299845137,0.09715149999829009,0.0005147885824585216,"[0.097151, 0.095874, 0.095587, 0.095487, 0.09565, 0.095577, 0.096146, 0.095819, 0.095671]",0.09709450899754302,0.09712577488931452,0.09680480600218289,0.09760742600337835,0.00025487124079601317,"[0.097032, 0.09715, 0.097095, 0.097607, 0.096856, 0.097382, 0.096805, 0.097235, 0.096971]",0.9853381822227166,0.9782748803881623,1.0035813717358144,54,optimal,nan,3.385162353515625,5.589047431945801,221.57111512407445,221.57111369473597,6.450924261671373e-09,6.318620043636869e-05,4.605938893033176e-05,1.0,0.2962962962962963,0.7578947368421053,0.42603550295857984,9,2,1e-07,1e-05,1000,20.0,20.0,20.0,0.0,20.0,1.0,195.0,40.0,77.50096773589347,1.0
primary,x86_64,none,0.3.0,2.4.4,32,8,many_tiny,200,400,0.2,0,0.9904522613065326,10,"[20, 20, 20, 20, 20, 20, 20, 20, 20, 20]",powerlaw,10,0,0,32,19,"[147, 6, 4, 4, 3, 3, 2, 2, 2, 2, 2, 2, 2, 1, 1, 1, 1, 1, 1, 1, 1, 1, 1, 1, 1, 1, 1, 1, 1, 1, 1, 1]",0.09732841000004555,0.09736270966661525,0.09715031299856491,0.09780214599959436,0.00020775406847940624,"[0.097577, 0.09715, 0.097224, 0.097802, 0.097368, 0.09718, 0.097276, 0.097328, 0.097359]",0.06866916199942352,0.06867391166653963,0.06841033000091556,0.0688876269996399,0.00015371161411990622,"[0.068837, 0.068613, 0.068706, 0.068669, 0.068888, 0.068782, 0.068662, 0.068498, 0.06841]",1.4173525228233108,1.4102723120230682,1.429640026561565,55,optimal,nan,3.385162353515625,3.5888309478759766,225.6406142193607,225.64060870479756,2.4439585822869863e-08,0.00033945289660339273,0.00025972077328506853,1.0,0.6036036036036037,0.7052631578947368,0.6504854368932039,9,2,1e-07,1e-05,1000,20.0,20.0,20.0,0.0,20.0,1.0,147.0,6.25,25.305631784249133,1.0
primary,x86_64,none,0.3.0,2.4.4,32,8,many_tiny,200,400,0.25,0,0.9904522613065326,10,"[20, 20, 20, 20, 20, 20, 20, 20, 20, 20]",powerlaw,10,0,0,55,32,"[92, 13, 9, 5, 5, 4, 3, 3, 3, 3, 3, 3, 2, 2, 2, 2, 2, 2, 2, 2, 2, 2, 2, 1, 1, 1, 1, 1, 1, 1, 1, 1, 1, 1, 1, 1, 1, 1, 1, 1, 1, 1, 1, 1, 1, 1, 1, 1, 1, 1, 1, 1, 1, 1, 1]",0.10230916799991974,0.10230507877794379,0.1019339790000231,0.10272710099889082,0.00026331977135577285,"[0.102297, 0.101934, 0.102123, 0.102309, 0.102619, 0.102727, 0.102412, 0.101997, 0.102327]",0.041859740998916095,0.04214838922254987,0.04178019200116978,0.04372144100125297,0.0006435697113183541,"[0.043721, 0.042607, 0.04202, 0.04178, 0.04186, 0.041809, 0.0419, 0.041811, 0.041828]",2.444094625491565,2.3314414316102225,2.4587512904683306,58,optimal,nan,3.385162353515625,2.503567695617676,227.33861225110894,227.3386080943884,1.8284269859023112e-08,0.00030598988789692916,0.00023867728493074736,0.99995,0.8116883116883117,0.6578947368421053,0.7267441860465116,9,2,1e-07,1e-05,1000,20.0,20.0,20.0,0.0,20.0,1.0,92.0,3.6363636363636362,12.197412000261867,1.0
primary,x86_64,none,0.3.0,2.4.4,32,8,many_tiny,200,400,0.3,0,0.9904522613065326,10,"[20, 20, 20, 20, 20, 20, 20, 20, 20, 20]",powerlaw,10,0,0,81,41,"[22, 16, 8, 7, 6, 5, 5, 5, 4, 4, 4, 4, 3, 3, 3, 3, 3, 3, 3, 3, 3, 3, 3, 3, 3, 2, 2, 2, 2, 2, 2, 2, 2, 2, 2, 2, 2, 2, 2, 2, 1, 1, 1, 1, 1, 1, 1, 1, 1, 1, 1, 1, 1, 1, 1, 1, 1, 1, 1, 1, 1, 1, 1, 1, 1, 1, 1, 1, 1, 1, 1, 1, 1, 1, 1, 1, 1, 1, 1, 1, 1]",0.10096869900007732,0.09643344433344384,0.08949336300065625,0.1012560269991809,0.005648461359850946,"[0.089493, 0.089893, 0.089962, 0.092926, 0.101256, 0.100969, 0.10101, 0.101204, 0.101187]",0.01910497800054145,0.01934389066688406,0.018422274999466026,0.020568928997818148,0.0009103760914229795,"[0.020316, 0.020569, 0.020289, 0.019871, 0.019105, 0.018502, 0.018439, 0.018422, 0.018583]",5.2849419139459775,4.350900477615984,5.496391026738871,51,optimal,nan,3.385162353515625,2.3455400466918945,231.5184481051119,231.51844808964117,6.682289198746302e-11,2.716818408074473e-05,2.1566084880854773e-05,1.0,0.9508196721311475,0.6105263157894737,0.7435897435897436,9,2,1e-07,1e-05,1000,20.0,20.0,20.0,0.0,20.0,1.0,22.0,2.4691358024691357,3.0473077360758647,1.0
primary,x86_64,none,0.3.0,2.4.4,32,8,many_tiny,200,400,0.35,0,0.9904522613065326,10,"[20, 20, 20, 20, 20, 20, 20, 20, 20, 20]",powerlaw,10,0,0,101,67,"[20, 12, 10, 8, 6, 4, 4, 4, 4, 3, 3, 3, 3, 3, 3, 3, 3, 3, 3, 3, 2, 2, 2, 2, 2, 2, 2, 2, 2, 2, 2, 2, 2, 2, 1, 1, 1, 1, 1, 1, 1, 1, 1, 1, 1, 1, 1, 1, 1, 1, 1, 1, 1, 1, 1, 1, 1, 1, 1, 1, 1, 1, 1, 1, 1, 1, 1, 1, 1, 1, 1, 1, 1, 1, 1, 1, 1, 1, 1, 1, 1, 1, 1, 1, 1, 1, 1, 1, 1, 1, 1, 1, 1, 1, 1, 1, 1, 1, 1, 1, 1]",0.1247065540010226,0.12455286366659696,0.12377570399985416,0.12561128299785196,0.0005807491204492808,"[0.123776, 0.124173, 0.12424, 0.123911, 0.125611, 0.124707, 0.12498, 0.124752, 0.124826]",0.018209746998763876,0.020053505555551965,0.018030464001640212,0.02602461100104847,0.0033418354465400797,"[0.025704, 0.026025, 0.019801, 0.018495, 0.018085, 0.018067, 0.018065, 0.01803, 0.01821]",6.8483408368874095,4.75610198342129,6.966614003190669,53,optimal,nan,3.385162353515625,2.344846725463867,231.87874548797657,231.8787454842967,1.586981333303331e-11,5.512811719204924e-06,4.375692757508021e-06,1.0,0.96,0.5052631578947369,0.6620689655172414,9,2,1e-07,1e-05,1000,20.0,20.0,20.0,0.0,20.0,1.0,20.0,1.9801980198019802,2.50536137200854,1.0
primary,x86_64,none,0.3.0,2.4.4,32,8,many_tiny,200,400,0.4,0,0.9904522613065326,10,"[20, 20, 20, 20, 20, 20, 20, 20, 20, 20]",powerlaw,10,0,0,107,69,"[13, 11, 8, 7, 7, 6, 4, 4, 4, 4, 4, 3, 3, 3, 3, 3, 2, 2, 2, 2, 2, 2, 2, 2, 2, 2, 2, 2, 2, 2, 2, 2, 2, 2, 2, 2, 2, 2, 1, 1, 1, 1, 1, 1, 1, 1, 1, 1, 1, 1, 1, 1, 1, 1, 1, 1, 1, 1, 1, 1, 1, 1, 1, 1, 1, 1, 1, 1, 1, 1, 1, 1, 1, 1, 1, 1, 1, 1, 1, 1, 1, 1, 1, 1, 1, 1, 1, 1, 1, 1, 1, 1, 1, 1, 1, 1, 1, 1, 1, 1, 1, 1, 1, 1, 1, 1, 1]",0.1147236669967242,0.11477326955516925,0.1142190610007674,0.11525201800031937,0.00036572055176701954,"[0.114581, 0.114933, 0.115118, 0.115252, 0.114219, 0.115125, 0.114302, 0.114724, 0.114706]",0.01690370800133678,0.018851685666353053,0.016758857000240823,0.02398600300148246,0.0030941873907734743,"[0.023852, 0.023986, 0.020374, 0.017366, 0.01678, 0.016904, 0.016844, 0.0168, 0.016759]",6.786893561321079,4.761904723922034,6.877081056223775,49,optimal,nan,3.385162353515625,2.3428525924682617,233.6467830604344,233.6467830574298,1.2859586479553619e-11,6.058403303421667e-06,4.676223165009726e-06,1.0,1.0,0.48947368421052634,0.657243816254417,9,2,1e-07,1e-05,1000,20.0,20.0,20.0,0.0,20.0,1.0,13.0,1.8691588785046729,1.9241898994512325,1.0
primary,x86_64,none,0.3.0,2.4.4,32,8,many_tiny,200,1000,0.05,0,0.9904522613065326,10,"[20, 20, 20, 20, 20, 20, 20, 20, 20, 20]",powerlaw,10,0,0,1,0,[200],0.08090319000257296,0.0809099181112995,0.08044013999824529,0.08123682400037069,0.00024233167824136903,"[0.080817, 0.080938, 0.080903, 0.080903, 0.08044, 0.081004, 0.081214, 0.081237, 0.080733]",0.0828349410003284,0.08280789644413744,0.08212611800263403,0.08351883000068483,0.0004353163858817619,"[0.083519, 0.082702, 0.082379, 0.082835, 0.082463, 0.082126, 0.083135, 0.083078, 0.083033]",0.9766795150159184,0.9631377738120338,0.9891716055270648,34,optimal,nan,3.385162353515625,5.829800605773926,216.85580972935244,216.85580972935244,0.0,0.0,0.0,1.0,0.04738081224249559,0.8473684210526315,0.08974358974358974,9,2,1e-07,1e-05,1000,20.0,20.0,20.0,0.0,20.0,200.0,200.0,200.0,0.0,200.0
primary,x86_64,none,0.3.0,2.4.4,32,8,many_tiny,200,1000,0.1,0,0.9904522613065326,10,"[20, 20, 20, 20, 20, 20, 20, 20, 20, 20]",powerlaw,10,0,0,9,7,"[191, 2, 1, 1, 1, 1, 1, 1, 1]",0.1200404349983728,0.11997394533318584,0.11949427299987292,0.12060678100169753,0.00039980583318061764,"[0.120239, 0.119531, 0.119725, 0.119494, 0.12004, 0.11963, 0.120101, 0.120607, 0.120399]",0.11731793800208834,0.11716873255540526,0.11664473299970268,0.11743191899950034,0.00028735706516782716,"[0.116645, 0.117412, 0.116951, 0.117318, 0.117432, 0.117431, 0.117022, 0.116933, 0.117375]",1.023206144283204,1.0175621246586404,1.0339667973006972,51,optimal,nan,3.385162353515625,5.401041030883789,220.2788553754074,220.27885339289125,9.000029302140777e-09,3.977507589976448e-05,3.203969912005082e-05,1.0,0.34772182254196643,0.7631578947368421,0.47775947281713355,9,2,1e-07,1e-05,1000,20.0,20.0,20.0,0.0,20.0,1.0,191.0,22.22222222222222,59.67277022371962,1.0
primary,x86_64,none,0.3.0,2.4.4,32,8,many_tiny,200,1000,0.15,0,0.9904522613065326,10,"[20, 20, 20, 20, 20, 20, 20, 20, 20, 20]",powerlaw,10,0,0,39,17,"[107, 16, 6, 5, 4, 4, 4, 3, 3, 3, 3, 3, 3, 3, 2, 2, 2, 2, 2, 2, 2, 2, 1, 1, 1, 1, 1, 1, 1, 1, 1, 1, 1, 1, 1, 1, 1, 1, 1]",0.11841382400234579,0.11846210766654824,0.11794246199860936,0.1190276620000077,0.00032552894756577303,"[0.118414, 0.117942, 0.118289, 0.118221, 0.118483, 0.11837, 0.119028, 0.118565, 0.118847]",0.059393913001258625,0.059530849333694076,0.05906977799895685,0.06022859099903144,0.00036169712112666145,"[0.060229, 0.059775, 0.05932, 0.059278, 0.05953, 0.05907, 0.059394, 0.059314, 0.059868]",1.9937030247499683,1.9582470723996521,2.015034862702712,50,optimal,nan,3.385162353515625,2.5663652420043945,223.00115618332092,223.00114951862835,2.9886358784993245e-08,0.0004613243608958123,0.00036835333098243116,1.0,0.8362573099415205,0.7526315789473684,0.7922437673130194,9,2,1e-07,1e-05,1000,20.0,20.0,20.0,0.0,20.0,1.0,107.0,5.128205128205129,16.718145350424567,2.0
primary,x86_64,none,0.3.0,2.4.4,32,8,many_tiny,200,1000,0.2,0,0.9904522613065326,10,"[20, 20, 20, 20, 20, 20, 20, 20, 20, 20]",powerlaw,10,0,0,58,19,"[40, 10, 10, 6, 6, 6, 5, 5, 5, 5, 5, 4, 4, 4, 4, 3, 3, 3, 3, 3, 3, 3, 3, 3, 3, 3, 3, 3, 3, 2, 2, 2, 2, 2, 2, 2, 2, 2, 2, 1, 1, 1, 1, 1, 1, 1, 1, 1, 1, 1, 1, 1, 1, 1, 1, 1, 1, 1]",0.12455576999855111,0.1244185704446055,0.12396567800169578,0.12468637499841861,0.0002652978974803909,"[0.124158, 0.124571, 0.1246, 0.123966, 0.124556, 0.124127, 0.124686, 0.124444, 0.124659]",0.027330650998919737,0.028688272222401185,0.02719054900080664,0.035842465000314405,0.0029522308045507747,"[0.035842, 0.031026, 0.02762, 0.027572, 0.027331, 0.027192, 0.027191, 0.027194, 0.027227]",4.557365647948681,3.458625906466209,4.585651249436694,53,optimal,nan,3.385162353515625,2.360856056213379,225.41125673713518,225.41123783119698,8.387308808197692e-08,0.001047900729761693,0.0008722913793169375,1.0,0.9583333333333334,0.7263157894736842,0.8263473053892216,9,2,1e-07,1e-05,1000,20.0,20.0,20.0,0.0,20.0,1.0,40.0,3.4482758620689653,5.239677582187613,2.5
primary,x86_64,none,0.3.0,2.4.4,32,8,many_tiny,200,1000,0.25,0,0.9904522613065326,10,"[20, 20, 20, 20, 20, 20, 20, 20, 20, 20]",powerlaw,10,0,0,69,29,"[16, 13, 10, 10, 9, 7, 6, 5, 5, 5, 5, 4, 4, 4, 4, 3, 3, 3, 3, 3, 3, 3, 3, 3, 3, 3, 3, 3, 3, 2, 2, 2, 2, 2, 2, 2, 2, 2, 2, 2, 1, 1, 1, 1, 1, 1, 1, 1, 1, 1, 1, 1, 1, 1, 1, 1, 1, 1, 1, 1, 1, 1, 1, 1, 1, 1, 1, 1, 1]",0.09839105699938955,0.09825649544452769,0.09760505899976124,0.09857983900292311,0.00032994934287921624,"[0.098379, 0.098482, 0.098471, 0.097605, 0.097929, 0.09858, 0.098008, 0.098463, 0.098391]",0.018760660001134966,0.02063634277793527,0.018616994999320013,0.026617078998242505,0.003404266869025571,"[0.026617, 0.026593, 0.019835, 0.019112, 0.018617, 0.018745, 0.018717, 0.018761, 0.01873]",5.244541343078398,3.667008652835497,5.295153111795096,48,optimal,nan,3.385162353515625,2.339322090148926,228.25707077428635,228.25707077251636,7.754372604904352e-12,1.7165114490819144e-05,1.3155258222742385e-05,1.0,0.9848484848484849,0.6842105263157895,0.8074534161490684,9,2,1e-07,1e-05,1000,20.0,20.0,20.0,0.0,20.0,1.0,16.0,2.898550724637681,2.8849681762303363,2.0
primary,x86_64,none,0.3.0,2.4.4,32,8,many_tiny,200,1000,0.3,0,0.9904522613065326,10,"[20, 20, 20, 20, 20, 20, 20, 20, 20, 20]",powerlaw,10,0,0,87,44,"[13, 11, 9, 7, 7, 6, 5, 5, 5, 4, 4, 4, 4, 3, 3, 3, 3, 3, 3, 3, 3, 3, 3, 3, 3, 2, 2, 2, 2, 2, 2, 2, 2, 2, 2, 2, 2, 2, 2, 2, 2, 2, 2, 1, 1, 1, 1, 1, 1, 1, 1, 1, 1, 1, 1, 1, 1, 1, 1, 1, 1, 1, 1, 1, 1, 1, 1, 1, 1, 1, 1, 1, 1, 1, 1, 1, 1, 1, 1, 1, 1, 1, 1, 1, 1, 1, 1]",0.0982675779996498,0.09832193022238142,0.09741509100058465,0.09940976799771306,0.0005583958213173267,"[0.098129, 0.098268, 0.098437, 0.097415, 0.09855, 0.098678, 0.097839, 0.098171, 0.09941]",0.017937855001946446,0.01980628255559067,0.01776688199970522,0.02539652599807596,0.003217189935073333,"[0.025397, 0.02531, 0.01996, 0.018271, 0.017767, 0.017857, 0.017901, 0.017856, 0.017938]",5.478223454754581,3.8357644273065072,5.595228695691367,48,optimal,nan,3.385162353515625,2.3402318954467773,229.8121404882215,229.81214048608607,9.29209706592251e-12,5.639793231315693e-06,4.381542933312352e-06,1.0,1.0,0.5947368421052631,0.7458745874587459,9,2,1e-07,1e-05,1000,20.0,20.0,20.0,0.0,20.0,1.0,13.0,2.2988505747126435,2.1661711680742646,1.0
primary,x86_64,none,0.3.0,2.4.4,32,8,many_tiny,200,1000,0.35,0,0.9904522613065326,10,"[20, 20, 20, 20, 20, 20, 20, 20, 20, 20]",powerlaw,10,0,0,94,53,"[13, 11, 8, 7, 7, 6, 5, 4, 4, 4, 4, 4, 4, 3, 3, 3, 3, 3, 3, 3, 3, 3, 3, 2, 2, 2, 2, 2, 2, 2, 2, 2, 2, 2, 2, 2, 2, 2, 2, 2, 2, 1, 1, 1, 1, 1, 1, 1, 1, 1, 1, 1, 1, 1, 1, 1, 1, 1, 1, 1, 1, 1, 1, 1, 1, 1, 1, 1, 1, 1, 1, 1, 1, 1, 1, 1, 1, 1, 1, 1, 1, 1, 1, 1, 1, 1, 1, 1, 1, 1, 1, 1, 1, 1]",0.1262370020012895,0.1262740724442766,0.12554123899826664,0.12689714600128355,0.00044531978575363984,"[0.125965, 0.125541, 0.126681, 0.126077, 0.126237, 0.125948, 0.126772, 0.126347, 0.126897]",0.01763865300017642,0.019551670777420642,0.01747717900070711,0.024992841001221677,0.0031883192362613046,"[0.024993, 0.024988, 0.020088, 0.017997, 0.017639, 0.017477, 0.017588, 0.017622, 0.017573]",7.1568391305178976,5.023087971156622,7.260733897395536,57,optimal,nan,3.385162353515625,2.3408384323120117,232.60603120803574,232.60603119992098,3.488631607039174e-11,6.8156887452763826e-06,5.597953603598913e-06,1.0,1.0,0.5578947368421052,0.7162162162162162,9,2,1e-07,1e-05,1000,20.0,20.0,20.0,0.0,20.0,1.0,13.0,2.127659574468085,2.058888579302628,1.0
primary,x86_64,none,0.3.0,2.4.4,32,8,many_tiny,200,1000,0.4,0,0.9904522613065326,10,"[20, 20, 20, 20, 20, 20, 20, 20, 20, 20]",powerlaw,10,0,0,110,74,"[13, 10, 7, 7, 7, 6, 4, 4, 4, 4, 4, 3, 3, 3, 3, 3, 3, 2, 2, 2, 2, 2, 2, 2, 2, 2, 2, 2, 2, 2, 2, 2, 2, 2, 2, 2, 1, 1, 1, 1, 1, 1, 1, 1, 1, 1, 1, 1, 1, 1, 1, 1, 1, 1, 1, 1, 1, 1, 1, 1, 1, 1, 1, 1, 1, 1, 1, 1, 1, 1, 1, 1, 1, 1, 1, 1, 1, 1, 1, 1, 1, 1, 1, 1, 1, 1, 1, 1, 1, 1, 1, 1, 1, 1, 1, 1, 1, 1, 1, 1, 1, 1, 1, 1, 1, 1, 1, 1, 1, 1]",0.12199712499932502,0.1207850146666816,0.11556428800031426,0.12269169999854057,0.0025472243950797,"[0.115564, 0.117194, 0.121577, 0.122015, 0.122692, 0.122111, 0.122017, 0.121997, 0.121897]",0.015332899998611538,0.017250931555786844,0.014970771000662353,0.021389361001638463,0.0030345536804643808,"[0.021364, 0.021389, 0.021088, 0.015854, 0.015333, 0.014971, 0.015042, 0.015182, 0.015035]",7.9565590990857835,5.402886415889743,8.195416254320657,52,optimal,nan,3.385162353515625,2.3423376083374023,231.48952491648032,231.4895249172617,3.3753995388887652e-12,1.9234063495021658e-05,1.4304641300156424e-05,1.0,1.0,0.47368421052631576,0.6428571428571429,9,2,1e-07,1e-05,1000,20.0,20.0,20.0,0.0,20.0,1.0,13.0,1.8181818181818181,1.8398706386434205,1.0
primary,x86_64,none,0.3.0,2.4.4,32,8,many_tiny,200,2000,0.05,0,0.9904522613065326,10,"[20, 20, 20, 20, 20, 20, 20, 20, 20, 20]",powerlaw,10,0,0,1,0,[200],0.10193280100065749,0.1005324365554164,0.09674901200196473,0.10367814400160569,0.0027406886037794286,"[0.101987, 0.101933, 0.102024, 0.09739, 0.096864, 0.102931, 0.103678, 0.101235, 0.096749]",0.0994240180007182,0.10081633555576748,0.09832457000084105,0.10486545299863792,0.003003010453966227,"[0.098325, 0.098539, 0.098663, 0.098515, 0.099533, 0.099424, 0.104865, 0.104851, 0.104632]",1.0252331685078464,0.922601383348064,1.0544479777609894,43,optimal,nan,3.385162353515625,5.829800605773926,216.27938408465542,216.27938408465542,0.0,0.0,0.0,1.0,0.12274096385542169,0.8578947368421053,0.2147562582345191,9,2,1e-07,1e-05,1000,20.0,20.0,20.0,0.0,20.0,200.0,200.0,200.0,0.0,200.0
primary,x86_64,none,0.3.0,2.4.4,32,8,many_tiny,200,2000,0.1,0,0.9904522613065326,10,"[20, 20, 20, 20, 20, 20, 20, 20, 20, 20]",powerlaw,10,0,0,34,13,"[121, 9, 8, 5, 4, 3, 3, 3, 3, 3, 3, 3, 3, 2, 2, 2, 2, 2, 2, 2, 2, 1, 1, 1, 1, 1, 1, 1, 1, 1, 1, 1, 1, 1]",0.11940879399844562,0.11943940044390426,0.1189766139978019,0.12002738199953455,0.00037975769948132013,"[0.119216, 0.119218, 0.118977, 0.119602, 0.119512, 0.119409, 0.120027, 0.119019, 0.119974]",0.06960001900006318,0.06959790855600861,0.06937324300088221,0.0700345750010456,0.0002104822926122039,"[0.069621, 0.069373, 0.069732, 0.069404, 0.069482, 0.069422, 0.0696, 0.069712, 0.070035]",1.7156431235792797,1.6988268151270371,1.7301682436556725,50,optimal,nan,3.385162353515625,2.738372802734375,220.657581130343,220.65756364251558,7.92532363096406e-08,0.0007092360905927991,0.0005563786387724956,0.9999,0.8066298342541437,0.7684210526315789,0.7870619946091644,9,2,1e-07,1e-05,1000,20.0,20.0,20.0,0.0,20.0,1.0,121.0,5.882352941176471,20.122806355976753,2.0
primary,x86_64,none,0.3.0,2.4.4,32,8,many_tiny,200,2000,0.15,0,0.9904522613065326,10,"[20, 20, 20, 20, 20, 20, 20, 20, 20, 20]",powerlaw,10,0,0,58,22,"[29, 23, 10, 10, 7, 6, 6, 5, 5, 5, 4, 4, 4, 4, 3, 3, 3, 3, 3, 3, 3, 3, 3, 3, 3, 3, 2, 2, 2, 2, 2, 2, 2, 2, 2, 2, 1, 1, 1, 1, 1, 1, 1, 1, 1, 1, 1, 1, 1, 1, 1, 1, 1, 1, 1, 1, 1, 1]",0.11637047299882397,0.11646215955584517,0.11583618399890838,0.1171695320008439,0.00038494753023410826,"[0.11623, 0.116568, 0.115836, 0.116512, 0.11637, 0.116864, 0.116249, 0.11717, 0.11636]",0.0238138450004044,0.024992578555813653,0.02344102999995812,0.03224729700013995,0.002878746191129294,"[0.032247, 0.026527, 0.024107, 0.023814, 0.023821, 0.023644, 0.023563, 0.023769, 0.023441]",4.886672983587816,3.592120728704972,4.998480527564413,49,optimal,nan,3.385162353515625,2.353377342224121,223.62245509105776,223.62245358694622,6.726120312604652e-09,0.00032753405429294946,0.0002538062828273615,0.99995,0.9517241379310345,0.7263157894736842,0.8238805970149253,9,2,1e-07,1e-05,1000,20.0,20.0,20.0,0.0,20.0,1.0,29.0,3.4482758620689653,4.753120259341456,2.0
primary,x86_64,none,0.3.0,2.4.4,32,8,many_tiny,200,2000,0.2,0,0.9904522613065326,10,"[20, 20, 20, 20, 20, 20, 20, 20, 20, 20]",powerlaw,10,0,0,64,22,"[14, 13, 10, 10, 7, 6, 6, 6, 5, 5, 5, 5, 5, 4, 4, 4, 4, 4, 3, 3, 3, 3, 3, 3, 3, 3, 3, 3, 3, 3, 3, 2, 2, 2, 2, 2, 2, 2, 2, 2, 2, 2, 1, 1, 1, 1, 1, 1, 1, 1, 1, 1, 1, 1, 1, 1, 1, 1, 1, 1, 1, 1, 1, 1]",0.11242979800226749,0.11240222500014675,0.11112494500048342,0.11401010400004452,0.0008747999553621778,"[0.111386, 0.112908, 0.112848, 0.11401, 0.1128, 0.11243, 0.111956, 0.112157, 0.111125]",0.02006788699873141,0.021796344333577307,0.01989928900002269,0.028583262999745784,0.0033186948456991744,"[0.028583, 0.026516, 0.020988, 0.02015, 0.019899, 0.019967, 0.020068, 0.020044, 0.019952]",5.602473145746472,3.8877627442840152,5.729355656873696,49,optimal,nan,3.385162353515625,2.337362289428711,225.93637409231948,225.93637408420827,3.590043809240662e-11,8.26983658852587e-06,6.343195263447154e-06,1.0,1.0,0.7157894736842105,0.8343558282208589,9,2,1e-07,1e-05,1000,20.0,20.0,20.0,0.0,20.0,1.0,14.0,3.125,2.752839443193155,2.0
primary,x86_64,none,0.3.0,2.4.4,32,8,many_tiny,200,2000,0.25,0,0.9904522613065326,10,"[20, 20, 20, 20, 20, 20, 20, 20, 20, 20]",powerlaw,10,0,0,73,31,"[13, 11, 10, 10, 7, 6, 6, 5, 5, 5, 4, 4, 4, 4, 4, 4, 3, 3, 3, 3, 3, 3, 3, 3, 3, 3, 3, 3, 3, 3, 3, 2, 2, 2, 2, 2, 2, 2, 2, 2, 2, 2, 1, 1, 1, 1, 1, 1, 1, 1, 1, 1, 1, 1, 1, 1, 1, 1, 1, 1, 1, 1, 1, 1, 1, 1, 1, 1, 1, 1, 1, 1, 1]",0.11790091500006383,0.11775777833382664,0.11705080200044904,0.11833547000060207,0.0004942784126442121,"[0.117051, 0.117901, 0.117147, 0.117986, 0.118296, 0.117256, 0.118122, 0.117725, 0.118335]",0.019245082999987062,0.020992140999927262,0.01916197099853889,0.027152556998771615,0.003293685131719613,"[0.027153, 0.026391, 0.020049, 0.019245, 0.019234, 0.019204, 0.019209, 0.019162, 0.019282]",6.126287686062102,4.310857427009339,6.175537475222419,52,optimal,nan,3.385162353515625,2.33792781829834,228.29432354674157,228.2943235454712,5.564593664330292e-12,1.1619133246321134e-05,9.27372863500536e-06,1.0,1.0,0.6684210526315789,0.8012618296529967,9,2,1e-07,1e-05,1000,20.0,20.0,20.0,0.0,20.0,1.0,13.0,2.73972602739726,2.4663621775182243,2.0
primary,x86_64,none,0.3.0,2.4.4,32,8,many_tiny,200,2000,0.3,0,0.9904522613065326,10,"[20, 20, 20, 20, 20, 20, 20, 20, 20, 20]",powerlaw,10,0,0,86,44,"[13, 11, 9, 8, 7, 6, 5, 5, 5, 5, 4, 4, 4, 4, 3, 3, 3, 3, 3, 3, 3, 3, 3, 3, 2, 2, 2, 2, 2, 2, 2, 2, 2, 2, 2, 2, 2, 2, 2, 2, 2, 2, 1, 1, 1, 1, 1, 1, 1, 1, 1, 1, 1, 1, 1, 1, 1, 1, 1, 1, 1, 1, 1, 1, 1, 1, 1, 1, 1, 1, 1, 1, 1, 1, 1, 1, 1, 1, 1, 1, 1, 1, 1, 1, 1, 1]",0.10432285699789645,0.10437443877728786,0.10405571299997973,0.10498656199706602,0.00032137250017780624,"[0.104987, 0.104361, 0.104261, 0.104756, 0.104085, 0.104475, 0.104066, 0.104323, 0.104056]",0.01777519400275196,0.01964375422297356,0.017649340003117686,0.02497028400102863,0.0031213370352276056,"[0.024947, 0.02497, 0.020206, 0.018236, 0.017666, 0.017666, 0.017775, 0.017649, 0.017679]",5.869013693000772,4.167181798801057,5.948469573282659,46,optimal,nan,3.385162353515625,2.3400211334228516,230.71503955898214,230.71503955760994,5.947597234765892e-12,8.115410654763178e-06,6.45442392109759e-06,1.0,1.0,0.6,0.7499999999999999,9,2,1e-07,1e-05,1000,20.0,20.0,20.0,0.0,20.0,1.0,13.0,2.3255813953488373,2.2227254402893943,1.0
primary,x86_64,none,0.3.0,2.4.4,32,8,many_tiny,200,2000,0.35,0,0.9904522613065326,10,"[20, 20, 20, 20, 20, 20, 20, 20, 20, 20]",powerlaw,10,0,0,98,59,"[13, 11, 8, 7, 7, 6, 5, 4, 4, 4, 4, 4, 3, 3, 3, 3, 3, 3, 3, 3, 3, 3, 2, 2, 2, 2, 2, 2, 2, 2, 2, 2, 2, 2, 2, 2, 2, 2, 2, 1, 1, 1, 1, 1, 1, 1, 1, 1, 1, 1, 1, 1, 1, 1, 1, 1, 1, 1, 1, 1, 1, 1, 1, 1, 1, 1, 1, 1, 1, 1, 1, 1, 1, 1, 1, 1, 1, 1, 1, 1, 1, 1, 1, 1, 1, 1, 1, 1, 1, 1, 1, 1, 1, 1, 1, 1, 1, 1]",0.12676773600105662,0.12666918966675034,0.12623582200103556,0.12688052999874344,0.00022888572757558183,"[0.126768, 0.126641, 0.126859, 0.126508, 0.126236, 0.126881, 0.126856, 0.126441, 0.126834]",0.017310956998699112,0.01922094055529063,0.01715779400183237,0.024497736001649173,0.0031110329558360406,"[0.024498, 0.024354, 0.020274, 0.017723, 0.017209, 0.017158, 0.017174, 0.017287, 0.017311]",7.322976771912899,5.152958705757031,7.394920931280163,56,optimal,nan,3.385162353515625,2.3408679962158203,232.33052889906412,232.33052888419186,6.401335367259539e-11,5.425792471203117e-06,4.349402971786911e-06,1.0,1.0,0.5368421052631579,0.6986301369863014,9,2,1e-07,1e-05,1000,20.0,20.0,20.0,0.0,20.0,1.0,13.0,2.0408163265306123,2.0249382320987173,1.0
primary,x86_64,none,0.3.0,2.4.4,32,8,many_tiny,200,2000,0.4,0,0.9904522613065326,10,"[20, 20, 20, 20, 20, 20, 20, 20, 20, 20]",powerlaw,10,0,0,105,67,"[13, 11, 8, 7, 7, 6, 4, 4, 4, 4, 4, 4, 3, 3, 3, 3, 3, 2, 2, 2, 2, 2, 2, 2, 2, 2, 2, 2, 2, 2, 2, 2, 2, 2, 2, 2, 2, 2, 1, 1, 1, 1, 1, 1, 1, 1, 1, 1, 1, 1, 1, 1, 1, 1, 1, 1, 1, 1, 1, 1, 1, 1, 1, 1, 1, 1, 1, 1, 1, 1, 1, 1, 1, 1, 1, 1, 1, 1, 1, 1, 1, 1, 1, 1, 1, 1, 1, 1, 1, 1, 1, 1, 1, 1, 1, 1, 1, 1, 1, 1, 1, 1, 1, 1, 1]",0.08473582999795326,0.08466063377757867,0.08438676099831355,0.08494598300239886,0.00023257020679415095,"[0.084486, 0.084437, 0.084887, 0.084389, 0.084868, 0.084736, 0.084946, 0.084387, 0.084811]",0.016790916997706518,0.01867016177736029,0.016481029000715353,0.023545513999124523,0.003029037433446958,"[0.023542, 0.023546, 0.020485, 0.017223, 0.016791, 0.016481, 0.016622, 0.01667, 0.016672]",5.04652783463389,3.5839846605791337,5.154167436918642,41,optimal,nan,3.385162353515625,2.342169761657715,233.3144134464109,233.31441344494223,6.294782184316394e-12,2.771985480390371e-05,2.1984268069941362e-05,1.0,1.0,0.5,0.6666666666666666,9,2,1e-07,1e-05,1000,20.0,20.0,20.0,0.0,20.0,1.0,13.0,1.9047619047619047,1.949475189567497,1.0
primary,x86_64,none,0.3.0,2.4.4,32,8,many_tiny,400,800,0.05,0,0.9952380952380953,20,"[20, 20, 20, 20, 20, 20, 20, 20, 20, 20, 20, 20, 20, 20, 20, 20, 20, 20, 20, 20]",powerlaw,20,0,0,1,0,[400],0.27211922900096397,0.27174337966668344,0.2681203740030469,0.2739583689981373,0.0019906490770223843,"[0.271483, 0.269358, 0.273958, 0.272746, 0.273413, 0.272119, 0.27093, 0.273563, 0.26812]",0.28152152599795954,0.28133063411062015,0.2780617110001913,0.2844221209998068,0.002019126840177083,"[0.281522, 0.280338, 0.284422, 0.282689, 0.281513, 0.278649, 0.278062, 0.282525, 0.282256]",0.9666018541080809,0.942684672558324,0.9852430527479162,39,optimal,nan,13.45904541015625,23.229415893554688,436.3973327725922,436.3973327725922,0.0,0.0,0.0,1.0,0.020842299415923762,0.8921052631578947,0.0407329528386903,9,2,1e-07,1e-05,1000,20.0,20.0,20.0,0.0,20.0,400.0,400.0,400.0,0.0,400.0
primary,x86_64,none,0.3.0,2.4.4,32,8,many_tiny,400,800,0.1,0,0.9952380952380953,20,"[20, 20, 20, 20, 20, 20, 20, 20, 20, 20, 20, 20, 20, 20, 20, 20, 20, 20, 20, 20]",powerlaw,20,0,0,1,0,[400],0.5500408510015404,0.5493526050001188,0.5416536970005836,0.5576455580012407,0.005068010247897472,"[0.541654, 0.54696, 0.552008, 0.557646, 0.553378, 0.551679, 0.547789, 0.550041, 0.543019]",0.5569509939996351,0.559340517777956,0.5538841730012791,0.5697846149996622,0.00552128849701531,"[0.555089, 0.553884, 0.556533, 0.558028, 0.556951, 0.555808, 0.561178, 0.566809, 0.569785]",0.9875929066066104,0.9506288564862441,1.0067909234155945,80,optimal,nan,13.45904541015625,23.229415893554688,453.4521853098778,453.4521853098778,0.0,0.0,0.0,1.0,0.11941448382126348,0.8157894736842105,0.20833333333333331,9,2,1e-07,1e-05,1000,20.0,20.0,20.0,0.0,20.0,400.0,400.0,400.0,0.0,400.0
primary,x86_64,none,0.3.0,2.4.4,32,8,many_tiny,400,800,0.15,0,0.9952380952380953,20,"[20, 20, 20, 20, 20, 20, 20, 20, 20, 20, 20, 20, 20, 20, 20, 20, 20, 20, 20, 20]",powerlaw,20,0,0,6,3,"[392, 3, 2, 1, 1, 1]",0.7319591029990988,0.7303571580002123,0.721363554999698,0.7394450879983197,0.0061151494884548584,"[0.725291, 0.721364, 0.72978, 0.722687, 0.732743, 0.731959, 0.734932, 0.735013, 0.739445]",0.7159993150016817,0.7169127510003617,0.7130595419985184,0.7232573360015522,0.002783400307877248,"[0.717989, 0.71564, 0.717418, 0.717381, 0.715999, 0.715649, 0.71306, 0.723257, 0.715821]",1.0222902280253992,0.9973815944787733,1.0370032857646776,105,optimal,nan,13.45904541015625,22.456433296203613,458.19683226643014,458.19667560642404,3.4190547613207803e-07,0.0006905879247552371,0.0005215314683294671,0.9999625,0.3933774834437086,0.781578947368421,0.5233480176211454,9,2,1e-07,1e-05,1000,20.0,20.0,20.0,0.0,20.0,1.0,392.0,66.66666666666667,145.49532256704643,1.5
primary,x86_64,none,0.3.0,2.4.4,32,8,many_tiny,400,800,0.2,0,0.9952380952380953,20,"[20, 20, 20, 20, 20, 20, 20, 20, 20, 20, 20, 20, 20, 20, 20, 20, 20, 20, 20, 20]",powerlaw,20,0,0,27,20,"[366, 3, 3, 2, 2, 2, 2, 1, 1, 1, 1, 1, 1, 1, 1, 1, 1, 1, 1, 1, 1, 1, 1, 1, 1, 1, 1]",0.690665727997839,0.6919766514438379,0.6869019609985116,0.7034388020001643,0.0050575416659128115,"[0.692854, 0.695505, 0.690666, 0.686902, 0.689235, 0.689196, 0.687821, 0.692172, 0.703439]",0.6160184660002415,0.6176276617782909,0.6108976010000333,0.6274403690003965,0.004968543340351076,"[0.620647, 0.62744, 0.619826, 0.619985, 0.615743, 0.610898, 0.612529, 0.616018, 0.615563]",1.121176987570318,1.0947685149631767,1.1514839816830873,100,optimal,nan,13.45904541015625,20.052642822265625,465.1910431114579,465.1899298353207,2.393159012110973e-06,0.001025930266072457,0.0008236077348453475,0.9999125,0.5533980582524272,0.75,0.6368715083798883,9,2,1e-07,1e-05,1000,20.0,20.0,20.0,0.0,20.0,1.0,366.0,14.814814814814815,68.87564587962915,1.0
primary,x86_64,none,0.3.0,2.4.4,32,8,many_tiny,400,800,0.25,0,0.9952380952380953,20,"[20, 20, 20, 20, 20, 20, 20, 20, 20, 20, 20, 20, 20, 20, 20, 20, 20, 20, 20, 20]",powerlaw,20,0,0,31,26,"[366, 2, 2, 2, 2, 1, 1, 1, 1, 1, 1, 1, 1, 1, 1, 1, 1, 1, 1, 1, 1, 1, 1, 1, 1, 1, 1, 1, 1, 1, 1]",0.6163307440001518,0.6167776951111187,0.6113013030008005,0.6216866860013397,0.0033839217016704962,"[0.616122, 0.621687, 0.620189, 0.616598, 0.613641, 0.620224, 0.614906, 0.611301, 0.616331]",0.5649143440023181,0.5656511382221652,0.5600903109989304,0.5715573429988581,0.0038516749471050535,"[0.564914, 0.569228, 0.56009, 0.562003, 0.569024, 0.562577, 0.564092, 0.567376, 0.571557]",1.0910162762615614,1.0695362599899654,1.1099757910336838,90,optimal,nan,13.45904541015625,20.05515766143799,468.86648581910254,468.86403918142116,5.218196982237263e-06,0.0010067383076391712,0.0007588271885290728,0.999875,0.6319444444444444,0.718421052631579,0.6724137931034482,9,2,1e-07,1e-05,1000,20.0,20.0,20.0,0.0,20.0,1.0,366.0,12.903225806451612,64.46722339933665,1.0
primary,x86_64,none,0.3.0,2.4.4,32,8,many_tiny,400,800,0.3,0,0.9952380952380953,20,"[20, 20, 20, 20, 20, 20, 20, 20, 20, 20, 20, 20, 20, 20, 20, 20, 20, 20, 20, 20]",powerlaw,20,0,0,59,50,"[332, 3, 3, 2, 2, 2, 2, 2, 2, 1, 1, 1, 1, 1, 1, 1, 1, 1, 1, 1, 1, 1, 1, 1, 1, 1, 1, 1, 1, 1, 1, 1, 1, 1, 1, 1, 1, 1, 1, 1, 1, 1, 1, 1, 1, 1, 1, 1, 1, 1, 1, 1, 1, 1, 1, 1, 1, 1, 1]",0.6767054119991371,0.6779592096665712,0.6748508390010102,0.6865398949994415,0.0036142704561223492,"[0.677357, 0.676076, 0.680607, 0.677616, 0.676705, 0.675465, 0.676416, 0.674851, 0.68654]",0.5606044420019316,0.5601872976670469,0.5548424309999973,0.5644038250029553,0.0035787702472294307,"[0.563649, 0.564404, 0.563568, 0.562313, 0.556908, 0.556138, 0.554842, 0.559259, 0.560604]",1.2070996255088637,1.1956879261005657,1.2373601163885117,101,optimal,nan,13.45904541015625,17.160497665405273,473.5966959871448,473.5945108204198,4.613982199411552e-06,0.0010883447844422939,0.0008723964817464767,0.999825,0.6456692913385826,0.6473684210526316,0.6465177398160316,9,2,1e-07,1e-05,1000,20.0,20.0,20.0,0.0,20.0,1.0,332.0,6.779661016949152,42.705958698519666,1.0
primary,x86_64,none,0.3.0,2.4.4,32,8,many_tiny,400,800,0.35,0,0.9952380952380953,20,"[20, 20, 20, 20, 20, 20, 20, 20, 20, 20, 20, 20, 20, 20, 20, 20, 20, 20, 20, 20]",powerlaw,20,0,0,98,76,"[257, 9, 5, 4, 4, 4, 3, 3, 3, 3, 3, 3, 3, 3, 3, 2, 2, 2, 2, 2, 2, 2, 1, 1, 1, 1, 1, 1, 1, 1, 1, 1, 1, 1, 1, 1, 1, 1, 1, 1, 1, 1, 1, 1, 1, 1, 1, 1, 1, 1, 1, 1, 1, 1, 1, 1, 1, 1, 1, 1, 1, 1, 1, 1, 1, 1, 1, 1, 1, 1, 1, 1, 1, 1, 1, 1, 1, 1, 1, 1, 1, 1, 1, 1, 1, 1, 1, 1, 1, 1, 1, 1, 1, 1, 1, 1, 1, 1]",0.7151077520029503,0.7138449843336679,0.708608428001753,0.7179442359993118,0.0030638157105749016,"[0.715321, 0.712893, 0.716233, 0.715108, 0.711362, 0.710906, 0.717944, 0.708608, 0.716229]",0.4179528719978407,0.41889282522242866,0.4151793179989909,0.423121228999662,0.0033055038965427363,"[0.421155, 0.415179, 0.416051, 0.415917, 0.415944, 0.417953, 0.422579, 0.423121, 0.422137]",1.710977002226808,1.6747172664369414,1.7292389212919723,105,optimal,nan,13.45904541015625,11.769800186157227,475.7641969952216,475.76243750414227,3.6982418820894426e-06,0.0012106460388140658,0.0009910838097654346,0.9997875,0.7051282051282052,0.5789473684210527,0.6358381502890172,9,2,1e-07,1e-05,1000,20.0,20.0,20.0,0.0,20.0,1.0,257.0,4.081632653061225,25.70542445310008,1.0
primary,x86_64,none,0.3.0,2.4.4,32,8,many_tiny,400,800,0.4,0,0.9952380952380953,20,"[20, 20, 20, 20, 20, 20, 20, 20, 20, 20, 20, 20, 20, 20, 20, 20, 20, 20, 20, 20]",powerlaw,20,0,0,116,94,"[245, 6, 6, 6, 4, 3, 3, 3, 3, 3, 2, 2, 2, 2, 2, 2, 2, 2, 2, 2, 2, 2, 1, 1, 1, 1, 1, 1, 1, 1, 1, 1, 1, 1, 1, 1, 1, 1, 1, 1, 1, 1, 1, 1, 1, 1, 1, 1, 1, 1, 1, 1, 1, 1, 1, 1, 1, 1, 1, 1, 1, 1, 1, 1, 1, 1, 1, 1, 1, 1, 1, 1, 1, 1, 1, 1, 1, 1, 1, 1, 1, 1, 1, 1, 1, 1, 1, 1, 1, 1, 1, 1, 1, 1, 1, 1, 1, 1, 1, 1, 1, 1, 1, 1, 1, 1, 1, 1, 1, 1, 1, 1, 1, 1, 1, 1]",0.7378459319988906,0.7376112383321419,0.7295300170007977,0.748410606996913,0.007101286527703906,"[0.735482, 0.730813, 0.730026, 0.72953, 0.738085, 0.740458, 0.737846, 0.748411, 0.74785]",0.3973792010001489,0.3977557093320583,0.3936593609978445,0.4042323449975811,0.0034307248242934287,"[0.404232, 0.396527, 0.393659, 0.394282, 0.397379, 0.395614, 0.39745, 0.401705, 0.398954]",1.8567804508686758,1.804729448370004,1.9011629879697207,109,optimal,nan,13.45904541015625,11.036325454711914,479.7245945949834,479.7209801993571,7.5343137855000225e-06,0.001983220887122869,0.0016187181436405067,0.9998625,0.6883561643835616,0.5289473684210526,0.5982142857142857,9,2,1e-07,1e-05,1000,20.0,20.0,20.0,0.0,20.0,1.0,245.0,3.4482758620689653,22.54434129917208,1.0
primary,x86_64,none,0.3.0,2.4.4,32,8,many_tiny,400,2000,0.05,0,0.9952380952380953,20,"[20, 20, 20, 20, 20, 20, 20, 20, 20, 20, 20, 20, 20, 20, 20, 20, 20, 20, 20, 20]",powerlaw,20,0,0,1,0,[400],0.4908584080003493,0.4899863941116362,0.4842035379988374,0.49143662600181415,0.002267616208133463,"[0.484204, 0.491044, 0.490063, 0.49111, 0.490818, 0.491437, 0.489254, 0.490858, 0.49109]",0.4988858100005018,0.4988454393335107,0.49549604099956923,0.5036469160004344,0.0027904697576106143,"[0.499192, 0.495501, 0.498466, 0.503647, 0.502452, 0.495496, 0.496966, 0.499003, 0.498886]",0.9839093398945453,0.9613948236673403,0.9918073714785571,66,optimal,nan,13.45904541015625,23.229458808898926,446.3394085563906,446.3394085563906,0.0,0.0,0.0,1.0,0.061988729321941466,0.8973684210526316,0.11596667233463698,9,2,1e-07,1e-05,1000,20.0,20.0,20.0,0.0,20.0,400.0,400.0,400.0,0.0,400.0
primary,x86_64,none,0.3.0,2.4.4,32,8,many_tiny,400,2000,0.1,0,0.9952380952380953,20,"[20, 20, 20, 20, 20, 20, 20, 20, 20, 20, 20, 20, 20, 20, 20, 20, 20, 20, 20, 20]",powerlaw,20,0,0,6,5,"[395, 1, 1, 1, 1, 1]",0.6361862140001904,0.6368051985555212,0.6320876220015634,0.6452988130004087,0.003946286816547551,"[0.636811, 0.632088, 0.636186, 0.637717, 0.6334, 0.633876, 0.639702, 0.645299, 0.63617]",0.6492537490012182,0.6520705711110268,0.6442266839985678,0.6603764559986303,0.006507049310629155,"[0.6484, 0.657819, 0.65704, 0.659511, 0.660376, 0.646237, 0.645771, 0.649254, 0.644227]",0.9798729926147822,0.9571625642614892,1.0016642107948501,87,optimal,nan,13.45904541015625,22.744714736938477,453.52236738324154,453.52202530714777,7.542650999698922e-07,0.0004543739148714712,0.0003663683809303346,0.9999625,0.43564356435643564,0.8105263157894737,0.5666973321067157,9,2,1e-07,1e-05,1000,20.0,20.0,20.0,0.0,20.0,1.0,395.0,66.66666666666667,146.83513052248617,1.0
primary,x86_64,none,0.3.0,2.4.4,32,8,many_tiny,400,2000,0.15,0,0.9952380952380953,20,"[20, 20, 20, 20, 20, 20, 20, 20, 20, 20, 20, 20, 20, 20, 20, 20, 20, 20, 20, 20]",powerlaw,20,0,0,27,17,"[360, 5, 3, 3, 2, 2, 2, 2, 2, 2, 1, 1, 1, 1, 1, 1, 1, 1, 1, 1, 1, 1, 1, 1, 1, 1, 1]",0.5134980420007196,0.5156076290000379,0.5112457210016146,0.5225928309992014,0.004488765871993921,"[0.513498, 0.514456, 0.519915, 0.522593, 0.521606, 0.513481, 0.511246, 0.511622, 0.512051]",0.4444251679997251,0.44611180500012576,0.44255753200195613,0.4573324019984284,0.004566989023658191,"[0.44324, 0.447549, 0.457332, 0.447662, 0.444513, 0.443639, 0.444088, 0.444425, 0.442558]",1.1554207074092555,1.117886506111525,1.1808472191970094,70,optimal,nan,13.45904541015625,19.52087116241455,459.923920891198,459.9226564499268,2.7492400672249902e-06,0.0010850659492175618,0.0008353782954550987,0.9998875,0.6541019955654102,0.7763157894736842,0.7099879663056557,9,2,1e-07,1e-05,1000,20.0,20.0,20.0,0.0,20.0,1.0,360.0,14.814814814814815,67.70252855775664,1.0
primary,x86_64,none,0.3.0,2.4.4,32,8,many_tiny,400,2000,0.2,0,0.9952380952380953,20,"[20, 20, 20, 20, 20, 20, 20, 20, 20, 20, 20, 20, 20, 20, 20, 20, 20, 20, 20, 20]",powerlaw,20,0,0,40,26,"[342, 3, 3, 3, 3, 3, 3, 2, 2, 2, 2, 2, 2, 2, 1, 1, 1, 1, 1, 1, 1, 1, 1, 1, 1, 1, 1, 1, 1, 1, 1, 1, 1, 1, 1, 1, 1, 1, 1, 1]",0.621733142001176,0.6227526456673836,0.6174315229982312,0.6300454900010664,0.004942372916183065,"[0.630045, 0.618707, 0.618147, 0.621733, 0.617432, 0.618132, 0.625378, 0.627786, 0.627413]",0.5437293270006194,0.5502605817774666,0.5347485189995496,0.6063978720012528,0.022307086145826573,"[0.534749, 0.534935, 0.540153, 0.543729, 0.541235, 0.545095, 0.54648, 0.559572, 0.606398]",1.1434607462335167,1.018195398609439,1.1782089479739113,86,optimal,nan,13.45904541015625,17.9807071685791,465.8247782628718,465.8230682753783,3.670881355562641e-06,0.001141002711875741,0.0009297940320401234,0.9998,0.7513227513227513,0.7473684210526316,0.7493403693931399,9,2,1e-07,1e-05,1000,20.0,20.0,20.0,0.0,20.0,1.0,342.0,10.0,53.16765934287497,1.0
primary,x86_64,none,0.3.0,2.4.4,32,8,many_tiny,400,2000,0.25,0,0.9952380952380953,20,"[20, 20, 20, 20, 20, 20, 20, 20, 20, 20, 20, 20, 20, 20, 20, 20, 20, 20, 20, 20]",powerlaw,20,0,0,61,42,"[313, 4, 3, 3, 3, 3, 3, 3, 3, 2, 2, 2, 2, 2, 2, 2, 2, 2, 2, 1, 1, 1, 1, 1, 1, 1, 1, 1, 1, 1, 1, 1, 1, 1, 1, 1, 1, 1, 1, 1, 1, 1, 1, 1, 1, 1, 1, 1, 1, 1, 1, 1, 1, 1, 1, 1, 1, 1, 1, 1, 1]",0.6190332219994161,0.6191329558884414,0.6174552859993128,0.6211418860002595,0.0013876102870757064,"[0.618481, 0.620809, 0.617455, 0.617456, 0.618301, 0.619033, 0.619045, 0.620473, 0.621142]",0.4640229159995215,0.46454783833339913,0.46347319100095774,0.4663001750013791,0.0010521103732673467,"[0.465276, 0.465595, 0.463473, 0.463934, 0.464023, 0.4663, 0.463628, 0.465196, 0.463506]",1.334057436939288,1.3241583835937583,1.3401894609239136,76,optimal,nan,13.45904541015625,15.664319038391113,470.4378151068813,470.43662985445116,2.5194667437445906e-06,0.0007513352737872209,0.0006306761515417409,0.999825,0.7774566473988439,0.7078947368421052,0.7410468319559228,9,2,1e-07,1e-05,1000,20.0,20.0,20.0,0.0,20.0,1.0,313.0,6.557377049180328,39.56879238522509,1.0
primary,x86_64,none,0.3.0,2.4.4,32,8,many_tiny,400,2000,0.3,0,0.9952380952380953,20,"[20, 20, 20, 20, 20, 20, 20, 20, 20, 20, 20, 20, 20, 20, 20, 20, 20, 20, 20, 20]",powerlaw,20,0,0,102,68,"[239, 8, 5, 5, 4, 4, 3, 3, 3, 3, 3, 3, 3, 3, 3, 3, 3, 2, 2, 2, 2, 2, 2, 2, 2, 2, 2, 2, 2, 2, 2, 2, 2, 2, 1, 1, 1, 1, 1, 1, 1, 1, 1, 1, 1, 1, 1, 1, 1, 1, 1, 1, 1, 1, 1, 1, 1, 1, 1, 1, 1, 1, 1, 1, 1, 1, 1, 1, 1, 1, 1, 1, 1, 1, 1, 1, 1, 1, 1, 1, 1, 1, 1, 1, 1, 1, 1, 1, 1, 1, 1, 1, 1, 1, 1, 1, 1, 1, 1, 1, 1, 1]",0.5920219580002595,0.5912145894439568,0.5891462950021378,0.5927189100002579,0.0014749948530204224,"[0.592422, 0.589146, 0.592022, 0.589218, 0.592719, 0.590752, 0.592333, 0.589876, 0.592443]",0.3285117879968311,0.32838751477700295,0.3278148350000265,0.3289724629976263,0.00040364484650224567,"[0.327995, 0.328589, 0.327815, 0.328603, 0.327879, 0.328731, 0.328391, 0.328972, 0.328512]",1.8021330729415719,1.7908681159322104,1.8080905642974028,73,optimal,nan,13.45904541015625,10.682110786437988,474.3997497227177,474.39789426278344,3.911173931517142e-06,0.0010728997441881646,0.0008456449946988025,0.999725,0.8215488215488216,0.6421052631578947,0.7208271787296898,9,2,1e-07,1e-05,1000,20.0,20.0,20.0,0.0,20.0,1.0,239.0,3.9215686274509802,23.4172243773554,1.0
primary,x86_64,none,0.3.0,2.4.4,32,8,many_tiny,400,2000,0.35,0,0.9952380952380953,20,"[20, 20, 20, 20, 20, 20, 20, 20, 20, 20, 20, 20, 20, 20, 20, 20, 20, 20, 20, 20]",powerlaw,20,0,0,127,92,"[198, 13, 7, 6, 6, 5, 5, 4, 4, 4, 3, 3, 3, 3, 3, 3, 2, 2, 2, 2, 2, 2, 2, 2, 2, 2, 2, 2, 2, 2, 2, 2, 2, 2, 2, 1, 1, 1, 1, 1, 1, 1, 1, 1, 1, 1, 1, 1, 1, 1, 1, 1, 1, 1, 1, 1, 1, 1, 1, 1, 1, 1, 1, 1, 1, 1, 1, 1, 1, 1, 1, 1, 1, 1, 1, 1, 1, 1, 1, 1, 1, 1, 1, 1, 1, 1, 1, 1, 1, 1, 1, 1, 1, 1, 1, 1, 1, 1, 1, 1, 1, 1, 1, 1, 1, 1, 1, 1, 1, 1, 1, 1, 1, 1, 1, 1, 1, 1, 1, 1, 1, 1, 1, 1, 1, 1, 1]",0.6234987240022747,0.6234760332222827,0.6219243519990414,0.6252037010017375,0.001245551939076901,"[0.62501, 0.623734, 0.624276, 0.621924, 0.623499, 0.622123, 0.625204, 0.622018, 0.623496]",0.2636111059982795,0.2636709996659192,0.26237749199935934,0.2660201569997298,0.00100502589279301,"[0.262989, 0.263611, 0.263578, 0.262377, 0.263097, 0.263952, 0.263723, 0.263692, 0.26602]",2.3652217596869534,2.337884313028479,2.3828404496040543,77,optimal,nan,13.45904541015625,9.654045104980469,477.21221085275585,477.2099274857545,4.784804222099257e-06,0.001573960690419464,0.001273440164855262,0.9997875,0.8333333333333334,0.5789473684210527,0.6832298136645962,9,2,1e-07,1e-05,1000,20.0,20.0,20.0,0.0,20.0,1.0,198.0,3.1496062992125986,17.423433735979998,1.0
primary,x86_64,none,0.3.0,2.4.4,32,8,many_tiny,400,2000,0.4,0,0.9952380952380953,20,"[20, 20, 20, 20, 20, 20, 20, 20, 20, 20, 20, 20, 20, 20, 20, 20, 20, 20, 20, 20]",powerlaw,20,0,0,164,118,"[114, 10, 10, 10, 9, 8, 7, 6, 6, 5, 5, 5, 4, 4, 4, 4, 4, 4, 3, 3, 3, 3, 3, 3, 3, 2, 2, 2, 2, 2, 2, 2, 2, 2, 2, 2, 2, 2, 2, 2, 2, 2, 2, 2, 2, 2, 1, 1, 1, 1, 1, 1, 1, 1, 1, 1, 1, 1, 1, 1, 1, 1, 1, 1, 1, 1, 1, 1, 1, 1, 1, 1, 1, 1, 1, 1, 1, 1, 1, 1, 1, 1, 1, 1, 1, 1, 1, 1, 1, 1, 1, 1, 1, 1, 1, 1, 1, 1, 1, 1, 1, 1, 1, 1, 1, 1, 1, 1, 1, 1, 1, 1, 1, 1, 1, 1, 1, 1, 1, 1, 1, 1, 1, 1, 1, 1, 1, 1, 1, 1, 1, 1, 1, 1, 1, 1, 1, 1, 1, 1, 1, 1, 1, 1, 1, 1, 1, 1, 1, 1, 1, 1, 1, 1, 1, 1, 1, 1, 1, 1, 1, 1, 1, 1]",0.6178305249995901,0.6181115215553695,0.6159961330013175,0.6209543379991374,0.0014281077188973727,"[0.61708, 0.617553, 0.618086, 0.617533, 0.617831, 0.615996, 0.618517, 0.619455, 0.620954]",0.13592195599994739,0.13617313811118947,0.1353829180006869,0.13790713699927437,0.0007113373520476434,"[0.137907, 0.136387, 0.135873, 0.135865, 0.135865, 0.135383, 0.13606, 0.135922, 0.136296]",4.545479944386831,4.46674585815351,4.5866520471658525,76,optimal,nan,13.45904541015625,9.081419944763184,480.8979017226254,480.89730724753406,1.2361773449871077e-06,0.000935986074093488,0.0007550363459030205,0.99975,0.8595744680851064,0.531578947368421,0.656910569105691,9,2,1e-07,1e-05,1000,20.0,20.0,20.0,0.0,20.0,1.0,114.0,2.4390243902439024,8.91093814142937,1.0
primary,x86_64,none,0.3.0,2.4.4,32,8,many_tiny,400,4000,0.05,0,0.9952380952380953,20,"[20, 20, 20, 20, 20, 20, 20, 20, 20, 20, 20, 20, 20, 20, 20, 20, 20, 20, 20, 20]",powerlaw,20,0,0,1,0,[400],0.46711114500067197,0.4683298517775256,0.4645798010024009,0.47432048699920415,0.0032468762571950197,"[0.466596, 0.46458, 0.468063, 0.467111, 0.473149, 0.47432, 0.468078, 0.466763, 0.466309]",0.4796978140002466,0.4800722113331075,0.478248106999672,0.48335709900129586,0.0016568521475421748,"[0.478248, 0.481284, 0.483357, 0.481165, 0.478677, 0.480486, 0.47896, 0.479698, 0.478774]",0.9737612542058235,0.9611523280868487,0.9917874844814167,57,optimal,nan,13.45904541015625,23.229458808898926,446.27353128347875,446.27353128347875,0.0,0.0,0.0,1.0,0.19709302325581396,0.8921052631578947,0.3228571428571429,9,2,1e-07,1e-05,1000,20.0,20.0,20.0,0.0,20.0,400.0,400.0,400.0,0.0,400.0
primary,x86_64,none,0.3.0,2.4.4,32,8,many_tiny,400,4000,0.1,0,0.9952380952380953,20,"[20, 20, 20, 20, 20, 20, 20, 20, 20, 20, 20, 20, 20, 20, 20, 20, 20, 20, 20, 20]",powerlaw,20,0,0,16,8,"[373, 5, 3, 3, 2, 2, 2, 2, 1, 1, 1, 1, 1, 1, 1, 1]",0.5128379900015716,0.5133710934452311,0.51209830100197,0.516453347998322,0.00145075359753518,"[0.5123, 0.512838, 0.512276, 0.513632, 0.512659, 0.516453, 0.51494, 0.513143, 0.512098]",0.5044318480031507,0.5044270991105199,0.5024704129973543,0.507066488997225,0.001420533064737582,"[0.502905, 0.504637, 0.505871, 0.504432, 0.50247, 0.503487, 0.504562, 0.507066, 0.504413]",1.0166645742763816,1.0099233771387572,1.027828374844115,63,optimal,nan,13.45904541015625,20.682995796203613,454.146086244912,454.14500897686736,2.3720738266109787e-06,0.0010241278534030736,0.000817199359462082,0.9998875,0.700228832951945,0.8052631578947368,0.7490820073439413,9,2,1e-07,1e-05,1000,20.0,20.0,20.0,0.0,20.0,1.0,373.0,25.0,89.85961273008024,1.5
primary,x86_64,none,0.3.0,2.4.4,32,8,many_tiny,400,4000,0.15,0,0.9952380952380953,20,"[20, 20, 20, 20, 20, 20, 20, 20, 20, 20, 20, 20, 20, 20, 20, 20, 20, 20, 20, 20]",powerlaw,20,0,0,35,18,"[337, 6, 6, 3, 3, 3, 3, 3, 2, 2, 2, 2, 2, 2, 2, 2, 2, 1, 1, 1, 1, 1, 1, 1, 1, 1, 1, 1, 1, 1, 1, 1, 1, 1, 1]",0.5939312219998101,0.5938361028893269,0.5918463060006616,0.596026819999679,0.0015096499994011032,"[0.595521, 0.595039, 0.592942, 0.596027, 0.594266, 0.592974, 0.591846, 0.593931, 0.591978]",0.5109311900014291,0.5107311955556119,0.5088486510030634,0.5121280000021216,0.001254051622821245,"[0.511365, 0.510808, 0.510931, 0.508928, 0.509866, 0.508849, 0.511606, 0.512101, 0.512128]",1.1624485520215528,1.155660901177459,1.1713243590697673,73,optimal,nan,13.45904541015625,17.565579414367676,460.9238805866839,460.922287387671,3.4565338876158163e-06,0.0010865738326391247,0.0008946687727611471,0.999675,0.8016304347826086,0.7763157894736842,0.7887700534759358,9,2,1e-07,1e-05,1000,20.0,20.0,20.0,0.0,20.0,1.0,337.0,11.428571428571429,55.84892157254539,1.0
primary,x86_64,none,0.3.0,2.4.4,32,8,many_tiny,400,4000,0.2,0,0.9952380952380953,20,"[20, 20, 20, 20, 20, 20, 20, 20, 20, 20, 20, 20, 20, 20, 20, 20, 20, 20, 20, 20]",powerlaw,20,0,0,55,26,"[281, 9, 7, 6, 5, 5, 5, 4, 3, 3, 3, 3, 3, 3, 3, 3, 3, 3, 2, 2, 2, 2, 2, 2, 2, 2, 2, 2, 2, 1, 1, 1, 1, 1, 1, 1, 1, 1, 1, 1, 1, 1, 1, 1, 1, 1, 1, 1, 1, 1, 1, 1, 1, 1, 1]",0.5532825170012075,0.553223547222539,0.5518826810002793,0.5548378900020907,0.0010590095845138623,"[0.552286, 0.554838, 0.552266, 0.553786, 0.553283, 0.552457, 0.551883, 0.553715, 0.554498]",0.37615617499977816,0.3762474652220489,0.37498786200012546,0.37785640099900775,0.0009792561327335802,"[0.376037, 0.376611, 0.37537, 0.377856, 0.375181, 0.377354, 0.374988, 0.376673, 0.376156]",1.4708851104239715,1.4605619477165572,1.479615598869451,67,optimal,nan,13.45904541015625,13.341412544250488,467.0284657179061,467.0266207325986,3.950477204163366e-06,0.000845562480268524,0.0006837842789482591,0.999675,0.830945558739255,0.7631578947368421,0.7956104252400549,9,2,1e-07,1e-05,1000,20.0,20.0,20.0,0.0,20.0,1.0,281.0,7.2727272727272725,37.28731421881836,2.0
primary,x86_64,none,0.3.0,2.4.4,32,8,many_tiny,400,4000,0.25,0,0.9952380952380953,20,"[20, 20, 20, 20, 20, 20, 20, 20, 20, 20, 20, 20, 20, 20, 20, 20, 20, 20, 20, 20]",powerlaw,20,0,0,84,47,"[227, 10, 10, 10, 8, 6, 5, 4, 4, 3, 3, 3, 3, 3, 3, 3, 3, 3, 3, 3, 3, 3, 2, 2, 2, 2, 2, 2, 2, 2, 2, 2, 2, 2, 2, 2, 2, 1, 1, 1, 1, 1, 1, 1, 1, 1, 1, 1, 1, 1, 1, 1, 1, 1, 1, 1, 1, 1, 1, 1, 1, 1, 1, 1, 1, 1, 1, 1, 1, 1, 1, 1, 1, 1, 1, 1, 1, 1, 1, 1, 1, 1, 1, 1]",0.5452147650030383,0.5454163411114779,0.5440571350009122,0.5468354389995511,0.000920914097424376,"[0.545598, 0.546713, 0.544057, 0.546835, 0.544793, 0.544785, 0.54494, 0.54581, 0.545215]",0.2844080489994667,0.284347232888346,0.284094599999662,0.28456002599705243,0.00016659291025561935,"[0.284193, 0.284426, 0.28438, 0.284408, 0.284127, 0.284095, 0.284477, 0.28446, 0.28456]",1.917015945649487,1.91192397138222,1.9248357378148042,68,optimal,nan,13.45904541015625,9.995820999145508,471.6884770003103,471.6870971412776,2.9253609107787137e-06,0.0011168176724796405,0.0009087883905532962,0.999775,0.8782051282051282,0.7210526315789474,0.791907514450867,9,2,1e-07,1e-05,1000,20.0,20.0,20.0,0.0,20.0,1.0,227.0,4.761904761904762,24.471858983047603,1.0
primary,x86_64,none,0.3.0,2.4.4,32,8,many_tiny,400,4000,0.3,0,0.9952380952380953,20,"[20, 20, 20, 20, 20, 20, 20, 20, 20, 20, 20, 20, 20, 20, 20, 20, 20, 20, 20, 20]",powerlaw,20,0,0,128,72,"[138, 13, 10, 10, 7, 6, 5, 5, 5, 5, 5, 4, 4, 4, 4, 4, 4, 3, 3, 3, 3, 3, 3, 3, 3, 3, 3, 3, 3, 3, 3, 3, 3, 3, 2, 2, 2, 2, 2, 2, 2, 2, 2, 2, 2, 2, 2, 2, 2, 2, 2, 2, 2, 2, 2, 2, 1, 1, 1, 1, 1, 1, 1, 1, 1, 1, 1, 1, 1, 1, 1, 1, 1, 1, 1, 1, 1, 1, 1, 1, 1, 1, 1, 1, 1, 1, 1, 1, 1, 1, 1, 1, 1, 1, 1, 1, 1, 1, 1, 1, 1, 1, 1, 1, 1, 1, 1, 1, 1, 1, 1, 1, 1, 1, 1, 1, 1, 1, 1, 1, 1, 1, 1, 1, 1, 1, 1, 1]",0.5678508210003201,0.5699113325552188,0.5640597439996782,0.5764113240002189,0.004897057964035064,"[0.567851, 0.565426, 0.56406, 0.565755, 0.570347, 0.567782, 0.575774, 0.576411, 0.575796]",0.18214985899976455,0.1821811250002712,0.18148377900070045,0.18294535600216477,0.000530894035301996,"[0.181701, 0.18248, 0.181613, 0.18215, 0.181484, 0.182611, 0.181925, 0.182945, 0.182721]",3.1174925092917816,3.083214334191701,3.176103821366835,71,optimal,nan,13.45904541015625,9.211869239807129,474.31883753427525,474.31737967860846,3.0735774154876204e-06,0.0012131031957810373,0.0009779212386430247,0.9998125,0.9191176470588235,0.6578947368421053,0.7668711656441719,9,2,1e-07,1e-05,1000,20.0,20.0,20.0,0.0,20.0,1.0,138.0,3.125,12.113396509649967,1.0
primary,x86_64,none,0.3.0,2.4.4,32,8,many_tiny,400,4000,0.35,0,0.9952380952380953,20,"[20, 20, 20, 20, 20, 20, 20, 20, 20, 20, 20, 20, 20, 20, 20, 20, 20, 20, 20, 20]",powerlaw,20,0,0,155,92,"[95, 13, 10, 9, 7, 7, 6, 6, 5, 5, 5, 5, 5, 4, 4, 4, 4, 4, 4, 4, 4, 4, 3, 3, 3, 3, 3, 3, 3, 3, 3, 3, 3, 3, 2, 2, 2, 2, 2, 2, 2, 2, 2, 2, 2, 2, 2, 2, 2, 2, 2, 2, 2, 2, 2, 2, 2, 2, 2, 2, 2, 2, 2, 1, 1, 1, 1, 1, 1, 1, 1, 1, 1, 1, 1, 1, 1, 1, 1, 1, 1, 1, 1, 1, 1, 1, 1, 1, 1, 1, 1, 1, 1, 1, 1, 1, 1, 1, 1, 1, 1, 1, 1, 1, 1, 1, 1, 1, 1, 1, 1, 1, 1, 1, 1, 1, 1, 1, 1, 1, 1, 1, 1, 1, 1, 1, 1, 1, 1, 1, 1, 1, 1, 1, 1, 1, 1, 1, 1, 1, 1, 1, 1, 1, 1, 1, 1, 1, 1, 1, 1, 1, 1, 1, 1]",0.5634649120001995,0.566048893111454,0.5617670600004203,0.5708428529978846,0.0040519616549271,"[0.56318, 0.562146, 0.561767, 0.562814, 0.563465, 0.570045, 0.570721, 0.570843, 0.56946]",0.12817953299963847,0.12831422622265462,0.12801568400027463,0.12888835600097082,0.0003136880717591446,"[0.12807, 0.128016, 0.12818, 0.128042, 0.128137, 0.128264, 0.128599, 0.128633, 0.128888]",4.395903923302551,4.358555554825984,4.459163402170784,70,optimal,nan,13.45904541015625,8.998587608337402,478.8561525404457,478.8557998128042,7.366045932854852e-07,0.0011785430996941564,0.0009666863296837536,0.9998375,0.9346938775510204,0.6026315789473684,0.7327999999999999,9,2,1e-07,1e-05,1000,20.0,20.0,20.0,0.0,20.0,1.0,95.0,2.5806451612903225,7.66127334463314,1.0
primary,x86_64,none,0.3.0,2.4.4,32,8,many_tiny,400,4000,0.4,0,0.9952380952380953,20,"[20, 20, 20, 20, 20, 20, 20, 20, 20, 20, 20, 20, 20, 20, 20, 20, 20, 20, 20, 20]",powerlaw,20,0,0,186,125,"[67, 13, 11, 10, 10, 7, 7, 6, 6, 6, 5, 4, 4, 4, 4, 4, 4, 4, 4, 4, 3, 3, 3, 3, 3, 3, 3, 3, 3, 2, 2, 2, 2, 2, 2, 2, 2, 2, 2, 2, 2, 2, 2, 2, 2, 2, 2, 2, 2, 2, 2, 2, 2, 2, 2, 2, 2, 2, 2, 2, 2, 1, 1, 1, 1, 1, 1, 1, 1, 1, 1, 1, 1, 1, 1, 1, 1, 1, 1, 1, 1, 1, 1, 1, 1, 1, 1, 1, 1, 1, 1, 1, 1, 1, 1, 1, 1, 1, 1, 1, 1, 1, 1, 1, 1, 1, 1, 1, 1, 1, 1, 1, 1, 1, 1, 1, 1, 1, 1, 1, 1, 1, 1, 1, 1, 1, 1, 1, 1, 1, 1, 1, 1, 1, 1, 1, 1, 1, 1, 1, 1, 1, 1, 1, 1, 1, 1, 1, 1, 1, 1, 1, 1, 1, 1, 1, 1, 1, 1, 1, 1, 1, 1, 1, 1, 1, 1, 1, 1, 1, 1, 1, 1, 1, 1, 1, 1, 1, 1, 1, 1, 1, 1, 1, 1, 1]",0.6048153419978917,0.6048034686666344,0.6024704039991775,0.6094779049999488,0.002009382586032752,"[0.603696, 0.60247, 0.604217, 0.605319, 0.609478, 0.604815, 0.605036, 0.605131, 0.603069]",0.07695070099725854,0.07696969833341427,0.07681891000174801,0.07713235899791471,9.28056629209853e-05,"[0.076904, 0.077011, 0.076819, 0.076973, 0.076925, 0.07694, 0.076951, 0.077132, 0.077072]",7.859776898191466,7.810864490939081,7.933956690951228,75,optimal,nan,13.45904541015625,8.906806945800781,481.2646633118504,481.26440017267953,5.467660332395232e-07,0.0009022638879517784,0.0007191240730235772,0.9998875,0.9481132075471698,0.5289473684210526,0.6790540540540542,9,2,1e-07,1e-05,1000,20.0,20.0,20.0,0.0,20.0,1.0,67.0,2.150537634408602,5.094686746433245,1.0
primary,x86_64,none,0.3.0,2.4.4,32,8,many_tiny,800,1600,0.05,0,0.997622027534418,40,"[20, 20, 20, 20, 20, 20, 20, 20, 20, 20, 20, 20, 20, 20, 20, 20, 20, 20, 20, 20, 20, 20, 20, 20, 20, 20, 20, 20, 20, 20, 20, 20, 20, 20, 20, 20, 20, 20, 20, 20]",powerlaw,40,0,0,1,0,[800],1.122846711998136,1.1222630818887813,1.1120196289994055,1.1312243640022643,0.006048913490650718,"[1.11202, 1.114804, 1.124137, 1.120974, 1.131224, 1.122847, 1.126178, 1.120605, 1.127578]",1.1979025000000547,1.197465824666627,1.1928338629986683,1.2019357869976375,0.0033640267002351554,"[1.200466, 1.199826, 1.192834, 1.199584, 1.193636, 1.197439, 1.193569, 1.201936, 1.197903]",0.9373439925186605,0.9251905476391239,0.9483503102087295,35,optimal,nan,53.74835205078125,92.81869220733643,889.8931678926583,889.8931678926583,0.0,0.0,0.0,1.0,0.022310313196173503,0.8960526315789473,0.04353663214422708,9,2,1e-07,1e-05,1000,20.0,20.0,20.0,0.0,20.0,800.0,800.0,800.0,0.0,800.0
primary,x86_64,none,0.3.0,2.4.4,32,8,many_tiny,800,1600,0.1,0,0.997622027534418,40,"[20, 20, 20, 20, 20, 20, 20, 20, 20, 20, 20, 20, 20, 20, 20, 20, 20, 20, 20, 20, 20, 20, 20, 20, 20, 20, 20, 20, 20, 20, 20, 20, 20, 20, 20, 20, 20, 20, 20, 20]",powerlaw,40,0,0,3,2,"[798, 1, 1]",1.5835370399981912,1.5824025004444087,1.5604759170018951,1.5988568859975203,0.013018493793671808,"[1.560476, 1.591963, 1.598857, 1.583956, 1.583537, 1.563044, 1.582491, 1.59396, 1.583338]",1.6189034649978566,1.6218423194437088,1.6116335810002056,1.635597026997857,0.009103768734704473,"[1.614222, 1.634058, 1.635597, 1.629687, 1.618903, 1.613011, 1.621358, 1.611634, 1.618112]",0.978154086538006,0.9540711380884282,0.9920722085011682,50,optimal,nan,53.74835205078125,92.42870807647705,912.9798254902729,912.9798265792598,1.192783083884858e-09,3.896974051864621e-05,3.0215146401484507e-05,1.0,0.2568283734203017,0.8289473684210527,0.3921568627450981,9,2,1e-07,1e-05,1000,20.0,20.0,20.0,0.0,20.0,1.0,798.0,266.6666666666667,375.7094030704522,1.0
primary,x86_64,none,0.3.0,2.4.4,32,8,many_tiny,800,1600,0.15,0,0.997622027534418,40,"[20, 20, 20, 20, 20, 20, 20, 20, 20, 20, 20, 20, 20, 20, 20, 20, 20, 20, 20, 20, 20, 20, 20, 20, 20, 20, 20, 20, 20, 20, 20, 20, 20, 20, 20, 20, 20, 20, 20, 20]",powerlaw,40,0,0,31,23,"[763, 2, 2, 2, 2, 2, 2, 2, 1, 1, 1, 1, 1, 1, 1, 1, 1, 1, 1, 1, 1, 1, 1, 1, 1, 1, 1, 1, 1, 1, 1]",1.641812651996588,1.6416047405550165,1.6322500470014347,1.6516495209980349,0.006443952763902197,"[1.63225, 1.635516, 1.636621, 1.648099, 1.641813, 1.638866, 1.647217, 1.65165, 1.642411]",1.8547127000019827,1.8575523614446057,1.8444614660002117,1.8721376840003359,0.008835085983302852,"[1.844461, 1.854713, 1.865024, 1.853454, 1.849714, 1.864951, 1.861353, 1.852162, 1.872138]",0.8852113063089679,0.8718643190353845,0.8954643680248321,52,optimal,nan,53.74835205078125,85.76209449768066,927.444396353085,927.4336734507848,1.1561773775775074e-05,0.0021762385183108357,0.001831339704466778,0.999953125,0.659316427783903,0.7868421052631579,0.7174565086982605,9,2,1e-07,1e-05,1000,20.0,20.0,20.0,0.0,20.0,1.0,763.0,25.806451612903224,134.5931550181195,1.0
primary,x86_64,none,0.3.0,2.4.4,32,8,many_tiny,800,1600,0.2,0,0.997622027534418,40,"[20, 20, 20, 20, 20, 20, 20, 20, 20, 20, 20, 20, 20, 20, 20, 20, 20, 20, 20, 20, 20, 20, 20, 20, 20, 20, 20, 20, 20, 20, 20, 20, 20, 20, 20, 20, 20, 20, 20, 20]",powerlaw,40,0,0,60,42,"[713, 5, 4, 4, 3, 3, 3, 3, 2, 2, 2, 2, 2, 2, 2, 2, 2, 2, 1, 1, 1, 1, 1, 1, 1, 1, 1, 1, 1, 1, 1, 1, 1, 1, 1, 1, 1, 1, 1, 1, 1, 1, 1, 1, 1, 1, 1, 1, 1, 1, 1, 1, 1, 1, 1, 1, 1, 1, 1, 1]",1.6765641029996914,1.676251316221573,1.6524807070018142,1.6937907840001571,0.012825257459001463,"[1.652481, 1.679154, 1.684029, 1.676564, 1.661109, 1.693791, 1.676391, 1.688171, 1.674573]",1.5017221249981958,1.5028238215555676,1.4946695200014801,1.5165848600008758,0.006305041356945232,"[1.516585, 1.500005, 1.501722, 1.499125, 1.507325, 1.499089, 1.501973, 1.49467, 1.504921]",1.1164276500232728,1.0896064905994511,1.1332209303354763,53,optimal,nan,53.74835205078125,76.75588417053223,938.7769262513957,938.7514617161079,2.7125224934432458e-05,0.0031620190988912236,0.002387657298135334,0.999890625,0.836231884057971,0.7592105263157894,0.7958620689655171,9,2,1e-07,1e-05,1000,20.0,20.0,20.0,0.0,20.0,1.0,713.0,13.333333333333334,91.09311475383612,1.0
primary,x86_64,none,0.3.0,2.4.4,32,8,many_tiny,800,1600,0.25,0,0.997622027534418,40,"[20, 20, 20, 20, 20, 20, 20, 20, 20, 20, 20, 20, 20, 20, 20, 20, 20, 20, 20, 20, 20, 20, 20, 20, 20, 20, 20, 20, 20, 20, 20, 20, 20, 20, 20, 20, 20, 20, 20, 20]",powerlaw,40,0,0,122,84,"[613, 6, 5, 5, 5, 4, 4, 4, 3, 3, 3, 3, 3, 3, 3, 3, 3, 3, 2, 2, 2, 2, 2, 2, 2, 2, 2, 2, 2, 2, 2, 2, 2, 2, 2, 2, 2, 2, 1, 1, 1, 1, 1, 1, 1, 1, 1, 1, 1, 1, 1, 1, 1, 1, 1, 1, 1, 1, 1, 1, 1, 1, 1, 1, 1, 1, 1, 1, 1, 1, 1, 1, 1, 1, 1, 1, 1, 1, 1, 1, 1, 1, 1, 1, 1, 1, 1, 1, 1, 1, 1, 1, 1, 1, 1, 1, 1, 1, 1, 1, 1, 1, 1, 1, 1, 1, 1, 1, 1, 1, 1, 1, 1, 1, 1, 1, 1, 1, 1, 1, 1, 1]",1.8042937760001223,1.8027416841113235,1.7733382129990787,1.8251322350006376,0.014057688409059119,"[1.773338, 1.804993, 1.804036, 1.80431, 1.814279, 1.825132, 1.799109, 1.795184, 1.804294]",1.3100773739970464,1.3070894451104524,1.2971772529999726,1.3136167509983352,0.006354801710569754,"[1.297449, 1.302843, 1.297177, 1.310077, 1.308013, 1.310532, 1.311584, 1.313617, 1.312513]",1.3772421475345549,1.34996619954135,1.407002960296804,58,optimal,nan,53.74835205078125,60.57490253448486,945.9853103916239,945.9561640463128,3.081056861131701e-05,0.0028118605870164487,0.0022894749635472837,0.999853125,0.8745928338762216,0.7065789473684211,0.7816593886462883,9,2,1e-07,1e-05,1000,20.0,20.0,20.0,0.0,20.0,1.0,613.0,6.557377049180328,55.14036473064289,1.0
primary,x86_64,none,0.3.0,2.4.4,32,8,many_tiny,800,1600,0.3,0,0.997622027534418,40,"[20, 20, 20, 20, 20, 20, 20, 20, 20, 20, 20, 20, 20, 20, 20, 20, 20, 20, 20, 20, 20, 20, 20, 20, 20, 20, 20, 20, 20, 20, 20, 20, 20, 20, 20, 20, 20, 20, 20, 20]",powerlaw,40,0,0,178,119,"[513, 8, 7, 6, 5, 5, 5, 5, 5, 4, 4, 4, 4, 3, 3, 3, 3, 3, 3, 3, 3, 3, 3, 3, 3, 3, 3, 2, 2, 2, 2, 2, 2, 2, 2, 2, 2, 2, 2, 2, 2, 2, 2, 2, 2, 2, 2, 2, 2, 2, 2, 2, 2, 2, 2, 2, 2, 2, 2, 1, 1, 1, 1, 1, 1, 1, 1, 1, 1, 1, 1, 1, 1, 1, 1, 1, 1, 1, 1, 1, 1, 1, 1, 1, 1, 1, 1, 1, 1, 1, 1, 1, 1, 1, 1, 1, 1, 1, 1, 1, 1, 1, 1, 1, 1, 1, 1, 1, 1, 1, 1, 1, 1, 1, 1, 1, 1, 1, 1, 1, 1, 1, 1, 1, 1, 1, 1, 1, 1, 1, 1, 1, 1, 1, 1, 1, 1, 1, 1, 1, 1, 1, 1, 1, 1, 1, 1, 1, 1, 1, 1, 1, 1, 1, 1, 1, 1, 1, 1, 1, 1, 1, 1, 1, 1, 1, 1, 1, 1, 1, 1, 1, 1, 1, 1, 1, 1, 1]",2.112074307999137,2.107786457889435,2.069433120002941,2.1294124519990874,0.01811872199121566,"[2.069433, 2.097082, 2.104878, 2.114272, 2.098475, 2.122709, 2.112074, 2.129412, 2.121743]",1.2997572340027546,1.3000680857779419,1.2971534179996524,1.3038745429985283,0.002028307610543712,"[1.300803, 1.303875, 1.301375, 1.301267, 1.297153, 1.299188, 1.299757, 1.297875, 1.299318]",1.624975997629001,1.5871412868019135,1.6416041637409908,60,optimal,nan,53.74835205078125,46.83482074737549,953.7070356661611,953.6725651763257,3.614368830916051e-05,0.002937571549272683,0.002356627655213337,0.99981875,0.8732638888888888,0.6618421052631579,0.7529940119760479,9,2,1e-07,1e-05,1000,20.0,20.0,20.0,0.0,20.0,1.0,513.0,4.49438202247191,38.239671028245546,1.0
primary,x86_64,none,0.3.0,2.4.4,32,8,many_tiny,800,1600,0.35,0,0.997622027534418,40,"[20, 20, 20, 20, 20, 20, 20, 20, 20, 20, 20, 20, 20, 20, 20, 20, 20, 20, 20, 20, 20, 20, 20, 20, 20, 20, 20, 20, 20, 20, 20, 20, 20, 20, 20, 20, 20, 20, 20, 20]",powerlaw,40,0,0,233,168,"[443, 9, 8, 7, 7, 6, 6, 6, 5, 4, 4, 4, 4, 4, 4, 4, 4, 3, 3, 3, 3, 3, 3, 3, 2, 2, 2, 2, 2, 2, 2, 2, 2, 2, 2, 2, 2, 2, 2, 2, 2, 2, 2, 2, 2, 2, 2, 2, 2, 2, 2, 2, 2, 2, 2, 2, 2, 2, 2, 2, 2, 2, 2, 2, 2, 1, 1, 1, 1, 1, 1, 1, 1, 1, 1, 1, 1, 1, 1, 1, 1, 1, 1, 1, 1, 1, 1, 1, 1, 1, 1, 1, 1, 1, 1, 1, 1, 1, 1, 1, 1, 1, 1, 1, 1, 1, 1, 1, 1, 1, 1, 1, 1, 1, 1, 1, 1, 1, 1, 1, 1, 1, 1, 1, 1, 1, 1, 1, 1, 1, 1, 1, 1, 1, 1, 1, 1, 1, 1, 1, 1, 1, 1, 1, 1, 1, 1, 1, 1, 1, 1, 1, 1, 1, 1, 1, 1, 1, 1, 1, 1, 1, 1, 1, 1, 1, 1, 1, 1, 1, 1, 1, 1, 1, 1, 1, 1, 1, 1, 1, 1, 1, 1, 1, 1, 1, 1, 1, 1, 1, 1, 1, 1, 1, 1, 1, 1, 1, 1, 1]",2.0463493470015237,2.047958314889305,2.0146468120001373,2.1003654560008727,0.024393638290756022,"[2.014647, 2.046361, 2.052439, 2.036026, 2.038964, 2.066342, 2.046349, 2.030132, 2.100365]",0.9346930869978678,0.9352548305549944,0.9333074520000082,0.9382490090029023,0.0017011411392205808,"[0.933307, 0.936428, 0.938249, 0.934693, 0.933311, 0.936279, 0.934348, 0.936571, 0.934107]",2.1893275722988115,2.147241076376032,2.2504539650893673,58,optimal,nan,53.74835205078125,38.951494216918945,962.1554980046947,962.1232949578405,3.346969062794399e-05,0.002869581493065161,0.0022326492186740847,0.9998,0.8592870544090057,0.6026315789473684,0.708430007733952,9,2,1e-07,1e-05,1000,20.0,20.0,20.0,0.0,20.0,1.0,443.0,3.4334763948497855,28.884944092222444,1.0
primary,x86_64,none,0.3.0,2.4.4,32,8,many_tiny,800,1600,0.4,0,0.997622027534418,40,"[20, 20, 20, 20, 20, 20, 20, 20, 20, 20, 20, 20, 20, 20, 20, 20, 20, 20, 20, 20, 20, 20, 20, 20, 20, 20, 20, 20, 20, 20, 20, 20, 20, 20, 20, 20, 20, 20, 20, 20]",powerlaw,40,0,0,296,224,"[369, 11, 7, 7, 7, 5, 5, 5, 5, 5, 4, 4, 4, 4, 4, 4, 4, 3, 3, 3, 3, 3, 3, 3, 3, 3, 3, 3, 3, 2, 2, 2, 2, 2, 2, 2, 2, 2, 2, 2, 2, 2, 2, 2, 2, 2, 2, 2, 2, 2, 2, 2, 2, 2, 2, 2, 2, 2, 2, 2, 2, 2, 2, 2, 2, 2, 2, 2, 2, 2, 2, 2, 1, 1, 1, 1, 1, 1, 1, 1, 1, 1, 1, 1, 1, 1, 1, 1, 1, 1, 1, 1, 1, 1, 1, 1, 1, 1, 1, 1, 1, 1, 1, 1, 1, 1, 1, 1, 1, 1, 1, 1, 1, 1, 1, 1, 1, 1, 1, 1, 1, 1, 1, 1, 1, 1, 1, 1, 1, 1, 1, 1, 1, 1, 1, 1, 1, 1, 1, 1, 1, 1, 1, 1, 1, 1, 1, 1, 1, 1, 1, 1, 1, 1, 1, 1, 1, 1, 1, 1, 1, 1, 1, 1, 1, 1, 1, 1, 1, 1, 1, 1, 1, 1, 1, 1, 1, 1, 1, 1, 1, 1, 1, 1, 1, 1, 1, 1, 1, 1, 1, 1, 1, 1, 1, 1, 1, 1, 1, 1]",2.13647362300253,2.133631586222489,2.1070451460000186,2.145416428000317,0.010924152194520182,"[2.107045, 2.12873, 2.136474, 2.145416, 2.134847, 2.137822, 2.137175, 2.140232, 2.134944]",0.7466799680005352,0.7469604198894457,0.7437674829998286,0.7493929230004142,0.0019442886397080382,"[0.745831, 0.743767, 0.748696, 0.745841, 0.749393, 0.74668, 0.749284, 0.745389, 0.747763]",2.8612976302599815,2.8116693944264193,2.8845257113785534,59,optimal,nan,53.74835205078125,37.601765632629395,966.4729029870635,966.4388415257339,3.524305878042037e-05,0.0031765331053498283,0.0024912049667161775,0.99979375,0.8577319587628865,0.5473684210526316,0.668273092369478,9,2,1e-07,1e-05,1000,20.0,20.0,20.0,0.0,20.0,1.0,369.0,2.7027027027027026,21.356674840971042,1.0
primary,x86_64,none,0.3.0,2.4.4,32,8,many_tiny,800,4000,0.05,0,0.997622027534418,40,"[20, 20, 20, 20, 20, 20, 20, 20, 20, 20, 20, 20, 20, 20, 20, 20, 20, 20, 20, 20, 20, 20, 20, 20, 20, 20, 20, 20, 20, 20, 20, 20, 20, 20, 20, 20, 20, 20, 20, 20]",powerlaw,40,0,0,1,0,[800],1.52882278800098,1.5306635205557138,1.520808647001104,1.5457331219986372,0.007355698002837642,"[1.545733, 1.538113, 1.528596, 1.532217, 1.525495, 1.526841, 1.528823, 1.529345, 1.520809]",1.586190935002378,1.5898843992221776,1.5807544169983885,1.6088752890027536,0.009302246351149476,"[1.581406, 1.608875, 1.588533, 1.586191, 1.59797, 1.580754, 1.59599, 1.583435, 1.585804]",0.963832760775857,0.945261983570997,0.977845201871236,42,optimal,nan,53.74835205078125,92.81869220733643,896.9889426388673,896.9889426388673,0.0,0.0,0.0,1.0,0.11660656019234072,0.8934210526315789,0.2062889260215707,9,2,1e-07,1e-05,1000,20.0,20.0,20.0,0.0,20.0,800.0,800.0,800.0,0.0,800.0
primary,x86_64,none,0.3.0,2.4.4,32,8,many_tiny,800,4000,0.1,0,0.997622027534418,40,"[20, 20, 20, 20, 20, 20, 20, 20, 20, 20, 20, 20, 20, 20, 20, 20, 20, 20, 20, 20, 20, 20, 20, 20, 20, 20, 20, 20, 20, 20, 20, 20, 20, 20, 20, 20, 20, 20, 20, 20]",powerlaw,40,0,0,40,21,"[739, 4, 3, 3, 2, 2, 2, 2, 2, 2, 2, 2, 2, 2, 2, 2, 2, 2, 2, 1, 1, 1, 1, 1, 1, 1, 1, 1, 1, 1, 1, 1, 1, 1, 1, 1, 1, 1, 1, 1]",1.5214746319979895,1.5252186542222463,1.5132025980019534,1.5405126810001093,0.010354128044151666,"[1.540513, 1.515325, 1.513203, 1.520033, 1.539726, 1.521475, 1.517591, 1.525403, 1.533699]",1.5361749609983235,1.5373286635549448,1.5329157400010445,1.5512490619985329,0.005480197294837243,"[1.538473, 1.532916, 1.534107, 1.536175, 1.535299, 1.534311, 1.536668, 1.551249, 1.536761]",0.9904305633319394,0.9754736586608712,1.0049558764391444,43,optimal,nan,53.74835205078125,81.36341571807861,912.1055547371528,912.0934624522163,1.325754993350711e-05,0.00288105490933456,0.002315937891675294,0.99993125,0.806282722513089,0.8105263157894737,0.8083989501312335,9,2,1e-07,1e-05,1000,20.0,20.0,20.0,0.0,20.0,1.0,739.0,20.0,115.1342694422473,1.0
primary,x86_64,none,0.3.0,2.4.4,32,8,many_tiny,800,4000,0.15,0,0.997622027534418,40,"[20, 20, 20, 20, 20, 20, 20, 20, 20, 20, 20, 20, 20, 20, 20, 20, 20, 20, 20, 20, 20, 20, 20, 20, 20, 20, 20, 20, 20, 20, 20, 20, 20, 20, 20, 20, 20, 20, 20, 20]",powerlaw,40,0,0,75,38,"[671, 6, 5, 4, 3, 3, 3, 3, 3, 3, 3, 3, 3, 3, 2, 2, 2, 2, 2, 2, 2, 2, 2, 2, 2, 2, 2, 2, 2, 2, 2, 2, 2, 2, 2, 2, 2, 1, 1, 1, 1, 1, 1, 1, 1, 1, 1, 1, 1, 1, 1, 1, 1, 1, 1, 1, 1, 1, 1, 1, 1, 1, 1, 1, 1, 1, 1, 1, 1, 1, 1, 1, 1, 1, 1]",1.4896206730008998,1.4917185038890846,1.4857678129992564,1.504074534997926,0.0058826672548853215,"[1.504075, 1.493768, 1.497894, 1.489827, 1.488077, 1.485768, 1.488812, 1.489621, 1.487626]",1.3134985949982365,1.3135236981110614,1.3082874539977638,1.3193101960023341,0.003575490120468469,"[1.31931, 1.312539, 1.31317, 1.313758, 1.308287, 1.309341, 1.31829, 1.313499, 1.313519]",1.13408623250404,1.1261701891649958,1.1496514243883416,42,optimal,nan,53.74835205078125,69.66329383850098,926.4553282270176,926.4468765464202,9.122599158241056e-06,0.003029502150002361,0.002422620999899801,0.999959375,0.9584664536741214,0.7894736842105263,0.8658008658008658,9,2,1e-07,1e-05,1000,20.0,20.0,20.0,0.0,20.0,1.0,671.0,10.666666666666666,76.76845416937581,1.0
primary,x86_64,none,0.3.0,2.4.4,32,8,many_tiny,800,4000,0.2,0,0.997622027534418,40,"[20, 20, 20, 20, 20, 20, 20, 20, 20, 20, 20, 20, 20, 20, 20, 20, 20, 20, 20, 20, 20, 20, 20, 20, 20, 20, 20, 20, 20, 20, 20, 20, 20, 20, 20, 20, 20, 20, 20, 20]",powerlaw,40,0,0,116,59,"[583, 7, 6, 5, 5, 4, 4, 4, 4, 4, 3, 3, 3, 3, 3, 3, 3, 3, 3, 3, 3, 3, 3, 3, 3, 3, 3, 3, 3, 3, 3, 2, 2, 2, 2, 2, 2, 2, 2, 2, 2, 2, 2, 2, 2, 2, 2, 2, 2, 2, 2, 2, 2, 2, 2, 2, 2, 1, 1, 1, 1, 1, 1, 1, 1, 1, 1, 1, 1, 1, 1, 1, 1, 1, 1, 1, 1, 1, 1, 1, 1, 1, 1, 1, 1, 1, 1, 1, 1, 1, 1, 1, 1, 1, 1, 1, 1, 1, 1, 1, 1, 1, 1, 1, 1, 1, 1, 1, 1, 1, 1, 1, 1, 1, 1, 1]",1.4464287759983563,1.4460219635560254,1.4378886509985023,1.4511970359999395,0.005169767980533211,"[1.449996, 1.450934, 1.443667, 1.446429, 1.438671, 1.451197, 1.437889, 1.450493, 1.444921]",1.1876612330015632,1.188074472777872,1.182326632002514,1.1960933990012563,0.004918227805555383,"[1.187809, 1.185853, 1.183285, 1.193744, 1.182327, 1.192185, 1.196093, 1.187661, 1.183713]",1.2178799272102303,1.202154156355303,1.2274078894273386,41,optimal,nan,53.74835205078125,56.194095611572266,939.0298128543504,939.019612236009,1.0862933425291253e-05,0.003933704585741923,0.003024650144127516,0.99995625,0.9681742043551089,0.7605263157894737,0.8518791451731762,9,2,1e-07,1e-05,1000,20.0,20.0,20.0,0.0,20.0,1.0,583.0,6.896551724137931,53.73456142519141,1.0
primary,x86_64,none,0.3.0,2.4.4,32,8,many_tiny,800,4000,0.25,0,0.997622027534418,40,"[20, 20, 20, 20, 20, 20, 20, 20, 20, 20, 20, 20, 20, 20, 20, 20, 20, 20, 20, 20, 20, 20, 20, 20, 20, 20, 20, 20, 20, 20, 20, 20, 20, 20, 20, 20, 20, 20, 20, 20]",powerlaw,40,0,0,180,100,"[421, 12, 11, 10, 10, 10, 9, 9, 7, 6, 5, 5, 5, 5, 5, 5, 5, 5, 4, 4, 4, 4, 4, 4, 4, 3, 3, 3, 3, 3, 3, 3, 3, 3, 3, 3, 3, 3, 3, 3, 3, 3, 2, 2, 2, 2, 2, 2, 2, 2, 2, 2, 2, 2, 2, 2, 2, 2, 2, 2, 2, 2, 2, 2, 2, 2, 2, 2, 2, 2, 2, 2, 2, 2, 2, 2, 2, 2, 2, 2, 1, 1, 1, 1, 1, 1, 1, 1, 1, 1, 1, 1, 1, 1, 1, 1, 1, 1, 1, 1, 1, 1, 1, 1, 1, 1, 1, 1, 1, 1, 1, 1, 1, 1, 1, 1, 1, 1, 1, 1, 1, 1, 1, 1, 1, 1, 1, 1, 1, 1, 1, 1, 1, 1, 1, 1, 1, 1, 1, 1, 1, 1, 1, 1, 1, 1, 1, 1, 1, 1, 1, 1, 1, 1, 1, 1, 1, 1, 1, 1, 1, 1, 1, 1, 1, 1, 1, 1, 1, 1, 1, 1, 1, 1, 1, 1, 1, 1, 1, 1]",1.4372246179991635,1.4339663066667627,1.4245074320024287,1.4444479029989452,0.007473315876076186,"[1.444448, 1.439102, 1.427335, 1.441064, 1.425723, 1.437986, 1.424507, 1.437225, 1.428307]",0.7552547699997376,0.7552239256660364,0.754320354997617,0.7563126880013442,0.0005828754084004415,"[0.75432, 0.755255, 0.754672, 0.754815, 0.755459, 0.756313, 0.755289, 0.755653, 0.755239]",1.902966621448366,1.883490062512209,1.9148998080576898,41,optimal,nan,53.74835205078125,38.519394874572754,947.3862080165302,947.3741077030694,1.277231329567829e-05,0.003712462710793521,0.0029538055873397136,0.999921875,0.9488536155202821,0.7078947368421052,0.8108515448379803,9,2,1e-07,1e-05,1000,20.0,20.0,20.0,0.0,20.0,1.0,421.0,4.444444444444445,31.199576603648218,1.0
primary,x86_64,none,0.3.0,2.4.4,32,8,many_tiny,800,4000,0.3,0,0.997622027534418,40,"[20, 20, 20, 20, 20, 20, 20, 20, 20, 20, 20, 20, 20, 20, 20, 20, 20, 20, 20, 20, 20, 20, 20, 20, 20, 20, 20, 20, 20, 20, 20, 20, 20, 20, 20, 20, 20, 20, 20, 20]",powerlaw,40,0,0,248,149,"[294, 13, 12, 11, 10, 9, 9, 9, 8, 7, 7, 7, 6, 6, 6, 5, 5, 5, 5, 5, 5, 5, 5, 5, 4, 4, 4, 4, 4, 4, 4, 4, 4, 4, 3, 3, 3, 3, 3, 3, 3, 3, 3, 3, 3, 3, 3, 3, 3, 3, 3, 3, 3, 3, 3, 3, 2, 2, 2, 2, 2, 2, 2, 2, 2, 2, 2, 2, 2, 2, 2, 2, 2, 2, 2, 2, 2, 2, 2, 2, 2, 2, 2, 2, 2, 2, 2, 2, 2, 2, 2, 2, 2, 2, 2, 2, 2, 2, 2, 1, 1, 1, 1, 1, 1, 1, 1, 1, 1, 1, 1, 1, 1, 1, 1, 1, 1, 1, 1, 1, 1, 1, 1, 1, 1, 1, 1, 1, 1, 1, 1, 1, 1, 1, 1, 1, 1, 1, 1, 1, 1, 1, 1, 1, 1, 1, 1, 1, 1, 1, 1, 1, 1, 1, 1, 1, 1, 1, 1, 1, 1, 1, 1, 1, 1, 1, 1, 1, 1, 1, 1, 1, 1, 1, 1, 1, 1, 1, 1, 1, 1, 1, 1, 1, 1, 1, 1, 1, 1, 1, 1, 1, 1, 1, 1, 1, 1, 1, 1, 1]",1.4820266159986204,1.4823313264443843,1.4655492519996187,1.4933204389999446,0.00797141333313002,"[1.465549, 1.482027, 1.489298, 1.476692, 1.480734, 1.485523, 1.485887, 1.481952, 1.49332]",0.4971208850001858,0.4971479357773205,0.49534586599838804,0.4992045889994188,0.0012023229940217157,"[0.495346, 0.499205, 0.497121, 0.496039, 0.497428, 0.496266, 0.496723, 0.49813, 0.498073]",2.981219781176698,2.9357687895800275,3.014702537165828,42,optimal,nan,53.74835205078125,36.48490047454834,954.7400663418719,954.7288541254304,1.1743737208385923e-05,0.003262638982312993,0.0026191789180243213,0.99991875,0.9450757575757576,0.656578947368421,0.7748447204968945,9,2,1e-07,1e-05,1000,20.0,20.0,20.0,0.0,20.0,1.0,294.0,3.225806451612903,18.606207215074242,1.0
primary,x86_64,none,0.3.0,2.4.4,32,8,many_tiny,800,4000,0.35,0,0.997622027534418,40,"[20, 20, 20, 20, 20, 20, 20, 20, 20, 20, 20, 20, 20, 20, 20, 20, 20, 20, 20, 20, 20, 20, 20, 20, 20, 20, 20, 20, 20, 20, 20, 20, 20, 20, 20, 20, 20, 20, 20, 20]",powerlaw,40,0,0,312,196,"[156, 13, 12, 12, 12, 11, 11, 11, 11, 10, 10, 9, 9, 8, 8, 7, 7, 7, 6, 6, 6, 6, 5, 5, 5, 5, 5, 5, 5, 4, 4, 4, 4, 4, 4, 4, 4, 4, 4, 4, 4, 4, 4, 3, 3, 3, 3, 3, 3, 3, 3, 3, 3, 3, 3, 3, 3, 3, 3, 3, 3, 3, 2, 2, 2, 2, 2, 2, 2, 2, 2, 2, 2, 2, 2, 2, 2, 2, 2, 2, 2, 2, 2, 2, 2, 2, 2, 2, 2, 2, 2, 2, 2, 2, 2, 2, 2, 2, 2, 2, 2, 2, 2, 2, 2, 2, 2, 2, 2, 2, 2, 2, 2, 2, 2, 2, 1, 1, 1, 1, 1, 1, 1, 1, 1, 1, 1, 1, 1, 1, 1, 1, 1, 1, 1, 1, 1, 1, 1, 1, 1, 1, 1, 1, 1, 1, 1, 1, 1, 1, 1, 1, 1, 1, 1, 1, 1, 1, 1, 1, 1, 1, 1, 1, 1, 1, 1, 1, 1, 1, 1, 1, 1, 1, 1, 1, 1, 1, 1, 1, 1, 1, 1, 1, 1, 1, 1, 1, 1, 1, 1, 1, 1, 1, 1, 1, 1, 1, 1, 1]",1.3787665859999834,1.380302800556011,1.373788462999073,1.3868366890019388,0.005112821058862848,"[1.378767, 1.386837, 1.3771, 1.386052, 1.376095, 1.384736, 1.375193, 1.384157, 1.373788]",0.2883582159993239,0.2883231263331254,0.28765415199814015,0.28884620100143366,0.00036980679787992893,"[0.288744, 0.288205, 0.288466, 0.288358, 0.288206, 0.288462, 0.288846, 0.287654, 0.287966]",4.781436801520565,4.756124395045287,4.8211947554676895,39,optimal,nan,53.74835205078125,35.112853050231934,962.4949843220843,962.4869769160543,8.31942624156792e-06,0.0022582124952348903,0.001818366122741321,0.99993125,0.9503105590062112,0.6039473684210527,0.7385358004827032,9,2,1e-07,1e-05,1000,20.0,20.0,20.0,0.0,20.0,1.0,156.0,2.5641025641025643,8.975164798986578,1.0
primary,x86_64,none,0.3.0,2.4.4,32,8,many_tiny,800,4000,0.4,0,0.997622027534418,40,"[20, 20, 20, 20, 20, 20, 20, 20, 20, 20, 20, 20, 20, 20, 20, 20, 20, 20, 20, 20, 20, 20, 20, 20, 20, 20, 20, 20, 20, 20, 20, 20, 20, 20, 20, 20, 20, 20, 20, 20]",powerlaw,40,0,0,364,245,"[105, 13, 12, 11, 11, 11, 11, 10, 9, 9, 8, 7, 7, 7, 7, 7, 7, 7, 6, 6, 6, 6, 6, 6, 6, 5, 5, 5, 5, 5, 5, 4, 4, 4, 4, 4, 4, 4, 4, 4, 4, 4, 4, 4, 4, 4, 3, 3, 3, 3, 3, 3, 3, 3, 3, 3, 3, 3, 3, 3, 3, 3, 3, 3, 2, 2, 2, 2, 2, 2, 2, 2, 2, 2, 2, 2, 2, 2, 2, 2, 2, 2, 2, 2, 2, 2, 2, 2, 2, 2, 2, 2, 2, 2, 2, 2, 2, 2, 2, 2, 2, 2, 2, 2, 2, 2, 2, 2, 2, 2, 2, 2, 2, 2, 2, 2, 2, 2, 2, 1, 1, 1, 1, 1, 1, 1, 1, 1, 1, 1, 1, 1, 1, 1, 1, 1, 1, 1, 1, 1, 1, 1, 1, 1, 1, 1, 1, 1, 1, 1, 1, 1, 1, 1, 1, 1, 1, 1, 1, 1, 1, 1, 1, 1, 1, 1, 1, 1, 1, 1, 1, 1, 1, 1, 1, 1, 1, 1, 1, 1, 1, 1, 1, 1, 1, 1, 1, 1, 1, 1, 1, 1, 1, 1, 1, 1, 1, 1, 1, 1]",1.4820433399981994,1.4828615623324974,1.4785431189993687,1.489998220000416,0.0033206816016481976,"[1.480281, 1.481026, 1.48433, 1.483037, 1.484899, 1.478543, 1.489998, 1.482043, 1.481597]",0.2153251290001208,0.2141702831112424,0.20212116800030344,0.21754894399782643,0.004587412416159306,"[0.215947, 0.202121, 0.215788, 0.215325, 0.214977, 0.21502, 0.217549, 0.215749, 0.215056]",6.882816450082647,6.796370011403692,7.37180689554584,42,optimal,nan,53.74835205078125,34.82577419281006,968.6223772172053,968.6160714773455,6.510008449274426e-06,0.0022097890897022007,0.0017850448990693612,0.999946875,0.956221198156682,0.5460526315789473,0.695142378559464,9,2,1e-07,1e-05,1000,20.0,20.0,20.0,0.0,20.0,1.0,105.0,2.197802197802198,5.742113139039811,1.0
primary,x86_64,none,0.3.0,2.4.4,32,8,many_tiny,800,8000,0.05,0,0.997622027534418,40,"[20, 20, 20, 20, 20, 20, 20, 20, 20, 20, 20, 20, 20, 20, 20, 20, 20, 20, 20, 20, 20, 20, 20, 20, 20, 20, 20, 20, 20, 20, 20, 20, 20, 20, 20, 20, 20, 20, 20, 20]",powerlaw,40,0,0,4,3,"[797, 1, 1, 1]",1.195640772999468,1.1945685468890588,1.188845893000689,1.1977210180011753,0.003001803936254272,"[1.190396, 1.194487, 1.195641, 1.196877, 1.188846, 1.196408, 1.196018, 1.197721, 1.194723]",1.3122516999974323,1.3123317989997707,1.2993363139976282,1.3405355210015841,0.012757500433719838,"[1.315163, 1.340536, 1.318731, 1.312252, 1.310675, 1.313401, 1.299336, 1.29937, 1.301523]",0.9111367681991249,0.8868440070222385,0.9217944616018494,34,optimal,nan,53.74835205078125,92.23408222198486,898.4524217156511,898.4524242702104,2.843288316337041e-09,1.4982169577525822e-05,1.1958100945582927e-05,1.0,0.45708582834331335,0.9039473684210526,0.6071586389748121,9,2,1e-07,1e-05,1000,20.0,20.0,20.0,0.0,20.0,1.0,797.0,200.0,344.67811070620655,1.0
primary,x86_64,none,0.3.0,2.4.4,32,8,many_tiny,800,8000,0.1,0,0.997622027534418,40,"[20, 20, 20, 20, 20, 20, 20, 20, 20, 20, 20, 20, 20, 20, 20, 20, 20, 20, 20, 20, 20, 20, 20, 20, 20, 20, 20, 20, 20, 20, 20, 20, 20, 20, 20, 20, 20, 20, 20, 20]",powerlaw,40,0,0,51,21,"[703, 6, 5, 4, 4, 3, 3, 3, 3, 3, 3, 3, 2, 2, 2, 2, 2, 2, 2, 2, 2, 2, 2, 2, 2, 2, 2, 2, 2, 2, 1, 1, 1, 1, 1, 1, 1, 1, 1, 1, 1, 1, 1, 1, 1, 1, 1, 1, 1, 1, 1]",1.175839431998611,1.1750710539995959,1.1661654109993833,1.1825204939996183,0.005387273252602465,"[1.175839, 1.178233, 1.166872, 1.179379, 1.176015, 1.175317, 1.166165, 1.18252, 1.175298]",1.147583134999877,1.1476353601109521,1.1382045989994367,1.1597861310001463,0.008016578438183793,"[1.159786, 1.155717, 1.138205, 1.155766, 1.138731, 1.147583, 1.139847, 1.145169, 1.147914]",1.0246224400977597,1.0055003934162723,1.0389349112094068,33,optimal,nan,53.74835205078125,75.02613544464111,913.1023718375764,913.1018815979179,5.368945187105288e-07,0.001107740132223707,0.0008930964468410383,0.99999375,0.9874213836477987,0.8263157894736842,0.8997134670487105,9,2,1e-07,1e-05,1000,20.0,20.0,20.0,0.0,20.0,1.0,703.0,15.686274509803921,97.20697348423033,2.0
primary,x86_64,none,0.3.0,2.4.4,32,8,many_tiny,800,8000,0.15,0,0.997622027534418,40,"[20, 20, 20, 20, 20, 20, 20, 20, 20, 20, 20, 20, 20, 20, 20, 20, 20, 20, 20, 20, 20, 20, 20, 20, 20, 20, 20, 20, 20, 20, 20, 20, 20, 20, 20, 20, 20, 20, 20, 20]",powerlaw,40,0,0,99,39,"[557, 20, 10, 7, 7, 7, 7, 5, 5, 5, 5, 5, 4, 4, 4, 4, 3, 3, 3, 3, 3, 3, 3, 3, 3, 3, 3, 3, 3, 3, 3, 3, 3, 2, 2, 2, 2, 2, 2, 2, 2, 2, 2, 2, 2, 2, 2, 2, 2, 2, 2, 2, 2, 2, 2, 2, 2, 2, 2, 2, 1, 1, 1, 1, 1, 1, 1, 1, 1, 1, 1, 1, 1, 1, 1, 1, 1, 1, 1, 1, 1, 1, 1, 1, 1, 1, 1, 1, 1, 1, 1, 1, 1, 1, 1, 1, 1, 1, 1]",0.9903538519974973,1.0199242185553885,0.9846618830015359,1.1801166309996916,0.06474895564617811,"[0.990047, 0.990394, 0.984662, 0.988801, 0.987264, 1.005797, 0.990354, 1.061882, 1.180117]",0.8047419680005987,0.812216042999757,0.8017190919999848,0.8660969209995528,0.020410338438395407,"[0.866097, 0.801719, 0.804742, 0.804405, 0.810233, 0.809206, 0.802206, 0.804345, 0.806991]",1.2306476999802258,1.1368957204756582,1.471982696652201,32,optimal,nan,53.74835205078125,52.578030586242676,927.0389317506902,927.0374089166826,1.6426861433940622e-06,0.0005868637114861963,0.0004739268775924244,1.0,0.9917627677100495,0.7921052631578948,0.880760790051207,9,2,1e-07,1e-05,1000,20.0,20.0,20.0,0.0,20.0,1.0,557.0,8.080808080808081,55.50223887879775,2.0
primary,x86_64,none,0.3.0,2.4.4,32,8,many_tiny,800,8000,0.2,0,0.997622027534418,40,"[20, 20, 20, 20, 20, 20, 20, 20, 20, 20, 20, 20, 20, 20, 20, 20, 20, 20, 20, 20, 20, 20, 20, 20, 20, 20, 20, 20, 20, 20, 20, 20, 20, 20, 20, 20, 20, 20, 20, 20]",powerlaw,40,0,0,165,70,"[352, 15, 13, 13, 12, 11, 11, 10, 9, 9, 8, 8, 7, 7, 7, 7, 6, 6, 6, 5, 5, 5, 5, 5, 5, 5, 5, 5, 4, 4, 4, 4, 4, 4, 3, 3, 3, 3, 3, 3, 3, 3, 3, 3, 3, 3, 3, 3, 3, 3, 3, 3, 3, 3, 3, 3, 2, 2, 2, 2, 2, 2, 2, 2, 2, 2, 2, 2, 2, 2, 2, 2, 2, 2, 2, 2, 2, 2, 2, 2, 2, 2, 2, 2, 2, 2, 2, 2, 2, 2, 2, 2, 2, 2, 2, 1, 1, 1, 1, 1, 1, 1, 1, 1, 1, 1, 1, 1, 1, 1, 1, 1, 1, 1, 1, 1, 1, 1, 1, 1, 1, 1, 1, 1, 1, 1, 1, 1, 1, 1, 1, 1, 1, 1, 1, 1, 1, 1, 1, 1, 1, 1, 1, 1, 1, 1, 1, 1, 1, 1, 1, 1, 1, 1, 1, 1, 1, 1, 1, 1, 1, 1, 1, 1, 1]",1.0078359209983319,1.0084009556671338,1.0008938270002545,1.0186533870000858,0.0051761097793952895,"[1.018653, 1.012586, 1.009677, 1.007836, 1.007093, 1.005419, 1.003794, 1.009656, 1.000894]",0.45033985400004894,0.4504587091109392,0.4491442319995258,0.45184296300067217,0.0008165650383865448,"[0.451394, 0.451843, 0.449918, 0.449144, 0.450663, 0.450328, 0.449823, 0.45034, 0.450675]",2.237945214145365,2.21513647209056,2.267987239789737,32,optimal,nan,53.74835205078125,37.32053565979004,938.2481583618377,938.245300088908,3.046393328001434e-06,0.0015890658279731039,0.0012950130224960842,0.999971875,0.9812925170068028,0.7592105263157894,0.8560830860534125,9,2,1e-07,1e-05,1000,20.0,20.0,20.0,0.0,20.0,1.0,352.0,4.848484848484849,27.23780929663899,2.0
primary,x86_64,none,0.3.0,2.4.4,32,8,many_tiny,800,8000,0.25,0,0.997622027534418,40,"[20, 20, 20, 20, 20, 20, 20, 20, 20, 20, 20, 20, 20, 20, 20, 20, 20, 20, 20, 20, 20, 20, 20, 20, 20, 20, 20, 20, 20, 20, 20, 20, 20, 20, 20, 20, 20, 20, 20, 20]",powerlaw,40,0,0,232,102,"[147, 15, 13, 13, 12, 11, 11, 11, 11, 11, 10, 10, 10, 9, 8, 8, 8, 7, 7, 7, 7, 7, 7, 6, 6, 6, 6, 6, 6, 6, 6, 6, 5, 5, 5, 5, 5, 5, 5, 5, 5, 5, 5, 4, 4, 4, 4, 4, 4, 4, 4, 4, 4, 4, 3, 3, 3, 3, 3, 3, 3, 3, 3, 3, 3, 3, 3, 3, 3, 3, 3, 3, 3, 3, 3, 3, 3, 3, 3, 3, 3, 3, 3, 3, 3, 3, 3, 2, 2, 2, 2, 2, 2, 2, 2, 2, 2, 2, 2, 2, 2, 2, 2, 2, 2, 2, 2, 2, 2, 2, 2, 2, 2, 2, 2, 2, 2, 2, 2, 2, 2, 2, 2, 2, 2, 2, 2, 2, 2, 2, 1, 1, 1, 1, 1, 1, 1, 1, 1, 1, 1, 1, 1, 1, 1, 1, 1, 1, 1, 1, 1, 1, 1, 1, 1, 1, 1, 1, 1, 1, 1, 1, 1, 1, 1, 1, 1, 1, 1, 1, 1, 1, 1, 1, 1, 1, 1, 1, 1, 1, 1, 1, 1, 1, 1, 1, 1, 1, 1, 1, 1, 1, 1, 1, 1, 1, 1, 1, 1, 1]",1.0004333649994805,1.0020046602225596,0.9988886319988524,1.0101002970004629,0.003552716180141449,"[1.0101, 1.004221, 0.998889, 1.003512, 0.999727, 1.001798, 0.999531, 1.000433, 0.999831]",0.20430848600153695,0.2043956869998106,0.20404134600175894,0.2051324759995623,0.00030561022431835073,"[0.204407, 0.204261, 0.204308, 0.204241, 0.204273, 0.204384, 0.204513, 0.205132, 0.204041]",4.89668042957332,4.869480695981965,4.950468700553246,32,optimal,nan,53.74835205078125,35.044161796569824,947.0858921361647,947.0818305842887,4.2884725765048055e-06,0.002601833662923679,0.002136519701312314,0.99995,0.9681978798586572,0.7210526315789474,0.8265460030165912,9,2,1e-07,1e-05,1000,20.0,20.0,20.0,0.0,20.0,1.0,147.0,3.4482758620689653,9.820672098976946,2.0
primary,x86_64,none,0.3.0,2.4.4,32,8,many_tiny,800,8000,0.3,0,0.997622027534418,40,"[20, 20, 20, 20, 20, 20, 20, 20, 20, 20, 20, 20, 20, 20, 20, 20, 20, 20, 20, 20, 20, 20, 20, 20, 20, 20, 20, 20, 20, 20, 20, 20, 20, 20, 20, 20, 20, 20, 20, 20]",powerlaw,40,0,0,288,156,"[102, 14, 13, 13, 13, 12, 12, 11, 11, 11, 10, 10, 9, 9, 9, 9, 8, 7, 7, 7, 7, 7, 7, 6, 6, 6, 6, 6, 5, 5, 5, 5, 5, 5, 5, 5, 5, 5, 5, 4, 4, 4, 4, 4, 4, 4, 4, 4, 4, 4, 4, 3, 3, 3, 3, 3, 3, 3, 3, 3, 3, 3, 3, 3, 3, 3, 3, 3, 3, 3, 3, 3, 3, 3, 3, 3, 3, 3, 3, 3, 3, 3, 2, 2, 2, 2, 2, 2, 2, 2, 2, 2, 2, 2, 2, 2, 2, 2, 2, 2, 2, 2, 2, 2, 2, 2, 2, 2, 2, 2, 2, 2, 2, 2, 2, 2, 2, 2, 2, 2, 2, 2, 2, 2, 2, 2, 2, 2, 2, 2, 2, 2, 1, 1, 1, 1, 1, 1, 1, 1, 1, 1, 1, 1, 1, 1, 1, 1, 1, 1, 1, 1, 1, 1, 1, 1, 1, 1, 1, 1, 1, 1, 1, 1, 1, 1, 1, 1, 1, 1, 1, 1, 1, 1, 1, 1, 1, 1, 1, 1, 1, 1, 1, 1, 1, 1, 1, 1, 1, 1, 1, 1, 1, 1, 1, 1, 1, 1, 1, 1]",1.1490481140026532,1.0952564588891012,1.0036736260008183,1.1555379199999152,0.07043963222727356,"[1.003674, 1.007221, 1.007092, 1.083568, 1.149893, 1.150937, 1.149048, 1.155538, 1.150336]",0.20690040699992096,0.2071655705557431,0.20594106700082193,0.20913847100018756,0.0010649354325534637,"[0.207055, 0.206555, 0.208738, 0.206549, 0.205941, 0.207045, 0.206568, 0.2069, 0.209138]",5.5536290656165415,4.799086563083452,5.611012591263807,32,optimal,nan,53.74835205078125,34.80913734436035,955.9133724430025,955.9103600993503,3.1512726351261306e-06,0.0032156263716572736,0.0026106695673942123,0.99998125,0.9842209072978304,0.656578947368421,0.7876874506708761,9,2,1e-07,1e-05,1000,20.0,20.0,20.0,0.0,20.0,1.0,102.0,2.7777777777777777,6.373713862032224,1.0
primary,x86_64,none,0.3.0,2.4.4,32,8,many_tiny,800,8000,0.35,0,0.997622027534418,40,"[20, 20, 20, 20, 20, 20, 20, 20, 20, 20, 20, 20, 20, 20, 20, 20, 20, 20, 20, 20, 20, 20, 20, 20, 20, 20, 20, 20, 20, 20, 20, 20, 20, 20, 20, 20, 20, 20, 20, 20]",powerlaw,40,0,0,328,198,"[84, 13, 12, 12, 11, 11, 11, 10, 10, 10, 9, 9, 8, 8, 8, 8, 7, 7, 7, 7, 7, 7, 7, 6, 6, 6, 6, 6, 6, 6, 6, 5, 5, 5, 5, 5, 5, 4, 4, 4, 4, 4, 4, 4, 4, 4, 4, 4, 4, 4, 4, 4, 4, 4, 3, 3, 3, 3, 3, 3, 3, 3, 3, 3, 3, 3, 3, 3, 3, 3, 3, 3, 3, 3, 3, 2, 2, 2, 2, 2, 2, 2, 2, 2, 2, 2, 2, 2, 2, 2, 2, 2, 2, 2, 2, 2, 2, 2, 2, 2, 2, 2, 2, 2, 2, 2, 2, 2, 2, 2, 2, 2, 2, 2, 2, 2, 2, 2, 2, 2, 2, 2, 2, 2, 2, 2, 2, 2, 2, 2, 1, 1, 1, 1, 1, 1, 1, 1, 1, 1, 1, 1, 1, 1, 1, 1, 1, 1, 1, 1, 1, 1, 1, 1, 1, 1, 1, 1, 1, 1, 1, 1, 1, 1, 1, 1, 1, 1, 1, 1, 1, 1, 1, 1, 1, 1, 1, 1, 1, 1, 1, 1, 1, 1, 1, 1, 1, 1, 1, 1, 1, 1, 1, 1, 1, 1, 1, 1, 1, 1]",1.1906585249998898,1.1899262077774135,1.185505674999149,1.1956784659996629,0.003638088550903484,"[1.18581, 1.192648, 1.192309, 1.192512, 1.187339, 1.190659, 1.186876, 1.195678, 1.185506]",0.14167600799919455,0.14183154488798916,0.14097193700217758,0.14367423899966525,0.0008569952645313698,"[0.140972, 0.141142, 0.141974, 0.14266, 0.141676, 0.141192, 0.141512, 0.141682, 0.143674]",8.404094255723656,8.251344731339842,8.4816772148147,33,optimal,nan,53.74835205078125,34.737823486328125,963.058396098728,963.0377217128146,2.1467427102271925e-05,0.012364024224091948,0.009872303542682228,0.999975,0.9808510638297873,0.6065789473684211,0.7495934959349594,9,2,1e-07,1e-05,1000,20.0,20.0,20.0,0.0,20.0,1.0,84.0,2.4390243902439024,5.031237933724321,1.0
primary,x86_64,none,0.3.0,2.4.4,32,8,many_tiny,800,8000,0.4,0,0.997622027534418,40,"[20, 20, 20, 20, 20, 20, 20, 20, 20, 20, 20, 20, 20, 20, 20, 20, 20, 20, 20, 20, 20, 20, 20, 20, 20, 20, 20, 20, 20, 20, 20, 20, 20, 20, 20, 20, 20, 20, 20, 20]",powerlaw,40,0,0,379,249,"[26, 13, 12, 11, 11, 11, 11, 11, 10, 10, 10, 10, 9, 9, 9, 8, 8, 7, 7, 7, 7, 7, 7, 7, 7, 6, 6, 6, 6, 6, 6, 6, 5, 5, 5, 5, 5, 4, 4, 4, 4, 4, 4, 4, 4, 4, 4, 4, 4, 4, 4, 4, 4, 3, 3, 3, 3, 3, 3, 3, 3, 3, 3, 3, 3, 3, 3, 3, 3, 3, 3, 3, 3, 3, 2, 2, 2, 2, 2, 2, 2, 2, 2, 2, 2, 2, 2, 2, 2, 2, 2, 2, 2, 2, 2, 2, 2, 2, 2, 2, 2, 2, 2, 2, 2, 2, 2, 2, 2, 2, 2, 2, 2, 2, 2, 2, 2, 2, 2, 2, 2, 2, 2, 2, 2, 2, 2, 2, 2, 2, 1, 1, 1, 1, 1, 1, 1, 1, 1, 1, 1, 1, 1, 1, 1, 1, 1, 1, 1, 1, 1, 1, 1, 1, 1, 1, 1, 1, 1, 1, 1, 1, 1, 1, 1, 1, 1, 1, 1, 1, 1, 1, 1, 1, 1, 1, 1, 1, 1, 1, 1, 1, 1, 1, 1, 1, 1, 1, 1, 1, 1, 1, 1, 1, 1, 1, 1, 1, 1, 1]",1.0327451250013837,1.0324344791107352,1.026770631000545,1.038808708999568,0.0037970684143199154,"[1.02816, 1.032745, 1.026771, 1.035157, 1.038809, 1.03528, 1.031592, 1.033564, 1.029833]",0.08977786299874424,0.0895576837776591,0.08826523900279426,0.08998682799938251,0.0005298117010234919,"[0.088265, 0.089793, 0.089701, 0.08957, 0.089778, 0.089239, 0.089987, 0.089873, 0.089813]",11.503338245151024,11.410232517670151,11.769171201889362,33,optimal,nan,53.74835205078125,34.61342906951904,969.0207595008117,969.0011114936452,2.0276146794378106e-05,0.012362210748080985,0.009798972963776284,0.9999875,0.9881235154394299,0.5473684210526316,0.7044877222692634,9,2,1e-07,1e-05,1000,20.0,20.0,20.0,0.0,20.0,1.0,26.0,2.1108179419525066,2.4971464698573107,1.0
primary,x86_64,none,0.3.0,2.4.4,32,8,one_giant,100,200,0.05,0,0.98,1,[100],powerlaw,1,0,0,1,0,[100],0.012441740997019224,0.012496752444147004,0.012333696002315264,0.01269938499899581,0.00012144177827138515,"[0.012334, 0.012419, 0.012401, 0.012425, 0.012442, 0.012531, 0.012623, 0.012596, 0.012699]",0.013467569999193074,0.013472979222165627,0.013407017999270465,0.013551869000366423,4.8042087626413726e-05,"[0.013443, 0.013457, 0.013468, 0.013503, 0.01351, 0.013503, 0.013552, 0.013407, 0.013414]",0.9238296884860956,0.9101103325291721,0.9472192100948056,26,optimal,nan,0.9413604736328125,1.4787569046020508,104.97457759018698,104.97457759018698,0.0,0.0,0.0,1.0,0.03776751993285774,0.9090909090909091,0.07252215954875099,9,2,1e-07,1e-05,1000,100.0,100.0,100.0,0.0,100.0,100.0,100.0,100.0,0.0,100.0
primary,x86_64,none,0.3.0,2.4.4,32,8,one_giant,100,200,0.1,0,0.98,1,[100],powerlaw,1,0,0,1,0,[100],0.02632486799848266,0.026305079333623225,0.026145585001358995,0.0264139150021947,8.352981031351901e-05,"[0.026146, 0.026223, 0.026414, 0.02629, 0.026284, 0.02633, 0.026402, 0.026325, 0.026332]",0.02712392199828173,0.027128539555431215,0.027037249001296004,0.02725096300127916,5.8057766568810575e-05,"[0.027037, 0.027129, 0.027103, 0.027149, 0.027124, 0.027251, 0.027095, 0.027108, 0.027161]",0.970540617251086,0.9594371032000492,0.976945361598311,55,optimal,nan,0.9413604736328125,1.4787569046020508,112.73428104140555,112.73428104140555,0.0,0.0,0.0,1.0,0.06923751095530237,0.797979797979798,0.12741935483870967,9,2,1e-07,1e-05,1000,100.0,100.0,100.0,0.0,100.0,100.0,100.0,100.0,0.0,100.0
primary,x86_64,none,0.3.0,2.4.4,32,8,one_giant,100,200,0.15,0,0.98,1,[100],powerlaw,1,0,0,1,0,[100],0.033546041002409765,0.03355118577787329,0.033404751997295534,0.033702764001645846,9.234254090305063e-05,"[0.033499, 0.033588, 0.033592, 0.033703, 0.03349, 0.033652, 0.033487, 0.033405, 0.033546]",0.03486275900286273,0.03483465966686102,0.034543375000794185,0.035087158998067025,0.00018906174935331833,"[0.035087, 0.034863, 0.034854, 0.034771, 0.034898, 0.034548, 0.035035, 0.034543, 0.034911]",0.9622313885041386,0.9520506347959328,0.975665058810003,71,optimal,nan,0.9413604736328125,1.478799819946289,116.03409715902632,116.03409715902632,0.0,0.0,0.0,1.0,0.15384615384615385,0.7878787878787878,0.25742574257425743,9,2,1e-07,1e-05,1000,100.0,100.0,100.0,0.0,100.0,100.0,100.0,100.0,0.0,100.0
primary,x86_64,none,0.3.0,2.4.4,32,8,one_giant,100,200,0.2,0,0.98,1,[100],powerlaw,1,0,0,1,0,[100],0.042262028000550345,0.04225622288908602,0.04208511899923906,0.04247574100008933,0.0001214163618143325,"[0.042476, 0.042085, 0.042239, 0.042213, 0.042262, 0.042325, 0.042283, 0.042331, 0.042091]",0.042820059999939986,0.04287995277789176,0.04277850400103489,0.04320118399846251,0.00013827247437967236,"[0.042871, 0.042812, 0.04282, 0.042803, 0.043001, 0.042779, 0.04278, 0.042853, 0.043201]",0.986967977172605,0.9741658701006164,0.992922543506004,89,optimal,nan,0.9413604736328125,1.4787139892578125,117.23096492369011,117.23096492369011,0.0,0.0,0.0,1.0,0.2835249042145594,0.7474747474747475,0.4111111111111111,9,2,1e-07,1e-05,1000,100.0,100.0,100.0,0.0,100.0,100.0,100.0,100.0,0.0,100.0
primary,x86_64,none,0.3.0,2.4.4,32,8,one_giant,100,200,0.25,0,0.98,1,[100],powerlaw,1,0,0,11,8,"[87, 3, 2, 1, 1, 1, 1, 1, 1, 1, 1]",0.044929896997928154,0.04497198011045435,0.044838474997959565,0.04522078599984525,0.0001394387649104587,"[0.045221, 0.044901, 0.044931, 0.044838, 0.044888, 0.045204, 0.044931, 0.044903, 0.04493]",0.039005257000098936,0.039025441777792165,0.03894233100072597,0.03928783499941346,0.00010441149926444528,"[0.039035, 0.038942, 0.039009, 0.039288, 0.039046, 0.038976, 0.038977, 0.038952, 0.039005]",1.1518933716502417,1.1412813915205298,1.1612244269353633,96,optimal,nan,0.9413604736328125,1.182891845703125,118.7896899897367,118.78968911549484,7.359576937848475e-09,6.098390444578272e-05,5.0942966299959104e-05,1.0,0.48,0.7272727272727273,0.5783132530120482,9,2,1e-07,1e-05,1000,100.0,100.0,100.0,0.0,100.0,1.0,87.0,9.090909090909092,24.64458098448473,1.0
primary,x86_64,none,0.3.0,2.4.4,32,8,one_giant,100,200,0.3,0,0.98,1,[100],powerlaw,1,0,0,13,6,"[74, 5, 4, 4, 3, 2, 2, 1, 1, 1, 1, 1, 1]",0.04061761500270222,0.04071616088872866,0.040452579996781424,0.04124094899816555,0.00024204236155093832,"[0.041241, 0.040905, 0.04059, 0.040698, 0.040618, 0.040821, 0.040596, 0.040524, 0.040453]",0.02872559399838792,0.028865167888903268,0.02869116299916641,0.029258693000883795,0.0002178734623995778,"[0.029259, 0.029168, 0.028919, 0.028721, 0.028699, 0.028726, 0.028691, 0.028911, 0.028692]",1.4139869485373107,1.3825832888557088,1.4374094559834945,86,optimal,nan,0.9413604736328125,0.9274568557739258,118.24837646758174,118.24837626206833,1.7379807485836681e-09,4.3069602456646816e-05,3.655461009644422e-05,1.0,0.6730769230769231,0.7070707070707071,0.6896551724137931,9,2,1e-07,1e-05,1000,100.0,100.0,100.0,0.0,100.0,1.0,74.0,7.6923076923076925,19.188877448967133,2.0
primary,x86_64,none,0.3.0,2.4.4,32,8,one_giant,100,200,0.35,0,0.98,1,[100],powerlaw,1,0,0,20,15,"[76, 3, 2, 2, 2, 1, 1, 1, 1, 1, 1, 1, 1, 1, 1, 1, 1, 1, 1, 1]",0.04260753400012618,0.04267217600014798,0.04242587699991418,0.04310620099931839,0.00023970741987262598,"[0.042949, 0.042786, 0.042451, 0.04273, 0.042458, 0.042426, 0.042608, 0.042536, 0.043106]",0.03042699900106527,0.03050470122252591,0.03036525900097331,0.030761818001337815,0.00015647186108272155,"[0.030762, 0.030615, 0.030445, 0.030736, 0.030399, 0.030376, 0.030419, 0.030427, 0.030365]",1.400319959212358,1.3791732659646156,1.4195894392976094,90,optimal,nan,0.9413604736328125,0.9649019241333008,121.6152534654978,121.61525250292564,7.914896622257674e-09,0.000213827921015472,0.00018267452175760388,1.0,0.7386363636363636,0.6565656565656566,0.695187165775401,9,2,1e-07,1e-05,1000,100.0,100.0,100.0,0.0,100.0,1.0,76.0,5.0,16.29723902997069,1.0
primary,x86_64,none,0.3.0,2.4.4,32,8,one_giant,100,200,0.4,0,0.98,1,[100],powerlaw,1,0,0,34,21,"[40, 7, 5, 5, 3, 3, 3, 3, 2, 2, 2, 2, 2, 1, 1, 1, 1, 1, 1, 1, 1, 1, 1, 1, 1, 1, 1, 1, 1, 1, 1, 1, 1, 1]",0.045314584000152536,0.04538595422208244,0.04503438100073254,0.04599847099962062,0.0002959692412923888,"[0.045998, 0.045572, 0.045216, 0.045322, 0.045191, 0.045624, 0.045315, 0.045201, 0.045034]",0.018062432001897832,0.01811071533302311,0.017948451000847854,0.0184957969977404,0.00016431052416287983,"[0.018496, 0.018056, 0.018175, 0.018036, 0.01818, 0.017969, 0.018062, 0.017948, 0.018073]",2.5087753407399016,2.4348440354440695,2.5628100718801714,96,optimal,nan,0.9413604736328125,0.7253942489624023,122.76845371094215,122.76845368819407,1.852925718388434e-10,1.4457644836957106e-05,1.219520985555034e-05,1.0,0.8,0.5656565656565656,0.6627218934911243,9,2,1e-07,1e-05,1000,100.0,100.0,100.0,0.0,100.0,1.0,40.0,2.9411764705882355,6.601876633693272,1.0
primary,x86_64,none,0.3.0,2.4.4,32,8,one_giant,100,500,0.05,0,0.98,1,[100],powerlaw,1,0,0,1,0,[100],0.024541540999052813,0.024493784888666898,0.02412836000075913,0.024834805000864435,0.0002527349580783888,"[0.024208, 0.024128, 0.024277, 0.024542, 0.024778, 0.024835, 0.024556, 0.024696, 0.024425]",0.025234925997210667,0.025255769777787564,0.0251268819993129,0.025416583001060644,9.528818422923076e-05,"[0.025351, 0.025235, 0.025129, 0.025227, 0.025417, 0.025285, 0.025303, 0.025127, 0.025229]",0.9725228043769775,0.9493156495407838,0.9883759155450942,51,optimal,nan,0.9413604736328125,1.4787139892578125,111.67545275151069,111.67545275151069,0.0,0.0,0.0,1.0,0.053952321204516936,0.8686868686868687,0.10159480212640283,9,2,1e-07,1e-05,1000,100.0,100.0,100.0,0.0,100.0,100.0,100.0,100.0,0.0,100.0
primary,x86_64,none,0.3.0,2.4.4,32,8,one_giant,100,500,0.1,0,0.98,1,[100],powerlaw,1,0,0,1,0,[100],0.03059322199987946,0.030570795222350473,0.03013254899997264,0.031064580998645397,0.0002919952511874376,"[0.030655, 0.030725, 0.031065, 0.030835, 0.030593, 0.030429, 0.030133, 0.030232, 0.03047]",0.031108511000638828,0.031139644999914,0.031005215998447966,0.031309165999118704,0.00010092738240218467,"[0.031092, 0.031104, 0.031005, 0.031109, 0.031309, 0.031035, 0.031257, 0.031213, 0.031133]",0.9834357549048623,0.962419407812422,1.001914677846476,63,optimal,nan,0.9413604736328125,1.4787569046020508,114.58217252545003,114.58217252545003,0.0,0.0,0.0,1.0,0.1788793103448276,0.8383838383838383,0.2948490230905862,9,2,1e-07,1e-05,1000,100.0,100.0,100.0,0.0,100.0,100.0,100.0,100.0,0.0,100.0
primary,x86_64,none,0.3.0,2.4.4,32,8,one_giant,100,500,0.15,0,0.98,1,[100],powerlaw,1,0,0,4,2,"[96, 2, 1, 1]",0.0387499900025432,0.0385919466664038,0.03793312599736964,0.0390349419976701,0.0003587048817375591,"[0.038793, 0.038609, 0.038532, 0.038763, 0.03882, 0.039035, 0.03875, 0.038093, 0.037933]",0.03627921299994341,0.03630098066666202,0.03618185500090476,0.036482242998317815,9.317504101835145e-05,"[0.036223, 0.036279, 0.036288, 0.036182, 0.036419, 0.036482, 0.036289, 0.036269, 0.036278]",1.0681044818310597,1.0397695667757798,1.0788540829842472,80,optimal,nan,0.9413604736328125,1.3832826614379883,117.18331865723367,117.18331861849217,3.306059656853708e-10,1.0283337491125144e-05,9.707888371126693e-06,1.0,0.5302013422818792,0.797979797979798,0.6370967741935484,9,2,1e-07,1e-05,1000,100.0,100.0,100.0,0.0,100.0,1.0,96.0,25.0,40.99390198553927,1.5
primary,x86_64,none,0.3.0,2.4.4,32,8,one_giant,100,500,0.2,0,0.98,1,[100],powerlaw,1,0,0,16,7,"[73, 4, 3, 3, 2, 2, 2, 2, 2, 1, 1, 1, 1, 1, 1, 1]",0.041027236002264544,0.041077630555567644,0.04084320399852004,0.04133949699826189,0.00017598246875293622,"[0.04092, 0.040976, 0.040994, 0.041339, 0.041246, 0.04105, 0.041303, 0.040843, 0.041027]",0.02923376100079622,0.029308429333872885,0.029131652998330537,0.02951277700049104,0.00015529205321770855,"[0.029497, 0.029513, 0.029293, 0.029513, 0.029209, 0.029192, 0.029234, 0.029132, 0.029193]",1.4034196968753734,1.3839159899402378,1.4190577170691603,85,optimal,nan,0.9413604736328125,0.9101228713989258,118.9132645945089,118.9132635694942,8.619851625598829e-09,0.00013484653213182568,0.0001245166193875449,1.0,0.74,0.7474747474747475,0.743718592964824,9,2,1e-07,1e-05,1000,100.0,100.0,100.0,0.0,100.0,1.0,73.0,6.25,17.257244855422318,2.0
primary,x86_64,none,0.3.0,2.4.4,32,8,one_giant,100,500,0.25,0,0.98,1,[100],powerlaw,1,0,0,21,8,"[46, 9, 7, 5, 4, 4, 3, 3, 3, 2, 2, 2, 2, 1, 1, 1, 1, 1, 1, 1, 1]",0.04048226499799057,0.04063239266664217,0.040273300000990275,0.04123738899943419,0.0003579436450528777,"[0.041095, 0.041237, 0.040816, 0.040482, 0.040364, 0.040746, 0.040302, 0.040377, 0.040273]",0.019307913000375265,0.019328624444218196,0.01923667399751139,0.019588115999795264,0.00010620566306150635,"[0.019237, 0.019326, 0.019588, 0.019342, 0.019353, 0.019306, 0.019254, 0.019244, 0.019308]",2.096667050302317,2.0560068156330713,2.1436860137448392,86,optimal,nan,0.9413604736328125,0.7341632843017578,120.56867011261366,120.56867007747994,2.9140010794888694e-10,1.9987761059866993e-05,1.7644659596067136e-05,1.0,0.8255813953488372,0.7171717171717171,0.7675675675675675,9,2,1e-07,1e-05,1000,100.0,100.0,100.0,0.0,100.0,1.0,46.0,4.761904761904762,9.45618850984829,2.0
primary,x86_64,none,0.3.0,2.4.4,32,8,one_giant,100,500,0.3,0,0.98,1,[100],powerlaw,1,0,0,26,12,"[44, 9, 6, 4, 4, 3, 3, 3, 2, 2, 2, 2, 2, 2, 1, 1, 1, 1, 1, 1, 1, 1, 1, 1, 1, 1]",0.042365327000879915,0.042324826778187545,0.042002012000011746,0.0426645270017616,0.00023339455246591443,"[0.042451, 0.04253, 0.042473, 0.042365, 0.042665, 0.042296, 0.042115, 0.042002, 0.042026]",0.018596718000480905,0.018600676111317525,0.01850410900078714,0.018733258002612274,8.300303363492119e-05,"[0.018733, 0.018667, 0.018681, 0.018597, 0.018626, 0.018575, 0.018504, 0.018505, 0.018517]",2.2781077284596325,2.242109300696907,2.3056785387476215,90,optimal,nan,0.9413604736328125,0.7323532104492188,122.37323728671365,122.37323718075676,8.658501505814952e-10,4.0578993854262224e-05,3.855512883935003e-05,1.0,0.8961038961038961,0.696969696969697,0.7840909090909091,9,2,1e-07,1e-05,1000,100.0,100.0,100.0,0.0,100.0,1.0,44.0,3.8461538461538463,8.235440802234,2.0
primary,x86_64,none,0.3.0,2.4.4,32,8,one_giant,100,500,0.35,0,0.98,1,[100],powerlaw,1,0,0,34,21,"[27, 16, 9, 5, 4, 3, 3, 2, 2, 2, 2, 2, 2, 1, 1, 1, 1, 1, 1, 1, 1, 1, 1, 1, 1, 1, 1, 1, 1, 1, 1, 1, 1, 1]",0.03414088399949833,0.034126767665940055,0.033828622999863,0.03462174100059201,0.000271322897567103,"[0.033837, 0.034239, 0.03442, 0.034622, 0.034141, 0.034169, 0.033975, 0.033829, 0.033909]",0.010803264998685336,0.010816589777985226,0.010745088002295233,0.01101223099976778,7.926926667737594e-05,"[0.011012, 0.010822, 0.010803, 0.010766, 0.01084, 0.010781, 0.010769, 0.010745, 0.01081]",3.160237576663442,3.071913674947098,3.222099343737021,73,optimal,nan,0.9413604736328125,0.7147836685180664,121.71045078611401,121.71045075281702,2.735753956206945e-10,1.3188148753506823e-05,1.2178280889615933e-05,1.0,0.927536231884058,0.6464646464646465,0.761904761904762,9,2,1e-07,1e-05,1000,100.0,100.0,100.0,0.0,100.0,1.0,27.0,2.9411764705882355,5.07555373084952,1.0
primary,x86_64,none,0.3.0,2.4.4,32,8,one_giant,100,500,0.4,0,0.98,1,[100],powerlaw,1,0,0,43,26,"[25, 6, 5, 4, 4, 3, 3, 3, 3, 3, 3, 2, 2, 2, 2, 2, 2, 1, 1, 1, 1, 1, 1, 1, 1, 1, 1, 1, 1, 1, 1, 1, 1, 1, 1, 1, 1, 1, 1, 1, 1, 1, 1]",0.04196283200144535,0.04192576244369977,0.04141786100080935,0.04246149999744375,0.00039132603685087603,"[0.042243, 0.042415, 0.042461, 0.042001, 0.041963, 0.041529, 0.041761, 0.04154, 0.041418]",0.015071617999637965,0.01369052133385493,0.011314993000269169,0.015597593002894428,0.0021165420425546958,"[0.015558, 0.015562, 0.015556, 0.015598, 0.015072, 0.011621, 0.01151, 0.011423, 0.011315]",2.7842287405674253,2.6554008040294095,3.752675763602651,72,optimal,nan,0.9413604736328125,0.7088775634765625,121.85701264054654,121.85701169374299,7.769791269095357e-09,0.0001594610542717534,0.00014689975690499702,1.0,0.9491525423728814,0.5656565656565656,0.7088607594936709,9,2,1e-07,1e-05,1000,100.0,100.0,100.0,0.0,100.0,1.0,25.0,2.3255813953488373,3.7024249139415093,1.0
primary,x86_64,none,0.3.0,2.4.4,32,8,one_giant,100,1000,0.05,0,0.98,1,[100],powerlaw,1,0,0,1,0,[100],0.032110595999256475,0.03216719133342849,0.031809021998924436,0.03266506699947058,0.00027479132707595934,"[0.031995, 0.032101, 0.032111, 0.032234, 0.032485, 0.032665, 0.032225, 0.031809, 0.03188]",0.033064000999729615,0.03307257577802779,0.032972577999316854,0.033175607000885066,6.553276452744817e-05,"[0.032973, 0.033151, 0.03299, 0.033064, 0.033096, 0.033079, 0.033063, 0.033176, 0.033062]",0.9711648629432071,0.9588075358523456,0.9906737350093571,55,optimal,nan,0.9413604736328125,1.4787139892578125,113.8884278907356,113.8884278907356,0.0,0.0,0.0,1.0,0.09523809523809523,0.9090909090909091,0.1724137931034483,9,2,1e-07,1e-05,1000,100.0,100.0,100.0,0.0,100.0,100.0,100.0,100.0,0.0,100.0
primary,x86_64,none,0.3.0,2.4.4,32,8,one_giant,100,1000,0.1,0,0.98,1,[100],powerlaw,1,0,0,1,0,[100],0.042785633999301353,0.04284170111107718,0.04252324000117369,0.04330685900276876,0.0002658820020213258,"[0.043307, 0.043097, 0.04298, 0.04261, 0.042754, 0.042523, 0.042786, 0.042553, 0.042966]",0.04402042899891967,0.043991801444563966,0.043736662999435794,0.044097603000409435,0.00010268706957443747,"[0.043737, 0.044047, 0.044098, 0.043963, 0.044031, 0.043987, 0.044029, 0.04402, 0.044014]",0.9719495009998966,0.9642982182224025,0.9901729129020982,74,optimal,nan,0.9413604736328125,1.4787139892578125,115.69846761275308,115.69846761275308,0.0,0.0,0.0,1.0,0.3933649289099526,0.8383838383838383,0.5354838709677419,9,2,1e-07,1e-05,1000,100.0,100.0,100.0,0.0,100.0,100.0,100.0,100.0,0.0,100.0
primary,x86_64,none,0.3.0,2.4.4,32,8,one_giant,100,1000,0.15,0,0.98,1,[100],powerlaw,1,0,0,12,5,"[72, 6, 4, 4, 4, 3, 2, 1, 1, 1, 1, 1]",0.04584175100171706,0.04592552188842092,0.04575863999707508,0.046327357998961816,0.00020987425857816778,"[0.046231, 0.046327, 0.045953, 0.045803, 0.045842, 0.045773, 0.045793, 0.045759, 0.045849]",0.025675418000901118,0.02725466188914854,0.025397587996849325,0.03362440799901378,0.003227793701308483,"[0.032178, 0.033624, 0.025908, 0.025988, 0.025472, 0.025398, 0.025675, 0.025578, 0.02547]",1.7854334835019305,1.3608757066716892,1.8240849487246158,79,optimal,nan,0.9413604736328125,0.8954591751098633,118.50128744607483,118.50128695011392,4.1852786162431375e-09,5.5897570218822745e-05,5.471184849101742e-05,1.0,0.7476635514018691,0.8080808080808081,0.7766990291262135,9,2,1e-07,1e-05,1000,100.0,100.0,100.0,0.0,100.0,1.0,72.0,8.333333333333334,19.2628023806391,2.5
primary,x86_64,none,0.3.0,2.4.4,32,8,one_giant,100,1000,0.2,0,0.98,1,[100],powerlaw,1,0,0,21,8,"[30, 16, 9, 9, 7, 4, 3, 3, 3, 2, 2, 2, 2, 1, 1, 1, 1, 1, 1, 1, 1]",0.04870314999789116,0.04881172277762542,0.04843007100134855,0.050246643000718905,0.0005517924239156065,"[0.048703, 0.048546, 0.048709, 0.050247, 0.04843, 0.048578, 0.048821, 0.048531, 0.04874]",0.014018482001119992,0.01400660844471228,0.013794081001833547,0.014079033997404622,8.85695339770107e-05,"[0.014051, 0.014079, 0.014075, 0.014018, 0.01397, 0.013992, 0.01407, 0.01401, 0.013794]",3.4742099746606,3.4398717277248085,3.6426234552370675,82,optimal,nan,0.9413604736328125,0.712986946105957,118.82794289556634,118.82794289998009,3.7144035808763246e-11,9.390041305512575e-06,8.536145875554331e-06,1.0,0.9146341463414634,0.7575757575757576,0.8287292817679557,9,2,1e-07,1e-05,1000,100.0,100.0,100.0,0.0,100.0,1.0,30.0,4.761904761904762,6.753515923151661,2.0
primary,x86_64,none,0.3.0,2.4.4,32,8,one_giant,100,1000,0.25,0,0.98,1,[100],powerlaw,1,0,0,23,8,"[18, 16, 9, 7, 7, 6, 6, 4, 4, 3, 3, 3, 2, 2, 2, 1, 1, 1, 1, 1, 1, 1, 1]",0.03986249700028566,0.0397551114446186,0.0393662040005438,0.040089271002216265,0.00025718132848818483,"[0.039528, 0.039862, 0.040068, 0.040089, 0.039872, 0.039867, 0.039496, 0.039648, 0.039366]",0.011930016000405885,0.011864186665964857,0.011455094998382265,0.012015502001304412,0.00018292962392338618,"[0.011945, 0.011869, 0.011954, 0.012016, 0.011928, 0.012004, 0.01193, 0.011677, 0.011455]",3.341361570590471,3.276284586051434,3.499689091000802,84,optimal,nan,0.9413604736328125,0.7026157379150391,119.78426633364761,119.78426633460909,8.02674706578769e-12,9.862707960439643e-06,8.86425435374897e-06,1.0,0.9487179487179487,0.7474747474747475,0.8361581920903954,9,2,1e-07,1e-05,1000,100.0,100.0,100.0,0.0,100.0,1.0,18.0,4.3478260869565215,4.545506100412219,3.0
primary,x86_64,none,0.3.0,2.4.4,32,8,one_giant,100,1000,0.3,0,0.98,1,[100],powerlaw,1,0,0,30,16,"[32, 9, 7, 6, 6, 4, 3, 3, 3, 3, 2, 2, 2, 2, 1, 1, 1, 1, 1, 1, 1, 1, 1, 1, 1, 1, 1, 1, 1, 1]",0.041011805999005446,0.041055867777888326,0.040739912998105865,0.04147010399901774,0.00024237500193847046,"[0.040881, 0.041101, 0.041387, 0.04147, 0.041109, 0.040945, 0.04074, 0.040857, 0.041012]",0.01358867800081498,0.01359936377735317,0.013516252998670097,0.013665852002304746,4.911873147970132e-05,"[0.013589, 0.013646, 0.013666, 0.013624, 0.013585, 0.013548, 0.013578, 0.013642, 0.013516]",3.0180865273682818,2.9811469487036066,3.0681657115398844,88,optimal,nan,0.9413604736328125,0.7138376235961914,120.92889068353335,120.92889068310849,3.5133202745756014e-12,8.338827478374111e-06,8.02314628988523e-06,1.0,0.9571428571428572,0.6767676767676768,0.7928994082840236,9,2,1e-07,1e-05,1000,100.0,100.0,100.0,0.0,100.0,1.0,32.0,3.3333333333333335,5.70574758954123,1.0
primary,x86_64,none,0.3.0,2.4.4,32,8,one_giant,100,1000,0.35,0,0.98,1,[100],powerlaw,1,0,0,36,18,"[11, 9, 9, 7, 6, 5, 5, 4, 4, 3, 3, 3, 3, 2, 2, 2, 2, 2, 1, 1, 1, 1, 1, 1, 1, 1, 1, 1, 1, 1, 1, 1, 1, 1, 1, 1]",0.03773485000056098,0.03771585388919144,0.037303860000974964,0.0379723109981569,0.00019760113068913832,"[0.037304, 0.037698, 0.037972, 0.037851, 0.037735, 0.037742, 0.037565, 0.037898, 0.037678]",0.009265708999009803,0.009277450444642454,0.009219405001203995,0.009384438999404665,4.995638098458423e-05,"[0.00932, 0.009229, 0.009285, 0.00926, 0.009256, 0.009219, 0.009384, 0.009266, 0.009278]",4.07252699222408,3.975076187648667,4.118737705220452,81,optimal,nan,0.9413604736328125,0.700221061706543,122.33622651273697,122.33622652438615,9.522263318557903e-11,9.451280144207042e-06,9.177731316224804e-06,1.0,1.0,0.6464646464646465,0.7852760736196319,9,2,1e-07,1e-05,1000,100.0,100.0,100.0,0.0,100.0,1.0,11.0,2.7777777777777777,2.6152449546532934,1.5
primary,x86_64,none,0.3.0,2.4.4,32,8,one_giant,100,1000,0.4,0,0.98,1,[100],powerlaw,1,0,0,38,23,"[16, 9, 9, 7, 6, 5, 5, 3, 3, 3, 3, 2, 2, 2, 2, 1, 1, 1, 1, 1, 1, 1, 1, 1, 1, 1, 1, 1, 1, 1, 1, 1, 1, 1, 1, 1, 1, 1]",0.039601290998689365,0.03961725333323961,0.03943150600025547,0.03987080899969442,0.00015259304497786404,"[0.039432, 0.039601, 0.039871, 0.039587, 0.039753, 0.039768, 0.039608, 0.039483, 0.039453]",0.008919018000597134,0.008957143111426072,0.008864400999300415,0.009078115999727743,7.986873451692214e-05,"[0.008919, 0.008864, 0.008887, 0.008891, 0.009002, 0.009078, 0.009021, 0.009047, 0.008905]",4.440095422616933,4.34357811702759,4.497857103129817,85,optimal,nan,0.9413604736328125,0.7015571594238281,122.84872660091244,122.84872660746622,5.334834450260307e-11,1.301123747676769e-05,1.2723320426223722e-05,1.0,1.0,0.6262626262626263,0.7701863354037267,9,2,1e-07,1e-05,1000,100.0,100.0,100.0,0.0,100.0,1.0,16.0,2.6315789473684212,3.098565479902111,1.0
primary,x86_64,none,0.3.0,2.4.4,32,8,one_giant,200,400,0.05,0,0.99,1,[200],powerlaw,1,0,0,1,0,[200],0.03919167200001539,0.03912531455555129,0.03861701699861442,0.03952886499973829,0.0003222527648484045,"[0.038617, 0.039192, 0.039233, 0.039379, 0.038821, 0.039512, 0.038968, 0.039529, 0.038876]",0.04116022000016528,0.041163385888972295,0.040982124002766795,0.041376309000042966,0.00011958078896801123,"[0.041071, 0.041258, 0.04116, 0.041157, 0.041051, 0.040982, 0.041376, 0.041241, 0.041174]",0.952173530653092,0.9333122729379829,0.9645391975552464,22,optimal,nan,3.385162353515625,5.829794883728027,171.83127942492442,171.83127942492442,0.0,0.0,0.0,1.0,0.03401898734177215,0.864321608040201,0.06546146527117032,9,2,1e-07,1e-05,1000,200.0,200.0,200.0,0.0,200.0,200.0,200.0,200.0,0.0,200.0
primary,x86_64,none,0.3.0,2.4.4,32,8,one_giant,200,400,0.1,0,0.99,1,[200],powerlaw,1,0,0,1,0,[200],0.07549701199968695,0.07579040733334194,0.07519187499929103,0.07781343899841886,0.0008135765864008192,"[0.077813, 0.075416, 0.075193, 0.075435, 0.075497, 0.076068, 0.075192, 0.075584, 0.075915]",0.07712480500049423,0.07709644066603182,0.0764729750007973,0.07742044199767406,0.0002637590713421002,"[0.07742, 0.077089, 0.077163, 0.077145, 0.077327, 0.077125, 0.077067, 0.076473, 0.07706]",0.9788940406293818,0.9712147471536008,1.0175285974896044,43,optimal,nan,3.385162353515625,5.8297576904296875,182.67322494859206,182.67322494859206,0.0,0.0,0.0,1.0,0.18108419838523646,0.7889447236180904,0.2945590994371482,9,2,1e-07,1e-05,1000,200.0,200.0,200.0,0.0,200.0,200.0,200.0,200.0,0.0,200.0
primary,x86_64,none,0.3.0,2.4.4,32,8,one_giant,200,400,0.15,0,0.99,1,[200],powerlaw,1,0,0,17,12,"[176, 4, 4, 2, 2, 1, 1, 1, 1, 1, 1, 1, 1, 1, 1, 1, 1]",0.07496272700154805,0.07495296477847863,0.07425390800199239,0.07568579400322051,0.0004406792991750098,"[0.074963, 0.075239, 0.074254, 0.074478, 0.074658, 0.075686, 0.074903, 0.075271, 0.075124]",0.0643506160013203,0.06469084455562148,0.0640941589990689,0.06630135500017786,0.0007021626748719009,"[0.065194, 0.064941, 0.064219, 0.06453, 0.064284, 0.064351, 0.066301, 0.064094, 0.064304]",1.1649107912193104,1.119945557700792,1.1808532194691876,43,optimal,nan,3.385162353515625,4.729733467102051,185.59503016605504,185.5950300600385,5.712250419325935e-10,2.5065883157968094e-05,1.7950931850911192e-05,1.0,0.6025641025641025,0.7085427135678392,0.6512702078521939,9,2,1e-07,1e-05,1000,200.0,200.0,200.0,0.0,200.0,1.0,176.0,11.764705882352942,41.070283248231505,1.0
primary,x86_64,none,0.3.0,2.4.4,32,8,one_giant,200,400,0.2,0,0.99,1,[200],powerlaw,1,0,0,72,46,"[62, 8, 6, 6, 6, 6, 5, 5, 4, 4, 3, 3, 3, 3, 3, 3, 3, 3, 3, 3, 2, 2, 2, 2, 2, 2, 1, 1, 1, 1, 1, 1, 1, 1, 1, 1, 1, 1, 1, 1, 1, 1, 1, 1, 1, 1, 1, 1, 1, 1, 1, 1, 1, 1, 1, 1, 1, 1, 1, 1, 1, 1, 1, 1, 1, 1, 1, 1, 1, 1, 1, 1]",0.07462909599780687,0.0746620768889746,0.07437382599891862,0.07492592200287618,0.000162477144170633,"[0.074626, 0.074685, 0.074526, 0.074737, 0.074834, 0.074926, 0.074629, 0.074622, 0.074374]",0.0230930370016722,0.02328340111166148,0.022879323001689045,0.024039317002461758,0.0004778942324577234,"[0.024039, 0.023979, 0.023667, 0.023136, 0.023093, 0.022984, 0.022894, 0.022879, 0.022881]",3.2316709141548974,3.093841060097603,3.2748312525394585,43,optimal,nan,3.385162353515625,2.4049501419067383,185.90152167109605,185.90152094292532,3.916970264979469e-09,0.0003157944711718319,0.00023818069777344647,0.99995,0.8455882352941176,0.5778894472361809,0.6865671641791044,9,2,1e-07,1e-05,1000,200.0,200.0,200.0,0.0,200.0,1.0,62.0,2.7777777777777777,7.205750447120191,1.0
primary,x86_64,none,0.3.0,2.4.4,32,8,one_giant,200,400,0.25,0,0.99,1,[200],powerlaw,1,0,0,101,71,"[36, 12, 7, 6, 4, 4, 3, 3, 3, 3, 3, 3, 3, 3, 3, 3, 3, 3, 2, 2, 2, 2, 2, 2, 2, 2, 2, 2, 2, 2, 1, 1, 1, 1, 1, 1, 1, 1, 1, 1, 1, 1, 1, 1, 1, 1, 1, 1, 1, 1, 1, 1, 1, 1, 1, 1, 1, 1, 1, 1, 1, 1, 1, 1, 1, 1, 1, 1, 1, 1, 1, 1, 1, 1, 1, 1, 1, 1, 1, 1, 1, 1, 1, 1, 1, 1, 1, 1, 1, 1, 1, 1, 1, 1, 1, 1, 1, 1, 1, 1, 1]",0.07460891300070216,0.07460469166593005,0.07433939600014128,0.0749437320009747,0.00019297944521769281,"[0.074561, 0.074944, 0.074609, 0.074363, 0.074612, 0.074653, 0.074819, 0.074541, 0.074339]",0.01884961699761334,0.01880423611105976,0.01819303999945987,0.019351847000507405,0.00040626372282683617,"[0.019352, 0.019168, 0.019176, 0.018975, 0.01885, 0.01861, 0.018639, 0.018275, 0.018193]",3.958112942567949,3.841462574512505,4.119362789462327,43,optimal,nan,3.385162353515625,2.3612518310546875,187.6131853476176,187.61318530629813,2.2023746716763802e-10,3.772352975850435e-05,2.7271681984786623e-05,1.0,0.9494949494949495,0.4723618090452261,0.6308724832214765,9,2,1e-07,1e-05,1000,200.0,200.0,200.0,0.0,200.0,1.0,36.0,1.9801980198019802,3.7070449335024214,1.0
primary,x86_64,none,0.3.0,2.4.4,32,8,one_giant,200,400,0.3,0,0.99,1,[200],powerlaw,1,0,0,124,98,"[19, 7, 6, 5, 5, 5, 5, 3, 3, 3, 3, 3, 3, 3, 3, 3, 3, 3, 3, 2, 2, 2, 2, 2, 2, 2, 1, 1, 1, 1, 1, 1, 1, 1, 1, 1, 1, 1, 1, 1, 1, 1, 1, 1, 1, 1, 1, 1, 1, 1, 1, 1, 1, 1, 1, 1, 1, 1, 1, 1, 1, 1, 1, 1, 1, 1, 1, 1, 1, 1, 1, 1, 1, 1, 1, 1, 1, 1, 1, 1, 1, 1, 1, 1, 1, 1, 1, 1, 1, 1, 1, 1, 1, 1, 1, 1, 1, 1, 1, 1, 1, 1, 1, 1, 1, 1, 1, 1, 1, 1, 1, 1, 1, 1, 1, 1, 1, 1, 1, 1, 1, 1, 1, 1]",0.07763178700042772,0.07744841455496498,0.07652047100054915,0.07770183799948427,0.0003908911751019641,"[0.077646, 0.077594, 0.077666, 0.077632, 0.077702, 0.077139, 0.07652, 0.077443, 0.077694]",0.015205784999125171,0.014837458000127098,0.01398523899842985,0.015428998998686438,0.0006175776945701518,"[0.015429, 0.015378, 0.015385, 0.015226, 0.015206, 0.014717, 0.01418, 0.013985, 0.014032]",5.1054113289707885,4.959522714795937,5.555989283287043,45,optimal,nan,3.385162353515625,2.347172737121582,186.53661146318274,186.5366114484994,7.871557812483976e-11,3.062201254119823e-05,2.080723766777262e-05,1.0,0.987012987012987,0.38190954773869346,0.5507246376811594,9,2,1e-07,1e-05,1000,200.0,200.0,200.0,0.0,200.0,1.0,19.0,1.6129032258064515,1.9206420189166709,1.0
primary,x86_64,none,0.3.0,2.4.4,32,8,one_giant,200,400,0.35,0,0.99,1,[200],powerlaw,1,0,0,143,122,"[19, 6, 6, 5, 4, 4, 3, 3, 3, 3, 2, 2, 2, 2, 2, 2, 2, 2, 2, 2, 2, 1, 1, 1, 1, 1, 1, 1, 1, 1, 1, 1, 1, 1, 1, 1, 1, 1, 1, 1, 1, 1, 1, 1, 1, 1, 1, 1, 1, 1, 1, 1, 1, 1, 1, 1, 1, 1, 1, 1, 1, 1, 1, 1, 1, 1, 1, 1, 1, 1, 1, 1, 1, 1, 1, 1, 1, 1, 1, 1, 1, 1, 1, 1, 1, 1, 1, 1, 1, 1, 1, 1, 1, 1, 1, 1, 1, 1, 1, 1, 1, 1, 1, 1, 1, 1, 1, 1, 1, 1, 1, 1, 1, 1, 1, 1, 1, 1, 1, 1, 1, 1, 1, 1, 1, 1, 1, 1, 1, 1, 1, 1, 1, 1, 1, 1, 1, 1, 1, 1, 1, 1, 1]",0.08133142299993779,0.08120187533333795,0.08050387399998726,0.0816935500006366,0.0004546967905754678,"[0.081656, 0.081538, 0.081502, 0.081694, 0.080504, 0.080659, 0.08075, 0.081331, 0.081183]",0.012801498000044376,0.012640420333708689,0.011880150999786565,0.013004526001168415,0.00037427651503762143,"[0.013005, 0.012892, 0.012801, 0.012813, 0.012787, 0.01283, 0.012596, 0.012159, 0.01188]",6.353273890263144,6.190450462612343,6.87647404499356,47,optimal,nan,3.385162353515625,2.350001335144043,190.6440702175972,190.64407018272578,1.8291373809809369e-10,4.35803816544178e-05,3.136294469707877e-05,1.0,1.0,0.2864321608040201,0.4453125,9,2,1e-07,1e-05,1000,200.0,200.0,200.0,0.0,200.0,1.0,19.0,1.3986013986013985,1.697962003989209,1.0
primary,x86_64,none,0.3.0,2.4.4,32,8,one_giant,200,400,0.4,0,0.99,1,[200],powerlaw,1,0,0,152,135,"[19, 6, 5, 4, 4, 3, 3, 3, 2, 2, 2, 2, 2, 2, 2, 2, 2, 1, 1, 1, 1, 1, 1, 1, 1, 1, 1, 1, 1, 1, 1, 1, 1, 1, 1, 1, 1, 1, 1, 1, 1, 1, 1, 1, 1, 1, 1, 1, 1, 1, 1, 1, 1, 1, 1, 1, 1, 1, 1, 1, 1, 1, 1, 1, 1, 1, 1, 1, 1, 1, 1, 1, 1, 1, 1, 1, 1, 1, 1, 1, 1, 1, 1, 1, 1, 1, 1, 1, 1, 1, 1, 1, 1, 1, 1, 1, 1, 1, 1, 1, 1, 1, 1, 1, 1, 1, 1, 1, 1, 1, 1, 1, 1, 1, 1, 1, 1, 1, 1, 1, 1, 1, 1, 1, 1, 1, 1, 1, 1, 1, 1, 1, 1, 1, 1, 1, 1, 1, 1, 1, 1, 1, 1, 1, 1, 1, 1, 1, 1, 1, 1, 1]",0.08291172499957611,0.08295591833343173,0.08244155200009118,0.0837665819999529,0.00047162943175817283,"[0.082521, 0.082442, 0.082912, 0.083767, 0.083406, 0.083325, 0.083089, 0.082659, 0.082484]",0.011299560999759706,0.011456943666821139,0.01068334999945364,0.012241091000760207,0.0005009552521999884,"[0.011296, 0.012241, 0.0113, 0.011761, 0.011322, 0.012139, 0.011284, 0.011086, 0.010683]",7.337605859319605,6.734820613209339,7.840853478004262,48,optimal,nan,3.385162353515625,2.3501510620117188,191.7749690765563,191.77496873716277,1.7697488087084537e-09,0.00015619627561019866,0.00011405116355274334,1.0,1.0,0.24120603015075376,0.38866396761133604,9,2,1e-07,1e-05,1000,200.0,200.0,200.0,0.0,200.0,1.0,19.0,1.3157894736842106,1.5994285683181835,1.0
primary,x86_64,none,0.3.0,2.4.4,32,8,one_giant,200,1000,0.05,0,0.99,1,[200],powerlaw,1,0,0,1,0,[200],0.050737008001306094,0.050611022111196585,0.05011961100171902,0.05091391599853523,0.0002872176103070108,"[0.050475, 0.050737, 0.050773, 0.050914, 0.050909, 0.050834, 0.05044, 0.050298, 0.05012]",0.05477502500070841,0.05467199366709489,0.0540495830027794,0.054922251001698896,0.0003102157294681767,"[0.054337, 0.054922, 0.054741, 0.05405, 0.054506, 0.054775, 0.054897, 0.054903, 0.054918]",0.9262799606326041,0.9125556598211658,0.9419853617726722,29,optimal,nan,3.385162353515625,5.8297576904296875,178.6418238831368,178.6418238831368,0.0,0.0,0.0,1.0,0.0881585811163276,0.8492462311557789,0.15973534971644615,9,2,1e-07,1e-05,1000,200.0,200.0,200.0,0.0,200.0,200.0,200.0,200.0,0.0,200.0
primary,x86_64,none,0.3.0,2.4.4,32,8,one_giant,200,1000,0.1,0,0.99,1,[200],powerlaw,1,0,0,28,15,"[144, 8, 8, 4, 4, 3, 2, 2, 2, 2, 2, 2, 2, 1, 1, 1, 1, 1, 1, 1, 1, 1, 1, 1, 1, 1, 1, 1]",0.06933729400043376,0.06925444655522976,0.0686296610001591,0.07006629799798247,0.0005135281200284413,"[0.069638, 0.06935, 0.068738, 0.068772, 0.06863, 0.068951, 0.069337, 0.070066, 0.069807]",0.048932309000520036,0.048667144888491345,0.047625087998312665,0.04969930700099212,0.0006253117005341453,"[0.049005, 0.047625, 0.048949, 0.047941, 0.04895, 0.048372, 0.049699, 0.048531, 0.048932]",1.4170043355137167,1.3808977456926932,1.471205638516928,40,optimal,nan,3.385162353515625,3.483260154724121,183.00617569348628,183.00617524120844,2.471380234484475e-09,0.00010698950846560473,8.214824775208778e-05,1.0,0.7251184834123223,0.7688442211055276,0.746341463414634,9,2,1e-07,1e-05,1000,200.0,200.0,200.0,0.0,200.0,1.0,144.0,7.142857142857143,26.403076505960286,1.0
primary,x86_64,none,0.3.0,2.4.4,32,8,one_giant,200,1000,0.15,0,0.99,1,[200],powerlaw,1,0,0,57,23,"[46, 12, 12, 9, 8, 6, 6, 5, 5, 5, 4, 4, 4, 4, 3, 3, 3, 3, 3, 3, 3, 2, 2, 2, 2, 2, 2, 2, 2, 2, 2, 2, 2, 2, 1, 1, 1, 1, 1, 1, 1, 1, 1, 1, 1, 1, 1, 1, 1, 1, 1, 1, 1, 1, 1, 1, 1]",0.07082261100003961,0.07065361800010174,0.06956406999961473,0.07124410300093587,0.0005945588733495074,"[0.071119, 0.071244, 0.070969, 0.070772, 0.070823, 0.070772, 0.070895, 0.069726, 0.069564]",0.022426962001190986,0.022661916333567608,0.022263114999077516,0.023198708997369977,0.0004035293971794767,"[0.023163, 0.023199, 0.023151, 0.022724, 0.022427, 0.022322, 0.022376, 0.022332, 0.022263]",3.1579226377731664,2.9986181561871037,3.200095898704557,41,optimal,nan,3.385162353515625,2.371281623840332,185.15693527225633,185.1569348722684,2.160264344728894e-09,0.00017521925766270097,0.00013567522197477282,1.0,0.9724137931034482,0.7085427135678392,0.8197674418604651,9,2,1e-07,1e-05,1000,200.0,200.0,200.0,0.0,200.0,1.0,46.0,3.508771929824561,6.207304149760435,2.0
primary,x86_64,none,0.3.0,2.4.4,32,8,one_giant,200,1000,0.2,0,0.99,1,[200],powerlaw,1,0,0,84,51,"[43, 8, 8, 6, 6, 5, 4, 4, 4, 4, 4, 3, 3, 3, 3, 3, 3, 3, 3, 3, 2, 2, 2, 2, 2, 2, 2, 2, 2, 2, 2, 2, 2, 1, 1, 1, 1, 1, 1, 1, 1, 1, 1, 1, 1, 1, 1, 1, 1, 1, 1, 1, 1, 1, 1, 1, 1, 1, 1, 1, 1, 1, 1, 1, 1, 1, 1, 1, 1, 1, 1, 1, 1, 1, 1, 1, 1, 1, 1, 1, 1, 1, 1, 1]",0.07203247300276416,0.07200674855590074,0.07152668300113874,0.07253351499821292,0.00034020512939691706,"[0.072373, 0.072534, 0.072276, 0.072032, 0.071769, 0.072038, 0.071639, 0.071872, 0.071527]",0.020646008000767324,0.02081658433315978,0.020450103998882696,0.021263406000798568,0.00033508642770904224,"[0.021263, 0.021211, 0.021205, 0.020921, 0.020646, 0.020557, 0.020599, 0.020496, 0.02045]",3.488929821207423,3.3638394055238603,3.5468531114646575,42,optimal,nan,3.385162353515625,2.3682985305786133,186.3320961789676,186.33209584143415,1.8114615935182789e-09,0.00017483819934568934,0.00012673016029012585,1.0,0.9829059829059829,0.5778894472361809,0.7278481012658227,9,2,1e-07,1e-05,1000,200.0,200.0,200.0,0.0,200.0,1.0,43.0,2.380952380952381,4.707908144066803,1.0
primary,x86_64,none,0.3.0,2.4.4,32,8,one_giant,200,1000,0.25,0,0.99,1,[200],powerlaw,1,0,0,107,72,"[19, 12, 6, 6, 6, 5, 4, 4, 4, 3, 3, 3, 3, 3, 3, 3, 3, 3, 3, 2, 2, 2, 2, 2, 2, 2, 2, 2, 2, 2, 2, 2, 2, 2, 2, 1, 1, 1, 1, 1, 1, 1, 1, 1, 1, 1, 1, 1, 1, 1, 1, 1, 1, 1, 1, 1, 1, 1, 1, 1, 1, 1, 1, 1, 1, 1, 1, 1, 1, 1, 1, 1, 1, 1, 1, 1, 1, 1, 1, 1, 1, 1, 1, 1, 1, 1, 1, 1, 1, 1, 1, 1, 1, 1, 1, 1, 1, 1, 1, 1, 1, 1, 1, 1, 1, 1, 1]",0.07047354599853861,0.07042539433354654,0.06995350800207234,0.07095440400007647,0.0003529017226035923,"[0.070089, 0.070179, 0.070954, 0.070862, 0.070158, 0.069954, 0.070474, 0.070642, 0.070517]",0.016777775999798905,0.016570789777082002,0.015795876999618486,0.017207580000103917,0.000647527042869412,"[0.017177, 0.017172, 0.017178, 0.017208, 0.016778, 0.016065, 0.015837, 0.015926, 0.015796]",4.200410471529915,4.065272862404236,4.491957236802376,41,optimal,nan,3.385162353515625,2.3486804962158203,187.65981556358616,187.65981551117056,2.7931179933876153e-10,5.559950509215206e-05,4.247950132412083e-05,1.0,1.0,0.46733668341708545,0.636986301369863,9,2,1e-07,1e-05,1000,200.0,200.0,200.0,0.0,200.0,1.0,19.0,1.8691588785046729,2.242679106089068,1.0
primary,x86_64,none,0.3.0,2.4.4,32,8,one_giant,200,1000,0.3,0,0.99,1,[200],powerlaw,1,0,0,127,97,"[19, 6, 6, 5, 5, 4, 3, 3, 3, 3, 3, 3, 3, 3, 3, 3, 2, 2, 2, 2, 2, 2, 2, 2, 2, 2, 2, 2, 2, 2, 1, 1, 1, 1, 1, 1, 1, 1, 1, 1, 1, 1, 1, 1, 1, 1, 1, 1, 1, 1, 1, 1, 1, 1, 1, 1, 1, 1, 1, 1, 1, 1, 1, 1, 1, 1, 1, 1, 1, 1, 1, 1, 1, 1, 1, 1, 1, 1, 1, 1, 1, 1, 1, 1, 1, 1, 1, 1, 1, 1, 1, 1, 1, 1, 1, 1, 1, 1, 1, 1, 1, 1, 1, 1, 1, 1, 1, 1, 1, 1, 1, 1, 1, 1, 1, 1, 1, 1, 1, 1, 1, 1, 1, 1, 1, 1, 1]",0.07893307999984245,0.07880630233355784,0.07802479399833828,0.07938900400040438,0.00048434795103926404,"[0.078792, 0.078704, 0.079019, 0.078058, 0.078025, 0.078933, 0.079042, 0.079389, 0.079295]",0.016909566998947412,0.016693082222546864,0.015833871002541855,0.0174094209978648,0.0007198265835666932,"[0.017373, 0.017409, 0.017352, 0.017363, 0.01691, 0.016187, 0.015834, 0.015944, 0.015866]",4.667953946115586,4.481756975600034,5.013872096574479,46,optimal,nan,3.385162353515625,2.3494882583618164,189.41101164703613,189.41101149011052,8.284925313639687e-10,0.00010840890186283869,8.164393764196328e-05,1.0,1.0,0.36683417085427134,0.5367647058823529,9,2,1e-07,1e-05,1000,200.0,200.0,200.0,0.0,200.0,1.0,19.0,1.5748031496062993,1.8337160971724729,1.0
primary,x86_64,none,0.3.0,2.4.4,32,8,one_giant,200,1000,0.35,0,0.99,1,[200],powerlaw,1,0,0,146,127,"[19, 6, 6, 5, 4, 3, 3, 3, 3, 3, 2, 2, 2, 2, 2, 2, 2, 2, 2, 1, 1, 1, 1, 1, 1, 1, 1, 1, 1, 1, 1, 1, 1, 1, 1, 1, 1, 1, 1, 1, 1, 1, 1, 1, 1, 1, 1, 1, 1, 1, 1, 1, 1, 1, 1, 1, 1, 1, 1, 1, 1, 1, 1, 1, 1, 1, 1, 1, 1, 1, 1, 1, 1, 1, 1, 1, 1, 1, 1, 1, 1, 1, 1, 1, 1, 1, 1, 1, 1, 1, 1, 1, 1, 1, 1, 1, 1, 1, 1, 1, 1, 1, 1, 1, 1, 1, 1, 1, 1, 1, 1, 1, 1, 1, 1, 1, 1, 1, 1, 1, 1, 1, 1, 1, 1, 1, 1, 1, 1, 1, 1, 1, 1, 1, 1, 1, 1, 1, 1, 1, 1, 1, 1, 1, 1, 1]",0.07068488799995976,0.0704267154445309,0.069769476998772,0.07116099699851475,0.0005336669233440976,"[0.070705, 0.070941, 0.071161, 0.070782, 0.070685, 0.070052, 0.069769, 0.069963, 0.069781]",0.011656938997475663,0.011558657221434664,0.010983738997310866,0.011681872998451581,0.0002330395328014505,"[0.011682, 0.011664, 0.011675, 0.011657, 0.011628, 0.011682, 0.011656, 0.0114, 0.010984]",6.063760650653378,5.972456386747217,6.478758919520666,41,optimal,nan,3.385162353515625,2.3498477935791016,190.25478361903188,190.25478337198385,1.2985115573069222e-09,0.00015010198571538402,0.00011617460889975726,1.0,1.0,0.271356783919598,0.4268774703557312,9,2,1e-07,1e-05,1000,200.0,200.0,200.0,0.0,200.0,1.0,19.0,1.36986301369863,1.6717380776942408,1.0
primary,x86_64,none,0.3.0,2.4.4,32,8,one_giant,200,1000,0.4,0,0.99,1,[200],powerlaw,1,0,0,161,149,"[16, 6, 5, 4, 4, 3, 3, 2, 2, 2, 2, 2, 1, 1, 1, 1, 1, 1, 1, 1, 1, 1, 1, 1, 1, 1, 1, 1, 1, 1, 1, 1, 1, 1, 1, 1, 1, 1, 1, 1, 1, 1, 1, 1, 1, 1, 1, 1, 1, 1, 1, 1, 1, 1, 1, 1, 1, 1, 1, 1, 1, 1, 1, 1, 1, 1, 1, 1, 1, 1, 1, 1, 1, 1, 1, 1, 1, 1, 1, 1, 1, 1, 1, 1, 1, 1, 1, 1, 1, 1, 1, 1, 1, 1, 1, 1, 1, 1, 1, 1, 1, 1, 1, 1, 1, 1, 1, 1, 1, 1, 1, 1, 1, 1, 1, 1, 1, 1, 1, 1, 1, 1, 1, 1, 1, 1, 1, 1, 1, 1, 1, 1, 1, 1, 1, 1, 1, 1, 1, 1, 1, 1, 1, 1, 1, 1, 1, 1, 1, 1, 1, 1, 1, 1, 1, 1, 1, 1, 1, 1, 1]",0.0673735009986558,0.06719435022265922,0.06652932799988776,0.06765607899797033,0.00039459158163604105,"[0.06753, 0.067656, 0.067401, 0.067391, 0.066811, 0.066529, 0.066744, 0.067374, 0.067313]",0.009776252001756802,0.009813718000158487,0.009686016997875413,0.010096822999912547,0.00012057541627845831,"[0.010097, 0.009887, 0.009836, 0.009768, 0.009776, 0.009787, 0.009744, 0.009743, 0.009686]",6.891547086403738,6.589134819978917,6.984922596440869,39,optimal,nan,3.385162353515625,2.346310615539551,190.8017724829426,190.8017724652402,9.277903787235962e-11,4.2899910072280445e-05,3.2477566152860434e-05,1.0,1.0,0.19597989949748743,0.32773109243697474,9,2,1e-07,1e-05,1000,200.0,200.0,200.0,0.0,200.0,1.0,16.0,1.2422360248447204,1.3364289001521323,1.0
primary,x86_64,none,0.3.0,2.4.4,32,8,one_giant,200,2000,0.05,0,0.99,1,[200],powerlaw,1,0,0,2,1,"[199, 1]",0.06105942499925732,0.06102077177800109,0.06064980500013917,0.061205464000522625,0.00017891806083730912,"[0.061157, 0.060992, 0.061205, 0.061091, 0.060835, 0.061021, 0.06065, 0.061176, 0.061059]",0.06413810300000478,0.0641117176665931,0.06390301599822124,0.06422952499997336,0.00012575852460097484,"[0.063903, 0.06423, 0.064138, 0.063968, 0.064221, 0.06423, 0.064106, 0.064, 0.064209]",0.9519992351387875,0.944266752714804,0.9577867811783141,35,optimal,nan,3.385162353515625,5.781213760375977,179.58866642318785,179.58866643364007,5.8200920802810034e-11,1.3670478871130598e-06,1.0676429720887023e-06,1.0,0.2708333333333333,0.8492462311557789,0.4106925880923451,9,2,1e-07,1e-05,1000,200.0,200.0,200.0,0.0,200.0,1.0,199.0,100.0,99.0,100.0
primary,x86_64,none,0.3.0,2.4.4,32,8,one_giant,200,2000,0.1,0,0.99,1,[200],powerlaw,1,0,0,36,11,"[104, 12, 9, 8, 6, 5, 4, 3, 3, 3, 3, 3, 2, 2, 2, 2, 2, 2, 2, 2, 2, 2, 2, 2, 2, 1, 1, 1, 1, 1, 1, 1, 1, 1, 1, 1]",0.06631917800041265,0.06614912999995998,0.06488372899912065,0.06705530500039458,0.0006859026387395425,"[0.067055, 0.066332, 0.066756, 0.066616, 0.066243, 0.066319, 0.065634, 0.064884, 0.065502]",0.03517740999814123,0.03521711922237753,0.0349055180013238,0.03596934199958923,0.0003277425951879217,"[0.035969, 0.035429, 0.035234, 0.035243, 0.035177, 0.035056, 0.034906, 0.034953, 0.034986]",1.885277455159915,1.8038619944691126,1.9210517087255803,38,optimal,nan,3.385162353515625,2.552414894104004,182.5859115343648,182.5859113576103,9.680620797929282e-10,0.00010175719288785245,7.897837323131796e-05,1.0,0.9345238095238095,0.7889447236180904,0.8555858310626703,9,2,1e-07,1e-05,1000,200.0,200.0,200.0,0.0,200.0,1.0,104.0,5.555555555555555,16.815079945698944,2.0
primary,x86_64,none,0.3.0,2.4.4,32,8,one_giant,200,2000,0.15,0,0.99,1,[200],powerlaw,1,0,0,61,32,"[37, 14, 12, 11, 9, 8, 6, 6, 6, 5, 5, 4, 4, 4, 4, 3, 3, 3, 3, 3, 2, 2, 2, 2, 2, 2, 2, 2, 2, 1, 1, 1, 1, 1, 1, 1, 1, 1, 1, 1, 1, 1, 1, 1, 1, 1, 1, 1, 1, 1, 1, 1, 1, 1, 1, 1, 1, 1, 1, 1, 1]",0.06570890500006499,0.06588211955588325,0.06525298099950305,0.06654239099952974,0.00045185369491555067,"[0.066437, 0.066001, 0.066279, 0.066542, 0.065709, 0.065558, 0.06553, 0.065253, 0.065631]",0.020028613002068596,0.0200697730001088,0.01961661900350009,0.020551027002511546,0.00038309029059453893,"[0.020424, 0.020551, 0.020435, 0.020397, 0.020029, 0.019822, 0.019689, 0.019665, 0.019617]",3.280751642326827,3.1751688609785034,3.392143721996993,38,optimal,nan,3.385162353515625,2.3776588439941406,185.44824766500298,185.4482475615778,5.577037304693099e-10,9.712822420922251e-05,7.69297105774466e-05,1.0,0.9928571428571429,0.6984924623115578,0.8200589970501475,9,2,1e-07,1e-05,1000,200.0,200.0,200.0,0.0,200.0,1.0,37.0,3.278688524590164,5.207595800149734,1.0
primary,x86_64,none,0.3.0,2.4.4,32,8,one_giant,200,2000,0.2,0,0.99,1,[200],powerlaw,1,0,0,84,49,"[19, 18, 8, 8, 6, 6, 6, 5, 5, 4, 4, 4, 3, 3, 3, 3, 3, 3, 3, 3, 3, 3, 3, 3, 2, 2, 2, 2, 2, 2, 2, 2, 2, 2, 2, 1, 1, 1, 1, 1, 1, 1, 1, 1, 1, 1, 1, 1, 1, 1, 1, 1, 1, 1, 1, 1, 1, 1, 1, 1, 1, 1, 1, 1, 1, 1, 1, 1, 1, 1, 1, 1, 1, 1, 1, 1, 1, 1, 1, 1, 1, 1, 1, 1]",0.0674198089982383,0.0674008127777294,0.06682497099973261,0.06815712499883375,0.0003804695595670999,"[0.068157, 0.0677, 0.067483, 0.066825, 0.067275, 0.06742, 0.067105, 0.067176, 0.067466]",0.017769176000001607,0.017708491444257863,0.01669466699968325,0.01882468799885828,0.00097966008441779,"[0.018645, 0.018613, 0.018825, 0.018629, 0.017769, 0.01679, 0.016712, 0.016695, 0.016698]",3.794200079859201,3.549858090810618,4.082568702935309,39,optimal,nan,3.385162353515625,2.3491430282592773,187.3612143026346,187.36121410517015,1.0539238856950146e-09,0.00012146248105993074,9.11276229417371e-05,1.0,1.0,0.5829145728643216,0.7365079365079366,9,2,1e-07,1e-05,1000,200.0,200.0,200.0,0.0,200.0,1.0,19.0,2.380952380952381,2.9757142476129514,1.0
primary,x86_64,none,0.3.0,2.4.4,32,8,one_giant,200,2000,0.25,0,0.99,1,[200],powerlaw,1,0,0,110,76,"[19, 6, 6, 6, 6, 6, 4, 4, 4, 4, 3, 3, 3, 3, 3, 3, 3, 3, 3, 3, 3, 2, 2, 2, 2, 2, 2, 2, 2, 2, 2, 2, 2, 2, 1, 1, 1, 1, 1, 1, 1, 1, 1, 1, 1, 1, 1, 1, 1, 1, 1, 1, 1, 1, 1, 1, 1, 1, 1, 1, 1, 1, 1, 1, 1, 1, 1, 1, 1, 1, 1, 1, 1, 1, 1, 1, 1, 1, 1, 1, 1, 1, 1, 1, 1, 1, 1, 1, 1, 1, 1, 1, 1, 1, 1, 1, 1, 1, 1, 1, 1, 1, 1, 1, 1, 1, 1, 1, 1, 1]",0.07152787800077931,0.07142194500031313,0.07106364400169696,0.07167035500242491,0.00021887744997035606,"[0.071579, 0.071528, 0.071645, 0.071159, 0.071286, 0.071531, 0.071064, 0.071336, 0.07167]",0.016583059998083627,0.016377656888329914,0.015521612000156892,0.017236075997061562,0.0007474104448684682,"[0.017236, 0.017139, 0.017058, 0.016905, 0.016583, 0.015849, 0.015522, 0.01556, 0.015548]",4.3133099686695475,4.122959542172593,4.617455648401755,41,optimal,nan,3.385162353515625,2.3478822708129883,188.5851778403293,188.58517756717555,1.4484369773088014e-09,0.0001589537095432747,0.00012145245350507445,1.0,1.0,0.45226130653266333,0.6228373702422145,9,2,1e-07,1e-05,1000,200.0,200.0,200.0,0.0,200.0,1.0,19.0,1.8181818181818181,2.0634561395070703,1.0
primary,x86_64,none,0.3.0,2.4.4,32,8,one_giant,200,2000,0.3,0,0.99,1,[200],powerlaw,1,0,0,125,94,"[19, 6, 6, 6, 5, 4, 3, 3, 3, 3, 3, 3, 3, 3, 3, 3, 2, 2, 2, 2, 2, 2, 2, 2, 2, 2, 2, 2, 2, 2, 2, 1, 1, 1, 1, 1, 1, 1, 1, 1, 1, 1, 1, 1, 1, 1, 1, 1, 1, 1, 1, 1, 1, 1, 1, 1, 1, 1, 1, 1, 1, 1, 1, 1, 1, 1, 1, 1, 1, 1, 1, 1, 1, 1, 1, 1, 1, 1, 1, 1, 1, 1, 1, 1, 1, 1, 1, 1, 1, 1, 1, 1, 1, 1, 1, 1, 1, 1, 1, 1, 1, 1, 1, 1, 1, 1, 1, 1, 1, 1, 1, 1, 1, 1, 1, 1, 1, 1, 1, 1, 1, 1, 1, 1, 1]",0.06937055000162218,0.06941870166661425,0.06899536199853173,0.06988702699891292,0.0003489689262128934,"[0.069869, 0.068995, 0.069621, 0.069247, 0.069025, 0.069887, 0.069371, 0.069111, 0.069642]",0.015615409000020009,0.015217926111088471,0.014311750001070322,0.015816062998055713,0.0005852968862103008,"[0.015615, 0.015816, 0.015665, 0.015645, 0.015624, 0.01513, 0.014694, 0.01446, 0.014312]",4.442442077664011,4.362360089676768,4.883192271642973,40,optimal,nan,3.385162353515625,2.349781036376953,189.34326678390366,189.3432664790222,1.6102049616350884e-09,0.00016262741349237775,0.00012750118453881682,1.0,1.0,0.3768844221105528,0.5474452554744526,9,2,1e-07,1e-05,1000,200.0,200.0,200.0,0.0,200.0,1.0,19.0,1.6,1.8633303518163389,1.0
primary,x86_64,none,0.3.0,2.4.4,32,8,one_giant,200,2000,0.35,0,0.99,1,[200],powerlaw,1,0,0,144,125,"[19, 6, 5, 5, 4, 4, 3, 3, 3, 3, 3, 3, 2, 2, 2, 2, 2, 2, 2, 1, 1, 1, 1, 1, 1, 1, 1, 1, 1, 1, 1, 1, 1, 1, 1, 1, 1, 1, 1, 1, 1, 1, 1, 1, 1, 1, 1, 1, 1, 1, 1, 1, 1, 1, 1, 1, 1, 1, 1, 1, 1, 1, 1, 1, 1, 1, 1, 1, 1, 1, 1, 1, 1, 1, 1, 1, 1, 1, 1, 1, 1, 1, 1, 1, 1, 1, 1, 1, 1, 1, 1, 1, 1, 1, 1, 1, 1, 1, 1, 1, 1, 1, 1, 1, 1, 1, 1, 1, 1, 1, 1, 1, 1, 1, 1, 1, 1, 1, 1, 1, 1, 1, 1, 1, 1, 1, 1, 1, 1, 1, 1, 1, 1, 1, 1, 1, 1, 1, 1, 1, 1, 1, 1, 1]",0.06642841400025645,0.06653461211115225,0.06604135399902589,0.06777600300119957,0.0004984285821509348,"[0.066582, 0.06624, 0.066041, 0.067776, 0.066428, 0.066414, 0.066616, 0.066453, 0.066261]",0.012102180000510998,0.012028302778263524,0.011462223003036343,0.012279087000933941,0.00027103528975593597,"[0.012215, 0.012279, 0.01221, 0.012138, 0.012102, 0.012093, 0.012064, 0.011691, 0.011462]",5.48896264949386,5.378360296168829,5.91298938986318,38,optimal,nan,3.385162353515625,2.3489227294921875,190.1688301782642,190.16882987594047,1.5897648023993701e-09,0.00017445038226571175,0.00013955423104746804,1.0,1.0,0.2814070351758794,0.43921568627450985,9,2,1e-07,1e-05,1000,200.0,200.0,200.0,0.0,200.0,1.0,19.0,1.3888888888888888,1.6837091622990814,1.0
primary,x86_64,none,0.3.0,2.4.4,32,8,one_giant,200,2000,0.4,0,0.99,1,[200],powerlaw,1,0,0,163,152,"[18, 6, 4, 4, 3, 3, 2, 2, 2, 2, 2, 1, 1, 1, 1, 1, 1, 1, 1, 1, 1, 1, 1, 1, 1, 1, 1, 1, 1, 1, 1, 1, 1, 1, 1, 1, 1, 1, 1, 1, 1, 1, 1, 1, 1, 1, 1, 1, 1, 1, 1, 1, 1, 1, 1, 1, 1, 1, 1, 1, 1, 1, 1, 1, 1, 1, 1, 1, 1, 1, 1, 1, 1, 1, 1, 1, 1, 1, 1, 1, 1, 1, 1, 1, 1, 1, 1, 1, 1, 1, 1, 1, 1, 1, 1, 1, 1, 1, 1, 1, 1, 1, 1, 1, 1, 1, 1, 1, 1, 1, 1, 1, 1, 1, 1, 1, 1, 1, 1, 1, 1, 1, 1, 1, 1, 1, 1, 1, 1, 1, 1, 1, 1, 1, 1, 1, 1, 1, 1, 1, 1, 1, 1, 1, 1, 1, 1, 1, 1, 1, 1, 1, 1, 1, 1, 1, 1, 1, 1, 1, 1, 1, 1]",0.06652577400018345,0.06655004777753169,0.06644266299917945,0.06673355199745856,9.657038063771035e-05,"[0.066734, 0.066526, 0.06647, 0.066517, 0.066541, 0.066487, 0.066552, 0.066443, 0.066681]",0.01043758100058767,0.01041211944458256,0.010176374002185185,0.010582430997601477,0.0001139068440284717,"[0.010438, 0.010471, 0.010582, 0.010441, 0.010491, 0.01037, 0.010333, 0.010407, 0.010176]",6.373677387168332,6.278582209913655,6.557694517038072,38,optimal,nan,3.385162353515625,2.349188804626465,190.93319335366368,190.9331932155083,7.235796414478928e-10,0.0001073644048512068,8.629423832372468e-05,1.0,1.0,0.18592964824120603,0.3135593220338983,9,2,1e-07,1e-05,1000,200.0,200.0,200.0,0.0,200.0,1.0,18.0,1.2269938650306749,1.4370240785791832,1.0
primary,x86_64,none,0.3.0,2.4.4,32,8,one_giant,400,800,0.05,0,0.995,1,[400],powerlaw,1,0,0,1,0,[400],0.207504947000416,0.20748384044499188,0.20626184299908346,0.208922589001304,0.0008707809261977696,"[0.207137, 0.207682, 0.20838, 0.207505, 0.206649, 0.206764, 0.206262, 0.208053, 0.208923]",0.2144981670026027,0.2144114937780412,0.2136813010001788,0.21494815699770697,0.00044615958195762473,"[0.214913, 0.214541, 0.213681, 0.214498, 0.214768, 0.21422, 0.213849, 0.214286, 0.214948]",0.9673972971428615,0.9595887951776382,0.9777298622921113,28,optimal,nan,13.45904541015625,23.229458808898926,154.8031500608149,154.8031500608149,0.0,0.0,0.0,1.0,0.20712209302325582,0.7142857142857143,0.3211267605633803,9,2,1e-07,1e-05,1000,400.0,400.0,400.0,0.0,400.0,400.0,400.0,400.0,0.0,400.0
primary,x86_64,none,0.3.0,2.4.4,32,8,one_giant,400,800,0.1,0,0.995,1,[400],powerlaw,1,0,0,187,141,"[148, 7, 6, 4, 4, 3, 3, 3, 3, 3, 3, 3, 3, 2, 2, 2, 2, 2, 2, 2, 2, 2, 2, 2, 2, 2, 2, 2, 2, 2, 2, 2, 2, 2, 2, 2, 2, 2, 2, 2, 2, 2, 2, 2, 2, 2, 1, 1, 1, 1, 1, 1, 1, 1, 1, 1, 1, 1, 1, 1, 1, 1, 1, 1, 1, 1, 1, 1, 1, 1, 1, 1, 1, 1, 1, 1, 1, 1, 1, 1, 1, 1, 1, 1, 1, 1, 1, 1, 1, 1, 1, 1, 1, 1, 1, 1, 1, 1, 1, 1, 1, 1, 1, 1, 1, 1, 1, 1, 1, 1, 1, 1, 1, 1, 1, 1, 1, 1, 1, 1, 1, 1, 1, 1, 1, 1, 1, 1, 1, 1, 1, 1, 1, 1, 1, 1, 1, 1, 1, 1, 1, 1, 1, 1, 1, 1, 1, 1, 1, 1, 1, 1, 1, 1, 1, 1, 1, 1, 1, 1, 1, 1, 1, 1, 1, 1, 1, 1, 1, 1, 1, 1, 1, 1, 1, 1, 1, 1, 1, 1, 1, 1, 1, 1, 1, 1, 1]",0.1932122009966406,0.19308938266678727,0.1921020750014577,0.19441493900012574,0.0006578802805053586,"[0.193212, 0.194415, 0.193422, 0.193274, 0.192766, 0.192102, 0.192849, 0.192481, 0.193283]",0.05725769099808531,0.057308613000107776,0.057123524999042274,0.05770767899957718,0.00019618152545276905,"[0.05715, 0.057708, 0.057124, 0.057385, 0.057258, 0.057515, 0.057235, 0.057272, 0.057132]",3.374432283745106,3.32888236594761,3.403412849668946,26,optimal,nan,13.45904541015625,9.281917572021484,158.15459632181012,158.1544842552424,7.085887499671758e-07,0.005723310325759012,0.002620241406880059,0.9999875,0.8153153153153153,0.45363408521303256,0.5829307568438002,9,2,1e-07,1e-05,1000,400.0,400.0,400.0,0.0,400.0,1.0,148.0,2.1390374331550803,10.725147874711451,1.0
primary,x86_64,none,0.3.0,2.4.4,32,8,one_giant,400,800,0.15,0,0.995,1,[400],powerlaw,1,0,0,324,313,"[64, 3, 3, 3, 2, 2, 2, 2, 2, 2, 2, 1, 1, 1, 1, 1, 1, 1, 1, 1, 1, 1, 1, 1, 1, 1, 1, 1, 1, 1, 1, 1, 1, 1, 1, 1, 1, 1, 1, 1, 1, 1, 1, 1, 1, 1, 1, 1, 1, 1, 1, 1, 1, 1, 1, 1, 1, 1, 1, 1, 1, 1, 1, 1, 1, 1, 1, 1, 1, 1, 1, 1, 1, 1, 1, 1, 1, 1, 1, 1, 1, 1, 1, 1, 1, 1, 1, 1, 1, 1, 1, 1, 1, 1, 1, 1, 1, 1, 1, 1, 1, 1, 1, 1, 1, 1, 1, 1, 1, 1, 1, 1, 1, 1, 1, 1, 1, 1, 1, 1, 1, 1, 1, 1, 1, 1, 1, 1, 1, 1, 1, 1, 1, 1, 1, 1, 1, 1, 1, 1, 1, 1, 1, 1, 1, 1, 1, 1, 1, 1, 1, 1, 1, 1, 1, 1, 1, 1, 1, 1, 1, 1, 1, 1, 1, 1, 1, 1, 1, 1, 1, 1, 1, 1, 1, 1, 1, 1, 1, 1, 1, 1, 1, 1, 1, 1, 1, 1, 1, 1, 1, 1, 1, 1, 1, 1, 1, 1, 1, 1]",0.164280005999899,0.16417130255568838,0.1635046980009065,0.1647810489994299,0.0004285765471929047,"[0.163505, 0.163765, 0.163861, 0.164713, 0.16428, 0.164781, 0.164294, 0.163983, 0.16436]",0.027617858002486173,0.02799621155564738,0.02734002899887855,0.0291850979992887,0.0007060947525145954,"[0.029185, 0.029081, 0.028315, 0.027896, 0.02753, 0.027447, 0.027555, 0.02734, 0.027618]",5.948325390952131,5.602335068564493,6.027098545001141,25,optimal,nan,13.45904541015625,8.90170669555664,159.18482798626758,159.18468245854308,9.142059977673291e-07,0.010649691310821385,0.004655294854565795,0.9999875,0.9090909090909091,0.17543859649122806,0.2941176470588235,9,2,1e-07,1e-05,1000,400.0,400.0,400.0,0.0,400.0,1.0,64.0,1.2345679012345678,3.500517086805755,1.0
primary,x86_64,none,0.3.0,2.4.4,32,8,one_giant,400,800,0.2,0,0.995,1,[400],powerlaw,1,0,0,343,341,"[31, 28, 1, 1, 1, 1, 1, 1, 1, 1, 1, 1, 1, 1, 1, 1, 1, 1, 1, 1, 1, 1, 1, 1, 1, 1, 1, 1, 1, 1, 1, 1, 1, 1, 1, 1, 1, 1, 1, 1, 1, 1, 1, 1, 1, 1, 1, 1, 1, 1, 1, 1, 1, 1, 1, 1, 1, 1, 1, 1, 1, 1, 1, 1, 1, 1, 1, 1, 1, 1, 1, 1, 1, 1, 1, 1, 1, 1, 1, 1, 1, 1, 1, 1, 1, 1, 1, 1, 1, 1, 1, 1, 1, 1, 1, 1, 1, 1, 1, 1, 1, 1, 1, 1, 1, 1, 1, 1, 1, 1, 1, 1, 1, 1, 1, 1, 1, 1, 1, 1, 1, 1, 1, 1, 1, 1, 1, 1, 1, 1, 1, 1, 1, 1, 1, 1, 1, 1, 1, 1, 1, 1, 1, 1, 1, 1, 1, 1, 1, 1, 1, 1, 1, 1, 1, 1, 1, 1, 1, 1, 1, 1, 1, 1, 1, 1, 1, 1, 1, 1, 1, 1, 1, 1, 1, 1, 1, 1, 1, 1, 1, 1, 1, 1, 1, 1, 1, 1, 1, 1, 1, 1, 1, 1, 1, 1, 1, 1, 1, 1]",0.16286355899865157,0.16294561399990926,0.16260472499925527,0.1634560220009007,0.00028850200411040017,"[0.16269, 0.162605, 0.162861, 0.163456, 0.162658, 0.163014, 0.162864, 0.163105, 0.163258]",0.013830894000420813,0.013759656333099378,0.013314417999936268,0.0141063490009401,0.0002774104634748851,"[0.014106, 0.01406, 0.013941, 0.013875, 0.013831, 0.013728, 0.013561, 0.01342, 0.013314]",11.775345758104745,11.527059552292283,12.276617874073288,25,optimal,nan,13.45904541015625,8.863677978515625,162.36651108958506,162.36640863608847,6.310014048307129e-07,0.007423581907814558,0.003363765273370872,1.0,1.0,0.14285714285714285,0.25,9,2,1e-07,1e-05,1000,400.0,400.0,400.0,0.0,400.0,1.0,31.0,1.1661807580174928,2.1729369739343496,1.0
primary,x86_64,none,0.3.0,2.4.4,32,8,one_giant,400,800,0.25,0,0.995,1,[400],powerlaw,1,0,0,343,341,"[31, 28, 1, 1, 1, 1, 1, 1, 1, 1, 1, 1, 1, 1, 1, 1, 1, 1, 1, 1, 1, 1, 1, 1, 1, 1, 1, 1, 1, 1, 1, 1, 1, 1, 1, 1, 1, 1, 1, 1, 1, 1, 1, 1, 1, 1, 1, 1, 1, 1, 1, 1, 1, 1, 1, 1, 1, 1, 1, 1, 1, 1, 1, 1, 1, 1, 1, 1, 1, 1, 1, 1, 1, 1, 1, 1, 1, 1, 1, 1, 1, 1, 1, 1, 1, 1, 1, 1, 1, 1, 1, 1, 1, 1, 1, 1, 1, 1, 1, 1, 1, 1, 1, 1, 1, 1, 1, 1, 1, 1, 1, 1, 1, 1, 1, 1, 1, 1, 1, 1, 1, 1, 1, 1, 1, 1, 1, 1, 1, 1, 1, 1, 1, 1, 1, 1, 1, 1, 1, 1, 1, 1, 1, 1, 1, 1, 1, 1, 1, 1, 1, 1, 1, 1, 1, 1, 1, 1, 1, 1, 1, 1, 1, 1, 1, 1, 1, 1, 1, 1, 1, 1, 1, 1, 1, 1, 1, 1, 1, 1, 1, 1, 1, 1, 1, 1, 1, 1, 1, 1, 1, 1, 1, 1, 1, 1, 1, 1, 1, 1]",0.16312951799773145,0.16320101966670741,0.1627851989978808,0.16405324000152177,0.00043117948273523857,"[0.162804, 0.163342, 0.162881, 0.16365, 0.16313, 0.163274, 0.162785, 0.164053, 0.16289]",0.01395556200077408,0.013860049666820688,0.013460456000757404,0.014089726999372942,0.00023584779587725737,"[0.014033, 0.01409, 0.014081, 0.014023, 0.013956, 0.013852, 0.013673, 0.013572, 0.01346]",11.689211655444838,11.553467218003975,12.187792151491056,25,optimal,nan,13.45904541015625,8.864506721496582,164.06536586765827,164.0652668563525,6.034869409538781e-07,0.0075199283426101715,0.0034022227918711068,1.0,1.0,0.14285714285714285,0.25,9,2,1e-07,1e-05,1000,400.0,400.0,400.0,0.0,400.0,1.0,31.0,1.1661807580174928,2.1729369739343496,1.0
primary,x86_64,none,0.3.0,2.4.4,32,8,one_giant,400,800,0.3,0,0.995,1,[400],powerlaw,1,0,0,343,341,"[31, 28, 1, 1, 1, 1, 1, 1, 1, 1, 1, 1, 1, 1, 1, 1, 1, 1, 1, 1, 1, 1, 1, 1, 1, 1, 1, 1, 1, 1, 1, 1, 1, 1, 1, 1, 1, 1, 1, 1, 1, 1, 1, 1, 1, 1, 1, 1, 1, 1, 1, 1, 1, 1, 1, 1, 1, 1, 1, 1, 1, 1, 1, 1, 1, 1, 1, 1, 1, 1, 1, 1, 1, 1, 1, 1, 1, 1, 1, 1, 1, 1, 1, 1, 1, 1, 1, 1, 1, 1, 1, 1, 1, 1, 1, 1, 1, 1, 1, 1, 1, 1, 1, 1, 1, 1, 1, 1, 1, 1, 1, 1, 1, 1, 1, 1, 1, 1, 1, 1, 1, 1, 1, 1, 1, 1, 1, 1, 1, 1, 1, 1, 1, 1, 1, 1, 1, 1, 1, 1, 1, 1, 1, 1, 1, 1, 1, 1, 1, 1, 1, 1, 1, 1, 1, 1, 1, 1, 1, 1, 1, 1, 1, 1, 1, 1, 1, 1, 1, 1, 1, 1, 1, 1, 1, 1, 1, 1, 1, 1, 1, 1, 1, 1, 1, 1, 1, 1, 1, 1, 1, 1, 1, 1, 1, 1, 1, 1, 1, 1]",0.16490810199684347,0.16477683855514946,0.16365549499823828,0.16543645199999446,0.0006068961577197845,"[0.163938, 0.163655, 0.165129, 0.164728, 0.164908, 0.164745, 0.165187, 0.165436, 0.165264]",0.013741847000346752,0.013706359889005803,0.013370221000513993,0.013957936000224436,0.00020358212795581693,"[0.013943, 0.013958, 0.013793, 0.013785, 0.013724, 0.013742, 0.013611, 0.013432, 0.01337]",12.000432110231056,11.724906533144068,12.373501679114696,25,optimal,nan,13.45904541015625,8.863866806030273,163.7865592482201,163.78643927820903,7.324777541026453e-07,0.013556041023047971,0.0057738443470292874,1.0,1.0,0.14285714285714285,0.25,9,2,1e-07,1e-05,1000,400.0,400.0,400.0,0.0,400.0,1.0,31.0,1.1661807580174928,2.1729369739343496,1.0
primary,x86_64,none,0.3.0,2.4.4,32,8,one_giant,400,800,0.35,0,0.995,1,[400],powerlaw,1,0,0,344,342,"[31, 27, 1, 1, 1, 1, 1, 1, 1, 1, 1, 1, 1, 1, 1, 1, 1, 1, 1, 1, 1, 1, 1, 1, 1, 1, 1, 1, 1, 1, 1, 1, 1, 1, 1, 1, 1, 1, 1, 1, 1, 1, 1, 1, 1, 1, 1, 1, 1, 1, 1, 1, 1, 1, 1, 1, 1, 1, 1, 1, 1, 1, 1, 1, 1, 1, 1, 1, 1, 1, 1, 1, 1, 1, 1, 1, 1, 1, 1, 1, 1, 1, 1, 1, 1, 1, 1, 1, 1, 1, 1, 1, 1, 1, 1, 1, 1, 1, 1, 1, 1, 1, 1, 1, 1, 1, 1, 1, 1, 1, 1, 1, 1, 1, 1, 1, 1, 1, 1, 1, 1, 1, 1, 1, 1, 1, 1, 1, 1, 1, 1, 1, 1, 1, 1, 1, 1, 1, 1, 1, 1, 1, 1, 1, 1, 1, 1, 1, 1, 1, 1, 1, 1, 1, 1, 1, 1, 1, 1, 1, 1, 1, 1, 1, 1, 1, 1, 1, 1, 1, 1, 1, 1, 1, 1, 1, 1, 1, 1, 1, 1, 1, 1, 1, 1, 1, 1, 1, 1, 1, 1, 1, 1, 1, 1, 1, 1, 1, 1, 1]",0.16308084500269615,0.16297794588899706,0.16243851499893935,0.1633883579997928,0.0003422168707392545,"[0.162735, 0.162588, 0.163081, 0.163375, 0.163236, 0.163388, 0.162854, 0.162439, 0.163105]",0.013789339998766081,0.013689606110953415,0.013249116000224603,0.013924692997534294,0.00025602452379266954,"[0.013916, 0.013925, 0.013877, 0.013789, 0.013872, 0.013719, 0.013494, 0.013364, 0.013249]",11.826588148329739,11.665500634570762,12.332019585081976,25,optimal,nan,13.45904541015625,8.862777709960938,163.8531362658202,163.85303297635855,6.303783010613736e-07,0.008894192157305358,0.003959181032373452,1.0,1.0,0.14035087719298245,0.24615384615384614,9,2,1e-07,1e-05,1000,400.0,400.0,400.0,0.0,400.0,1.0,31.0,1.1627906976744187,2.1342198896992515,1.0
primary,x86_64,none,0.3.0,2.4.4,32,8,one_giant,400,800,0.4,0,0.995,1,[400],powerlaw,1,0,0,356,354,"[31, 15, 1, 1, 1, 1, 1, 1, 1, 1, 1, 1, 1, 1, 1, 1, 1, 1, 1, 1, 1, 1, 1, 1, 1, 1, 1, 1, 1, 1, 1, 1, 1, 1, 1, 1, 1, 1, 1, 1, 1, 1, 1, 1, 1, 1, 1, 1, 1, 1, 1, 1, 1, 1, 1, 1, 1, 1, 1, 1, 1, 1, 1, 1, 1, 1, 1, 1, 1, 1, 1, 1, 1, 1, 1, 1, 1, 1, 1, 1, 1, 1, 1, 1, 1, 1, 1, 1, 1, 1, 1, 1, 1, 1, 1, 1, 1, 1, 1, 1, 1, 1, 1, 1, 1, 1, 1, 1, 1, 1, 1, 1, 1, 1, 1, 1, 1, 1, 1, 1, 1, 1, 1, 1, 1, 1, 1, 1, 1, 1, 1, 1, 1, 1, 1, 1, 1, 1, 1, 1, 1, 1, 1, 1, 1, 1, 1, 1, 1, 1, 1, 1, 1, 1, 1, 1, 1, 1, 1, 1, 1, 1, 1, 1, 1, 1, 1, 1, 1, 1, 1, 1, 1, 1, 1, 1, 1, 1, 1, 1, 1, 1, 1, 1, 1, 1, 1, 1, 1, 1, 1, 1, 1, 1, 1, 1, 1, 1, 1, 1]",0.1640010089977295,0.16410786666690708,0.1633847999983118,0.16604435900080716,0.0007865368663916438,"[0.163669, 0.16412, 0.164001, 0.16379, 0.164015, 0.16357, 0.164377, 0.166044, 0.163385]",0.013196874999266583,0.013186585666618258,0.012833559998398414,0.013360724002268398,0.0001614135975296167,"[0.013361, 0.01332, 0.013331, 0.013225, 0.013197, 0.013143, 0.013187, 0.013081, 0.012834]",12.427260924032687,12.228738500291762,12.938292961697998,25,optimal,nan,13.45904541015625,8.856590270996094,165.7749449909352,165.77484921668136,5.777366046211605e-07,0.004629610256618122,0.00219502799139104,1.0,1.0,0.11027568922305764,0.1986455981941309,9,2,1e-07,1e-05,1000,400.0,400.0,400.0,0.0,400.0,1.0,31.0,1.1235955056179776,1.7502502210782018,1.0
primary,x86_64,none,0.3.0,2.4.4,32,8,one_giant,400,2000,0.05,0,0.995,1,[400],powerlaw,1,0,0,64,20,"[247, 9, 8, 6, 5, 5, 4, 4, 4, 4, 4, 4, 4, 4, 4, 3, 3, 3, 3, 3, 3, 2, 2, 2, 2, 2, 2, 2, 2, 2, 2, 2, 2, 2, 2, 2, 2, 2, 2, 2, 2, 2, 2, 2, 1, 1, 1, 1, 1, 1, 1, 1, 1, 1, 1, 1, 1, 1, 1, 1, 1, 1, 1, 1]",0.1852026870001282,0.18535149622281702,0.18453661099920282,0.1869408980019216,0.0008188282349476627,"[0.186941, 0.186275, 0.184685, 0.185414, 0.184617, 0.185203, 0.184537, 0.185627, 0.184865]",0.10116298899811227,0.10080508277800011,0.09989494800174725,0.10134108500278671,0.0005930847017719922,"[0.100156, 0.100043, 0.099895, 0.101208, 0.101163, 0.100966, 0.101301, 0.101341, 0.101172]",1.8307356162003492,1.8209456805611304,1.8713748967430448,28,optimal,nan,13.45904541015625,11.15137767791748,155.4223306554005,155.4222391893511,5.885000501386612e-07,0.002878295215301696,0.0013970079639845508,0.9999875,0.7831978319783198,0.7243107769423559,0.7526041666666666,9,2,1e-07,1e-05,1000,400.0,400.0,400.0,0.0,400.0,1.0,247.0,6.25,30.375257200557165,2.0
primary,x86_64,none,0.3.0,2.4.4,32,8,one_giant,400,2000,0.1,0,0.995,1,[400],powerlaw,1,0,0,204,134,"[34, 28, 11, 11, 9, 8, 8, 6, 5, 5, 5, 4, 4, 4, 3, 3, 3, 3, 3, 3, 3, 3, 3, 3, 3, 3, 2, 2, 2, 2, 2, 2, 2, 2, 2, 2, 2, 2, 2, 2, 2, 2, 2, 2, 2, 2, 2, 2, 2, 2, 2, 2, 2, 2, 2, 2, 2, 2, 2, 2, 2, 2, 2, 2, 2, 2, 2, 2, 2, 2, 1, 1, 1, 1, 1, 1, 1, 1, 1, 1, 1, 1, 1, 1, 1, 1, 1, 1, 1, 1, 1, 1, 1, 1, 1, 1, 1, 1, 1, 1, 1, 1, 1, 1, 1, 1, 1, 1, 1, 1, 1, 1, 1, 1, 1, 1, 1, 1, 1, 1, 1, 1, 1, 1, 1, 1, 1, 1, 1, 1, 1, 1, 1, 1, 1, 1, 1, 1, 1, 1, 1, 1, 1, 1, 1, 1, 1, 1, 1, 1, 1, 1, 1, 1, 1, 1, 1, 1, 1, 1, 1, 1, 1, 1, 1, 1, 1, 1, 1, 1, 1, 1, 1, 1, 1, 1, 1, 1, 1, 1, 1, 1, 1, 1, 1, 1, 1, 1, 1, 1, 1, 1, 1, 1, 1, 1, 1, 1, 1, 1]",0.16773271399870282,0.16766292600004817,0.16697284000110812,0.16835604699735995,0.0005044707918311486,"[0.168356, 0.168329, 0.167951, 0.167768, 0.167362, 0.167023, 0.167472, 0.166973, 0.167733]",0.030920940000214614,0.03120061633308069,0.030757093001739122,0.032373011999879964,0.0006071240284619967,"[0.032373, 0.032076, 0.031278, 0.030921, 0.030831, 0.031008, 0.03079, 0.030757, 0.030771]",5.4245671055776,5.157778954943311,5.47373079074282,25,optimal,nan,13.45904541015625,8.866284370422363,160.83300246571557,160.83290400081242,6.122182738431897e-07,0.003609414125838928,0.001751986566273222,1.0,0.9897959183673469,0.48621553884711777,0.6521008403361345,9,2,1e-07,1e-05,1000,400.0,400.0,400.0,0.0,400.0,1.0,34.0,1.9607843137254901,3.271749452951922,1.0
primary,x86_64,none,0.3.0,2.4.4,32,8,one_giant,400,2000,0.15,0,0.995,1,[400],powerlaw,1,0,0,338,331,"[31, 28, 2, 2, 2, 2, 2, 1, 1, 1, 1, 1, 1, 1, 1, 1, 1, 1, 1, 1, 1, 1, 1, 1, 1, 1, 1, 1, 1, 1, 1, 1, 1, 1, 1, 1, 1, 1, 1, 1, 1, 1, 1, 1, 1, 1, 1, 1, 1, 1, 1, 1, 1, 1, 1, 1, 1, 1, 1, 1, 1, 1, 1, 1, 1, 1, 1, 1, 1, 1, 1, 1, 1, 1, 1, 1, 1, 1, 1, 1, 1, 1, 1, 1, 1, 1, 1, 1, 1, 1, 1, 1, 1, 1, 1, 1, 1, 1, 1, 1, 1, 1, 1, 1, 1, 1, 1, 1, 1, 1, 1, 1, 1, 1, 1, 1, 1, 1, 1, 1, 1, 1, 1, 1, 1, 1, 1, 1, 1, 1, 1, 1, 1, 1, 1, 1, 1, 1, 1, 1, 1, 1, 1, 1, 1, 1, 1, 1, 1, 1, 1, 1, 1, 1, 1, 1, 1, 1, 1, 1, 1, 1, 1, 1, 1, 1, 1, 1, 1, 1, 1, 1, 1, 1, 1, 1, 1, 1, 1, 1, 1, 1, 1, 1, 1, 1, 1, 1, 1, 1, 1, 1, 1, 1, 1, 1, 1, 1, 1, 1]",0.1853131179996126,0.18532129711133571,0.1845579920009186,0.18589727300059167,0.000457728285467384,"[0.184868, 0.184558, 0.185014, 0.185313, 0.185196, 0.185841, 0.185695, 0.185509, 0.185897]",0.014929151999240275,0.016686493222045504,0.014575336001144024,0.02061277400207473,0.0028500890743742104,"[0.020613, 0.020581, 0.020246, 0.015056, 0.014929, 0.014751, 0.014693, 0.014734, 0.014575]",12.412836175091721,8.953573739388126,12.75423585336218,25,optimal,nan,13.45904541015625,8.864781379699707,160.9601872909798,160.96010634681704,5.028831298177744e-07,0.003682492246850355,0.0017838531422131325,1.0,1.0,0.15538847117794485,0.2689804772234273,9,2,1e-07,1e-05,1000,400.0,400.0,400.0,0.0,400.0,1.0,31.0,1.183431952662722,2.1910436429632254,1.0
primary,x86_64,none,0.3.0,2.4.4,32,8,one_giant,400,2000,0.2,0,0.995,1,[400],powerlaw,1,0,0,343,341,"[31, 28, 1, 1, 1, 1, 1, 1, 1, 1, 1, 1, 1, 1, 1, 1, 1, 1, 1, 1, 1, 1, 1, 1, 1, 1, 1, 1, 1, 1, 1, 1, 1, 1, 1, 1, 1, 1, 1, 1, 1, 1, 1, 1, 1, 1, 1, 1, 1, 1, 1, 1, 1, 1, 1, 1, 1, 1, 1, 1, 1, 1, 1, 1, 1, 1, 1, 1, 1, 1, 1, 1, 1, 1, 1, 1, 1, 1, 1, 1, 1, 1, 1, 1, 1, 1, 1, 1, 1, 1, 1, 1, 1, 1, 1, 1, 1, 1, 1, 1, 1, 1, 1, 1, 1, 1, 1, 1, 1, 1, 1, 1, 1, 1, 1, 1, 1, 1, 1, 1, 1, 1, 1, 1, 1, 1, 1, 1, 1, 1, 1, 1, 1, 1, 1, 1, 1, 1, 1, 1, 1, 1, 1, 1, 1, 1, 1, 1, 1, 1, 1, 1, 1, 1, 1, 1, 1, 1, 1, 1, 1, 1, 1, 1, 1, 1, 1, 1, 1, 1, 1, 1, 1, 1, 1, 1, 1, 1, 1, 1, 1, 1, 1, 1, 1, 1, 1, 1, 1, 1, 1, 1, 1, 1, 1, 1, 1, 1, 1, 1]",0.18859008000072208,0.18861435366650564,0.18751794499985408,0.18951024000125472,0.0005767485800575702,"[0.188494, 0.189313, 0.188272, 0.18951, 0.18859, 0.188457, 0.187518, 0.188699, 0.188676]",0.013653989000886213,0.01554694633280936,0.013374973001191393,0.01898023199828458,0.0026333001765203876,"[0.018947, 0.01898, 0.018915, 0.015528, 0.013654, 0.013584, 0.01349, 0.01345, 0.013375]",13.812086708761933,9.879644517348462,14.169018508252229,25,optimal,nan,13.45904541015625,8.863776206970215,161.74741934536678,161.74734171995698,4.799174547300662e-07,0.003297326811970702,0.0016136112347503824,1.0,1.0,0.14285714285714285,0.25,9,2,1e-07,1e-05,1000,400.0,400.0,400.0,0.0,400.0,1.0,31.0,1.1661807580174928,2.1729369739343496,1.0
primary,x86_64,none,0.3.0,2.4.4,32,8,one_giant,400,2000,0.25,0,0.995,1,[400],powerlaw,1,0,0,343,341,"[31, 28, 1, 1, 1, 1, 1, 1, 1, 1, 1, 1, 1, 1, 1, 1, 1, 1, 1, 1, 1, 1, 1, 1, 1, 1, 1, 1, 1, 1, 1, 1, 1, 1, 1, 1, 1, 1, 1, 1, 1, 1, 1, 1, 1, 1, 1, 1, 1, 1, 1, 1, 1, 1, 1, 1, 1, 1, 1, 1, 1, 1, 1, 1, 1, 1, 1, 1, 1, 1, 1, 1, 1, 1, 1, 1, 1, 1, 1, 1, 1, 1, 1, 1, 1, 1, 1, 1, 1, 1, 1, 1, 1, 1, 1, 1, 1, 1, 1, 1, 1, 1, 1, 1, 1, 1, 1, 1, 1, 1, 1, 1, 1, 1, 1, 1, 1, 1, 1, 1, 1, 1, 1, 1, 1, 1, 1, 1, 1, 1, 1, 1, 1, 1, 1, 1, 1, 1, 1, 1, 1, 1, 1, 1, 1, 1, 1, 1, 1, 1, 1, 1, 1, 1, 1, 1, 1, 1, 1, 1, 1, 1, 1, 1, 1, 1, 1, 1, 1, 1, 1, 1, 1, 1, 1, 1, 1, 1, 1, 1, 1, 1, 1, 1, 1, 1, 1, 1, 1, 1, 1, 1, 1, 1, 1, 1, 1, 1, 1, 1]",0.18266900399976294,0.18234209833341689,0.18123592700067093,0.1831178030006413,0.0006711076551886746,"[0.181368, 0.181236, 0.182896, 0.182068, 0.182711, 0.183118, 0.182781, 0.182233, 0.182669]",0.013656363997142762,0.01549457322188472,0.013201626999943983,0.018998040999576915,0.002668863844877465,"[0.018908, 0.018998, 0.018815, 0.015709, 0.013656, 0.013509, 0.013395, 0.013259, 0.013202]",13.376108313895386,9.539716595237742,13.870851145954836,24,optimal,nan,13.45904541015625,8.864208221435547,164.7273245485862,164.72721250374246,6.801837160483615e-07,0.00423524965312172,0.002066344001606948,1.0,1.0,0.14285714285714285,0.25,9,2,1e-07,1e-05,1000,400.0,400.0,400.0,0.0,400.0,1.0,31.0,1.1661807580174928,2.1729369739343496,1.0
primary,x86_64,none,0.3.0,2.4.4,32,8,one_giant,400,2000,0.3,0,0.995,1,[400],powerlaw,1,0,0,343,341,"[31, 28, 1, 1, 1, 1, 1, 1, 1, 1, 1, 1, 1, 1, 1, 1, 1, 1, 1, 1, 1, 1, 1, 1, 1, 1, 1, 1, 1, 1, 1, 1, 1, 1, 1, 1, 1, 1, 1, 1, 1, 1, 1, 1, 1, 1, 1, 1, 1, 1, 1, 1, 1, 1, 1, 1, 1, 1, 1, 1, 1, 1, 1, 1, 1, 1, 1, 1, 1, 1, 1, 1, 1, 1, 1, 1, 1, 1, 1, 1, 1, 1, 1, 1, 1, 1, 1, 1, 1, 1, 1, 1, 1, 1, 1, 1, 1, 1, 1, 1, 1, 1, 1, 1, 1, 1, 1, 1, 1, 1, 1, 1, 1, 1, 1, 1, 1, 1, 1, 1, 1, 1, 1, 1, 1, 1, 1, 1, 1, 1, 1, 1, 1, 1, 1, 1, 1, 1, 1, 1, 1, 1, 1, 1, 1, 1, 1, 1, 1, 1, 1, 1, 1, 1, 1, 1, 1, 1, 1, 1, 1, 1, 1, 1, 1, 1, 1, 1, 1, 1, 1, 1, 1, 1, 1, 1, 1, 1, 1, 1, 1, 1, 1, 1, 1, 1, 1, 1, 1, 1, 1, 1, 1, 1, 1, 1, 1, 1, 1, 1]",0.18096878899814328,0.18077815999964109,0.17985747200145852,0.18140334299823735,0.0005464678606242377,"[0.180274, 0.18035, 0.181286, 0.179857, 0.181294, 0.180969, 0.181061, 0.180508, 0.181403]",0.013561379997554468,0.015435472222533362,0.013137511999957496,0.01897429599921452,0.002671286280050125,"[0.01887, 0.018974, 0.018724, 0.015615, 0.013561, 0.013445, 0.013379, 0.013214, 0.013138]",13.34442284124311,9.479006336198408,13.80804394308635,24,optimal,nan,13.45904541015625,8.863633155822754,164.57521209812617,164.57509661835113,7.016838901503586e-07,0.003825833901500264,0.0018843062814483933,1.0,1.0,0.14285714285714285,0.25,9,2,1e-07,1e-05,1000,400.0,400.0,400.0,0.0,400.0,1.0,31.0,1.1661807580174928,2.1729369739343496,1.0
primary,x86_64,none,0.3.0,2.4.4,32,8,one_giant,400,2000,0.35,0,0.995,1,[400],powerlaw,1,0,0,343,341,"[31, 28, 1, 1, 1, 1, 1, 1, 1, 1, 1, 1, 1, 1, 1, 1, 1, 1, 1, 1, 1, 1, 1, 1, 1, 1, 1, 1, 1, 1, 1, 1, 1, 1, 1, 1, 1, 1, 1, 1, 1, 1, 1, 1, 1, 1, 1, 1, 1, 1, 1, 1, 1, 1, 1, 1, 1, 1, 1, 1, 1, 1, 1, 1, 1, 1, 1, 1, 1, 1, 1, 1, 1, 1, 1, 1, 1, 1, 1, 1, 1, 1, 1, 1, 1, 1, 1, 1, 1, 1, 1, 1, 1, 1, 1, 1, 1, 1, 1, 1, 1, 1, 1, 1, 1, 1, 1, 1, 1, 1, 1, 1, 1, 1, 1, 1, 1, 1, 1, 1, 1, 1, 1, 1, 1, 1, 1, 1, 1, 1, 1, 1, 1, 1, 1, 1, 1, 1, 1, 1, 1, 1, 1, 1, 1, 1, 1, 1, 1, 1, 1, 1, 1, 1, 1, 1, 1, 1, 1, 1, 1, 1, 1, 1, 1, 1, 1, 1, 1, 1, 1, 1, 1, 1, 1, 1, 1, 1, 1, 1, 1, 1, 1, 1, 1, 1, 1, 1, 1, 1, 1, 1, 1, 1, 1, 1, 1, 1, 1, 1]",0.1808880569988105,0.18079689733268525,0.17953452900110278,0.18143777699879138,0.000584323893144935,"[0.179535, 0.180249, 0.180951, 0.181237, 0.181438, 0.181238, 0.180871, 0.180888, 0.180765]",0.0135221989985439,0.015452754666411137,0.01323487199988449,0.0189671729967813,0.0026214701568291377,"[0.018784, 0.018967, 0.018682, 0.01563, 0.013522, 0.013407, 0.013428, 0.013419, 0.013235]",13.377118397554193,9.465539700174059,13.709069267944178,24,optimal,nan,13.45904541015625,8.863970756530762,165.31646354755833,165.316349050607,6.925925517849696e-07,0.0037894149839696745,0.0018680829170339426,1.0,1.0,0.14285714285714285,0.25,9,2,1e-07,1e-05,1000,400.0,400.0,400.0,0.0,400.0,1.0,31.0,1.1661807580174928,2.1729369739343496,1.0
primary,x86_64,none,0.3.0,2.4.4,32,8,one_giant,400,2000,0.4,0,0.995,1,[400],powerlaw,1,0,0,343,341,"[31, 28, 1, 1, 1, 1, 1, 1, 1, 1, 1, 1, 1, 1, 1, 1, 1, 1, 1, 1, 1, 1, 1, 1, 1, 1, 1, 1, 1, 1, 1, 1, 1, 1, 1, 1, 1, 1, 1, 1, 1, 1, 1, 1, 1, 1, 1, 1, 1, 1, 1, 1, 1, 1, 1, 1, 1, 1, 1, 1, 1, 1, 1, 1, 1, 1, 1, 1, 1, 1, 1, 1, 1, 1, 1, 1, 1, 1, 1, 1, 1, 1, 1, 1, 1, 1, 1, 1, 1, 1, 1, 1, 1, 1, 1, 1, 1, 1, 1, 1, 1, 1, 1, 1, 1, 1, 1, 1, 1, 1, 1, 1, 1, 1, 1, 1, 1, 1, 1, 1, 1, 1, 1, 1, 1, 1, 1, 1, 1, 1, 1, 1, 1, 1, 1, 1, 1, 1, 1, 1, 1, 1, 1, 1, 1, 1, 1, 1, 1, 1, 1, 1, 1, 1, 1, 1, 1, 1, 1, 1, 1, 1, 1, 1, 1, 1, 1, 1, 1, 1, 1, 1, 1, 1, 1, 1, 1, 1, 1, 1, 1, 1, 1, 1, 1, 1, 1, 1, 1, 1, 1, 1, 1, 1, 1, 1, 1, 1, 1, 1]",0.17926739099857514,0.17921422622223165,0.17818931999863707,0.18002251699726912,0.0005000999046216738,"[0.178796, 0.17938, 0.178189, 0.179246, 0.179196, 0.179346, 0.179267, 0.180023, 0.179485]",0.013434338998195017,0.015297745666127108,0.013078147996566258,0.018690531000174815,0.0025974352292922475,"[0.018685, 0.018691, 0.018422, 0.015642, 0.013434, 0.013388, 0.013248, 0.013092, 0.013078]",13.343968097177001,9.533668144418714,13.765138385384157,24,optimal,nan,13.45904541015625,8.863635063171387,167.3559060784789,167.355800258877,6.323027635690609e-07,0.003809359846702609,0.0018767579440304109,1.0,1.0,0.14285714285714285,0.25,9,2,1e-07,1e-05,1000,400.0,400.0,400.0,0.0,400.0,1.0,31.0,1.1661807580174928,2.1729369739343496,1.0
primary,x86_64,none,0.3.0,2.4.4,32,8,one_giant,400,4000,0.05,0,0.995,1,[400],powerlaw,1,0,0,79,22,"[192, 11, 9, 8, 7, 6, 5, 5, 5, 4, 4, 4, 4, 4, 4, 4, 4, 4, 4, 3, 3, 3, 3, 3, 3, 3, 3, 3, 3, 3, 3, 3, 3, 2, 2, 2, 2, 2, 2, 2, 2, 2, 2, 2, 2, 2, 2, 2, 2, 2, 2, 2, 2, 2, 2, 2, 2, 1, 1, 1, 1, 1, 1, 1, 1, 1, 1, 1, 1, 1, 1, 1, 1, 1, 1, 1, 1, 1, 1]",0.2055056160024833,0.20608027011096258,0.20477186199786956,0.20921712600102182,0.0014102497075716488,"[0.204996, 0.205426, 0.206416, 0.209217, 0.207351, 0.204772, 0.205506, 0.205705, 0.205333]",0.10908232500150916,0.10937769877798725,0.10873206900214427,0.11080628899799194,0.0006864391869797644,"[0.108732, 0.109067, 0.108978, 0.109082, 0.110038, 0.110806, 0.109761, 0.109122, 0.108813]",1.8839497232905524,1.8480166049201456,1.92415290098909,28,optimal,nan,13.45904541015625,9.601509094238281,155.98024048583326,155.98008725187466,9.823933988173822e-07,0.00160936946770171,0.0007961089610439737,0.9999,0.8966565349544073,0.7393483709273183,0.8104395604395604,9,2,1e-07,1e-05,1000,400.0,400.0,400.0,0.0,400.0,1.0,192.0,5.063291139240507,21.24858403154473,2.0
primary,x86_64,none,0.3.0,2.4.4,32,8,one_giant,400,4000,0.1,0,0.995,1,[400],powerlaw,1,0,0,206,136,"[31, 28, 11, 11, 9, 8, 8, 7, 6, 5, 4, 4, 4, 4, 3, 3, 3, 3, 3, 3, 3, 3, 3, 3, 3, 3, 2, 2, 2, 2, 2, 2, 2, 2, 2, 2, 2, 2, 2, 2, 2, 2, 2, 2, 2, 2, 2, 2, 2, 2, 2, 2, 2, 2, 2, 2, 2, 2, 2, 2, 2, 2, 2, 2, 2, 2, 2, 2, 2, 2, 1, 1, 1, 1, 1, 1, 1, 1, 1, 1, 1, 1, 1, 1, 1, 1, 1, 1, 1, 1, 1, 1, 1, 1, 1, 1, 1, 1, 1, 1, 1, 1, 1, 1, 1, 1, 1, 1, 1, 1, 1, 1, 1, 1, 1, 1, 1, 1, 1, 1, 1, 1, 1, 1, 1, 1, 1, 1, 1, 1, 1, 1, 1, 1, 1, 1, 1, 1, 1, 1, 1, 1, 1, 1, 1, 1, 1, 1, 1, 1, 1, 1, 1, 1, 1, 1, 1, 1, 1, 1, 1, 1, 1, 1, 1, 1, 1, 1, 1, 1, 1, 1, 1, 1, 1, 1, 1, 1, 1, 1, 1, 1, 1, 1, 1, 1, 1, 1, 1, 1, 1, 1, 1, 1, 1, 1, 1, 1, 1, 1]",0.18555535999985295,0.1855262060004558,0.18466963200262398,0.18658119100291515,0.0006015069453465878,"[0.184691, 0.185555, 0.18467, 0.185444, 0.185338, 0.185983, 0.185667, 0.186581, 0.185807]",0.029941421998955775,0.03060327722171981,0.029719395999563858,0.035568053001043154,0.0018797147724591557,"[0.035568, 0.030514, 0.030294, 0.029719, 0.029829, 0.029949, 0.029824, 0.029792, 0.029941]",6.197279474779932,5.192008457623698,6.278094985700695,25,optimal,nan,13.45904541015625,8.865586280822754,160.12675569774703,160.12666994006133,5.355612515982529e-07,0.002526775434900097,0.0012661368979355644,1.0,1.0,0.48621553884711777,0.6543001686340641,9,2,1e-07,1e-05,1000,400.0,400.0,400.0,0.0,400.0,1.0,31.0,1.941747572815534,3.1262286678765734,1.0
primary,x86_64,none,0.3.0,2.4.4,32,8,one_giant,400,4000,0.15,0,0.995,1,[400],powerlaw,1,0,0,339,334,"[31, 28, 3, 2, 2, 1, 1, 1, 1, 1, 1, 1, 1, 1, 1, 1, 1, 1, 1, 1, 1, 1, 1, 1, 1, 1, 1, 1, 1, 1, 1, 1, 1, 1, 1, 1, 1, 1, 1, 1, 1, 1, 1, 1, 1, 1, 1, 1, 1, 1, 1, 1, 1, 1, 1, 1, 1, 1, 1, 1, 1, 1, 1, 1, 1, 1, 1, 1, 1, 1, 1, 1, 1, 1, 1, 1, 1, 1, 1, 1, 1, 1, 1, 1, 1, 1, 1, 1, 1, 1, 1, 1, 1, 1, 1, 1, 1, 1, 1, 1, 1, 1, 1, 1, 1, 1, 1, 1, 1, 1, 1, 1, 1, 1, 1, 1, 1, 1, 1, 1, 1, 1, 1, 1, 1, 1, 1, 1, 1, 1, 1, 1, 1, 1, 1, 1, 1, 1, 1, 1, 1, 1, 1, 1, 1, 1, 1, 1, 1, 1, 1, 1, 1, 1, 1, 1, 1, 1, 1, 1, 1, 1, 1, 1, 1, 1, 1, 1, 1, 1, 1, 1, 1, 1, 1, 1, 1, 1, 1, 1, 1, 1, 1, 1, 1, 1, 1, 1, 1, 1, 1, 1, 1, 1, 1, 1, 1, 1, 1, 1]",0.19170322499849135,0.19462438700025408,0.18544375900091836,0.20471488499970292,0.009250037351513491,"[0.185444, 0.185951, 0.185904, 0.185945, 0.191703, 0.20356, 0.204399, 0.203999, 0.204715]",0.014269014998717466,0.01620735377784715,0.01398524899923359,0.020334949000243796,0.00303140844149408,"[0.020335, 0.02029, 0.020097, 0.01462, 0.014269, 0.014179, 0.014064, 0.014027, 0.013985]",13.434930513123863,9.11946024544714,14.637914920994367,25,optimal,nan,13.45904541015625,8.86426830291748,161.51468356733943,161.51468324207488,2.013838891356229e-09,0.00019590537075719894,9.699362608282631e-05,1.0,1.0,0.15288220551378445,0.26521739130434785,9,2,1e-07,1e-05,1000,400.0,400.0,400.0,0.0,400.0,1.0,31.0,1.1799410029498525,2.1887508046862996,1.0
primary,x86_64,none,0.3.0,2.4.4,32,8,one_giant,400,4000,0.2,0,0.995,1,[400],powerlaw,1,0,0,343,341,"[31, 28, 1, 1, 1, 1, 1, 1, 1, 1, 1, 1, 1, 1, 1, 1, 1, 1, 1, 1, 1, 1, 1, 1, 1, 1, 1, 1, 1, 1, 1, 1, 1, 1, 1, 1, 1, 1, 1, 1, 1, 1, 1, 1, 1, 1, 1, 1, 1, 1, 1, 1, 1, 1, 1, 1, 1, 1, 1, 1, 1, 1, 1, 1, 1, 1, 1, 1, 1, 1, 1, 1, 1, 1, 1, 1, 1, 1, 1, 1, 1, 1, 1, 1, 1, 1, 1, 1, 1, 1, 1, 1, 1, 1, 1, 1, 1, 1, 1, 1, 1, 1, 1, 1, 1, 1, 1, 1, 1, 1, 1, 1, 1, 1, 1, 1, 1, 1, 1, 1, 1, 1, 1, 1, 1, 1, 1, 1, 1, 1, 1, 1, 1, 1, 1, 1, 1, 1, 1, 1, 1, 1, 1, 1, 1, 1, 1, 1, 1, 1, 1, 1, 1, 1, 1, 1, 1, 1, 1, 1, 1, 1, 1, 1, 1, 1, 1, 1, 1, 1, 1, 1, 1, 1, 1, 1, 1, 1, 1, 1, 1, 1, 1, 1, 1, 1, 1, 1, 1, 1, 1, 1, 1, 1, 1, 1, 1, 1, 1, 1]",0.17639413599681575,0.17633978366656164,0.1756378229983966,0.17711839100229554,0.0005142979520881147,"[0.175698, 0.17628, 0.175638, 0.176687, 0.175884, 0.17682, 0.176538, 0.177118, 0.176394]",0.013453337000100873,0.015291415333599111,0.013087647999782348,0.018790267000440508,0.002638036021427362,"[0.01879, 0.018695, 0.018525, 0.015468, 0.013453, 0.01326, 0.013211, 0.013132, 0.013088]",13.111552620401403,9.347276597734297,13.533248373217333,25,optimal,nan,13.45904541015625,8.86441421508789,162.99879417517624,162.99879394156085,1.4332338877420405e-09,0.00025228028291834903,0.00012271369068613796,1.0,1.0,0.14285714285714285,0.25,9,2,1e-07,1e-05,1000,400.0,400.0,400.0,0.0,400.0,1.0,31.0,1.1661807580174928,2.1729369739343496,1.0
primary,x86_64,none,0.3.0,2.4.4,32,8,one_giant,400,4000,0.25,0,0.995,1,[400],powerlaw,1,0,0,343,341,"[31, 28, 1, 1, 1, 1, 1, 1, 1, 1, 1, 1, 1, 1, 1, 1, 1, 1, 1, 1, 1, 1, 1, 1, 1, 1, 1, 1, 1, 1, 1, 1, 1, 1, 1, 1, 1, 1, 1, 1, 1, 1, 1, 1, 1, 1, 1, 1, 1, 1, 1, 1, 1, 1, 1, 1, 1, 1, 1, 1, 1, 1, 1, 1, 1, 1, 1, 1, 1, 1, 1, 1, 1, 1, 1, 1, 1, 1, 1, 1, 1, 1, 1, 1, 1, 1, 1, 1, 1, 1, 1, 1, 1, 1, 1, 1, 1, 1, 1, 1, 1, 1, 1, 1, 1, 1, 1, 1, 1, 1, 1, 1, 1, 1, 1, 1, 1, 1, 1, 1, 1, 1, 1, 1, 1, 1, 1, 1, 1, 1, 1, 1, 1, 1, 1, 1, 1, 1, 1, 1, 1, 1, 1, 1, 1, 1, 1, 1, 1, 1, 1, 1, 1, 1, 1, 1, 1, 1, 1, 1, 1, 1, 1, 1, 1, 1, 1, 1, 1, 1, 1, 1, 1, 1, 1, 1, 1, 1, 1, 1, 1, 1, 1, 1, 1, 1, 1, 1, 1, 1, 1, 1, 1, 1, 1, 1, 1, 1, 1, 1]",0.17117475199847831,0.17107158933342564,0.16951252700164332,0.17173041199930594,0.0006752896609920862,"[0.169513, 0.171531, 0.171175, 0.171093, 0.171667, 0.171264, 0.171006, 0.17173, 0.170665]",0.013475896997988457,0.015384685000349741,0.013155324002582347,0.018872191998525523,0.002649865535971666,"[0.018816, 0.018872, 0.018607, 0.015663, 0.013476, 0.013338, 0.013272, 0.013262, 0.013155]",12.702290023738644,8.982132389013808,13.054061759755657,24,optimal,nan,13.45904541015625,8.863780975341797,164.20374073423213,164.2036331215381,6.553607947187228e-07,0.003842029367647104,0.0018922039559203364,1.0,1.0,0.14285714285714285,0.25,9,2,1e-07,1e-05,1000,400.0,400.0,400.0,0.0,400.0,1.0,31.0,1.1661807580174928,2.1729369739343496,1.0
primary,x86_64,none,0.3.0,2.4.4,32,8,one_giant,400,4000,0.3,0,0.995,1,[400],powerlaw,1,0,0,343,341,"[31, 28, 1, 1, 1, 1, 1, 1, 1, 1, 1, 1, 1, 1, 1, 1, 1, 1, 1, 1, 1, 1, 1, 1, 1, 1, 1, 1, 1, 1, 1, 1, 1, 1, 1, 1, 1, 1, 1, 1, 1, 1, 1, 1, 1, 1, 1, 1, 1, 1, 1, 1, 1, 1, 1, 1, 1, 1, 1, 1, 1, 1, 1, 1, 1, 1, 1, 1, 1, 1, 1, 1, 1, 1, 1, 1, 1, 1, 1, 1, 1, 1, 1, 1, 1, 1, 1, 1, 1, 1, 1, 1, 1, 1, 1, 1, 1, 1, 1, 1, 1, 1, 1, 1, 1, 1, 1, 1, 1, 1, 1, 1, 1, 1, 1, 1, 1, 1, 1, 1, 1, 1, 1, 1, 1, 1, 1, 1, 1, 1, 1, 1, 1, 1, 1, 1, 1, 1, 1, 1, 1, 1, 1, 1, 1, 1, 1, 1, 1, 1, 1, 1, 1, 1, 1, 1, 1, 1, 1, 1, 1, 1, 1, 1, 1, 1, 1, 1, 1, 1, 1, 1, 1, 1, 1, 1, 1, 1, 1, 1, 1, 1, 1, 1, 1, 1, 1, 1, 1, 1, 1, 1, 1, 1, 1, 1, 1, 1, 1, 1]",0.17001594900284545,0.16964775222246922,0.16836797100040712,0.17025103500054684,0.0006552357108246172,"[0.168368, 0.168952, 0.169647, 0.170242, 0.17004, 0.170016, 0.169266, 0.170251, 0.170049]",0.013440277998597594,0.015295505777935937,0.012992664000194054,0.018831823999789776,0.002679140647210665,"[0.018758, 0.018832, 0.018493, 0.015688, 0.01344, 0.013248, 0.0131, 0.013108, 0.012993]",12.649734553153253,8.940608780237467,13.103627939428282,24,optimal,nan,13.45904541015625,8.863717079162598,164.85316853040183,164.85316814397643,2.344058059613712e-09,0.0002943478057715332,0.00014558968887093117,1.0,1.0,0.14285714285714285,0.25,9,2,1e-07,1e-05,1000,400.0,400.0,400.0,0.0,400.0,1.0,31.0,1.1661807580174928,2.1729369739343496,1.0
primary,x86_64,none,0.3.0,2.4.4,32,8,one_giant,400,4000,0.35,0,0.995,1,[400],powerlaw,1,0,0,343,341,"[31, 28, 1, 1, 1, 1, 1, 1, 1, 1, 1, 1, 1, 1, 1, 1, 1, 1, 1, 1, 1, 1, 1, 1, 1, 1, 1, 1, 1, 1, 1, 1, 1, 1, 1, 1, 1, 1, 1, 1, 1, 1, 1, 1, 1, 1, 1, 1, 1, 1, 1, 1, 1, 1, 1, 1, 1, 1, 1, 1, 1, 1, 1, 1, 1, 1, 1, 1, 1, 1, 1, 1, 1, 1, 1, 1, 1, 1, 1, 1, 1, 1, 1, 1, 1, 1, 1, 1, 1, 1, 1, 1, 1, 1, 1, 1, 1, 1, 1, 1, 1, 1, 1, 1, 1, 1, 1, 1, 1, 1, 1, 1, 1, 1, 1, 1, 1, 1, 1, 1, 1, 1, 1, 1, 1, 1, 1, 1, 1, 1, 1, 1, 1, 1, 1, 1, 1, 1, 1, 1, 1, 1, 1, 1, 1, 1, 1, 1, 1, 1, 1, 1, 1, 1, 1, 1, 1, 1, 1, 1, 1, 1, 1, 1, 1, 1, 1, 1, 1, 1, 1, 1, 1, 1, 1, 1, 1, 1, 1, 1, 1, 1, 1, 1, 1, 1, 1, 1, 1, 1, 1, 1, 1, 1, 1, 1, 1, 1, 1, 1]",0.16905898500044714,0.16907296888894052,0.16816850699979113,0.16965975999846705,0.0005200008048434919,"[0.168169, 0.169509, 0.168786, 0.16966, 0.169374, 0.169059, 0.168484, 0.169609, 0.169008]",0.01356375699833734,0.015289833333048996,0.012904803999845171,0.018808077998983208,0.0026980977667099095,"[0.018719, 0.018808, 0.018562, 0.015767, 0.013564, 0.013223, 0.013103, 0.012957, 0.012905]",12.464023428108494,8.94129144981654,13.147023387608412,24,optimal,nan,13.45904541015625,8.863960266113281,165.21818749836444,165.21808245516883,6.357846990566148e-07,0.0032497795753418934,0.0016247190569050561,1.0,1.0,0.14285714285714285,0.25,9,2,1e-07,1e-05,1000,400.0,400.0,400.0,0.0,400.0,1.0,31.0,1.1661807580174928,2.1729369739343496,1.0
primary,x86_64,none,0.3.0,2.4.4,32,8,one_giant,400,4000,0.4,0,0.995,1,[400],powerlaw,1,0,0,343,341,"[31, 28, 1, 1, 1, 1, 1, 1, 1, 1, 1, 1, 1, 1, 1, 1, 1, 1, 1, 1, 1, 1, 1, 1, 1, 1, 1, 1, 1, 1, 1, 1, 1, 1, 1, 1, 1, 1, 1, 1, 1, 1, 1, 1, 1, 1, 1, 1, 1, 1, 1, 1, 1, 1, 1, 1, 1, 1, 1, 1, 1, 1, 1, 1, 1, 1, 1, 1, 1, 1, 1, 1, 1, 1, 1, 1, 1, 1, 1, 1, 1, 1, 1, 1, 1, 1, 1, 1, 1, 1, 1, 1, 1, 1, 1, 1, 1, 1, 1, 1, 1, 1, 1, 1, 1, 1, 1, 1, 1, 1, 1, 1, 1, 1, 1, 1, 1, 1, 1, 1, 1, 1, 1, 1, 1, 1, 1, 1, 1, 1, 1, 1, 1, 1, 1, 1, 1, 1, 1, 1, 1, 1, 1, 1, 1, 1, 1, 1, 1, 1, 1, 1, 1, 1, 1, 1, 1, 1, 1, 1, 1, 1, 1, 1, 1, 1, 1, 1, 1, 1, 1, 1, 1, 1, 1, 1, 1, 1, 1, 1, 1, 1, 1, 1, 1, 1, 1, 1, 1, 1, 1, 1, 1, 1, 1, 1, 1, 1, 1, 1]",0.16975593700044556,0.16979999788883207,0.16911241600246285,0.17045525799767347,0.0004332151254331286,"[0.169112, 0.170455, 0.169489, 0.169841, 0.170116, 0.16973, 0.169409, 0.170291, 0.169756]",0.013258621002023574,0.015133241222227097,0.012837128000683151,0.01839014700090047,0.0025705568238740106,"[0.018216, 0.01839, 0.018194, 0.016236, 0.013259, 0.013102, 0.013025, 0.01294, 0.012837]",12.803438379793558,9.195816433342392,13.278301656616836,24,optimal,nan,13.45904541015625,8.863683700561523,165.9801207967001,165.9800124662302,6.52671352410578e-07,0.003931684801128377,0.0019323972197869328,1.0,1.0,0.14285714285714285,0.25,9,2,1e-07,1e-05,1000,400.0,400.0,400.0,0.0,400.0,1.0,31.0,1.1661807580174928,2.1729369739343496,1.0
primary,x86_64,none,0.3.0,2.4.4,32,8,one_giant,800,1600,0.05,0,0.9975,1,[800],powerlaw,1,0,0,412,345,"[288, 5, 5, 4, 4, 4, 4, 4, 4, 3, 3, 3, 3, 3, 3, 3, 3, 3, 3, 3, 3, 3, 3, 3, 3, 3, 2, 2, 2, 2, 2, 2, 2, 2, 2, 2, 2, 2, 2, 2, 2, 2, 2, 2, 2, 2, 2, 2, 2, 2, 2, 2, 2, 2, 2, 2, 2, 2, 2, 2, 2, 2, 2, 2, 2, 2, 2, 1, 1, 1, 1, 1, 1, 1, 1, 1, 1, 1, 1, 1, 1, 1, 1, 1, 1, 1, 1, 1, 1, 1, 1, 1, 1, 1, 1, 1, 1, 1, 1, 1, 1, 1, 1, 1, 1, 1, 1, 1, 1, 1, 1, 1, 1, 1, 1, 1, 1, 1, 1, 1, 1, 1, 1, 1, 1, 1, 1, 1, 1, 1, 1, 1, 1, 1, 1, 1, 1, 1, 1, 1, 1, 1, 1, 1, 1, 1, 1, 1, 1, 1, 1, 1, 1, 1, 1, 1, 1, 1, 1, 1, 1, 1, 1, 1, 1, 1, 1, 1, 1, 1, 1, 1, 1, 1, 1, 1, 1, 1, 1, 1, 1, 1, 1, 1, 1, 1, 1, 1, 1, 1, 1, 1, 1, 1, 1, 1, 1, 1, 1, 1]",0.7063840040027571,0.7063345322223742,0.7002800599984766,0.7113718549990153,0.0030624917331021476,"[0.70028, 0.711372, 0.704045, 0.707852, 0.706384, 0.708381, 0.705718, 0.707137, 0.705843]",0.16584615799729363,0.16581726644411296,0.16509934300120221,0.16645643100127927,0.00036474811525458384,"[0.166052, 0.165691, 0.166456, 0.165099, 0.16574, 0.165897, 0.165952, 0.165846, 0.165622]",4.259272644798225,4.206987112399969,4.308750368521062,22,optimal,nan,53.74835205078125,36.41921424865723,21.962677042037647,21.959250347226952,0.00015602354868381887,0.01963401392150832,0.006609864537203077,0.99995625,0.7183462532299741,0.3479349186483104,0.4688026981450253,9,2,1e-07,1e-05,1000,800.0,800.0,800.0,0.0,800.0,1.0,288.0,1.941747572815534,14.12484229156288,1.0
primary,x86_64,none,0.3.0,2.4.4,32,8,one_giant,800,1600,0.1,0,0.9975,1,[800],powerlaw,1,0,0,737,736,"[64, 1, 1, 1, 1, 1, 1, 1, 1, 1, 1, 1, 1, 1, 1, 1, 1, 1, 1, 1, 1, 1, 1, 1, 1, 1, 1, 1, 1, 1, 1, 1, 1, 1, 1, 1, 1, 1, 1, 1, 1, 1, 1, 1, 1, 1, 1, 1, 1, 1, 1, 1, 1, 1, 1, 1, 1, 1, 1, 1, 1, 1, 1, 1, 1, 1, 1, 1, 1, 1, 1, 1, 1, 1, 1, 1, 1, 1, 1, 1, 1, 1, 1, 1, 1, 1, 1, 1, 1, 1, 1, 1, 1, 1, 1, 1, 1, 1, 1, 1, 1, 1, 1, 1, 1, 1, 1, 1, 1, 1, 1, 1, 1, 1, 1, 1, 1, 1, 1, 1, 1, 1, 1, 1, 1, 1, 1, 1, 1, 1, 1, 1, 1, 1, 1, 1, 1, 1, 1, 1, 1, 1, 1, 1, 1, 1, 1, 1, 1, 1, 1, 1, 1, 1, 1, 1, 1, 1, 1, 1, 1, 1, 1, 1, 1, 1, 1, 1, 1, 1, 1, 1, 1, 1, 1, 1, 1, 1, 1, 1, 1, 1, 1, 1, 1, 1, 1, 1, 1, 1, 1, 1, 1, 1, 1, 1, 1, 1, 1, 1]",0.7029266329991515,0.7035909991112325,0.7003442360000918,0.7106357910015504,0.0029313294209602297,"[0.700344, 0.710636, 0.70235, 0.702927, 0.703272, 0.701945, 0.702341, 0.703434, 0.705071]",0.03484261999983573,0.03481240977796713,0.03460278500278946,0.03511332600101014,0.00018199692708339735,"[0.035113, 0.035003, 0.034894, 0.034843, 0.034897, 0.034699, 0.034603, 0.034638, 0.034622]",20.174333417018165,19.945254857940384,20.536953627988712,22,optimal,nan,53.74835205078125,34.7532844543457,22.091425561714594,22.088248866639038,0.00014379764975699078,0.024161628022444592,0.007952923414399167,0.999996875,0.9841269841269841,0.07759699624530664,0.14385150812064967,9,2,1e-07,1e-05,1000,800.0,800.0,800.0,0.0,800.0,1.0,64.0,1.0854816824966078,2.3190599128189517,1.0
primary,x86_64,none,0.3.0,2.4.4,32,8,one_giant,800,1600,0.15,0,0.9975,1,[800],powerlaw,1,0,0,738,737,"[63, 1, 1, 1, 1, 1, 1, 1, 1, 1, 1, 1, 1, 1, 1, 1, 1, 1, 1, 1, 1, 1, 1, 1, 1, 1, 1, 1, 1, 1, 1, 1, 1, 1, 1, 1, 1, 1, 1, 1, 1, 1, 1, 1, 1, 1, 1, 1, 1, 1, 1, 1, 1, 1, 1, 1, 1, 1, 1, 1, 1, 1, 1, 1, 1, 1, 1, 1, 1, 1, 1, 1, 1, 1, 1, 1, 1, 1, 1, 1, 1, 1, 1, 1, 1, 1, 1, 1, 1, 1, 1, 1, 1, 1, 1, 1, 1, 1, 1, 1, 1, 1, 1, 1, 1, 1, 1, 1, 1, 1, 1, 1, 1, 1, 1, 1, 1, 1, 1, 1, 1, 1, 1, 1, 1, 1, 1, 1, 1, 1, 1, 1, 1, 1, 1, 1, 1, 1, 1, 1, 1, 1, 1, 1, 1, 1, 1, 1, 1, 1, 1, 1, 1, 1, 1, 1, 1, 1, 1, 1, 1, 1, 1, 1, 1, 1, 1, 1, 1, 1, 1, 1, 1, 1, 1, 1, 1, 1, 1, 1, 1, 1, 1, 1, 1, 1, 1, 1, 1, 1, 1, 1, 1, 1, 1, 1, 1, 1, 1, 1]",0.7005105139978696,0.7010512758885549,0.6988079180009663,0.7050626579984964,0.0021147281763654116,"[0.698808, 0.700511, 0.69934, 0.700053, 0.700514, 0.701015, 0.700075, 0.705063, 0.704083]",0.03323620000082883,0.03322630644429915,0.03286932400078513,0.03396520600290387,0.0003541969942793393,"[0.033236, 0.03347, 0.033351, 0.033965, 0.032874, 0.033094, 0.032894, 0.033283, 0.032869]",21.076733019430637,20.574228754603208,21.45047637674736,22,optimal,nan,53.74835205078125,34.74875736236572,25.90249054783351,25.898957959785708,0.00013638024657424346,0.019713810989185454,0.006712693532882022,1.0,1.0,0.07759699624530664,0.1440185830429733,9,2,1e-07,1e-05,1000,800.0,800.0,800.0,0.0,800.0,1.0,63.0,1.084010840108401,2.280704773850651,1.0
primary,x86_64,none,0.3.0,2.4.4,32,8,one_giant,800,1600,0.2,0,0.9975,1,[800],powerlaw,1,0,0,738,737,"[63, 1, 1, 1, 1, 1, 1, 1, 1, 1, 1, 1, 1, 1, 1, 1, 1, 1, 1, 1, 1, 1, 1, 1, 1, 1, 1, 1, 1, 1, 1, 1, 1, 1, 1, 1, 1, 1, 1, 1, 1, 1, 1, 1, 1, 1, 1, 1, 1, 1, 1, 1, 1, 1, 1, 1, 1, 1, 1, 1, 1, 1, 1, 1, 1, 1, 1, 1, 1, 1, 1, 1, 1, 1, 1, 1, 1, 1, 1, 1, 1, 1, 1, 1, 1, 1, 1, 1, 1, 1, 1, 1, 1, 1, 1, 1, 1, 1, 1, 1, 1, 1, 1, 1, 1, 1, 1, 1, 1, 1, 1, 1, 1, 1, 1, 1, 1, 1, 1, 1, 1, 1, 1, 1, 1, 1, 1, 1, 1, 1, 1, 1, 1, 1, 1, 1, 1, 1, 1, 1, 1, 1, 1, 1, 1, 1, 1, 1, 1, 1, 1, 1, 1, 1, 1, 1, 1, 1, 1, 1, 1, 1, 1, 1, 1, 1, 1, 1, 1, 1, 1, 1, 1, 1, 1, 1, 1, 1, 1, 1, 1, 1, 1, 1, 1, 1, 1, 1, 1, 1, 1, 1, 1, 1, 1, 1, 1, 1, 1, 1]",0.7030264719978732,0.7034268580003603,0.6999192940020293,0.7075228030007565,0.002821540947667904,"[0.702537, 0.701392, 0.707108, 0.699919, 0.703026, 0.699948, 0.704126, 0.707523, 0.705262]",0.03273397399971145,0.032807190332985355,0.03240152900252724,0.03336205699815764,0.00030437352817479376,"[0.032973, 0.033091, 0.032708, 0.032828, 0.032402, 0.032734, 0.032434, 0.033362, 0.032734]",21.476966774766495,20.97950057577928,21.836093072816762,22,optimal,nan,53.74835205078125,34.748849868774414,25.427037862309454,25.42337913601309,0.0001438911727027522,0.020717157542037068,0.007014437419224184,1.0,1.0,0.07759699624530664,0.1440185830429733,9,2,1e-07,1e-05,1000,800.0,800.0,800.0,0.0,800.0,1.0,63.0,1.084010840108401,2.280704773850651,1.0
primary,x86_64,none,0.3.0,2.4.4,32,8,one_giant,800,1600,0.25,0,0.9975,1,[800],powerlaw,1,0,0,738,737,"[63, 1, 1, 1, 1, 1, 1, 1, 1, 1, 1, 1, 1, 1, 1, 1, 1, 1, 1, 1, 1, 1, 1, 1, 1, 1, 1, 1, 1, 1, 1, 1, 1, 1, 1, 1, 1, 1, 1, 1, 1, 1, 1, 1, 1, 1, 1, 1, 1, 1, 1, 1, 1, 1, 1, 1, 1, 1, 1, 1, 1, 1, 1, 1, 1, 1, 1, 1, 1, 1, 1, 1, 1, 1, 1, 1, 1, 1, 1, 1, 1, 1, 1, 1, 1, 1, 1, 1, 1, 1, 1, 1, 1, 1, 1, 1, 1, 1, 1, 1, 1, 1, 1, 1, 1, 1, 1, 1, 1, 1, 1, 1, 1, 1, 1, 1, 1, 1, 1, 1, 1, 1, 1, 1, 1, 1, 1, 1, 1, 1, 1, 1, 1, 1, 1, 1, 1, 1, 1, 1, 1, 1, 1, 1, 1, 1, 1, 1, 1, 1, 1, 1, 1, 1, 1, 1, 1, 1, 1, 1, 1, 1, 1, 1, 1, 1, 1, 1, 1, 1, 1, 1, 1, 1, 1, 1, 1, 1, 1, 1, 1, 1, 1, 1, 1, 1, 1, 1, 1, 1, 1, 1, 1, 1, 1, 1, 1, 1, 1, 1]",0.7361629810002341,0.7370388293331618,0.7342514310003025,0.7419582379989151,0.002490165498177685,"[0.736163, 0.735284, 0.734769, 0.734251, 0.737469, 0.739335, 0.73832, 0.741958, 0.735799]",0.0330616720020771,0.03305481177691642,0.032629492998239584,0.03356983800040325,0.00026251493987800576,"[0.032629, 0.033091, 0.033291, 0.03291, 0.03357, 0.032935, 0.033063, 0.033062, 0.032943]",22.266356672886495,21.87235550530457,22.73888344017313,23,optimal,nan,53.74835205078125,34.74955940246582,24.366821444902598,24.36385169564653,0.00012187676028169213,0.018420865009187715,0.006238240870672128,1.0,1.0,0.07759699624530664,0.1440185830429733,9,2,1e-07,1e-05,1000,800.0,800.0,800.0,0.0,800.0,1.0,63.0,1.084010840108401,2.280704773850651,1.0
primary,x86_64,none,0.3.0,2.4.4,32,8,one_giant,800,1600,0.3,0,0.9975,1,[800],powerlaw,1,0,0,738,737,"[63, 1, 1, 1, 1, 1, 1, 1, 1, 1, 1, 1, 1, 1, 1, 1, 1, 1, 1, 1, 1, 1, 1, 1, 1, 1, 1, 1, 1, 1, 1, 1, 1, 1, 1, 1, 1, 1, 1, 1, 1, 1, 1, 1, 1, 1, 1, 1, 1, 1, 1, 1, 1, 1, 1, 1, 1, 1, 1, 1, 1, 1, 1, 1, 1, 1, 1, 1, 1, 1, 1, 1, 1, 1, 1, 1, 1, 1, 1, 1, 1, 1, 1, 1, 1, 1, 1, 1, 1, 1, 1, 1, 1, 1, 1, 1, 1, 1, 1, 1, 1, 1, 1, 1, 1, 1, 1, 1, 1, 1, 1, 1, 1, 1, 1, 1, 1, 1, 1, 1, 1, 1, 1, 1, 1, 1, 1, 1, 1, 1, 1, 1, 1, 1, 1, 1, 1, 1, 1, 1, 1, 1, 1, 1, 1, 1, 1, 1, 1, 1, 1, 1, 1, 1, 1, 1, 1, 1, 1, 1, 1, 1, 1, 1, 1, 1, 1, 1, 1, 1, 1, 1, 1, 1, 1, 1, 1, 1, 1, 1, 1, 1, 1, 1, 1, 1, 1, 1, 1, 1, 1, 1, 1, 1, 1, 1, 1, 1, 1, 1]",0.7337207769996894,0.7345458071112161,0.7306955220010423,0.7379938710000715,0.0025026013650670626,"[0.736999, 0.733235, 0.733114, 0.737781, 0.737994, 0.732987, 0.734386, 0.730696, 0.733721]",0.033343065002554795,0.03337156066643527,0.03299043600054574,0.033859543000289705,0.0002939951526423979,"[0.033343, 0.0331, 0.03386, 0.033189, 0.033566, 0.033193, 0.03337, 0.03299, 0.033733]",22.005198890488042,21.580194451968545,22.36993384955153,23,optimal,nan,53.74835205078125,34.74879550933838,25.926722738545823,25.92378581988862,0.00011327766670777612,0.01861221637088395,0.0062950707847529985,1.0,1.0,0.07759699624530664,0.1440185830429733,9,2,1e-07,1e-05,1000,800.0,800.0,800.0,0.0,800.0,1.0,63.0,1.084010840108401,2.280704773850651,1.0
primary,x86_64,none,0.3.0,2.4.4,32,8,one_giant,800,1600,0.35,0,0.9975,1,[800],powerlaw,1,0,0,738,737,"[63, 1, 1, 1, 1, 1, 1, 1, 1, 1, 1, 1, 1, 1, 1, 1, 1, 1, 1, 1, 1, 1, 1, 1, 1, 1, 1, 1, 1, 1, 1, 1, 1, 1, 1, 1, 1, 1, 1, 1, 1, 1, 1, 1, 1, 1, 1, 1, 1, 1, 1, 1, 1, 1, 1, 1, 1, 1, 1, 1, 1, 1, 1, 1, 1, 1, 1, 1, 1, 1, 1, 1, 1, 1, 1, 1, 1, 1, 1, 1, 1, 1, 1, 1, 1, 1, 1, 1, 1, 1, 1, 1, 1, 1, 1, 1, 1, 1, 1, 1, 1, 1, 1, 1, 1, 1, 1, 1, 1, 1, 1, 1, 1, 1, 1, 1, 1, 1, 1, 1, 1, 1, 1, 1, 1, 1, 1, 1, 1, 1, 1, 1, 1, 1, 1, 1, 1, 1, 1, 1, 1, 1, 1, 1, 1, 1, 1, 1, 1, 1, 1, 1, 1, 1, 1, 1, 1, 1, 1, 1, 1, 1, 1, 1, 1, 1, 1, 1, 1, 1, 1, 1, 1, 1, 1, 1, 1, 1, 1, 1, 1, 1, 1, 1, 1, 1, 1, 1, 1, 1, 1, 1, 1, 1, 1, 1, 1, 1, 1, 1]",0.735779589998856,0.7353724867773255,0.7324717739975313,0.7379108079985599,0.0021010684418258825,"[0.735951, 0.73578, 0.737359, 0.737911, 0.735715, 0.732472, 0.737327, 0.732775, 0.733064]",0.03259150300073088,0.032752449333202094,0.032270930998492986,0.03367076399808866,0.0004521879349336208,"[0.033299, 0.032601, 0.032592, 0.03285, 0.033671, 0.032551, 0.032498, 0.03244, 0.032271]",22.57581032646318,21.753939828603546,22.866114647669118,23,optimal,nan,53.74835205078125,34.74886608123779,29.19901856130705,29.19552536899348,0.0001196338947569675,0.023840704863614004,0.007931153320144506,1.0,1.0,0.07759699624530664,0.1440185830429733,9,2,1e-07,1e-05,1000,800.0,800.0,800.0,0.0,800.0,1.0,63.0,1.084010840108401,2.280704773850651,1.0
primary,x86_64,none,0.3.0,2.4.4,32,8,one_giant,800,1600,0.4,0,0.9975,1,[800],powerlaw,1,0,0,738,737,"[63, 1, 1, 1, 1, 1, 1, 1, 1, 1, 1, 1, 1, 1, 1, 1, 1, 1, 1, 1, 1, 1, 1, 1, 1, 1, 1, 1, 1, 1, 1, 1, 1, 1, 1, 1, 1, 1, 1, 1, 1, 1, 1, 1, 1, 1, 1, 1, 1, 1, 1, 1, 1, 1, 1, 1, 1, 1, 1, 1, 1, 1, 1, 1, 1, 1, 1, 1, 1, 1, 1, 1, 1, 1, 1, 1, 1, 1, 1, 1, 1, 1, 1, 1, 1, 1, 1, 1, 1, 1, 1, 1, 1, 1, 1, 1, 1, 1, 1, 1, 1, 1, 1, 1, 1, 1, 1, 1, 1, 1, 1, 1, 1, 1, 1, 1, 1, 1, 1, 1, 1, 1, 1, 1, 1, 1, 1, 1, 1, 1, 1, 1, 1, 1, 1, 1, 1, 1, 1, 1, 1, 1, 1, 1, 1, 1, 1, 1, 1, 1, 1, 1, 1, 1, 1, 1, 1, 1, 1, 1, 1, 1, 1, 1, 1, 1, 1, 1, 1, 1, 1, 1, 1, 1, 1, 1, 1, 1, 1, 1, 1, 1, 1, 1, 1, 1, 1, 1, 1, 1, 1, 1, 1, 1, 1, 1, 1, 1, 1, 1]",0.5733777749992441,0.5725183022223064,0.569129597999563,0.5749699449988839,0.0019778760860506765,"[0.57497, 0.56913, 0.573378, 0.570982, 0.57403, 0.571873, 0.574242, 0.570521, 0.573539]",0.03259744200113346,0.032488210333718195,0.03217476200006786,0.03275654100070824,0.00023445347916066687,"[0.032463, 0.032735, 0.032597, 0.032757, 0.03222, 0.032624, 0.032195, 0.032628, 0.032175]",17.58965550055452,17.374532860086102,17.870215947445743,18,optimal,nan,53.74835205078125,34.74918460845947,28.92489007116426,28.922693137641204,7.595304658550787e-05,0.017245745703300397,0.005792053828906656,1.0,1.0,0.07759699624530664,0.1440185830429733,9,2,1e-07,1e-05,1000,800.0,800.0,800.0,0.0,800.0,1.0,63.0,1.084010840108401,2.280704773850651,1.0
primary,x86_64,none,0.3.0,2.4.4,32,8,one_giant,800,4000,0.05,0,0.9975,1,[800],powerlaw,1,0,0,486,355,"[97, 12, 10, 8, 7, 7, 6, 6, 6, 5, 5, 4, 4, 4, 4, 4, 4, 4, 3, 3, 3, 3, 3, 3, 3, 3, 3, 3, 3, 3, 3, 3, 3, 3, 3, 3, 3, 3, 3, 3, 2, 2, 2, 2, 2, 2, 2, 2, 2, 2, 2, 2, 2, 2, 2, 2, 2, 2, 2, 2, 2, 2, 2, 2, 2, 2, 2, 2, 2, 2, 2, 2, 2, 2, 2, 2, 2, 2, 2, 2, 2, 2, 2, 2, 2, 2, 2, 2, 2, 2, 2, 2, 2, 2, 2, 2, 2, 2, 2, 2, 2, 2, 2, 2, 2, 2, 2, 2, 2, 2, 2, 2, 2, 2, 2, 2, 2, 2, 2, 2, 2, 2, 2, 2, 2, 2, 2, 2, 2, 2, 2, 1, 1, 1, 1, 1, 1, 1, 1, 1, 1, 1, 1, 1, 1, 1, 1, 1, 1, 1, 1, 1, 1, 1, 1, 1, 1, 1, 1, 1, 1, 1, 1, 1, 1, 1, 1, 1, 1, 1, 1, 1, 1, 1, 1, 1, 1, 1, 1, 1, 1, 1, 1, 1, 1, 1, 1, 1, 1, 1, 1, 1, 1, 1, 1, 1, 1, 1, 1, 1]",0.7006437839991122,0.7006973496669767,0.6980435900004522,0.7035135030018864,0.001973315395199974,"[0.699806, 0.698077, 0.700644, 0.698044, 0.703514, 0.703046, 0.70174, 0.699726, 0.701682]",0.07467907599857426,0.07459728466670236,0.07350839499849826,0.07611809000081848,0.0007512680582235706,"[0.073508, 0.074501, 0.074679, 0.074725, 0.074349, 0.074706, 0.075038, 0.076118, 0.073751]",9.382062841973147,9.170534757150978,9.570519163372548,22,optimal,nan,53.74835205078125,34.8113956451416,22.68243147527271,22.68236072731447,3.119064123146279e-06,0.002847661052519268,0.001002661570350927,0.99998125,0.9551282051282052,0.37296620775969963,0.5364536453645364,9,2,1e-07,1e-05,1000,800.0,800.0,800.0,0.0,800.0,1.0,97.0,1.646090534979424,4.464106409233058,1.0
primary,x86_64,none,0.3.0,2.4.4,32,8,one_giant,800,4000,0.1,0,0.9975,1,[800],powerlaw,1,0,0,738,737,"[63, 1, 1, 1, 1, 1, 1, 1, 1, 1, 1, 1, 1, 1, 1, 1, 1, 1, 1, 1, 1, 1, 1, 1, 1, 1, 1, 1, 1, 1, 1, 1, 1, 1, 1, 1, 1, 1, 1, 1, 1, 1, 1, 1, 1, 1, 1, 1, 1, 1, 1, 1, 1, 1, 1, 1, 1, 1, 1, 1, 1, 1, 1, 1, 1, 1, 1, 1, 1, 1, 1, 1, 1, 1, 1, 1, 1, 1, 1, 1, 1, 1, 1, 1, 1, 1, 1, 1, 1, 1, 1, 1, 1, 1, 1, 1, 1, 1, 1, 1, 1, 1, 1, 1, 1, 1, 1, 1, 1, 1, 1, 1, 1, 1, 1, 1, 1, 1, 1, 1, 1, 1, 1, 1, 1, 1, 1, 1, 1, 1, 1, 1, 1, 1, 1, 1, 1, 1, 1, 1, 1, 1, 1, 1, 1, 1, 1, 1, 1, 1, 1, 1, 1, 1, 1, 1, 1, 1, 1, 1, 1, 1, 1, 1, 1, 1, 1, 1, 1, 1, 1, 1, 1, 1, 1, 1, 1, 1, 1, 1, 1, 1, 1, 1, 1, 1, 1, 1, 1, 1, 1, 1, 1, 1, 1, 1, 1, 1, 1, 1]",0.7297589219997462,0.7305707746668809,0.7250132629997097,0.7372163720028766,0.0036314596480933065,"[0.729124, 0.737216, 0.732901, 0.725013, 0.729759, 0.727071, 0.729087, 0.731982, 0.732985]",0.03335732199775521,0.03333067322212931,0.033099676002166234,0.03349623599933693,0.00013960709026902046,"[0.033496, 0.033393, 0.033357, 0.033468, 0.033357, 0.0331, 0.033379, 0.03311, 0.033316]",21.877023642631013,21.644618906257453,22.272615960187313,23,optimal,nan,53.74835205078125,34.748812675476074,24.622627853709467,24.622617751417057,4.10284900158844e-07,0.00107197206316334,0.0003698427210659567,1.0,1.0,0.07759699624530664,0.1440185830429733,9,2,1e-07,1e-05,1000,800.0,800.0,800.0,0.0,800.0,1.0,63.0,1.084010840108401,2.280704773850651,1.0
primary,x86_64,none,0.3.0,2.4.4,32,8,one_giant,800,4000,0.15,0,0.9975,1,[800],powerlaw,1,0,0,738,737,"[63, 1, 1, 1, 1, 1, 1, 1, 1, 1, 1, 1, 1, 1, 1, 1, 1, 1, 1, 1, 1, 1, 1, 1, 1, 1, 1, 1, 1, 1, 1, 1, 1, 1, 1, 1, 1, 1, 1, 1, 1, 1, 1, 1, 1, 1, 1, 1, 1, 1, 1, 1, 1, 1, 1, 1, 1, 1, 1, 1, 1, 1, 1, 1, 1, 1, 1, 1, 1, 1, 1, 1, 1, 1, 1, 1, 1, 1, 1, 1, 1, 1, 1, 1, 1, 1, 1, 1, 1, 1, 1, 1, 1, 1, 1, 1, 1, 1, 1, 1, 1, 1, 1, 1, 1, 1, 1, 1, 1, 1, 1, 1, 1, 1, 1, 1, 1, 1, 1, 1, 1, 1, 1, 1, 1, 1, 1, 1, 1, 1, 1, 1, 1, 1, 1, 1, 1, 1, 1, 1, 1, 1, 1, 1, 1, 1, 1, 1, 1, 1, 1, 1, 1, 1, 1, 1, 1, 1, 1, 1, 1, 1, 1, 1, 1, 1, 1, 1, 1, 1, 1, 1, 1, 1, 1, 1, 1, 1, 1, 1, 1, 1, 1, 1, 1, 1, 1, 1, 1, 1, 1, 1, 1, 1, 1, 1, 1, 1, 1, 1]",0.69936040399989,0.6989588359998985,0.6945150149986148,0.705692296000052,0.003335189393895624,"[0.697305, 0.705692, 0.69936, 0.694515, 0.69969, 0.695271, 0.700018, 0.697748, 0.701029]",0.03283728500173311,0.03288358944458499,0.03251552499932586,0.0332837109999673,0.0002666041812541791,"[0.033274, 0.033284, 0.032787, 0.032999, 0.032753, 0.032899, 0.032603, 0.032837, 0.032516]",21.29775357381034,20.86651380308215,21.703241636562318,22,optimal,nan,53.74835205078125,34.748891830444336,26.93369121870644,26.93367428894562,6.285718760439059e-07,0.0014240338108484352,0.0004949490840804663,1.0,1.0,0.07759699624530664,0.1440185830429733,9,2,1e-07,1e-05,1000,800.0,800.0,800.0,0.0,800.0,1.0,63.0,1.084010840108401,2.280704773850651,1.0
primary,x86_64,none,0.3.0,2.4.4,32,8,one_giant,800,4000,0.2,0,0.9975,1,[800],powerlaw,1,0,0,738,737,"[63, 1, 1, 1, 1, 1, 1, 1, 1, 1, 1, 1, 1, 1, 1, 1, 1, 1, 1, 1, 1, 1, 1, 1, 1, 1, 1, 1, 1, 1, 1, 1, 1, 1, 1, 1, 1, 1, 1, 1, 1, 1, 1, 1, 1, 1, 1, 1, 1, 1, 1, 1, 1, 1, 1, 1, 1, 1, 1, 1, 1, 1, 1, 1, 1, 1, 1, 1, 1, 1, 1, 1, 1, 1, 1, 1, 1, 1, 1, 1, 1, 1, 1, 1, 1, 1, 1, 1, 1, 1, 1, 1, 1, 1, 1, 1, 1, 1, 1, 1, 1, 1, 1, 1, 1, 1, 1, 1, 1, 1, 1, 1, 1, 1, 1, 1, 1, 1, 1, 1, 1, 1, 1, 1, 1, 1, 1, 1, 1, 1, 1, 1, 1, 1, 1, 1, 1, 1, 1, 1, 1, 1, 1, 1, 1, 1, 1, 1, 1, 1, 1, 1, 1, 1, 1, 1, 1, 1, 1, 1, 1, 1, 1, 1, 1, 1, 1, 1, 1, 1, 1, 1, 1, 1, 1, 1, 1, 1, 1, 1, 1, 1, 1, 1, 1, 1, 1, 1, 1, 1, 1, 1, 1, 1, 1, 1, 1, 1, 1, 1]",0.6954850889997033,0.6950064730000223,0.6927720999992744,0.6965750449999177,0.0013834113339291926,"[0.69612, 0.696254, 0.694563, 0.693672, 0.695485, 0.692772, 0.695986, 0.693631, 0.696575]",0.0328360990024521,0.03278860666654913,0.03247872000065399,0.03306524899744545,0.00019071668039196093,"[0.032874, 0.033065, 0.032836, 0.03291, 0.032479, 0.032944, 0.032551, 0.032764, 0.032675]",21.180502865086577,20.95166741532164,21.447121222323155,22,optimal,nan,53.74835205078125,34.748934745788574,25.808955002398694,25.805674075663752,0.00012712357918545994,0.014957237742568186,0.005251288741965727,1.0,1.0,0.07759699624530664,0.1440185830429733,9,2,1e-07,1e-05,1000,800.0,800.0,800.0,0.0,800.0,1.0,63.0,1.084010840108401,2.280704773850651,1.0
primary,x86_64,none,0.3.0,2.4.4,32,8,one_giant,800,4000,0.25,0,0.9975,1,[800],powerlaw,1,0,0,738,737,"[63, 1, 1, 1, 1, 1, 1, 1, 1, 1, 1, 1, 1, 1, 1, 1, 1, 1, 1, 1, 1, 1, 1, 1, 1, 1, 1, 1, 1, 1, 1, 1, 1, 1, 1, 1, 1, 1, 1, 1, 1, 1, 1, 1, 1, 1, 1, 1, 1, 1, 1, 1, 1, 1, 1, 1, 1, 1, 1, 1, 1, 1, 1, 1, 1, 1, 1, 1, 1, 1, 1, 1, 1, 1, 1, 1, 1, 1, 1, 1, 1, 1, 1, 1, 1, 1, 1, 1, 1, 1, 1, 1, 1, 1, 1, 1, 1, 1, 1, 1, 1, 1, 1, 1, 1, 1, 1, 1, 1, 1, 1, 1, 1, 1, 1, 1, 1, 1, 1, 1, 1, 1, 1, 1, 1, 1, 1, 1, 1, 1, 1, 1, 1, 1, 1, 1, 1, 1, 1, 1, 1, 1, 1, 1, 1, 1, 1, 1, 1, 1, 1, 1, 1, 1, 1, 1, 1, 1, 1, 1, 1, 1, 1, 1, 1, 1, 1, 1, 1, 1, 1, 1, 1, 1, 1, 1, 1, 1, 1, 1, 1, 1, 1, 1, 1, 1, 1, 1, 1, 1, 1, 1, 1, 1, 1, 1, 1, 1, 1, 1]",0.5761716819979483,0.5758814558887226,0.5729172820028907,0.5791268949978985,0.00203011769285288,"[0.576865, 0.573848, 0.576172, 0.572917, 0.577465, 0.57465, 0.577434, 0.574456, 0.579127]",0.032828977000463055,0.03283939855545112,0.0324858449966996,0.033389385000191396,0.00027241856122414845,"[0.03271, 0.033389, 0.032835, 0.032963, 0.032672, 0.033065, 0.032605, 0.032829, 0.032486]",17.55070473228031,17.158665306342318,17.827053446100447,18,optimal,nan,53.74835205078125,34.74893093109131,27.612204396494235,27.610339773018154,6.752896108206384e-05,0.011119141760178586,0.0039086112702727445,1.0,1.0,0.07759699624530664,0.1440185830429733,9,2,1e-07,1e-05,1000,800.0,800.0,800.0,0.0,800.0,1.0,63.0,1.084010840108401,2.280704773850651,1.0
primary,x86_64,none,0.3.0,2.4.4,32,8,one_giant,800,4000,0.3,0,0.9975,1,[800],powerlaw,1,0,0,738,737,"[63, 1, 1, 1, 1, 1, 1, 1, 1, 1, 1, 1, 1, 1, 1, 1, 1, 1, 1, 1, 1, 1, 1, 1, 1, 1, 1, 1, 1, 1, 1, 1, 1, 1, 1, 1, 1, 1, 1, 1, 1, 1, 1, 1, 1, 1, 1, 1, 1, 1, 1, 1, 1, 1, 1, 1, 1, 1, 1, 1, 1, 1, 1, 1, 1, 1, 1, 1, 1, 1, 1, 1, 1, 1, 1, 1, 1, 1, 1, 1, 1, 1, 1, 1, 1, 1, 1, 1, 1, 1, 1, 1, 1, 1, 1, 1, 1, 1, 1, 1, 1, 1, 1, 1, 1, 1, 1, 1, 1, 1, 1, 1, 1, 1, 1, 1, 1, 1, 1, 1, 1, 1, 1, 1, 1, 1, 1, 1, 1, 1, 1, 1, 1, 1, 1, 1, 1, 1, 1, 1, 1, 1, 1, 1, 1, 1, 1, 1, 1, 1, 1, 1, 1, 1, 1, 1, 1, 1, 1, 1, 1, 1, 1, 1, 1, 1, 1, 1, 1, 1, 1, 1, 1, 1, 1, 1, 1, 1, 1, 1, 1, 1, 1, 1, 1, 1, 1, 1, 1, 1, 1, 1, 1, 1, 1, 1, 1, 1, 1, 1]",0.5457197260002431,0.5457600884445937,0.5447354470015853,0.5475339269978576,0.0008555458634945191,"[0.545576, 0.545278, 0.544766, 0.54583, 0.546274, 0.546127, 0.544735, 0.547534, 0.54572]",0.03329796400066698,0.03338674755529306,0.03309018499930971,0.033808504998887656,0.00022246122558126268,"[0.033293, 0.033809, 0.033386, 0.033298, 0.033578, 0.03309, 0.033199, 0.033556, 0.033272]",16.38898180048822,16.112379030646512,16.546717010173246,17,optimal,nan,53.74835205078125,34.74903392791748,28.09416846878821,28.09112231719639,0.00010842647274666215,0.014539167587660273,0.00508907971384044,1.0,1.0,0.07759699624530664,0.1440185830429733,9,2,1e-07,1e-05,1000,800.0,800.0,800.0,0.0,800.0,1.0,63.0,1.084010840108401,2.280704773850651,1.0
primary,x86_64,none,0.3.0,2.4.4,32,8,one_giant,800,4000,0.35,0,0.9975,1,[800],powerlaw,1,0,0,738,737,"[63, 1, 1, 1, 1, 1, 1, 1, 1, 1, 1, 1, 1, 1, 1, 1, 1, 1, 1, 1, 1, 1, 1, 1, 1, 1, 1, 1, 1, 1, 1, 1, 1, 1, 1, 1, 1, 1, 1, 1, 1, 1, 1, 1, 1, 1, 1, 1, 1, 1, 1, 1, 1, 1, 1, 1, 1, 1, 1, 1, 1, 1, 1, 1, 1, 1, 1, 1, 1, 1, 1, 1, 1, 1, 1, 1, 1, 1, 1, 1, 1, 1, 1, 1, 1, 1, 1, 1, 1, 1, 1, 1, 1, 1, 1, 1, 1, 1, 1, 1, 1, 1, 1, 1, 1, 1, 1, 1, 1, 1, 1, 1, 1, 1, 1, 1, 1, 1, 1, 1, 1, 1, 1, 1, 1, 1, 1, 1, 1, 1, 1, 1, 1, 1, 1, 1, 1, 1, 1, 1, 1, 1, 1, 1, 1, 1, 1, 1, 1, 1, 1, 1, 1, 1, 1, 1, 1, 1, 1, 1, 1, 1, 1, 1, 1, 1, 1, 1, 1, 1, 1, 1, 1, 1, 1, 1, 1, 1, 1, 1, 1, 1, 1, 1, 1, 1, 1, 1, 1, 1, 1, 1, 1, 1, 1, 1, 1, 1, 1, 1]",0.5778695920016617,0.5772131397776926,0.5744703349992051,0.5806668780023756,0.001949144785765905,"[0.576378, 0.575136, 0.578096, 0.578188, 0.580667, 0.57447, 0.57787, 0.575692, 0.578421]",0.03266275799978757,0.03264046244455838,0.032364744001824874,0.03287291000015102,0.00016274056533509049,"[0.032632, 0.032873, 0.032616, 0.032781, 0.032415, 0.0327, 0.032365, 0.032663, 0.03272]",17.692002371796647,17.47549380315177,17.941340057243615,18,optimal,nan,53.74835205078125,34.74928951263428,29.104771683259855,29.10319348746757,5.422464087535684e-05,0.01209033602654408,0.004176905065418973,1.0,1.0,0.07759699624530664,0.1440185830429733,9,2,1e-07,1e-05,1000,800.0,800.0,800.0,0.0,800.0,1.0,63.0,1.084010840108401,2.280704773850651,1.0
primary,x86_64,none,0.3.0,2.4.4,32,8,one_giant,800,4000,0.4,0,0.9975,1,[800],powerlaw,1,0,0,738,737,"[63, 1, 1, 1, 1, 1, 1, 1, 1, 1, 1, 1, 1, 1, 1, 1, 1, 1, 1, 1, 1, 1, 1, 1, 1, 1, 1, 1, 1, 1, 1, 1, 1, 1, 1, 1, 1, 1, 1, 1, 1, 1, 1, 1, 1, 1, 1, 1, 1, 1, 1, 1, 1, 1, 1, 1, 1, 1, 1, 1, 1, 1, 1, 1, 1, 1, 1, 1, 1, 1, 1, 1, 1, 1, 1, 1, 1, 1, 1, 1, 1, 1, 1, 1, 1, 1, 1, 1, 1, 1, 1, 1, 1, 1, 1, 1, 1, 1, 1, 1, 1, 1, 1, 1, 1, 1, 1, 1, 1, 1, 1, 1, 1, 1, 1, 1, 1, 1, 1, 1, 1, 1, 1, 1, 1, 1, 1, 1, 1, 1, 1, 1, 1, 1, 1, 1, 1, 1, 1, 1, 1, 1, 1, 1, 1, 1, 1, 1, 1, 1, 1, 1, 1, 1, 1, 1, 1, 1, 1, 1, 1, 1, 1, 1, 1, 1, 1, 1, 1, 1, 1, 1, 1, 1, 1, 1, 1, 1, 1, 1, 1, 1, 1, 1, 1, 1, 1, 1, 1, 1, 1, 1, 1, 1, 1, 1, 1, 1, 1, 1]",0.5476384560024599,0.5477880573335925,0.54388894099975,0.5546696809979039,0.002979874879233589,"[0.543889, 0.545868, 0.546887, 0.547638, 0.547895, 0.548442, 0.54867, 0.55467, 0.546133]",0.03274705700096092,0.03282502366669683,0.03250603400010732,0.03326472299886518,0.000259152525799821,"[0.033055, 0.033265, 0.03307, 0.032747, 0.032666, 0.032506, 0.032848, 0.032523, 0.032746]",16.723287713652866,16.35032226236499,17.06359136263971,17,optimal,nan,53.74835205078125,34.74927806854248,30.285294474932176,30.283537377617836,5.801816838180825e-05,0.012174310718728432,0.004224185008831198,1.0,1.0,0.07759699624530664,0.1440185830429733,9,2,1e-07,1e-05,1000,800.0,800.0,800.0,0.0,800.0,1.0,63.0,1.084010840108401,2.280704773850651,1.0
primary,x86_64,none,0.3.0,2.4.4,32,8,one_giant,800,8000,0.05,0,0.9975,1,[800],powerlaw,1,0,0,499,365,"[79, 8, 8, 7, 6, 6, 6, 6, 6, 5, 5, 5, 5, 4, 4, 4, 4, 4, 4, 4, 4, 4, 4, 4, 3, 3, 3, 3, 3, 3, 3, 3, 3, 3, 3, 3, 3, 3, 3, 3, 3, 3, 3, 2, 2, 2, 2, 2, 2, 2, 2, 2, 2, 2, 2, 2, 2, 2, 2, 2, 2, 2, 2, 2, 2, 2, 2, 2, 2, 2, 2, 2, 2, 2, 2, 2, 2, 2, 2, 2, 2, 2, 2, 2, 2, 2, 2, 2, 2, 2, 2, 2, 2, 2, 2, 2, 2, 2, 2, 2, 2, 2, 2, 2, 2, 2, 2, 2, 2, 2, 2, 2, 2, 2, 2, 2, 2, 2, 2, 2, 2, 2, 2, 2, 2, 2, 2, 2, 2, 2, 2, 2, 2, 2, 1, 1, 1, 1, 1, 1, 1, 1, 1, 1, 1, 1, 1, 1, 1, 1, 1, 1, 1, 1, 1, 1, 1, 1, 1, 1, 1, 1, 1, 1, 1, 1, 1, 1, 1, 1, 1, 1, 1, 1, 1, 1, 1, 1, 1, 1, 1, 1, 1, 1, 1, 1, 1, 1, 1, 1, 1, 1, 1, 1, 1, 1, 1, 1, 1, 1]",0.7043591789988568,0.7035234491106368,0.6962332620023517,0.7126465759974963,0.00548597379657918,"[0.7094, 0.699787, 0.701045, 0.696233, 0.704359, 0.697155, 0.705951, 0.712647, 0.705133]",0.06976960400061216,0.06980350800020257,0.06842438700186904,0.07088092200137908,0.000736591887055729,"[0.068424, 0.06938, 0.069494, 0.069804, 0.06977, 0.07007, 0.070756, 0.070881, 0.069652]",10.095502032556709,9.822576263734346,10.41509624306945,22,optimal,nan,53.74835205078125,34.74130725860596,20.903349794673478,20.903279655367463,3.3554098603186956e-06,0.004296591225886548,0.001510178216367416,1.0,0.9966777408637874,0.37546933667083854,0.5454545454545454,9,2,1e-07,1e-05,1000,800.0,800.0,800.0,0.0,800.0,1.0,79.0,1.6032064128256514,3.6067835413991736,1.0
primary,x86_64,none,0.3.0,2.4.4,32,8,one_giant,800,8000,0.1,0,0.9975,1,[800],powerlaw,1,0,0,738,737,"[63, 1, 1, 1, 1, 1, 1, 1, 1, 1, 1, 1, 1, 1, 1, 1, 1, 1, 1, 1, 1, 1, 1, 1, 1, 1, 1, 1, 1, 1, 1, 1, 1, 1, 1, 1, 1, 1, 1, 1, 1, 1, 1, 1, 1, 1, 1, 1, 1, 1, 1, 1, 1, 1, 1, 1, 1, 1, 1, 1, 1, 1, 1, 1, 1, 1, 1, 1, 1, 1, 1, 1, 1, 1, 1, 1, 1, 1, 1, 1, 1, 1, 1, 1, 1, 1, 1, 1, 1, 1, 1, 1, 1, 1, 1, 1, 1, 1, 1, 1, 1, 1, 1, 1, 1, 1, 1, 1, 1, 1, 1, 1, 1, 1, 1, 1, 1, 1, 1, 1, 1, 1, 1, 1, 1, 1, 1, 1, 1, 1, 1, 1, 1, 1, 1, 1, 1, 1, 1, 1, 1, 1, 1, 1, 1, 1, 1, 1, 1, 1, 1, 1, 1, 1, 1, 1, 1, 1, 1, 1, 1, 1, 1, 1, 1, 1, 1, 1, 1, 1, 1, 1, 1, 1, 1, 1, 1, 1, 1, 1, 1, 1, 1, 1, 1, 1, 1, 1, 1, 1, 1, 1, 1, 1, 1, 1, 1, 1, 1, 1]",0.6682758370006923,0.6681568403332171,0.6660128359981172,0.6705922599976475,0.001592986436406368,"[0.66605, 0.670592, 0.669011, 0.66894, 0.669553, 0.668276, 0.666013, 0.668241, 0.666736]",0.033888060999743175,0.03399887633309441,0.03379307599971071,0.03439385299861897,0.00022957236926670667,"[0.033981, 0.034272, 0.033793, 0.033831, 0.03383, 0.033801, 0.0342, 0.034394, 0.033888]",19.720096614726845,19.364298499062027,19.84407279181653,21,optimal,nan,53.74835205078125,34.7488431930542,23.545096061844788,23.545056518008074,1.6794935391087223e-06,0.0019967011043702243,0.0007089485556856323,1.0,1.0,0.07759699624530664,0.1440185830429733,9,2,1e-07,1e-05,1000,800.0,800.0,800.0,0.0,800.0,1.0,63.0,1.084010840108401,2.280704773850651,1.0
primary,x86_64,none,0.3.0,2.4.4,32,8,one_giant,800,8000,0.15,0,0.9975,1,[800],powerlaw,1,0,0,738,737,"[63, 1, 1, 1, 1, 1, 1, 1, 1, 1, 1, 1, 1, 1, 1, 1, 1, 1, 1, 1, 1, 1, 1, 1, 1, 1, 1, 1, 1, 1, 1, 1, 1, 1, 1, 1, 1, 1, 1, 1, 1, 1, 1, 1, 1, 1, 1, 1, 1, 1, 1, 1, 1, 1, 1, 1, 1, 1, 1, 1, 1, 1, 1, 1, 1, 1, 1, 1, 1, 1, 1, 1, 1, 1, 1, 1, 1, 1, 1, 1, 1, 1, 1, 1, 1, 1, 1, 1, 1, 1, 1, 1, 1, 1, 1, 1, 1, 1, 1, 1, 1, 1, 1, 1, 1, 1, 1, 1, 1, 1, 1, 1, 1, 1, 1, 1, 1, 1, 1, 1, 1, 1, 1, 1, 1, 1, 1, 1, 1, 1, 1, 1, 1, 1, 1, 1, 1, 1, 1, 1, 1, 1, 1, 1, 1, 1, 1, 1, 1, 1, 1, 1, 1, 1, 1, 1, 1, 1, 1, 1, 1, 1, 1, 1, 1, 1, 1, 1, 1, 1, 1, 1, 1, 1, 1, 1, 1, 1, 1, 1, 1, 1, 1, 1, 1, 1, 1, 1, 1, 1, 1, 1, 1, 1, 1, 1, 1, 1, 1, 1]",0.6640015650009445,0.6635238785561847,0.6617243220025557,0.6649882169986086,0.001101272218307008,"[0.661844, 0.664002, 0.664988, 0.664038, 0.663232, 0.661724, 0.664149, 0.664251, 0.663486]",0.032783869002741994,0.03286421022251792,0.03264614200088545,0.033512875001179054,0.0002688198011864415,"[0.032963, 0.033513, 0.032848, 0.032937, 0.03272, 0.032784, 0.032653, 0.032714, 0.032646]",20.253910999504313,19.745376127213042,20.36958048459669,21,optimal,nan,53.74835205078125,34.7488431930542,26.45624126749915,26.456223687243483,6.645031502281926e-07,0.0011974692133414067,0.00042395424227280895,1.0,1.0,0.07759699624530664,0.1440185830429733,9,2,1e-07,1e-05,1000,800.0,800.0,800.0,0.0,800.0,1.0,63.0,1.084010840108401,2.280704773850651,1.0
primary,x86_64,none,0.3.0,2.4.4,32,8,one_giant,800,8000,0.2,0,0.9975,1,[800],powerlaw,1,0,0,738,737,"[63, 1, 1, 1, 1, 1, 1, 1, 1, 1, 1, 1, 1, 1, 1, 1, 1, 1, 1, 1, 1, 1, 1, 1, 1, 1, 1, 1, 1, 1, 1, 1, 1, 1, 1, 1, 1, 1, 1, 1, 1, 1, 1, 1, 1, 1, 1, 1, 1, 1, 1, 1, 1, 1, 1, 1, 1, 1, 1, 1, 1, 1, 1, 1, 1, 1, 1, 1, 1, 1, 1, 1, 1, 1, 1, 1, 1, 1, 1, 1, 1, 1, 1, 1, 1, 1, 1, 1, 1, 1, 1, 1, 1, 1, 1, 1, 1, 1, 1, 1, 1, 1, 1, 1, 1, 1, 1, 1, 1, 1, 1, 1, 1, 1, 1, 1, 1, 1, 1, 1, 1, 1, 1, 1, 1, 1, 1, 1, 1, 1, 1, 1, 1, 1, 1, 1, 1, 1, 1, 1, 1, 1, 1, 1, 1, 1, 1, 1, 1, 1, 1, 1, 1, 1, 1, 1, 1, 1, 1, 1, 1, 1, 1, 1, 1, 1, 1, 1, 1, 1, 1, 1, 1, 1, 1, 1, 1, 1, 1, 1, 1, 1, 1, 1, 1, 1, 1, 1, 1, 1, 1, 1, 1, 1, 1, 1, 1, 1, 1, 1]",0.5396242669994535,0.5395962939999461,0.5380368309997721,0.5414384650030115,0.0010339431420487435,"[0.539397, 0.538037, 0.539947, 0.540346, 0.538251, 0.541438, 0.539964, 0.539624, 0.539362]",0.03267463900192524,0.032695086444922104,0.03232082199974684,0.033301535000646254,0.00031847027644950587,"[0.033044, 0.033302, 0.032747, 0.032741, 0.032335, 0.032511, 0.032675, 0.032321, 0.032581]",16.515079691244882,16.156517439491328,16.75200169745845,17,optimal,nan,53.74835205078125,34.748891830444336,27.34237489274592,27.340000688240345,8.68324172603121e-05,0.011489369273431471,0.004079500569956502,1.0,1.0,0.07759699624530664,0.1440185830429733,9,2,1e-07,1e-05,1000,800.0,800.0,800.0,0.0,800.0,1.0,63.0,1.084010840108401,2.280704773850651,1.0
primary,x86_64,none,0.3.0,2.4.4,32,8,one_giant,800,8000,0.25,0,0.9975,1,[800],powerlaw,1,0,0,738,737,"[63, 1, 1, 1, 1, 1, 1, 1, 1, 1, 1, 1, 1, 1, 1, 1, 1, 1, 1, 1, 1, 1, 1, 1, 1, 1, 1, 1, 1, 1, 1, 1, 1, 1, 1, 1, 1, 1, 1, 1, 1, 1, 1, 1, 1, 1, 1, 1, 1, 1, 1, 1, 1, 1, 1, 1, 1, 1, 1, 1, 1, 1, 1, 1, 1, 1, 1, 1, 1, 1, 1, 1, 1, 1, 1, 1, 1, 1, 1, 1, 1, 1, 1, 1, 1, 1, 1, 1, 1, 1, 1, 1, 1, 1, 1, 1, 1, 1, 1, 1, 1, 1, 1, 1, 1, 1, 1, 1, 1, 1, 1, 1, 1, 1, 1, 1, 1, 1, 1, 1, 1, 1, 1, 1, 1, 1, 1, 1, 1, 1, 1, 1, 1, 1, 1, 1, 1, 1, 1, 1, 1, 1, 1, 1, 1, 1, 1, 1, 1, 1, 1, 1, 1, 1, 1, 1, 1, 1, 1, 1, 1, 1, 1, 1, 1, 1, 1, 1, 1, 1, 1, 1, 1, 1, 1, 1, 1, 1, 1, 1, 1, 1, 1, 1, 1, 1, 1, 1, 1, 1, 1, 1, 1, 1, 1, 1, 1, 1, 1, 1]",0.4804786710010376,0.4808620414437933,0.4789577379997354,0.4832581549999304,0.001588919235886981,"[0.47937, 0.480206, 0.480479, 0.483258, 0.48137, 0.478958, 0.482209, 0.482678, 0.479232]",0.032941784000286134,0.032943894222019786,0.032583216998318676,0.033343093000439694,0.00027766903992518347,"[0.033343, 0.032942, 0.033018, 0.032824, 0.032622, 0.032583, 0.033106, 0.032742, 0.033315]",14.585690653452895,14.364526350132527,14.831505281533955,15,optimal,nan,53.74835205078125,34.74894142150879,28.696480451249613,28.694988786868066,5.198074321625884e-05,0.0090491118720748,0.003214210653154504,1.0,1.0,0.07759699624530664,0.1440185830429733,9,2,1e-07,1e-05,1000,800.0,800.0,800.0,0.0,800.0,1.0,63.0,1.084010840108401,2.280704773850651,1.0
primary,x86_64,none,0.3.0,2.4.4,32,8,one_giant,800,8000,0.3,0,0.9975,1,[800],powerlaw,1,0,0,738,737,"[63, 1, 1, 1, 1, 1, 1, 1, 1, 1, 1, 1, 1, 1, 1, 1, 1, 1, 1, 1, 1, 1, 1, 1, 1, 1, 1, 1, 1, 1, 1, 1, 1, 1, 1, 1, 1, 1, 1, 1, 1, 1, 1, 1, 1, 1, 1, 1, 1, 1, 1, 1, 1, 1, 1, 1, 1, 1, 1, 1, 1, 1, 1, 1, 1, 1, 1, 1, 1, 1, 1, 1, 1, 1, 1, 1, 1, 1, 1, 1, 1, 1, 1, 1, 1, 1, 1, 1, 1, 1, 1, 1, 1, 1, 1, 1, 1, 1, 1, 1, 1, 1, 1, 1, 1, 1, 1, 1, 1, 1, 1, 1, 1, 1, 1, 1, 1, 1, 1, 1, 1, 1, 1, 1, 1, 1, 1, 1, 1, 1, 1, 1, 1, 1, 1, 1, 1, 1, 1, 1, 1, 1, 1, 1, 1, 1, 1, 1, 1, 1, 1, 1, 1, 1, 1, 1, 1, 1, 1, 1, 1, 1, 1, 1, 1, 1, 1, 1, 1, 1, 1, 1, 1, 1, 1, 1, 1, 1, 1, 1, 1, 1, 1, 1, 1, 1, 1, 1, 1, 1, 1, 1, 1, 1, 1, 1, 1, 1, 1, 1]",0.5407783609989565,0.5409058023332263,0.5392075540003134,0.5433085129989195,0.0013068366755315285,"[0.539208, 0.540778, 0.541676, 0.542099, 0.540598, 0.543309, 0.53932, 0.540303, 0.540861]",0.032730445000197506,0.032799968222712375,0.032488233999174554,0.03335615499963751,0.00027640661934510535,"[0.033042, 0.033356, 0.032538, 0.032582, 0.032488, 0.032866, 0.032696, 0.032901, 0.03273]",16.52218174839032,16.16515914397727,16.72323934297948,15,optimal,nan,53.74835205078125,34.74903869628906,28.62717306759462,28.625650493706917,5.318631651495155e-05,0.00952420831736367,0.003363111002307348,1.0,1.0,0.07759699624530664,0.1440185830429733,9,2,1e-07,1e-05,1000,800.0,800.0,800.0,0.0,800.0,1.0,63.0,1.084010840108401,2.280704773850651,1.0
primary,x86_64,none,0.3.0,2.4.4,32,8,one_giant,800,8000,0.35,0,0.9975,1,[800],powerlaw,1,0,0,738,737,"[63, 1, 1, 1, 1, 1, 1, 1, 1, 1, 1, 1, 1, 1, 1, 1, 1, 1, 1, 1, 1, 1, 1, 1, 1, 1, 1, 1, 1, 1, 1, 1, 1, 1, 1, 1, 1, 1, 1, 1, 1, 1, 1, 1, 1, 1, 1, 1, 1, 1, 1, 1, 1, 1, 1, 1, 1, 1, 1, 1, 1, 1, 1, 1, 1, 1, 1, 1, 1, 1, 1, 1, 1, 1, 1, 1, 1, 1, 1, 1, 1, 1, 1, 1, 1, 1, 1, 1, 1, 1, 1, 1, 1, 1, 1, 1, 1, 1, 1, 1, 1, 1, 1, 1, 1, 1, 1, 1, 1, 1, 1, 1, 1, 1, 1, 1, 1, 1, 1, 1, 1, 1, 1, 1, 1, 1, 1, 1, 1, 1, 1, 1, 1, 1, 1, 1, 1, 1, 1, 1, 1, 1, 1, 1, 1, 1, 1, 1, 1, 1, 1, 1, 1, 1, 1, 1, 1, 1, 1, 1, 1, 1, 1, 1, 1, 1, 1, 1, 1, 1, 1, 1, 1, 1, 1, 1, 1, 1, 1, 1, 1, 1, 1, 1, 1, 1, 1, 1, 1, 1, 1, 1, 1, 1, 1, 1, 1, 1, 1, 1]",0.5444910890000756,0.5455831477779106,0.5427445669993176,0.5514902610011632,0.0028082098619190273,"[0.543666, 0.544093, 0.54388, 0.544491, 0.545124, 0.542745, 0.546061, 0.548699, 0.55149]",0.032300642000336666,0.03239536211104779,0.032164100997761125,0.033035584001481766,0.00028958021799914115,"[0.032177, 0.032164, 0.032402, 0.032394, 0.03222, 0.033036, 0.03219, 0.032675, 0.032301]",16.85697420485947,16.429089522830097,17.146142559356818,15,optimal,nan,53.74835205078125,34.748910903930664,29.056796899894586,29.054862196922407,6.658349090727166e-05,0.010355626868135293,0.0036670721415617683,1.0,1.0,0.07759699624530664,0.1440185830429733,9,2,1e-07,1e-05,1000,800.0,800.0,800.0,0.0,800.0,1.0,63.0,1.084010840108401,2.280704773850651,1.0
primary,x86_64,none,0.3.0,2.4.4,32,8,one_giant,800,8000,0.4,0,0.9975,1,[800],powerlaw,1,0,0,738,737,"[63, 1, 1, 1, 1, 1, 1, 1, 1, 1, 1, 1, 1, 1, 1, 1, 1, 1, 1, 1, 1, 1, 1, 1, 1, 1, 1, 1, 1, 1, 1, 1, 1, 1, 1, 1, 1, 1, 1, 1, 1, 1, 1, 1, 1, 1, 1, 1, 1, 1, 1, 1, 1, 1, 1, 1, 1, 1, 1, 1, 1, 1, 1, 1, 1, 1, 1, 1, 1, 1, 1, 1, 1, 1, 1, 1, 1, 1, 1, 1, 1, 1, 1, 1, 1, 1, 1, 1, 1, 1, 1, 1, 1, 1, 1, 1, 1, 1, 1, 1, 1, 1, 1, 1, 1, 1, 1, 1, 1, 1, 1, 1, 1, 1, 1, 1, 1, 1, 1, 1, 1, 1, 1, 1, 1, 1, 1, 1, 1, 1, 1, 1, 1, 1, 1, 1, 1, 1, 1, 1, 1, 1, 1, 1, 1, 1, 1, 1, 1, 1, 1, 1, 1, 1, 1, 1, 1, 1, 1, 1, 1, 1, 1, 1, 1, 1, 1, 1, 1, 1, 1, 1, 1, 1, 1, 1, 1, 1, 1, 1, 1, 1, 1, 1, 1, 1, 1, 1, 1, 1, 1, 1, 1, 1, 1, 1, 1, 1, 1, 1]",0.6268841689998226,0.6300029565556744,0.6235893990015029,0.6426717629983614,0.007597999283316324,"[0.641021, 0.642672, 0.635246, 0.625047, 0.626884, 0.623589, 0.627414, 0.623898, 0.624254]",0.033302727999398485,0.03383121122250385,0.032576098001300124,0.03644077699937043,0.001335439406328551,"[0.035009, 0.03468, 0.034153, 0.036441, 0.032576, 0.032922, 0.032681, 0.033303, 0.032717]",18.823808338198162,17.11240676927049,19.728322372210204,17,optimal,nan,53.74835205078125,34.74879550933838,30.964650261977773,30.96298869339198,5.366017609546259e-05,0.009882103913241735,0.0035073061557139413,1.0,1.0,0.07759699624530664,0.1440185830429733,9,2,1e-07,1e-05,1000,800.0,800.0,800.0,0.0,800.0,1.0,63.0,1.084010840108401,2.280704773850651,1.0
