machine,cpu,gpu,gglasso,numpy,logical_cores,blas_threads,regime,p,n_samples,lambda,seed,true_sparsity,true_n_blocks,true_sizes_json,gen_style_requested,gen_n_powerlaw,gen_n_erdos,gen_n_direct,detected_n_blocks,detected_singletons,detected_sizes_json,t_admm_median,t_admm_mean,t_admm_min,t_admm_max,t_admm_std,t_admm_trials_json,t_block_median,t_block_mean,t_block_min,t_block_max,t_block_std,t_block_trials_json,algorithmic_speedup,speedup_lo,speedup_hi,admm_iterations,admm_status,block_iterations,admm_peak_mem_mb,block_peak_mem_mb,obj_admm,obj_block,obj_rel_gap,max_abs_error,max_rel_error,support_agreement,support_precision,support_recall,support_f1,trials,warmup,tol,rtol,max_iter,true_block_min,true_block_max,true_block_mean,true_block_std,true_block_median,detected_block_min,detected_block_max,detected_block_mean,detected_block_std,detected_block_median
primary,x86_64,none,0.3.0,2.4.4,32,1,balanced,100,200,0.05,0,0.9808080808080808,5,"[20, 20, 20, 20, 20]",powerlaw,5,0,0,1,0,[100],0.01531487800002651,0.015309996222185873,0.015243639000004805,0.015438356000004205,5.973302756908886e-05,"[0.015315, 0.015438, 0.015335, 0.015244, 0.015264, 0.015328, 0.015245, 0.015323, 0.015298]",0.015894278000018858,0.015928972222228468,0.01586578199999167,0.01624334000007366,0.00011902501650460478,"[0.016243, 0.015904, 0.015894, 0.0159, 0.015892, 0.015871, 0.015875, 0.015866, 0.015916]",0.9635466298002552,0.938454714358973,0.9730598844741667,27,optimal,nan,0.9413604736328125,1.4789924621582031,101.3282147933329,101.3282147933329,0.0,0.0,0.0,1.0,0.035637612709317305,0.8736842105263158,0.06848184818481848,9,2,1e-07,1e-05,1000,20.0,20.0,20.0,0.0,20.0,100.0,100.0,100.0,0.0,100.0
primary,x86_64,none,0.3.0,2.4.4,32,1,balanced,100,200,0.1,0,0.9808080808080808,5,"[20, 20, 20, 20, 20]",powerlaw,5,0,0,1,0,[100],0.032098437000058766,0.03201968044445241,0.03160808600000564,0.03250924100007069,0.00030048592575691695,"[0.031608, 0.031736, 0.03167, 0.031971, 0.032202, 0.032509, 0.032262, 0.03212, 0.032098]",0.034704542999975274,0.03461391399998269,0.0327656949999664,0.036357254999984434,0.0011663180234790468,"[0.032766, 0.035524, 0.034705, 0.034554, 0.034893, 0.035539, 0.036357, 0.034129, 0.033059]",0.9249059121764444,0.8693749294334563,0.9921730944545515,58,optimal,nan,0.9413604736328125,1.47882080078125,108.75064998086042,108.75064998086042,0.0,0.0,0.0,1.0,0.07122507122507123,0.7894736842105263,0.13066202090592335,9,2,1e-07,1e-05,1000,20.0,20.0,20.0,0.0,20.0,100.0,100.0,100.0,0.0,100.0
primary,x86_64,none,0.3.0,2.4.4,32,1,balanced,100,200,0.15,0,0.9808080808080808,5,"[20, 20, 20, 20, 20]",powerlaw,5,0,0,1,0,[100],0.038178561999984595,0.03801959688885543,0.03757779299996855,0.03839108799991209,0.0003033956971595397,"[0.037578, 0.038391, 0.037687, 0.038179, 0.037857, 0.038239, 0.038278, 0.037736, 0.038232]",0.039497646999961944,0.03974183111108687,0.03891824799995902,0.04097582199995031,0.0006848836419184831,"[0.040686, 0.040976, 0.039673, 0.039942, 0.039493, 0.039263, 0.039498, 0.039228, 0.038918]",0.9666034536189303,0.917072340855398,0.9864546831592345,69,optimal,nan,0.9413604736328125,1.4788150787353516,111.68953343320615,111.68953343320615,0.0,0.0,0.0,1.0,0.1598173515981735,0.7368421052631579,0.2626641651031895,9,2,1e-07,1e-05,1000,20.0,20.0,20.0,0.0,20.0,100.0,100.0,100.0,0.0,100.0
primary,x86_64,none,0.3.0,2.4.4,32,1,balanced,100,200,0.2,0,0.9808080808080808,5,"[20, 20, 20, 20, 20]",powerlaw,5,0,0,7,6,"[94, 1, 1, 1, 1, 1, 1]",0.035646070999973745,0.03575543366663522,0.03514978299995164,0.03669326199997158,0.0004270899717528293,"[0.035529, 0.035918, 0.035646, 0.036693, 0.03515, 0.035993, 0.035713, 0.035615, 0.035543]",0.03318006800009243,0.033205790888890384,0.03299722299993846,0.033759464000013395,0.0002314526558190383,"[0.033759, 0.033166, 0.032997, 0.03328, 0.033044, 0.032998, 0.03318, 0.033188, 0.033239]",1.0743218187459544,1.0411830886870033,1.112010607681744,64,optimal,nan,0.9413604736328125,1.337350845336914,110.26918219186868,110.26918209294337,8.971256557799588e-10,3.709218022172889e-05,2.8782855479359325e-05,1.0,0.40606060606060607,0.7052631578947368,0.5153846153846154,9,2,1e-07,1e-05,1000,20.0,20.0,20.0,0.0,20.0,1.0,94.0,14.285714285714286,32.54322086840508,1.0
primary,x86_64,none,0.3.0,2.4.4,32,1,balanced,100,200,0.25,0,0.9808080808080808,5,"[20, 20, 20, 20, 20]",powerlaw,5,0,0,24,19,"[72, 3, 2, 2, 2, 1, 1, 1, 1, 1, 1, 1, 1, 1, 1, 1, 1, 1, 1, 1, 1, 1, 1, 1]",0.030787673999952858,0.03085587722220377,0.030634512999995422,0.031263778000038656,0.0002299743430151823,"[0.030883, 0.031077, 0.030688, 0.031264, 0.031062, 0.030635, 0.030788, 0.030673, 0.030635]",0.020775239000045076,0.02080808722222274,0.020683817000076488,0.02111599199997727,0.0001227499757657193,"[0.021116, 0.020794, 0.020753, 0.020767, 0.020684, 0.020788, 0.020755, 0.020841, 0.020775]",1.481940785368874,1.4507730917888395,1.511509118453477,56,optimal,nan,0.9413604736328125,0.8931522369384766,112.40185346261187,112.40185344681885,1.4050498046433226e-10,2.181245956409117e-05,1.701952591817549e-05,1.0,0.6170212765957447,0.6105263157894737,0.6137566137566138,9,2,1e-07,1e-05,1000,20.0,20.0,20.0,0.0,20.0,1.0,72.0,4.166666666666667,14.15293452099442,1.0
primary,x86_64,none,0.3.0,2.4.4,32,1,balanced,100,200,0.3,0,0.9808080808080808,5,"[20, 20, 20, 20, 20]",powerlaw,5,0,0,45,26,"[22, 8, 5, 5, 3, 3, 3, 3, 2, 2, 2, 2, 2, 2, 2, 2, 2, 2, 2, 1, 1, 1, 1, 1, 1, 1, 1, 1, 1, 1, 1, 1, 1, 1, 1, 1, 1, 1, 1, 1, 1, 1, 1, 1, 1]",0.031452560000047924,0.03164912277779624,0.031150988000035795,0.03231572100003177,0.00043753415364165864,"[0.031453, 0.031289, 0.031449, 0.031326, 0.031151, 0.031563, 0.032248, 0.032049, 0.032316]",0.009405728999922758,0.009466413222197743,0.009192016999918451,0.00979159900009563,0.00022077606526520703,"[0.009792, 0.009591, 0.009674, 0.009406, 0.009376, 0.009672, 0.009267, 0.009229, 0.009192]",3.343978972847955,3.1813994833460355,3.5156289419741573,57,optimal,nan,0.9413604736328125,0.7072296142578125,112.72103087499994,112.72103087555678,4.939966631231145e-12,7.40257507958475e-06,5.6093019047691855e-06,1.0,0.847457627118644,0.5263157894736842,0.6493506493506493,9,2,1e-07,1e-05,1000,20.0,20.0,20.0,0.0,20.0,1.0,22.0,2.2222222222222223,3.272028856765504,1.0
primary,x86_64,none,0.3.0,2.4.4,32,1,balanced,100,200,0.35,0,0.9808080808080808,5,"[20, 20, 20, 20, 20]",powerlaw,5,0,0,47,25,"[23, 5, 4, 3, 3, 3, 3, 3, 2, 2, 2, 2, 2, 2, 2, 2, 2, 2, 2, 2, 2, 2, 1, 1, 1, 1, 1, 1, 1, 1, 1, 1, 1, 1, 1, 1, 1, 1, 1, 1, 1, 1, 1, 1, 1, 1, 1]",0.029587325999955283,0.029653946111087254,0.0295148989999916,0.029875838000066324,0.00011499829946636189,"[0.029515, 0.029738, 0.029732, 0.029702, 0.029579, 0.029581, 0.029876, 0.029587, 0.029574]",0.010458857999992688,0.010522576444423571,0.010385245999941617,0.010727187000043159,0.00013008314555338008,"[0.010727, 0.010721, 0.010608, 0.010459, 0.010385, 0.010417, 0.010443, 0.010493, 0.010448]",2.8289251082647806,2.751410877788637,2.876757854386336,54,optimal,nan,0.9413604736328125,0.7091779708862305,114.56348031185257,114.5634802967906,1.314727100189762e-10,3.352994536187648e-05,2.3309774028051143e-05,0.9998,0.9090909090909091,0.5263157894736842,0.6666666666666666,9,2,1e-07,1e-05,1000,20.0,20.0,20.0,0.0,20.0,1.0,23.0,2.127659574468085,3.206489571708,1.0
primary,x86_64,none,0.3.0,2.4.4,32,1,balanced,100,200,0.4,0,0.9808080808080808,5,"[20, 20, 20, 20, 20]",powerlaw,5,0,0,57,39,"[18, 4, 4, 3, 3, 3, 3, 3, 2, 2, 2, 2, 2, 2, 2, 2, 2, 2, 1, 1, 1, 1, 1, 1, 1, 1, 1, 1, 1, 1, 1, 1, 1, 1, 1, 1, 1, 1, 1, 1, 1, 1, 1, 1, 1, 1, 1, 1, 1, 1, 1, 1, 1, 1, 1, 1, 1]",0.03267547600000853,0.03282995388887381,0.03256624300001931,0.03349232999994456,0.0003045400791337011,"[0.032658, 0.032566, 0.032664, 0.032683, 0.033492, 0.033098, 0.032988, 0.032675, 0.032646]",0.008921315999941726,0.008963794333314783,0.00889638199998899,0.009178958000006787,9.148272976336488e-05,"[0.008896, 0.009179, 0.009027, 0.008985, 0.008938, 0.008905, 0.008921, 0.008902, 0.00892]",3.6626295941340903,3.5479237403630384,3.764713565580481,60,optimal,nan,0.9413604736328125,0.7056598663330078,117.46792686409107,117.46792686375755,2.8391966915100835e-12,3.181203403368471e-06,2.7078848901830743e-06,1.0,0.9318181818181818,0.43157894736842106,0.5899280575539568,9,2,1e-07,1e-05,1000,20.0,20.0,20.0,0.0,20.0,1.0,18.0,1.7543859649122806,2.3115325041404358,1.0
primary,x86_64,none,0.3.0,2.4.4,32,1,balanced,100,500,0.05,0,0.9808080808080808,5,"[20, 20, 20, 20, 20]",powerlaw,5,0,0,1,0,[100],0.01749831600000107,0.017488026555535423,0.017359403000000384,0.01755411900001036,5.996409562541336e-05,"[0.017554, 0.01754, 0.017534, 0.017478, 0.017514, 0.01747, 0.017359, 0.017445, 0.017498]",0.0182035679999899,0.01819406966666924,0.018099086000006537,0.018319923000035487,6.837279832890243e-05,"[0.018204, 0.018117, 0.018099, 0.018246, 0.01832, 0.01817, 0.01823, 0.018208, 0.018153]",0.961257485346322,0.9475696486260754,0.9698898054854272,31,optimal,nan,0.9413604736328125,1.4789066314697266,106.9384085608898,106.9384085608898,0.0,0.0,0.0,1.0,0.05461901550910317,0.8526315789473684,0.10266159695817491,9,2,1e-07,1e-05,1000,20.0,20.0,20.0,0.0,20.0,100.0,100.0,100.0,0.0,100.0
primary,x86_64,none,0.3.0,2.4.4,32,1,balanced,100,500,0.1,0,0.9808080808080808,5,"[20, 20, 20, 20, 20]",powerlaw,5,0,0,1,0,[100],0.03197972500004198,0.032052017888885426,0.03192273499996645,0.032360845999960475,0.0001446943292062153,"[0.032172, 0.03198, 0.031958, 0.031943, 0.031923, 0.03195, 0.03212, 0.032361, 0.032062]",0.033184827000013684,0.03342808966667437,0.032845260999920356,0.035319577999985086,0.0007529755982404421,"[0.03307, 0.032845, 0.03288, 0.033104, 0.033185, 0.033549, 0.033518, 0.033382, 0.03532]",0.9636851504462806,0.9038254930446771,0.9852516014422581,58,optimal,nan,0.9413604736328125,1.4789924621582031,111.25960182000796,111.25960182000796,0.0,0.0,0.0,1.0,0.1807511737089202,0.8105263157894737,0.2955854126679463,9,2,1e-07,1e-05,1000,20.0,20.0,20.0,0.0,20.0,100.0,100.0,100.0,0.0,100.0
primary,x86_64,none,0.3.0,2.4.4,32,1,balanced,100,500,0.15,0,0.9808080808080808,5,"[20, 20, 20, 20, 20]",powerlaw,5,0,0,10,7,"[88, 3, 2, 1, 1, 1, 1, 1, 1, 1]",0.030051564000018516,0.030043516333345604,0.029886529999998857,0.03016673100000844,9.529953509111981e-05,"[0.03001, 0.030139, 0.030167, 0.030052, 0.029887, 0.030067, 0.029958, 0.029972, 0.030141]",0.025822426999980053,0.025784697888866503,0.025639585000021725,0.025903162999952656,8.585884051304899e-05,"[0.02564, 0.025695, 0.025822, 0.025903, 0.025822, 0.025864, 0.025755, 0.025726, 0.025834]",1.163777672797438,1.1537791736110945,1.1765686145069383,54,optimal,nan,0.9413604736328125,1.2056522369384766,112.71940876716091,112.7194087204156,4.1470509745519926e-10,1.3436239555894569e-05,1.138051711163947e-05,1.0,0.5555555555555556,0.7368421052631579,0.6334841628959277,9,2,1e-07,1e-05,1000,20.0,20.0,20.0,0.0,20.0,1.0,88.0,10.0,26.007691170113507,1.0
primary,x86_64,none,0.3.0,2.4.4,32,1,balanced,100,500,0.2,0,0.9808080808080808,5,"[20, 20, 20, 20, 20]",powerlaw,5,0,0,28,11,"[40, 5, 5, 4, 3, 3, 3, 3, 3, 3, 3, 3, 3, 2, 2, 2, 2, 1, 1, 1, 1, 1, 1, 1, 1, 1, 1, 1]",0.030412501000000702,0.030423450666653987,0.03027833599992391,0.030620277000025453,0.00011321673481136996,"[0.030278, 0.030341, 0.030545, 0.030413, 0.030347, 0.03062, 0.030454, 0.030488, 0.030323]",0.014709369999991395,0.014773483444451408,0.014669002000005094,0.014942078999979458,0.00011688037768079155,"[0.014934, 0.014669, 0.014677, 0.014709, 0.014695, 0.014675, 0.014764, 0.014942, 0.014896]",2.067559725536749,2.0263803986021984,2.0874137858877395,55,optimal,nan,0.9413604736328125,0.7247629165649414,112.4089996295561,112.40899959955331,2.669074096739308e-10,4.406677905138823e-05,3.5178323805264646e-05,1.0,0.8666666666666667,0.6842105263157895,0.7647058823529413,9,2,1e-07,1e-05,1000,20.0,20.0,20.0,0.0,20.0,1.0,40.0,3.5714285714285716,7.1135111454419295,2.0
primary,x86_64,none,0.3.0,2.4.4,32,1,balanced,100,500,0.25,0,0.9808080808080808,5,"[20, 20, 20, 20, 20]",powerlaw,5,0,0,39,17,"[16, 9, 5, 4, 4, 4, 3, 3, 3, 3, 3, 3, 3, 3, 3, 2, 2, 2, 2, 2, 2, 2, 1, 1, 1, 1, 1, 1, 1, 1, 1, 1, 1, 1, 1, 1, 1, 1, 1]",0.0287823500000286,0.028808206333362958,0.028683805000014218,0.028973503999964123,9.926121997707908e-05,"[0.028782, 0.028974, 0.028927, 0.028748, 0.028684, 0.028889, 0.028712, 0.028773, 0.028785]",0.010557406999964769,0.010569412111105217,0.010487356999988151,0.01061558399999285,4.055269457809956e-05,"[0.010616, 0.010597, 0.01061, 0.0106, 0.010553, 0.010557, 0.010554, 0.010487, 0.010551]",2.7262707594890156,2.7020468209788118,2.762707896755766,52,optimal,nan,0.9413604736328125,0.7027482986450195,114.5278469670087,114.52784696746535,3.987253908211912e-12,7.213583902349052e-06,5.447137083726062e-06,1.0,0.9836065573770492,0.631578947368421,0.7692307692307693,9,2,1e-07,1e-05,1000,20.0,20.0,20.0,0.0,20.0,1.0,16.0,2.5641025641025643,2.677492816862894,2.0
primary,x86_64,none,0.3.0,2.4.4,32,1,balanced,100,500,0.3,0,0.9808080808080808,5,"[20, 20, 20, 20, 20]",powerlaw,5,0,0,45,25,"[18, 9, 5, 4, 3, 3, 3, 3, 3, 3, 3, 2, 2, 2, 2, 2, 2, 2, 2, 2, 1, 1, 1, 1, 1, 1, 1, 1, 1, 1, 1, 1, 1, 1, 1, 1, 1, 1, 1, 1, 1, 1, 1, 1, 1]",0.02916584700005842,0.0291852400000102,0.029053054000087286,0.02932731999999305,8.802017022660244e-05,"[0.029134, 0.029327, 0.029289, 0.029249, 0.029053, 0.029188, 0.029166, 0.029117, 0.029143]",0.00986402800003816,0.009869437111117603,0.009803477000104976,0.00997919600001751,4.972510436859807e-05,"[0.009888, 0.009855, 0.009849, 0.009803, 0.009864, 0.009864, 0.009828, 0.009895, 0.009979]",2.956788747958297,2.9113621979201842,2.991522293537182,53,optimal,nan,0.9413604736328125,0.7043981552124023,116.41693525066056,116.41693489096093,3.089753443124315e-09,0.00020222958037277583,0.00015978071143925315,0.9998,0.9454545454545454,0.5473684210526316,0.6933333333333334,9,2,1e-07,1e-05,1000,20.0,20.0,20.0,0.0,20.0,1.0,18.0,2.2222222222222223,2.7799991118215117,1.0
primary,x86_64,none,0.3.0,2.4.4,32,1,balanced,100,500,0.35,0,0.9808080808080808,5,"[20, 20, 20, 20, 20]",powerlaw,5,0,0,52,30,"[11, 8, 4, 4, 3, 3, 3, 3, 3, 3, 3, 2, 2, 2, 2, 2, 2, 2, 2, 2, 2, 2, 1, 1, 1, 1, 1, 1, 1, 1, 1, 1, 1, 1, 1, 1, 1, 1, 1, 1, 1, 1, 1, 1, 1, 1, 1, 1, 1, 1, 1, 1]",0.029641953999998805,0.029632060000027296,0.029453175000071496,0.029714377999994213,8.36744079981773e-05,"[0.029635, 0.029604, 0.029714, 0.02971, 0.029697, 0.029642, 0.02967, 0.029453, 0.029564]",0.009628945999907046,0.009622612999957406,0.009580266999932974,0.009655065999936596,2.6884812180907454e-05,"[0.009604, 0.00958, 0.009633, 0.009647, 0.009652, 0.009592, 0.009655, 0.009629, 0.009612]",3.0784214596576778,3.0505410320618123,3.1016231593756314,54,optimal,nan,0.9413604736328125,0.7029218673706055,116.04084717775113,116.04084717797207,1.903951613855559e-12,6.163236957928975e-06,5.272752907674043e-06,1.0,1.0,0.5052631578947369,0.6713286713286714,9,2,1e-07,1e-05,1000,20.0,20.0,20.0,0.0,20.0,1.0,11.0,1.9230769230769231,1.7633682132842539,1.0
primary,x86_64,none,0.3.0,2.4.4,32,1,balanced,100,500,0.4,0,0.9808080808080808,5,"[20, 20, 20, 20, 20]",powerlaw,5,0,0,59,41,"[18, 4, 3, 3, 3, 3, 3, 2, 2, 2, 2, 2, 2, 2, 2, 2, 2, 2, 1, 1, 1, 1, 1, 1, 1, 1, 1, 1, 1, 1, 1, 1, 1, 1, 1, 1, 1, 1, 1, 1, 1, 1, 1, 1, 1, 1, 1, 1, 1, 1, 1, 1, 1, 1, 1, 1, 1, 1, 1]",0.025086312999974325,0.025088819444439043,0.025016262000008282,0.025142115999983616,3.448515619626369e-05,"[0.025016, 0.025086, 0.025083, 0.025078, 0.025098, 0.025092, 0.025082, 0.025122, 0.025142]",0.008593626999982007,0.00859230755554563,0.008561569999983476,0.008622121999906085,2.0594120456400188e-05,"[0.008619, 0.008594, 0.008622, 0.008587, 0.008592, 0.008564, 0.008562, 0.008595, 0.008597]",2.9191763850149477,2.9014043179023408,2.93662447425322,46,optimal,nan,0.9413604736328125,0.7058048248291016,115.67262854959674,115.67262843921004,9.543026293064527e-10,9.433777746681304e-05,8.648312352180965e-05,1.0,0.975609756097561,0.42105263157894735,0.5882352941176471,9,2,1e-07,1e-05,1000,20.0,20.0,20.0,0.0,20.0,1.0,18.0,1.694915254237288,2.2568482394412355,1.0
primary,x86_64,none,0.3.0,2.4.4,32,1,balanced,100,1000,0.05,0,0.9808080808080808,5,"[20, 20, 20, 20, 20]",powerlaw,5,0,0,1,0,[100],0.021968480999930762,0.021961489777759705,0.02186281299998427,0.022065838999992593,6.689073587895227e-05,"[0.022066, 0.021989, 0.022041, 0.021968, 0.02198, 0.021932, 0.021863, 0.021929, 0.021885]",0.022747346999949514,0.022796026555536426,0.022574003000045195,0.023134404999950675,0.0001857203531952359,"[0.023134, 0.023043, 0.022747, 0.02264, 0.022695, 0.022794, 0.022688, 0.022574, 0.022848]",0.9657601389726688,0.9450345924189918,0.977488972600403,39,optimal,nan,0.9413604736328125,1.4788637161254883,108.08477725615322,108.08477725615322,0.0,0.0,0.0,1.0,0.09484777517564402,0.8526315789473684,0.17070600632244468,9,2,1e-07,1e-05,1000,20.0,20.0,20.0,0.0,20.0,100.0,100.0,100.0,0.0,100.0
primary,x86_64,none,0.3.0,2.4.4,32,1,balanced,100,1000,0.1,0,0.9808080808080808,5,"[20, 20, 20, 20, 20]",powerlaw,5,0,0,9,7,"[91, 2, 1, 1, 1, 1, 1, 1, 1]",0.031500071999971624,0.031472236444452996,0.03134216099999776,0.03165679500000351,9.789443363611564e-05,"[0.031501, 0.031418, 0.031657, 0.031538, 0.031342, 0.0315, 0.031419, 0.031361, 0.031513]",0.027789782000013474,0.027749809333360846,0.027546386000040002,0.027976188000025104,0.00015042934971177808,"[0.027879, 0.027861, 0.027546, 0.02779, 0.027823, 0.027681, 0.027612, 0.027581, 0.027976]",1.1335127421998614,1.1203156412864266,1.1492177231509622,57,optimal,nan,0.9413604736328125,1.269744873046875,110.87279996796629,110.87279983568035,1.1931324306486288e-09,4.6128902568366714e-05,3.885580291279308e-05,1.0,0.549618320610687,0.7578947368421053,0.6371681415929203,9,2,1e-07,1e-05,1000,20.0,20.0,20.0,0.0,20.0,1.0,91.0,11.11111111111111,28.246708537631008,1.0
primary,x86_64,none,0.3.0,2.4.4,32,1,balanced,100,1000,0.15,0,0.9808080808080808,5,"[20, 20, 20, 20, 20]",powerlaw,5,0,0,26,9,"[39, 8, 5, 5, 4, 3, 3, 3, 3, 3, 3, 2, 2, 2, 2, 2, 2, 1, 1, 1, 1, 1, 1, 1, 1, 1]",0.030330590999938067,0.03025842933333125,0.029852111000082004,0.030524119000006067,0.00022699356283430527,"[0.029852, 0.030086, 0.030183, 0.030056, 0.030524, 0.03037, 0.030461, 0.030462, 0.030331]",0.014741431000061311,0.014763594333342352,0.014660695999964446,0.014930210999978044,9.64450071261935e-05,"[0.014741, 0.014915, 0.01493, 0.014773, 0.014745, 0.014706, 0.014679, 0.014661, 0.014722]",2.057506560917452,1.9994433434414225,2.082037510366499,54,optimal,nan,0.9413604736328125,0.7235946655273438,112.10082519803687,112.10082513778194,5.375066006937249e-10,7.089893553556548e-05,5.9111778724626724e-05,1.0,0.8947368421052632,0.7157894736842105,0.7953216374269005,9,2,1e-07,1e-05,1000,20.0,20.0,20.0,0.0,20.0,1.0,39.0,3.8461538461538463,7.214794136901609,2.0
primary,x86_64,none,0.3.0,2.4.4,32,1,balanced,100,1000,0.2,0,0.9808080808080808,5,"[20, 20, 20, 20, 20]",powerlaw,5,0,0,33,12,"[16, 10, 6, 5, 5, 4, 4, 4, 3, 3, 3, 3, 3, 3, 3, 3, 2, 2, 2, 2, 2, 1, 1, 1, 1, 1, 1, 1, 1, 1, 1, 1, 1]",0.027717359999996916,0.027649288555570212,0.027166456000031758,0.028091357999983302,0.0004164835719035935,"[0.027166, 0.027174, 0.027228, 0.027348, 0.027717, 0.028014, 0.028018, 0.028091, 0.028087]",0.011197361999961686,0.01119274511110133,0.011105939999993097,0.011300656999992498,5.5494116906817615e-05,"[0.011208, 0.011106, 0.011197, 0.011301, 0.011223, 0.011221, 0.011168, 0.011153, 0.011157]",2.475347318421228,2.4039713797215323,2.5293994024819835,49,optimal,nan,0.9413604736328125,0.7015876770019531,114.64514660032735,114.64514659280933,6.557648131072921e-11,3.57430409087256e-05,3.195899325972976e-05,1.0,0.9705882352941176,0.6947368421052632,0.8098159509202455,9,2,1e-07,1e-05,1000,20.0,20.0,20.0,0.0,20.0,1.0,16.0,3.0303030303030303,2.969387739002145,2.0
primary,x86_64,none,0.3.0,2.4.4,32,1,balanced,100,1000,0.25,0,0.9808080808080808,5,"[20, 20, 20, 20, 20]",powerlaw,5,0,0,41,18,"[13, 9, 5, 5, 4, 4, 3, 3, 3, 3, 3, 3, 3, 3, 2, 2, 2, 2, 2, 2, 2, 2, 2, 1, 1, 1, 1, 1, 1, 1, 1, 1, 1, 1, 1, 1, 1, 1, 1, 1, 1]",0.027443096999945737,0.02744692277776216,0.027394417999971665,0.027511959999969804,3.586412028154184e-05,"[0.027481, 0.027394, 0.027435, 0.027454, 0.027463, 0.02741, 0.02743, 0.027512, 0.027443]",0.01032707699994262,0.0103877608888499,0.010298581999904854,0.010593030999984876,0.00011052594452130702,"[0.010308, 0.010316, 0.010299, 0.010593, 0.010538, 0.010443, 0.01035, 0.010315, 0.010327]",2.6573925032318653,2.5860792817476677,2.6714318534555512,50,optimal,nan,0.9413604736328125,0.7022457122802734,114.79278238760807,114.79278238811668,4.430648684337353e-12,9.23592502538595e-06,8.093297260514095e-06,1.0,0.9833333333333333,0.6210526315789474,0.7612903225806452,9,2,1e-07,1e-05,1000,20.0,20.0,20.0,0.0,20.0,1.0,13.0,2.4390243902439024,2.2851458883652116,2.0
primary,x86_64,none,0.3.0,2.4.4,32,1,balanced,100,1000,0.3,0,0.9808080808080808,5,"[20, 20, 20, 20, 20]",powerlaw,5,0,0,44,19,"[11, 10, 5, 4, 3, 3, 3, 3, 3, 3, 3, 3, 3, 2, 2, 2, 2, 2, 2, 2, 2, 2, 2, 2, 2, 1, 1, 1, 1, 1, 1, 1, 1, 1, 1, 1, 1, 1, 1, 1, 1, 1, 1, 1]",0.03389603799996621,0.03388244922222031,0.03376899800002775,0.03402782800003479,8.902966433508436e-05,"[0.033786, 0.033806, 0.033933, 0.033955, 0.03383, 0.033896, 0.034028, 0.033769, 0.03394]",0.010278397999968547,0.010284467000006872,0.010233281000068928,0.010360321999996813,3.642826022351074e-05,"[0.010309, 0.010233, 0.010264, 0.010258, 0.010288, 0.010269, 0.0103, 0.01036, 0.010278]",3.2977938780021883,3.259454484140371,3.325211923703218,62,optimal,nan,0.9413604736328125,0.7031154632568359,115.31035905181128,115.31035905214726,2.9137645636898514e-12,8.581255701106683e-06,7.493767840750462e-06,1.0,1.0,0.5894736842105263,0.7417218543046357,9,2,1e-07,1e-05,1000,20.0,20.0,20.0,0.0,20.0,1.0,11.0,2.272727272727273,2.0378647064963538,2.0
primary,x86_64,none,0.3.0,2.4.4,32,1,balanced,100,1000,0.35,0,0.9808080808080808,5,"[20, 20, 20, 20, 20]",powerlaw,5,0,0,52,32,"[11, 9, 5, 4, 3, 3, 3, 3, 3, 3, 3, 2, 2, 2, 2, 2, 2, 2, 2, 2, 1, 1, 1, 1, 1, 1, 1, 1, 1, 1, 1, 1, 1, 1, 1, 1, 1, 1, 1, 1, 1, 1, 1, 1, 1, 1, 1, 1, 1, 1, 1, 1]",0.027054853999970874,0.027047070888885274,0.026874386000031336,0.02717833300005168,8.678226546883764e-05,"[0.027178, 0.027107, 0.026874, 0.026988, 0.027089, 0.027055, 0.02701, 0.027096, 0.027025]",0.009376057000054061,0.00941668833335522,0.009357060000070305,0.009577896999985569,8.54394333200215e-05,"[0.009363, 0.009368, 0.009386, 0.009376, 0.009553, 0.009578, 0.009371, 0.009357, 0.009399]",2.885525759902577,2.805875444272561,2.904580391687931,50,optimal,nan,0.9413604736328125,0.7019214630126953,116.43969231928695,116.43969231949734,1.8068727241364979e-12,2.9193285236983613e-06,2.425453305774156e-06,1.0,1.0,0.5052631578947369,0.6713286713286714,9,2,1e-07,1e-05,1000,20.0,20.0,20.0,0.0,20.0,1.0,11.0,1.9230769230769231,1.869246596957364,1.0
primary,x86_64,none,0.3.0,2.4.4,32,1,balanced,100,1000,0.4,0,0.9808080808080808,5,"[20, 20, 20, 20, 20]",powerlaw,5,0,0,61,43,"[11, 8, 4, 3, 3, 3, 3, 2, 2, 2, 2, 2, 2, 2, 2, 2, 2, 2, 1, 1, 1, 1, 1, 1, 1, 1, 1, 1, 1, 1, 1, 1, 1, 1, 1, 1, 1, 1, 1, 1, 1, 1, 1, 1, 1, 1, 1, 1, 1, 1, 1, 1, 1, 1, 1, 1, 1, 1, 1, 1, 1]",0.0309373059999416,0.030955114999996012,0.030772272000035628,0.03119969800002309,0.00012930071177414144,"[0.030911, 0.030858, 0.030876, 0.0312, 0.030772, 0.031104, 0.030967, 0.030972, 0.030937]",0.008419098000103986,0.008422263888936262,0.008307492000085404,0.008509332000016911,6.859370066138315e-05,"[0.008307, 0.008502, 0.008509, 0.008474, 0.008387, 0.008359, 0.008386, 0.008457, 0.008419]",3.6746580215077063,3.6162970254274334,3.755609755591982,57,optimal,nan,0.9413604736328125,0.7031717300415039,116.02434417243441,116.02434417261011,1.514363291186798e-12,5.335569340514379e-06,4.687293630173613e-06,1.0,1.0,0.4105263157894737,0.582089552238806,9,2,1e-07,1e-05,1000,20.0,20.0,20.0,0.0,20.0,1.0,11.0,1.639344262295082,1.6198845019063115,1.0
primary,x86_64,none,0.3.0,2.4.4,32,1,balanced,200,400,0.05,0,0.9902010050251256,5,"[40, 40, 40, 40, 40]",powerlaw,5,0,0,1,0,[200],0.06782889199996589,0.06819695277778869,0.06748220200006472,0.06945785800007798,0.0007321720506199276,"[0.069266, 0.067829, 0.067917, 0.069458, 0.067482, 0.067806, 0.067704, 0.068621, 0.06769]",0.07150475799994638,0.07263413733333993,0.07069264800009023,0.07804318299997703,0.002540652643422036,"[0.072575, 0.078043, 0.075696, 0.070969, 0.071977, 0.070693, 0.071505, 0.070809, 0.071441]",0.9485927076351585,0.8646777259211041,0.9825329785353255,30,optimal,nan,3.385162353515625,5.829864501953125,199.7837228355372,199.7837228355372,0.0,0.0,0.0,1.0,0.02891018353094039,0.9128205128205128,0.056045340050377826,9,2,1e-07,1e-05,1000,40.0,40.0,40.0,0.0,40.0,200.0,200.0,200.0,0.0,200.0
primary,x86_64,none,0.3.0,2.4.4,32,1,balanced,200,400,0.1,0,0.9902010050251256,5,"[40, 40, 40, 40, 40]",powerlaw,5,0,0,1,0,[200],0.1269703789999994,0.12688687011113112,0.12625918399999136,0.12735625200002687,0.00032862886112913043,"[0.126994, 0.126854, 0.126259, 0.126537, 0.127158, 0.12697, 0.127356, 0.126802, 0.127051]",0.12987925899994934,0.12998782888887994,0.12932954200005042,0.131432239999981,0.0005939774938036787,"[0.12954, 0.129879, 0.129736, 0.130108, 0.131432, 0.130003, 0.129879, 0.12933, 0.129984]",0.9776031983678698,0.9606408899369715,0.9847421558175565,57,optimal,nan,3.385162353515625,5.829800605773926,212.39961567367465,212.39961567367465,0.0,0.0,0.0,1.0,0.09594755661501787,0.8256410256410256,0.17191671115856913,9,2,1e-07,1e-05,1000,40.0,40.0,40.0,0.0,40.0,200.0,200.0,200.0,0.0,200.0
primary,x86_64,none,0.3.0,2.4.4,32,1,balanced,200,400,0.15,0,0.9902010050251256,5,"[40, 40, 40, 40, 40]",powerlaw,5,0,0,5,4,"[196, 1, 1, 1, 1]",0.12708913500000563,0.1275577175555832,0.12587690000009388,0.12985670900002333,0.0013332962071921166,"[0.125877, 0.12913, 0.129857, 0.128596, 0.127279, 0.126944, 0.126891, 0.127089, 0.126357]",0.12610962500002643,0.12606701555556457,0.12555634599993937,0.12693479500001104,0.00041938852137302974,"[0.126935, 0.126176, 0.125556, 0.125789, 0.126232, 0.12611, 0.126317, 0.125787, 0.125701]",1.0077671311763792,0.9916658391427106,1.0342504631353802,57,optimal,nan,3.385162353515625,5.636792182922363,215.07543597392268,215.07543201139413,1.8423901058012908e-08,7.461558035098959e-05,5.912346042197344e-05,1.0,0.3363028953229399,0.7743589743589744,0.468944099378882,9,2,1e-07,1e-05,1000,40.0,40.0,40.0,0.0,40.0,1.0,196.0,40.0,78.0,1.0
primary,x86_64,none,0.3.0,2.4.4,32,1,balanced,200,400,0.2,0,0.9902010050251256,5,"[40, 40, 40, 40, 40]",powerlaw,5,0,0,35,25,"[153, 4, 3, 3, 2, 2, 2, 2, 2, 2, 1, 1, 1, 1, 1, 1, 1, 1, 1, 1, 1, 1, 1, 1, 1, 1, 1, 1, 1, 1, 1, 1, 1, 1, 1]",0.14186740900004224,0.1419700447777864,0.1402360670000462,0.14370177900002545,0.0010425657971986175,"[0.142129, 0.143702, 0.142519, 0.141867, 0.140236, 0.141744, 0.141212, 0.141251, 0.14307]",0.0967490479999924,0.09710088488888384,0.09607111000002533,0.09903102800001307,0.0010226522019883466,"[0.098532, 0.096821, 0.099031, 0.096436, 0.09735, 0.096749, 0.096444, 0.096474, 0.096071]",1.4663442373102564,1.4160821091348028,1.4957855592590485,62,optimal,nan,3.385162353515625,3.8077611923217773,217.70667627291542,217.70667189422383,2.0112803430185233e-08,0.00030905816700177446,0.00023148801462684104,0.9999,0.5726872246696035,0.6666666666666666,0.6161137440758294,9,2,1e-07,1e-05,1000,40.0,40.0,40.0,0.0,40.0,1.0,153.0,5.714285714285714,25.26948631799843,1.0
primary,x86_64,none,0.3.0,2.4.4,32,1,balanced,200,400,0.25,0,0.9902010050251256,5,"[40, 40, 40, 40, 40]",powerlaw,5,0,0,56,34,"[109, 6, 5, 4, 3, 3, 3, 3, 3, 3, 2, 2, 2, 2, 2, 2, 2, 2, 2, 2, 2, 2, 1, 1, 1, 1, 1, 1, 1, 1, 1, 1, 1, 1, 1, 1, 1, 1, 1, 1, 1, 1, 1, 1, 1, 1, 1, 1, 1, 1, 1, 1, 1, 1, 1, 1]",0.1452251040000192,0.14552944977775598,0.1445970249999391,0.1475011469999572,0.0009906372616986518,"[0.144864, 0.144937, 0.145658, 0.147501, 0.145225, 0.144597, 0.14534, 0.146817, 0.144825]",0.06156715500003429,0.06188086577777893,0.06130238899993401,0.06372565699996358,0.0007507176349340133,"[0.063726, 0.062162, 0.061567, 0.061556, 0.061302, 0.061648, 0.061386, 0.062084, 0.061497]",2.358808101494024,2.2690550683537363,2.4061239603584776,65,optimal,nan,3.385162353515625,2.5763931274414062,220.7372494962343,220.7372492338603,1.188625918125434e-09,0.00013942151005241765,0.00010273957783186407,1.0,0.7924528301886793,0.6461538461538462,0.711864406779661,9,2,1e-07,1e-05,1000,40.0,40.0,40.0,0.0,40.0,1.0,109.0,3.5714285714285716,14.255145866439577,1.0
primary,x86_64,none,0.3.0,2.4.4,32,1,balanced,200,400,0.3,0,0.9902010050251256,5,"[40, 40, 40, 40, 40]",powerlaw,5,0,0,80,50,"[54, 18, 8, 5, 4, 4, 4, 4, 3, 3, 3, 3, 3, 2, 2, 2, 2, 2, 2, 2, 2, 2, 2, 2, 2, 2, 2, 2, 2, 2, 1, 1, 1, 1, 1, 1, 1, 1, 1, 1, 1, 1, 1, 1, 1, 1, 1, 1, 1, 1, 1, 1, 1, 1, 1, 1, 1, 1, 1, 1, 1, 1, 1, 1, 1, 1, 1, 1, 1, 1, 1, 1, 1, 1, 1, 1, 1, 1, 1, 1]",0.14943408900001032,0.14948329855556292,0.14792623300002106,0.1531562569999778,0.0015375006454606752,"[0.149293, 0.149578, 0.153156, 0.149434, 0.149786, 0.148737, 0.147926, 0.147967, 0.149473]",0.03328343199996198,0.03347234399998595,0.03301035399999819,0.03435555900000509,0.0004783737795767731,"[0.034185, 0.034356, 0.033367, 0.033283, 0.033242, 0.03301, 0.03321, 0.033524, 0.033074]",4.489743996357738,4.3057437371343354,4.639642973837428,67,optimal,nan,3.385162353515625,2.3931379318237305,223.1266053079809,223.12660368253614,7.284854044069264e-09,0.00038940386977959207,0.0002748750797767031,1.0,0.9032258064516129,0.5743589743589743,0.7021943573667712,9,2,1e-07,1e-05,1000,40.0,40.0,40.0,0.0,40.0,1.0,54.0,2.5,6.180614856144977,1.0
primary,x86_64,none,0.3.0,2.4.4,32,1,balanced,200,400,0.35,0,0.9902010050251256,5,"[40, 40, 40, 40, 40]",powerlaw,5,0,0,98,68,"[31, 23, 12, 4, 4, 4, 3, 3, 3, 3, 3, 3, 2, 2, 2, 2, 2, 2, 2, 2, 2, 2, 2, 2, 2, 2, 2, 2, 2, 2, 1, 1, 1, 1, 1, 1, 1, 1, 1, 1, 1, 1, 1, 1, 1, 1, 1, 1, 1, 1, 1, 1, 1, 1, 1, 1, 1, 1, 1, 1, 1, 1, 1, 1, 1, 1, 1, 1, 1, 1, 1, 1, 1, 1, 1, 1, 1, 1, 1, 1, 1, 1, 1, 1, 1, 1, 1, 1, 1, 1, 1, 1, 1, 1, 1, 1, 1, 1]",0.1467567650000774,0.14684607722223417,0.14578912799993304,0.14841660299998694,0.000840118937881508,"[0.147253, 0.146757, 0.147169, 0.145897, 0.147461, 0.148417, 0.146144, 0.146728, 0.145789]",0.021108916000002864,0.02108319144444219,0.020596005000015793,0.021563649999961854,0.0003317256126289321,"[0.020762, 0.020596, 0.021475, 0.021564, 0.021311, 0.021131, 0.020769, 0.021032, 0.021109]",6.952359135829499,6.760874341783091,7.20608695714888,66,optimal,nan,3.385162353515625,2.3605470657348633,223.54856508325315,223.54856503370974,2.2162261011156875e-10,1.9520433795397474e-05,1.46442349131207e-05,1.0,0.9320388349514563,0.49230769230769234,0.6442953020134229,9,2,1e-07,1e-05,1000,40.0,40.0,40.0,0.0,40.0,1.0,31.0,2.0408163265306123,3.8701325383277556,1.0
primary,x86_64,none,0.3.0,2.4.4,32,1,balanced,200,400,0.4,0,0.9902010050251256,5,"[40, 40, 40, 40, 40]",powerlaw,5,0,0,114,88,"[25, 21, 8, 7, 4, 4, 3, 3, 3, 2, 2, 2, 2, 2, 2, 2, 2, 2, 2, 2, 2, 2, 2, 2, 2, 2, 1, 1, 1, 1, 1, 1, 1, 1, 1, 1, 1, 1, 1, 1, 1, 1, 1, 1, 1, 1, 1, 1, 1, 1, 1, 1, 1, 1, 1, 1, 1, 1, 1, 1, 1, 1, 1, 1, 1, 1, 1, 1, 1, 1, 1, 1, 1, 1, 1, 1, 1, 1, 1, 1, 1, 1, 1, 1, 1, 1, 1, 1, 1, 1, 1, 1, 1, 1, 1, 1, 1, 1, 1, 1, 1, 1, 1, 1, 1, 1, 1, 1, 1, 1, 1, 1, 1, 1]",0.1643311300000505,0.16421266311111696,0.16285650999998325,0.16619637099995543,0.0010541640540064593,"[0.164457, 0.165144, 0.164639, 0.166196, 0.164331, 0.162857, 0.163747, 0.163316, 0.163227]",0.017691884999976537,0.01766695133335361,0.017566031000001203,0.01779992800004493,8.293244783769017e-05,"[0.017754, 0.017692, 0.017566, 0.017567, 0.017592, 0.017631, 0.0177, 0.0178, 0.0177]",9.288503175341036,9.149279143127556,9.461236348720098,74,optimal,nan,3.385162353515625,2.3530759811401367,223.36106639785194,223.36104607711522,9.097707604662946e-08,0.0007382719538056998,0.0005677416308441844,1.0,0.9655172413793104,0.4307692307692308,0.5957446808510639,9,2,1e-07,1e-05,1000,40.0,40.0,40.0,0.0,40.0,1.0,25.0,1.7543859649122806,3.0249297614254465,1.0
primary,x86_64,none,0.3.0,2.4.4,32,1,balanced,200,1000,0.05,0,0.9902010050251256,5,"[40, 40, 40, 40, 40]",powerlaw,5,0,0,1,0,[200],0.0898936800000456,0.08982785033333585,0.08923354199998812,0.09019406900006288,0.0003198980645360979,"[0.089961, 0.089476, 0.089234, 0.090029, 0.08989, 0.090145, 0.089628, 0.089894, 0.090194]",0.09391505200005668,0.094398546111102,0.09192752000001292,0.09648555100000067,0.0016338093404505742,"[0.095518, 0.091928, 0.093807, 0.095578, 0.0925, 0.09625, 0.093915, 0.093605, 0.096486]",0.9571807509619582,0.9248383936781115,0.9811432854932909,40,optimal,nan,3.385162353515625,5.829843521118164,208.7396070865179,208.7396070865179,0.0,0.0,0.0,1.0,0.05807743658210948,0.8923076923076924,0.10905672203071137,9,2,1e-07,1e-05,1000,40.0,40.0,40.0,0.0,40.0,200.0,200.0,200.0,0.0,200.0
primary,x86_64,none,0.3.0,2.4.4,32,1,balanced,200,1000,0.1,0,0.9902010050251256,5,"[40, 40, 40, 40, 40]",powerlaw,5,0,0,1,0,[200],0.12161585000001196,0.12223113155555944,0.1211326210000152,0.12441667300004156,0.001287773967555012,"[0.124417, 0.123855, 0.123429, 0.121616, 0.121439, 0.121293, 0.121678, 0.121133, 0.121222]",0.12399400999993304,0.12395337911110953,0.1231712129999778,0.12462921300004837,0.0004680227870070207,"[0.124629, 0.124102, 0.124273, 0.123437, 0.123171, 0.123994, 0.123815, 0.124426, 0.123733]",0.9808203638230398,0.9719440417229321,1.0101116159346744,54,optimal,nan,3.385162353515625,5.829843521118164,212.31723988607254,212.31723988607254,0.0,0.0,0.0,1.0,0.3485838779956427,0.8205128205128205,0.4892966360856269,9,2,1e-07,1e-05,1000,40.0,40.0,40.0,0.0,40.0,200.0,200.0,200.0,0.0,200.0
primary,x86_64,none,0.3.0,2.4.4,32,1,balanced,200,1000,0.15,0,0.9902010050251256,5,"[40, 40, 40, 40, 40]",powerlaw,5,0,0,31,13,"[132, 7, 6, 5, 5, 4, 3, 3, 3, 3, 2, 2, 2, 2, 2, 2, 2, 2, 1, 1, 1, 1, 1, 1, 1, 1, 1, 1, 1, 1, 1]",0.14725433699993573,0.14726791922220805,0.14690645200005292,0.1475428500000362,0.00021252878395491771,"[0.147457, 0.146906, 0.147526, 0.147058, 0.147212, 0.147196, 0.147258, 0.147254, 0.147543]",0.09037337899997056,0.09063656488886965,0.09005875100001504,0.09259718799989969,0.0007587167516988309,"[0.090493, 0.090373, 0.090347, 0.090613, 0.090676, 0.090332, 0.090238, 0.090059, 0.092597]",1.6293994827833505,1.586510942429613,1.6382955388756342,66,optimal,nan,3.385162353515625,3.0807924270629883,216.42829652361095,216.4282503297494,2.134372551654643e-07,0.0007444261488083054,0.0005954300209617958,1.0,0.766497461928934,0.7743589743589744,0.7704081632653063,9,2,1e-07,1e-05,1000,40.0,40.0,40.0,0.0,40.0,1.0,132.0,6.451612903225806,22.976620248498357,2.0
primary,x86_64,none,0.3.0,2.4.4,32,1,balanced,200,1000,0.2,0,0.9902010050251256,5,"[40, 40, 40, 40, 40]",powerlaw,5,0,0,54,23,"[75, 10, 8, 5, 5, 5, 5, 5, 4, 4, 3, 3, 3, 3, 3, 3, 3, 3, 3, 2, 2, 2, 2, 2, 2, 2, 2, 2, 2, 2, 2, 1, 1, 1, 1, 1, 1, 1, 1, 1, 1, 1, 1, 1, 1, 1, 1, 1, 1, 1, 1, 1, 1, 1]",0.13545026500003132,0.13534802133333163,0.1347034560000111,0.13607833699995808,0.00048580137336943585,"[0.13577, 0.136078, 0.135593, 0.13574, 0.13482, 0.135007, 0.134703, 0.134971, 0.13545]",0.03809438499990847,0.038227230444426316,0.037846241000011105,0.038821009999992384,0.00032811061888518095,"[0.038045, 0.037846, 0.03831, 0.038094, 0.037952, 0.038686, 0.03809, 0.038201, 0.038821]",3.5556490805759635,3.4698596455897857,3.595557535024896,61,optimal,nan,3.385162353515625,2.4428882598876953,218.55923052135907,218.55920721408313,1.0664054720077352e-07,0.000564353816737001,0.0004709565437372886,0.9999,0.9387755102040817,0.7076923076923077,0.8070175438596492,9,2,1e-07,1e-05,1000,40.0,40.0,40.0,0.0,40.0,1.0,75.0,3.7037037037037037,9.960346620529702,2.0
primary,x86_64,none,0.3.0,2.4.4,32,1,balanced,200,1000,0.25,0,0.9902010050251256,5,"[40, 40, 40, 40, 40]",powerlaw,5,0,0,66,32,"[37, 18, 10, 8, 7, 5, 5, 5, 5, 4, 4, 4, 4, 3, 3, 3, 3, 3, 3, 3, 3, 3, 3, 2, 2, 2, 2, 2, 2, 2, 2, 2, 2, 2, 1, 1, 1, 1, 1, 1, 1, 1, 1, 1, 1, 1, 1, 1, 1, 1, 1, 1, 1, 1, 1, 1, 1, 1, 1, 1, 1, 1, 1, 1, 1, 1]",0.14535589599995546,0.14523135566667456,0.14402849200007495,0.14721281900006034,0.0009932474878301197,"[0.144334, 0.144028, 0.144367, 0.144721, 0.145869, 0.14551, 0.147213, 0.145685, 0.145356]",0.02849747799996294,0.028484549555527237,0.02816740999992362,0.028972395999971923,0.00022880360653652283,"[0.028167, 0.028534, 0.02831, 0.028294, 0.028537, 0.028575, 0.028972, 0.028497, 0.028474]",5.100658240709739,4.971231650989947,5.226352689170198,66,optimal,nan,3.385162353515625,2.359675407409668,221.54590554081614,221.54587894199923,1.2006006988480947e-07,0.0016303585709053492,0.0013317218904467666,1.0,0.9777777777777777,0.676923076923077,0.8000000000000002,9,2,1e-07,1e-05,1000,40.0,40.0,40.0,0.0,40.0,1.0,37.0,3.0303030303030303,4.969512191686841,2.0
primary,x86_64,none,0.3.0,2.4.4,32,1,balanced,200,1000,0.3,0,0.9902010050251256,5,"[40, 40, 40, 40, 40]",powerlaw,5,0,0,85,52,"[39, 12, 8, 7, 5, 5, 5, 4, 4, 4, 3, 3, 3, 3, 3, 3, 3, 3, 3, 2, 2, 2, 2, 2, 2, 2, 2, 2, 2, 2, 2, 2, 2, 1, 1, 1, 1, 1, 1, 1, 1, 1, 1, 1, 1, 1, 1, 1, 1, 1, 1, 1, 1, 1, 1, 1, 1, 1, 1, 1, 1, 1, 1, 1, 1, 1, 1, 1, 1, 1, 1, 1, 1, 1, 1, 1, 1, 1, 1, 1, 1, 1, 1, 1, 1]",0.14071595699999762,0.1412375748888937,0.14043931700007306,0.1430988529999695,0.0009928268309834804,"[0.143099, 0.142435, 0.140716, 0.140439, 0.140585, 0.14047, 0.141954, 0.140639, 0.1408]",0.02186287100005302,0.02239266922218677,0.02143663199990442,0.02497833699999319,0.0011452059183609713,"[0.021775, 0.021863, 0.021574, 0.021437, 0.021559, 0.022287, 0.023172, 0.024978, 0.022889]",6.436298187902969,5.622444640734543,6.675435441565985,65,optimal,nan,3.385162353515625,2.3624696731567383,223.46017256239776,223.46008917450672,3.731666814817786e-07,0.001433162488482187,0.0011540684602500768,1.0,0.9827586206896551,0.5846153846153846,0.7331189710610932,9,2,1e-07,1e-05,1000,40.0,40.0,40.0,0.0,40.0,1.0,39.0,2.3529411764705883,4.364848578609212,1.0
primary,x86_64,none,0.3.0,2.4.4,32,1,balanced,200,1000,0.35,0,0.9902010050251256,5,"[40, 40, 40, 40, 40]",powerlaw,5,0,0,108,79,"[17, 14, 12, 8, 7, 7, 5, 4, 4, 3, 3, 3, 2, 2, 2, 2, 2, 2, 2, 2, 2, 2, 2, 2, 2, 2, 2, 2, 2, 1, 1, 1, 1, 1, 1, 1, 1, 1, 1, 1, 1, 1, 1, 1, 1, 1, 1, 1, 1, 1, 1, 1, 1, 1, 1, 1, 1, 1, 1, 1, 1, 1, 1, 1, 1, 1, 1, 1, 1, 1, 1, 1, 1, 1, 1, 1, 1, 1, 1, 1, 1, 1, 1, 1, 1, 1, 1, 1, 1, 1, 1, 1, 1, 1, 1, 1, 1, 1, 1, 1, 1, 1, 1, 1, 1, 1, 1, 1]",0.14809502299999622,0.14788170222222005,0.1452467000000297,0.14977266500000042,0.0014884770842964004,"[0.147948, 0.148844, 0.149035, 0.149773, 0.148095, 0.148847, 0.147095, 0.145247, 0.146052]",0.016214904999969804,0.016309360999988105,0.015947763999974995,0.016918971999984933,0.0003263958370826376,"[0.015948, 0.016397, 0.016919, 0.016737, 0.016215, 0.016239, 0.01598, 0.016192, 0.016158]",9.133264918929344,8.58484191593668,9.391452306432127,67,optimal,nan,3.385162353515625,2.3437414169311523,223.91577907415905,223.9157790595641,6.51805145523521e-11,2.1915994075749623e-05,1.7762307848040768e-05,1.0,1.0,0.4717948717948718,0.6411149825783972,9,2,1e-07,1e-05,1000,40.0,40.0,40.0,0.0,40.0,1.0,17.0,1.8518518518518519,2.4563403025142567,1.0
primary,x86_64,none,0.3.0,2.4.4,32,1,balanced,200,1000,0.4,0,0.9902010050251256,5,"[40, 40, 40, 40, 40]",powerlaw,5,0,0,116,92,"[15, 14, 12, 8, 7, 7, 7, 4, 3, 3, 2, 2, 2, 2, 2, 2, 2, 2, 2, 2, 2, 2, 2, 2, 1, 1, 1, 1, 1, 1, 1, 1, 1, 1, 1, 1, 1, 1, 1, 1, 1, 1, 1, 1, 1, 1, 1, 1, 1, 1, 1, 1, 1, 1, 1, 1, 1, 1, 1, 1, 1, 1, 1, 1, 1, 1, 1, 1, 1, 1, 1, 1, 1, 1, 1, 1, 1, 1, 1, 1, 1, 1, 1, 1, 1, 1, 1, 1, 1, 1, 1, 1, 1, 1, 1, 1, 1, 1, 1, 1, 1, 1, 1, 1, 1, 1, 1, 1, 1, 1, 1, 1, 1, 1, 1, 1]",0.14848328300001867,0.1486727246666659,0.14807010399999854,0.15064891199995145,0.0007876402276451851,"[0.150649, 0.148217, 0.14807, 0.148167, 0.148677, 0.148483, 0.14857, 0.148908, 0.148312]",0.014253494000058708,0.014371959333339469,0.014197689999946306,0.014886323000041557,0.00022162003774642232,"[0.014244, 0.014214, 0.014239, 0.014198, 0.014253, 0.014886, 0.014525, 0.014376, 0.014411]",10.417325253682156,9.946721161403335,10.610804433715709,68,optimal,nan,3.385162353515625,2.3424205780029297,225.89935498421693,225.89935496248884,9.618479974083246e-11,1.196397250557979e-05,9.706156395730227e-06,1.0,1.0,0.4307692307692308,0.6021505376344086,9,2,1e-07,1e-05,1000,40.0,40.0,40.0,0.0,40.0,1.0,15.0,1.7241379310344827,2.2991235470116225,1.0
primary,x86_64,none,0.3.0,2.4.4,32,1,balanced,200,2000,0.05,0,0.9902010050251256,5,"[40, 40, 40, 40, 40]",powerlaw,5,0,0,1,0,[200],0.1102725380000038,0.1102627750000238,0.1098106760000519,0.11092673999996805,0.0004296073563289396,"[0.110419, 0.110358, 0.109811, 0.109847, 0.110273, 0.110889, 0.109925, 0.110927, 0.109918]",0.11249872600001254,0.11372506966665696,0.11168661499993959,0.11924256999998306,0.002560963899495857,"[0.112686, 0.112215, 0.11243, 0.112499, 0.112127, 0.119243, 0.116678, 0.113961, 0.111687]",0.9802114381276772,0.9209016209569074,0.9931963646675839,50,optimal,nan,3.385162353515625,5.829843521118164,208.8677207811485,208.8677207811485,0.0,0.0,0.0,1.0,0.13863822805578344,0.8666666666666667,0.23903818953323908,9,2,1e-07,1e-05,1000,40.0,40.0,40.0,0.0,40.0,200.0,200.0,200.0,0.0,200.0
primary,x86_64,none,0.3.0,2.4.4,32,1,balanced,200,2000,0.1,0,0.9902010050251256,5,"[40, 40, 40, 40, 40]",powerlaw,5,0,0,22,7,"[151, 7, 5, 4, 3, 3, 3, 3, 2, 2, 2, 2, 2, 2, 2, 1, 1, 1, 1, 1, 1, 1]",0.12037170000007791,0.12041760599999583,0.12001551099990593,0.12085967499990602,0.00027601687064199445,"[0.120695, 0.120238, 0.120183, 0.120566, 0.12086, 0.120372, 0.120594, 0.120016, 0.120236]",0.086303412999996,0.08693478922224232,0.08591397999998662,0.08942006699999183,0.0013411444507076245,"[0.086144, 0.086822, 0.08597, 0.086183, 0.085914, 0.08942, 0.086303, 0.086594, 0.089062]",1.3947501705417316,1.3421541162557717,1.4067521374277485,55,optimal,nan,3.385162353515625,3.7320165634155273,212.17986738795693,212.1798371878292,1.4233267320123265e-07,0.00044990075080258984,0.0003628497685456705,1.0,0.7703349282296651,0.8256410256410256,0.7970297029702972,9,2,1e-07,1e-05,1000,40.0,40.0,40.0,0.0,40.0,1.0,151.0,9.090909090909092,31.001332949215257,2.0
primary,x86_64,none,0.3.0,2.4.4,32,1,balanced,200,2000,0.15,0,0.9902010050251256,5,"[40, 40, 40, 40, 40]",powerlaw,5,0,0,47,14,"[33, 28, 15, 8, 8, 7, 6, 6, 5, 5, 4, 4, 4, 4, 3, 3, 3, 3, 3, 3, 3, 3, 3, 3, 3, 2, 2, 2, 2, 2, 2, 2, 2, 1, 1, 1, 1, 1, 1, 1, 1, 1, 1, 1, 1, 1, 1]",0.12268575200005216,0.12269696722223165,0.12188076699999328,0.12353823099999772,0.0005904795462766742,"[0.123495, 0.123538, 0.122823, 0.122217, 0.122686, 0.121881, 0.123086, 0.122172, 0.122375]",0.024541425999927924,0.02457242733330784,0.02435739499992451,0.024998535000008815,0.00017941491411459665,"[0.024604, 0.024357, 0.024442, 0.024507, 0.024514, 0.024562, 0.024626, 0.024999, 0.024541]",4.9991289014913995,4.875516385258188,5.071898329044654,56,optimal,nan,3.385162353515625,2.361743927001953,216.66307304862863,216.6630692644852,1.7465567120286014e-08,0.0003337088683943168,0.00026538314892313896,1.0,0.974025974025974,0.7692307692307693,0.8595988538681948,9,2,1e-07,1e-05,1000,40.0,40.0,40.0,0.0,40.0,1.0,33.0,4.25531914893617,6.110570141266317,3.0
primary,x86_64,none,0.3.0,2.4.4,32,1,balanced,200,2000,0.2,0,0.9902010050251256,5,"[40, 40, 40, 40, 40]",powerlaw,5,0,0,56,22,"[43, 18, 10, 8, 7, 5, 5, 5, 5, 5, 4, 4, 4, 4, 3, 3, 3, 3, 3, 3, 3, 3, 3, 3, 3, 2, 2, 2, 2, 2, 2, 2, 2, 2, 1, 1, 1, 1, 1, 1, 1, 1, 1, 1, 1, 1, 1, 1, 1, 1, 1, 1, 1, 1, 1, 1]",0.1384934360000898,0.13853697300001183,0.13823460900005102,0.13904315900003894,0.00023086775020372482,"[0.138542, 0.138493, 0.139043, 0.138372, 0.138714, 0.138235, 0.138549, 0.138445, 0.138439]",0.027630776000023616,0.027633546111133,0.02754054100000758,0.02776612800005296,8.504554021736141e-05,"[0.027545, 0.027631, 0.027668, 0.027726, 0.027766, 0.027574, 0.027698, 0.027554, 0.027541]",5.012289050440401,4.97853388127388,5.048672028628656,64,optimal,nan,3.385162353515625,2.367711067199707,219.68890744385993,219.68889184638843,7.099799295420015e-08,0.0006209471206143138,0.0005180756008455581,1.0,0.9793103448275862,0.7282051282051282,0.8352941176470589,9,2,1e-07,1e-05,1000,40.0,40.0,40.0,0.0,40.0,1.0,43.0,3.5714285714285716,6.002550478329854,2.0
primary,x86_64,none,0.3.0,2.4.4,32,1,balanced,200,2000,0.25,0,0.9902010050251256,5,"[40, 40, 40, 40, 40]",powerlaw,5,0,0,74,36,"[21, 18, 12, 10, 8, 7, 5, 5, 5, 4, 4, 3, 3, 3, 3, 3, 3, 3, 3, 3, 3, 3, 2, 2, 2, 2, 2, 2, 2, 2, 2, 2, 2, 2, 2, 2, 2, 2, 1, 1, 1, 1, 1, 1, 1, 1, 1, 1, 1, 1, 1, 1, 1, 1, 1, 1, 1, 1, 1, 1, 1, 1, 1, 1, 1, 1, 1, 1, 1, 1, 1, 1, 1, 1]",0.1292740890000914,0.12946036644445436,0.1291161799999827,0.1305314379999345,0.00045805610624752,"[0.130531, 0.129116, 0.129558, 0.129274, 0.129202, 0.129301, 0.129802, 0.129154, 0.129204]",0.022595451000029243,0.02261207333332196,0.022524213999986387,0.0227308029999449,8.871230360361369e-05,"[0.022731, 0.022617, 0.022543, 0.02273, 0.022535, 0.022524, 0.022595, 0.022527, 0.022707]",5.721244023849053,5.680229598589002,5.795160621365673,60,optimal,nan,3.385162353515625,2.3463850021362305,221.45848552635215,221.45848419086985,6.030395684513562e-09,0.00042107681528687213,0.000351372372356852,1.0,1.0,0.6461538461538462,0.7850467289719627,9,2,1e-07,1e-05,1000,40.0,40.0,40.0,0.0,40.0,1.0,21.0,2.7027027027027026,3.4630471261738274,2.0
primary,x86_64,none,0.3.0,2.4.4,32,1,balanced,200,2000,0.3,0,0.9902010050251256,5,"[40, 40, 40, 40, 40]",powerlaw,5,0,0,88,52,"[21, 18, 12, 8, 7, 5, 5, 5, 4, 4, 3, 3, 3, 3, 3, 3, 3, 2, 2, 2, 2, 2, 2, 2, 2, 2, 2, 2, 2, 2, 2, 2, 2, 2, 2, 2, 1, 1, 1, 1, 1, 1, 1, 1, 1, 1, 1, 1, 1, 1, 1, 1, 1, 1, 1, 1, 1, 1, 1, 1, 1, 1, 1, 1, 1, 1, 1, 1, 1, 1, 1, 1, 1, 1, 1, 1, 1, 1, 1, 1, 1, 1, 1, 1, 1, 1, 1, 1]",0.13222098099993218,0.13224617566664973,0.13198470499992254,0.13256766800009245,0.00020572721835352155,"[0.132568, 0.132477, 0.132097, 0.132266, 0.132435, 0.132112, 0.131985, 0.132221, 0.132055]",0.02137253800003691,0.021380716888883298,0.02128349099996285,0.021631367999930262,0.00010590649954880628,"[0.021297, 0.021631, 0.021405, 0.021392, 0.021414, 0.021373, 0.021325, 0.021283, 0.021307]",6.1864894566898805,6.101542214082255,6.228661829975348,61,optimal,nan,3.385162353515625,2.3478927612304688,222.4959293202233,222.4959285253997,3.5723062181874448e-09,0.00030949899265941827,0.00025305390457605695,1.0,0.9911504424778761,0.5743589743589743,0.7272727272727272,9,2,1e-07,1e-05,1000,40.0,40.0,40.0,0.0,40.0,1.0,21.0,2.272727272727273,3.1360342383018804,1.0
primary,x86_64,none,0.3.0,2.4.4,32,1,balanced,200,2000,0.35,0,0.9902010050251256,5,"[40, 40, 40, 40, 40]",powerlaw,5,0,0,101,66,"[16, 14, 12, 8, 7, 7, 5, 5, 4, 3, 3, 3, 3, 2, 2, 2, 2, 2, 2, 2, 2, 2, 2, 2, 2, 2, 2, 2, 2, 2, 2, 2, 2, 2, 2, 1, 1, 1, 1, 1, 1, 1, 1, 1, 1, 1, 1, 1, 1, 1, 1, 1, 1, 1, 1, 1, 1, 1, 1, 1, 1, 1, 1, 1, 1, 1, 1, 1, 1, 1, 1, 1, 1, 1, 1, 1, 1, 1, 1, 1, 1, 1, 1, 1, 1, 1, 1, 1, 1, 1, 1, 1, 1, 1, 1, 1, 1, 1, 1, 1, 1]",0.13047329299990906,0.13047553311111593,0.13020614499998828,0.1306941289999486,0.0001361110509729398,"[0.130442, 0.130206, 0.130433, 0.130388, 0.130694, 0.130473, 0.130564, 0.130565, 0.130515]",0.01719206600000689,0.01718401844444391,0.017132701000036832,0.01722412300000542,2.6193130287892272e-05,"[0.017164, 0.017177, 0.017199, 0.017198, 0.017133, 0.017173, 0.017197, 0.017192, 0.017224]",7.589157289173784,7.559522479022434,7.628343540208145,60,optimal,nan,3.385162353515625,2.3439197540283203,224.62504767317972,224.6250474231271,1.1132000217392617e-09,7.621380697594993e-05,6.23512370992893e-05,1.0,1.0,0.5076923076923077,0.673469387755102,9,2,1e-07,1e-05,1000,40.0,40.0,40.0,0.0,40.0,1.0,16.0,1.9801980198019802,2.4735439682302713,1.0
primary,x86_64,none,0.3.0,2.4.4,32,1,balanced,200,2000,0.4,0,0.9902010050251256,5,"[40, 40, 40, 40, 40]",powerlaw,5,0,0,118,93,"[16, 14, 12, 8, 7, 4, 4, 3, 3, 3, 3, 3, 3, 2, 2, 2, 2, 2, 2, 2, 2, 2, 2, 2, 2, 1, 1, 1, 1, 1, 1, 1, 1, 1, 1, 1, 1, 1, 1, 1, 1, 1, 1, 1, 1, 1, 1, 1, 1, 1, 1, 1, 1, 1, 1, 1, 1, 1, 1, 1, 1, 1, 1, 1, 1, 1, 1, 1, 1, 1, 1, 1, 1, 1, 1, 1, 1, 1, 1, 1, 1, 1, 1, 1, 1, 1, 1, 1, 1, 1, 1, 1, 1, 1, 1, 1, 1, 1, 1, 1, 1, 1, 1, 1, 1, 1, 1, 1, 1, 1, 1, 1, 1, 1, 1, 1, 1, 1]",0.13908239700003833,0.1390184154444493,0.1387036480000461,0.13939940499994918,0.0002705335104498601,"[0.139268, 0.138712, 0.139274, 0.138704, 0.139082, 0.138768, 0.139399, 0.138821, 0.139138]",0.015571407000038562,0.015587896666665478,0.015528663999930359,0.01568063800004893,5.220897297459986e-05,"[0.015571, 0.015529, 0.015598, 0.015602, 0.015657, 0.015681, 0.015562, 0.015537, 0.015555]",8.931909428588817,8.845536004313937,8.976909088932207,64,optimal,nan,3.385162353515625,2.3429784774780273,225.06115434436384,225.06115431238368,1.420954424039651e-10,6.990105606340113e-05,5.878576441449336e-05,1.0,1.0,0.4205128205128205,0.592057761732852,9,2,1e-07,1e-05,1000,40.0,40.0,40.0,0.0,40.0,1.0,16.0,1.694915254237288,2.2493256035497073,1.0
primary,x86_64,none,0.3.0,2.4.4,32,1,balanced,400,800,0.05,0,0.9950501253132832,5,"[80, 80, 80, 80, 80]",powerlaw,5,0,0,1,0,[400],0.2966118680000136,0.2970966892222198,0.29342992099998355,0.30392086599999857,0.0036007783414483655,"[0.303921, 0.297861, 0.296612, 0.297012, 0.294439, 0.295338, 0.29343, 0.301639, 0.293619]",0.3090381829999842,0.3095277344444235,0.303593224999986,0.3160277810000025,0.003981375872420702,"[0.316028, 0.310094, 0.30947, 0.30664, 0.307157, 0.303593, 0.308408, 0.315321, 0.309038]",0.9597903570382718,0.9284940712221158,1.0010792105127266,26,optimal,nan,13.45904541015625,23.229415893554688,340.8353508269305,340.8353508269305,0.0,0.0,0.0,1.0,0.035770813548591324,0.8582278481012658,0.06867909238249593,9,2,1e-07,1e-05,1000,80.0,80.0,80.0,0.0,80.0,400.0,400.0,400.0,0.0,400.0
primary,x86_64,none,0.3.0,2.4.4,32,1,balanced,400,800,0.1,0,0.9950501253132832,5,"[80, 80, 80, 80, 80]",powerlaw,5,0,0,9,6,"[390, 2, 2, 1, 1, 1, 1, 1, 1]",0.4882418570000482,0.48999247699998705,0.48401862399998663,0.5013710329999412,0.005245053742316757,"[0.486537, 0.484019, 0.488242, 0.487544, 0.491427, 0.489773, 0.501371, 0.494465, 0.486555]",0.4832980779999616,0.4838034477777582,0.48002229100006844,0.48746550400005617,0.002327982785230441,"[0.486586, 0.483943, 0.483164, 0.480022, 0.485245, 0.48184, 0.482668, 0.483298, 0.487466]",1.0102292544190232,0.9929289765700648,1.0444744804567205,43,optimal,nan,13.45904541015625,22.26584529876709,352.6120401882742,352.6120409204491,2.076431923086274e-09,6.75534553094756e-05,3.8734837740404105e-05,1.0,0.28506375227686703,0.7924050632911392,0.4192900200937709,9,2,1e-07,1e-05,1000,80.0,80.0,80.0,0.0,80.0,1.0,390.0,44.44444444444444,122.17302039967845,1.0
primary,x86_64,none,0.3.0,2.4.4,32,1,balanced,400,800,0.15,0,0.9950501253132832,5,"[80, 80, 80, 80, 80]",powerlaw,5,0,0,67,44,"[296, 7, 4, 4, 4, 3, 3, 3, 3, 3, 2, 2, 2, 2, 2, 2, 2, 2, 2, 2, 2, 2, 2, 1, 1, 1, 1, 1, 1, 1, 1, 1, 1, 1, 1, 1, 1, 1, 1, 1, 1, 1, 1, 1, 1, 1, 1, 1, 1, 1, 1, 1, 1, 1, 1, 1, 1, 1, 1, 1, 1, 1, 1, 1, 1, 1, 1]",0.5440985389999469,0.5448846653333071,0.542543157999944,0.5499650020000217,0.0025065612168741038,"[0.547073, 0.542618, 0.542543, 0.543885, 0.544099, 0.546484, 0.549965, 0.542696, 0.5446]",0.31780068900002334,0.32154871644445393,0.316293987999984,0.3446561850000762,0.009084788517435324,"[0.317675, 0.316294, 0.325162, 0.344656, 0.318355, 0.316789, 0.316816, 0.317801, 0.32039]",1.7120747620528505,1.5741576144929013,1.738777918219709,48,optimal,nan,13.45904541015625,14.39993667602539,358.92803390501155,358.9271280888489,2.523670700150006e-06,0.004341242382325472,0.0025508590201807407,0.99995,0.6433566433566433,0.6987341772151898,0.6699029126213591,9,2,1e-07,1e-05,1000,80.0,80.0,80.0,0.0,80.0,1.0,296.0,5.970149253731344,35.71569751847855,1.0
primary,x86_64,none,0.3.0,2.4.4,32,1,balanced,400,800,0.2,0,0.9950501253132832,5,"[80, 80, 80, 80, 80]",powerlaw,5,0,0,146,104,"[161, 9, 8, 7, 7, 6, 5, 4, 4, 4, 4, 4, 3, 3, 3, 3, 3, 3, 3, 3, 3, 3, 3, 3, 3, 2, 2, 2, 2, 2, 2, 2, 2, 2, 2, 2, 2, 2, 2, 2, 2, 2, 1, 1, 1, 1, 1, 1, 1, 1, 1, 1, 1, 1, 1, 1, 1, 1, 1, 1, 1, 1, 1, 1, 1, 1, 1, 1, 1, 1, 1, 1, 1, 1, 1, 1, 1, 1, 1, 1, 1, 1, 1, 1, 1, 1, 1, 1, 1, 1, 1, 1, 1, 1, 1, 1, 1, 1, 1, 1, 1, 1, 1, 1, 1, 1, 1, 1, 1, 1, 1, 1, 1, 1, 1, 1, 1, 1, 1, 1, 1, 1, 1, 1, 1, 1, 1, 1, 1, 1, 1, 1, 1, 1, 1, 1, 1, 1, 1, 1, 1, 1, 1, 1, 1, 1]",0.5833579540000073,0.5835293324444516,0.5803683569999976,0.5888539379999429,0.002672455552795035,"[0.581938, 0.588854, 0.582311, 0.583358, 0.580821, 0.580368, 0.583609, 0.584398, 0.586108]",0.12695907900001657,0.12757990222222462,0.12641647999998895,0.13046635900002457,0.0013458489350727735,"[0.126416, 0.126823, 0.127778, 0.127485, 0.129007, 0.130466, 0.126959, 0.126612, 0.126672]",4.59485023516854,4.448413839769134,4.658047257762551,52,optimal,nan,13.45904541015625,9.362625122070312,361.50072510626813,361.5003348552102,1.0795304983347462e-06,0.0030095648086933616,0.0016242165613270878,0.999975,0.898876404494382,0.6075949367088608,0.7250755287009063,9,2,1e-07,1e-05,1000,80.0,80.0,80.0,0.0,80.0,1.0,161.0,2.73972602739726,13.215316349838503,1.0
primary,x86_64,none,0.3.0,2.4.4,32,1,balanced,400,800,0.25,0,0.9950501253132832,5,"[80, 80, 80, 80, 80]",powerlaw,5,0,0,185,138,"[71, 18, 15, 14, 9, 8, 6, 6, 6, 6, 5, 4, 4, 4, 4, 4, 3, 3, 3, 3, 3, 3, 3, 3, 3, 3, 3, 3, 3, 3, 3, 3, 2, 2, 2, 2, 2, 2, 2, 2, 2, 2, 2, 2, 2, 2, 2, 1, 1, 1, 1, 1, 1, 1, 1, 1, 1, 1, 1, 1, 1, 1, 1, 1, 1, 1, 1, 1, 1, 1, 1, 1, 1, 1, 1, 1, 1, 1, 1, 1, 1, 1, 1, 1, 1, 1, 1, 1, 1, 1, 1, 1, 1, 1, 1, 1, 1, 1, 1, 1, 1, 1, 1, 1, 1, 1, 1, 1, 1, 1, 1, 1, 1, 1, 1, 1, 1, 1, 1, 1, 1, 1, 1, 1, 1, 1, 1, 1, 1, 1, 1, 1, 1, 1, 1, 1, 1, 1, 1, 1, 1, 1, 1, 1, 1, 1, 1, 1, 1, 1, 1, 1, 1, 1, 1, 1, 1, 1, 1, 1, 1, 1, 1, 1, 1, 1, 1, 1, 1, 1, 1, 1, 1, 1, 1, 1, 1, 1, 1, 1, 1, 1, 1, 1, 1]",0.5234268129999009,0.5239757460000318,0.5212789770000654,0.5286806409999372,0.0026070471138226166,"[0.521712, 0.527561, 0.521279, 0.523427, 0.522387, 0.524229, 0.522018, 0.528681, 0.524488]",0.050592012999914004,0.05055032544444455,0.0499520590000202,0.05100519300003725,0.0002991542499729126,"[0.049952, 0.050397, 0.050775, 0.050337, 0.050592, 0.051005, 0.050711, 0.050573, 0.050611]",10.346036497911056,10.220115763500488,10.583760741468602,46,optimal,nan,13.45904541015625,8.919401168823242,367.4739659463346,367.47391966442916,1.2594607980282384e-07,0.0017155450223681062,0.001014100112891597,0.9999875,0.9720930232558139,0.529113924050633,0.6852459016393442,9,2,1e-07,1e-05,1000,80.0,80.0,80.0,0.0,80.0,1.0,71.0,2.1621621621621623,5.529838048131998,1.0
primary,x86_64,none,0.3.0,2.4.4,32,1,balanced,400,800,0.3,0,0.9950501253132832,5,"[80, 80, 80, 80, 80]",powerlaw,5,0,0,220,173,"[26, 21, 17, 15, 13, 12, 8, 6, 6, 5, 5, 5, 4, 4, 4, 4, 4, 3, 3, 3, 3, 3, 3, 3, 3, 2, 2, 2, 2, 2, 2, 2, 2, 2, 2, 2, 2, 2, 2, 2, 2, 2, 2, 2, 2, 2, 2, 1, 1, 1, 1, 1, 1, 1, 1, 1, 1, 1, 1, 1, 1, 1, 1, 1, 1, 1, 1, 1, 1, 1, 1, 1, 1, 1, 1, 1, 1, 1, 1, 1, 1, 1, 1, 1, 1, 1, 1, 1, 1, 1, 1, 1, 1, 1, 1, 1, 1, 1, 1, 1, 1, 1, 1, 1, 1, 1, 1, 1, 1, 1, 1, 1, 1, 1, 1, 1, 1, 1, 1, 1, 1, 1, 1, 1, 1, 1, 1, 1, 1, 1, 1, 1, 1, 1, 1, 1, 1, 1, 1, 1, 1, 1, 1, 1, 1, 1, 1, 1, 1, 1, 1, 1, 1, 1, 1, 1, 1, 1, 1, 1, 1, 1, 1, 1, 1, 1, 1, 1, 1, 1, 1, 1, 1, 1, 1, 1, 1, 1, 1, 1, 1, 1, 1, 1, 1, 1, 1, 1, 1, 1, 1, 1, 1, 1, 1, 1, 1, 1, 1, 1]",0.5223464960000683,0.5228528080000261,0.5193639950000488,0.5298644909998984,0.003187353396008042,"[0.524812, 0.51993, 0.523248, 0.523873, 0.519364, 0.522346, 0.521325, 0.529864, 0.520911]",0.02797159100009594,0.02802317288891724,0.02788254400002188,0.0282138009999926,0.00011503965737481281,"[0.027955, 0.027883, 0.028214, 0.027951, 0.027948, 0.028019, 0.027972, 0.028074, 0.028194]",18.67417895529349,18.408154044901114,19.003448573397126,46,optimal,nan,13.45904541015625,8.842080116271973,371.3537347208612,371.3536266373122,2.9105281280734457e-07,0.0024677967195269324,0.0013592403526449988,1.0,0.9944444444444445,0.4531645569620253,0.6226086956521739,9,2,1e-07,1e-05,1000,80.0,80.0,80.0,0.0,80.0,1.0,26.0,1.8181818181818181,2.8925667060173965,1.0
primary,x86_64,none,0.3.0,2.4.4,32,1,balanced,400,800,0.35,0,0.9950501253132832,5,"[80, 80, 80, 80, 80]",powerlaw,5,0,0,250,215,"[21, 17, 16, 15, 12, 10, 8, 8, 6, 5, 5, 4, 4, 4, 4, 4, 3, 3, 3, 3, 2, 2, 2, 2, 2, 2, 2, 2, 2, 2, 2, 2, 2, 2, 2, 1, 1, 1, 1, 1, 1, 1, 1, 1, 1, 1, 1, 1, 1, 1, 1, 1, 1, 1, 1, 1, 1, 1, 1, 1, 1, 1, 1, 1, 1, 1, 1, 1, 1, 1, 1, 1, 1, 1, 1, 1, 1, 1, 1, 1, 1, 1, 1, 1, 1, 1, 1, 1, 1, 1, 1, 1, 1, 1, 1, 1, 1, 1, 1, 1, 1, 1, 1, 1, 1, 1, 1, 1, 1, 1, 1, 1, 1, 1, 1, 1, 1, 1, 1, 1, 1, 1, 1, 1, 1, 1, 1, 1, 1, 1, 1, 1, 1, 1, 1, 1, 1, 1, 1, 1, 1, 1, 1, 1, 1, 1, 1, 1, 1, 1, 1, 1, 1, 1, 1, 1, 1, 1, 1, 1, 1, 1, 1, 1, 1, 1, 1, 1, 1, 1, 1, 1, 1, 1, 1, 1, 1, 1, 1, 1, 1, 1, 1, 1, 1, 1, 1, 1, 1, 1, 1, 1, 1, 1, 1, 1, 1, 1, 1, 1]",0.623509264000063,0.6249922310000026,0.5803521159999718,0.7019767909999928,0.03799134895245993,"[0.642194, 0.623509, 0.580352, 0.592907, 0.641242, 0.603623, 0.591994, 0.647133, 0.701977]",0.026127721000079873,0.026186690000018744,0.025019970000016656,0.027611845999899742,0.0008686554938585928,"[0.02502, 0.025451, 0.026128, 0.026474, 0.026098, 0.026961, 0.027612, 0.026778, 0.025158]",23.863897811759276,21.018229494763915,28.056659979989004,51,optimal,nan,13.45904541015625,8.834732055664062,373.2899103599347,373.2899088916675,3.933316100243641e-09,8.170387065253859e-05,4.937862826467661e-05,1.0,1.0,0.379746835443038,0.5504587155963303,9,2,1e-07,1e-05,1000,80.0,80.0,80.0,0.0,80.0,1.0,21.0,1.6,2.383275057562597,1.0
primary,x86_64,none,0.3.0,2.4.4,32,1,balanced,400,800,0.4,0,0.9950501253132832,5,"[80, 80, 80, 80, 80]",powerlaw,5,0,0,274,246,"[21, 15, 14, 12, 8, 8, 7, 6, 6, 6, 5, 5, 4, 4, 4, 3, 3, 3, 2, 2, 2, 2, 2, 2, 2, 2, 2, 2, 1, 1, 1, 1, 1, 1, 1, 1, 1, 1, 1, 1, 1, 1, 1, 1, 1, 1, 1, 1, 1, 1, 1, 1, 1, 1, 1, 1, 1, 1, 1, 1, 1, 1, 1, 1, 1, 1, 1, 1, 1, 1, 1, 1, 1, 1, 1, 1, 1, 1, 1, 1, 1, 1, 1, 1, 1, 1, 1, 1, 1, 1, 1, 1, 1, 1, 1, 1, 1, 1, 1, 1, 1, 1, 1, 1, 1, 1, 1, 1, 1, 1, 1, 1, 1, 1, 1, 1, 1, 1, 1, 1, 1, 1, 1, 1, 1, 1, 1, 1, 1, 1, 1, 1, 1, 1, 1, 1, 1, 1, 1, 1, 1, 1, 1, 1, 1, 1, 1, 1, 1, 1, 1, 1, 1, 1, 1, 1, 1, 1, 1, 1, 1, 1, 1, 1, 1, 1, 1, 1, 1, 1, 1, 1, 1, 1, 1, 1, 1, 1, 1, 1, 1, 1, 1, 1, 1, 1, 1, 1, 1, 1, 1, 1, 1, 1, 1, 1, 1, 1, 1, 1]",0.6063909300000887,0.6237513731111272,0.580435376999958,0.7027414819999649,0.04211354517673326,"[0.702741, 0.676152, 0.601618, 0.606391, 0.585274, 0.580435, 0.595919, 0.624766, 0.640466]",0.022429286000033244,0.022639042888878674,0.021655167000062647,0.023759062999943126,0.0008104502121534787,"[0.021878, 0.022588, 0.021891, 0.021655, 0.022388, 0.022429, 0.023509, 0.023653, 0.023759]",27.0356769269958,24.4300617832171,32.45144597582332,50,optimal,nan,13.45904541015625,8.832077980041504,373.44167248770793,373.4416714076391,2.8922022394548483e-09,0.00010315390605009078,5.566657387372756e-05,1.0,1.0,0.3189873417721519,0.4836852207293666,9,2,1e-07,1e-05,1000,80.0,80.0,80.0,0.0,80.0,1.0,21.0,1.4598540145985401,2.0200260117575994,1.0
primary,x86_64,none,0.3.0,2.4.4,32,1,balanced,400,2000,0.05,0,0.9950501253132832,5,"[80, 80, 80, 80, 80]",powerlaw,5,0,0,1,0,[400],0.3877128999999968,0.39128534577778534,0.3850853819999429,0.4118851340000447,0.008534726576583914,"[0.385085, 0.387036, 0.393719, 0.411885, 0.388599, 0.395626, 0.385598, 0.387713, 0.386306]",0.39661887200009005,0.40406099733333023,0.38644489499995416,0.4472334680000358,0.019047690682778198,"[0.411053, 0.447233, 0.393626, 0.408879, 0.388669, 0.396619, 0.386445, 0.413118, 0.390908]",0.9775452641595652,0.8610388299471184,1.0658314790265078,33,optimal,nan,13.45904541015625,23.229415893554688,346.0580739242959,346.0580739242959,0.0,0.0,0.0,1.0,0.14605773373545886,0.8582278481012658,0.2496318114874816,9,2,1e-07,1e-05,1000,80.0,80.0,80.0,0.0,80.0,400.0,400.0,400.0,0.0,400.0
primary,x86_64,none,0.3.0,2.4.4,32,1,balanced,400,2000,0.1,0,0.9950501253132832,5,"[80, 80, 80, 80, 80]",powerlaw,5,0,0,53,21,"[285, 8, 6, 5, 4, 4, 4, 4, 4, 3, 3, 3, 3, 3, 3, 3, 3, 3, 2, 2, 2, 2, 2, 2, 2, 2, 2, 2, 2, 2, 2, 2, 1, 1, 1, 1, 1, 1, 1, 1, 1, 1, 1, 1, 1, 1, 1, 1, 1, 1, 1, 1, 1]",0.4636123630000384,0.47577478822222474,0.45489282099993034,0.5224418799999739,0.024690209065532376,"[0.522442, 0.498406, 0.499358, 0.47118, 0.459421, 0.455345, 0.454893, 0.457315, 0.463612]",0.2726956279999513,0.2801401414444374,0.26965139300000374,0.30755834399997184,0.012833982813197399,"[0.272696, 0.271405, 0.271723, 0.269651, 0.270637, 0.279293, 0.289065, 0.307558, 0.289232]",1.7001092624782426,1.4790456180892038,1.9374714670951716,40,optimal,nan,13.45904541015625,13.617596626281738,354.67494960499243,354.6744500552585,1.4084719952774125e-06,0.0028094767360253084,0.0016824882066718535,0.999875,0.7728395061728395,0.7924050632911392,0.7825,9,2,1e-07,1e-05,1000,80.0,80.0,80.0,0.0,80.0,1.0,285.0,7.547169811320755,38.5024214076749,2.0
primary,x86_64,none,0.3.0,2.4.4,32,1,balanced,400,2000,0.15,0,0.9950501253132832,5,"[80, 80, 80, 80, 80]",powerlaw,5,0,0,112,58,"[108, 30, 19, 11, 9, 9, 8, 8, 8, 6, 6, 5, 5, 5, 5, 4, 4, 4, 4, 4, 4, 3, 3, 3, 3, 3, 3, 3, 3, 3, 3, 2, 2, 2, 2, 2, 2, 2, 2, 2, 2, 2, 2, 2, 2, 2, 2, 2, 2, 2, 2, 2, 2, 2, 1, 1, 1, 1, 1, 1, 1, 1, 1, 1, 1, 1, 1, 1, 1, 1, 1, 1, 1, 1, 1, 1, 1, 1, 1, 1, 1, 1, 1, 1, 1, 1, 1, 1, 1, 1, 1, 1, 1, 1, 1, 1, 1, 1, 1, 1, 1, 1, 1, 1, 1, 1, 1, 1, 1, 1, 1, 1]",0.4986841209999966,0.5006413095555394,0.4826080529999217,0.5327026329999853,0.017487803071779974,"[0.532703, 0.519173, 0.484334, 0.482608, 0.505876, 0.50867, 0.498684, 0.488941, 0.484782]",0.07291570300003514,0.07314142133337656,0.0726355000000467,0.0743202780000729,0.0005601241707271069,"[0.072967, 0.072878, 0.07432, 0.073582, 0.072916, 0.072654, 0.072785, 0.072636, 0.073535]",6.8391869032622,6.493625508228701,7.333915688604646,42,optimal,nan,13.45904541015625,9.066363334655762,360.1517270217572,360.1516387326485,2.451442047305026e-07,0.0018396355514904011,0.0011605445808530353,0.9999125,0.952054794520548,0.7037974683544304,0.8093158660844251,9,2,1e-07,1e-05,1000,80.0,80.0,80.0,0.0,80.0,1.0,108.0,3.5714285714285716,10.555731589414115,1.0
primary,x86_64,none,0.3.0,2.4.4,32,1,balanced,400,2000,0.2,0,0.9950501253132832,5,"[80, 80, 80, 80, 80]",powerlaw,5,0,0,165,108,"[27, 21, 19, 18, 17, 14, 10, 9, 8, 7, 6, 6, 5, 5, 5, 5, 4, 4, 4, 4, 4, 4, 3, 3, 3, 3, 3, 3, 3, 3, 3, 3, 3, 3, 3, 3, 3, 3, 2, 2, 2, 2, 2, 2, 2, 2, 2, 2, 2, 2, 2, 2, 2, 2, 2, 2, 2, 1, 1, 1, 1, 1, 1, 1, 1, 1, 1, 1, 1, 1, 1, 1, 1, 1, 1, 1, 1, 1, 1, 1, 1, 1, 1, 1, 1, 1, 1, 1, 1, 1, 1, 1, 1, 1, 1, 1, 1, 1, 1, 1, 1, 1, 1, 1, 1, 1, 1, 1, 1, 1, 1, 1, 1, 1, 1, 1, 1, 1, 1, 1, 1, 1, 1, 1, 1, 1, 1, 1, 1, 1, 1, 1, 1, 1, 1, 1, 1, 1, 1, 1, 1, 1, 1, 1, 1, 1, 1, 1, 1, 1, 1, 1, 1, 1, 1, 1, 1, 1, 1, 1, 1, 1, 1, 1, 1]",0.4986367059999566,0.5063743293333245,0.4968949020000082,0.544732458999988,0.015674866766264308,"[0.496895, 0.499015, 0.498411, 0.515202, 0.544732, 0.508653, 0.49847, 0.497353, 0.498637]",0.03507168199996613,0.03510004533334015,0.034899523000035515,0.035275898000008965,0.00012572977655827264,"[0.0349, 0.035263, 0.035174, 0.035072, 0.034996, 0.035276, 0.035149, 0.03506, 0.035012]",14.217644480251563,14.085960391423116,15.608593246372843,44,optimal,nan,13.45904541015625,8.841470718383789,364.3756873041743,364.3753568884962,9.067994644136393e-07,0.0035138955020084933,0.0021147466930734903,0.9999875,0.9873417721518988,0.5924050632911393,0.7405063291139241,9,2,1e-07,1e-05,1000,80.0,80.0,80.0,0.0,80.0,1.0,27.0,2.4242424242424243,3.701189841694261,1.0
primary,x86_64,none,0.3.0,2.4.4,32,1,balanced,400,2000,0.25,0,0.9950501253132832,5,"[80, 80, 80, 80, 80]",powerlaw,5,0,0,193,141,"[21, 18, 17, 15, 14, 14, 12, 8, 8, 7, 6, 5, 5, 5, 4, 4, 4, 4, 4, 4, 3, 3, 3, 3, 3, 3, 3, 3, 3, 3, 3, 3, 3, 3, 3, 3, 2, 2, 2, 2, 2, 2, 2, 2, 2, 2, 2, 2, 2, 2, 2, 2, 1, 1, 1, 1, 1, 1, 1, 1, 1, 1, 1, 1, 1, 1, 1, 1, 1, 1, 1, 1, 1, 1, 1, 1, 1, 1, 1, 1, 1, 1, 1, 1, 1, 1, 1, 1, 1, 1, 1, 1, 1, 1, 1, 1, 1, 1, 1, 1, 1, 1, 1, 1, 1, 1, 1, 1, 1, 1, 1, 1, 1, 1, 1, 1, 1, 1, 1, 1, 1, 1, 1, 1, 1, 1, 1, 1, 1, 1, 1, 1, 1, 1, 1, 1, 1, 1, 1, 1, 1, 1, 1, 1, 1, 1, 1, 1, 1, 1, 1, 1, 1, 1, 1, 1, 1, 1, 1, 1, 1, 1, 1, 1, 1, 1, 1, 1, 1, 1, 1, 1, 1, 1, 1, 1, 1, 1, 1, 1, 1, 1, 1, 1, 1, 1, 1, 1, 1, 1, 1, 1, 1]",0.46534959699999945,0.4776614975555478,0.4545510739999372,0.5432507620000706,0.02883905418434417,"[0.543251, 0.49618, 0.45812, 0.454551, 0.464514, 0.492701, 0.456648, 0.467639, 0.46535]",0.03054925700007516,0.030397150333328682,0.02975970199997846,0.03087339000001066,0.00043110326153566374,"[0.02976, 0.029819, 0.030071, 0.030803, 0.030277, 0.030873, 0.030628, 0.030794, 0.030549]",15.232763173220697,14.723069737394574,18.254576675548154,40,optimal,nan,13.45904541015625,8.834478378295898,368.0725024359716,368.0725015726294,2.3455765287747566e-09,0.00012705187964323628,7.81000445769267e-05,1.0,1.0,0.5240506329113924,0.6877076411960132,9,2,1e-07,1e-05,1000,80.0,80.0,80.0,0.0,80.0,1.0,21.0,2.0725388601036268,2.9844019856950346,1.0
primary,x86_64,none,0.3.0,2.4.4,32,1,balanced,400,2000,0.3,0,0.9950501253132832,5,"[80, 80, 80, 80, 80]",powerlaw,5,0,0,228,181,"[21, 17, 17, 15, 12, 8, 8, 7, 7, 6, 5, 5, 5, 4, 4, 4, 4, 4, 3, 3, 3, 3, 3, 3, 3, 3, 2, 2, 2, 2, 2, 2, 2, 2, 2, 2, 2, 2, 2, 2, 2, 2, 2, 2, 2, 2, 2, 1, 1, 1, 1, 1, 1, 1, 1, 1, 1, 1, 1, 1, 1, 1, 1, 1, 1, 1, 1, 1, 1, 1, 1, 1, 1, 1, 1, 1, 1, 1, 1, 1, 1, 1, 1, 1, 1, 1, 1, 1, 1, 1, 1, 1, 1, 1, 1, 1, 1, 1, 1, 1, 1, 1, 1, 1, 1, 1, 1, 1, 1, 1, 1, 1, 1, 1, 1, 1, 1, 1, 1, 1, 1, 1, 1, 1, 1, 1, 1, 1, 1, 1, 1, 1, 1, 1, 1, 1, 1, 1, 1, 1, 1, 1, 1, 1, 1, 1, 1, 1, 1, 1, 1, 1, 1, 1, 1, 1, 1, 1, 1, 1, 1, 1, 1, 1, 1, 1, 1, 1, 1, 1, 1, 1, 1, 1, 1, 1, 1, 1, 1, 1, 1, 1, 1, 1, 1, 1, 1, 1, 1, 1, 1, 1, 1, 1, 1, 1, 1, 1, 1, 1]",0.5303911859999744,0.5237279162221916,0.4891752060000272,0.547020522999901,0.023648500967477365,"[0.523422, 0.546998, 0.5409, 0.489175, 0.547021, 0.530391, 0.503943, 0.489955, 0.541747]",0.02703247400006603,0.026971921777759335,0.02667984599997908,0.027202257999988433,0.0001935601242596105,"[0.027202, 0.027177, 0.026799, 0.02712, 0.026776, 0.027092, 0.02668, 0.026869, 0.027032]",19.620519601671635,17.98288972923627,20.50313644990042,43,optimal,nan,13.45904541015625,8.834712982177734,368.9268751906628,368.926874182481,2.732741579998366e-09,3.0843620977827335e-05,1.8704250040726957e-05,1.0,1.0,0.43544303797468353,0.6067019400352733,9,2,1e-07,1e-05,1000,80.0,80.0,80.0,0.0,80.0,1.0,21.0,1.7543859649122806,2.5133377664420813,1.0
primary,x86_64,none,0.3.0,2.4.4,32,1,balanced,400,2000,0.35,0,0.9950501253132832,5,"[80, 80, 80, 80, 80]",powerlaw,5,0,0,254,221,"[21, 17, 15, 15, 12, 8, 8, 7, 6, 6, 5, 5, 4, 4, 4, 3, 3, 3, 3, 3, 3, 2, 2, 2, 2, 2, 2, 2, 2, 2, 2, 2, 2, 1, 1, 1, 1, 1, 1, 1, 1, 1, 1, 1, 1, 1, 1, 1, 1, 1, 1, 1, 1, 1, 1, 1, 1, 1, 1, 1, 1, 1, 1, 1, 1, 1, 1, 1, 1, 1, 1, 1, 1, 1, 1, 1, 1, 1, 1, 1, 1, 1, 1, 1, 1, 1, 1, 1, 1, 1, 1, 1, 1, 1, 1, 1, 1, 1, 1, 1, 1, 1, 1, 1, 1, 1, 1, 1, 1, 1, 1, 1, 1, 1, 1, 1, 1, 1, 1, 1, 1, 1, 1, 1, 1, 1, 1, 1, 1, 1, 1, 1, 1, 1, 1, 1, 1, 1, 1, 1, 1, 1, 1, 1, 1, 1, 1, 1, 1, 1, 1, 1, 1, 1, 1, 1, 1, 1, 1, 1, 1, 1, 1, 1, 1, 1, 1, 1, 1, 1, 1, 1, 1, 1, 1, 1, 1, 1, 1, 1, 1, 1, 1, 1, 1, 1, 1, 1, 1, 1, 1, 1, 1, 1, 1, 1, 1, 1, 1, 1]",0.4938354270000218,0.4980057514444398,0.4913124180000068,0.5305230449999954,0.012387445284119449,"[0.497102, 0.495581, 0.496945, 0.492887, 0.492286, 0.493835, 0.491581, 0.491312, 0.530523]",0.025696763000041756,0.0257740696666815,0.02471130300000368,0.026901874000031967,0.0006241831734192467,"[0.026038, 0.026159, 0.025614, 0.025412, 0.025697, 0.026123, 0.025312, 0.026902, 0.024711]",19.217806810889737,18.263129847363903,21.46884140427222,43,optimal,nan,13.45904541015625,8.833314895629883,373.42181499682033,373.4218142685291,1.9503178748523463e-09,5.4640872463429524e-05,3.341671728037914e-05,1.0,1.0,0.369620253164557,0.5397412199630315,9,2,1e-07,1e-05,1000,80.0,80.0,80.0,0.0,80.0,1.0,21.0,1.5748031496062993,2.3174099207471865,1.0
primary,x86_64,none,0.3.0,2.4.4,32,1,balanced,400,2000,0.4,0,0.9950501253132832,5,"[80, 80, 80, 80, 80]",powerlaw,5,0,0,273,245,"[21, 15, 14, 12, 12, 8, 8, 7, 6, 5, 4, 4, 3, 3, 3, 3, 3, 3, 3, 2, 2, 2, 2, 2, 2, 2, 2, 2, 1, 1, 1, 1, 1, 1, 1, 1, 1, 1, 1, 1, 1, 1, 1, 1, 1, 1, 1, 1, 1, 1, 1, 1, 1, 1, 1, 1, 1, 1, 1, 1, 1, 1, 1, 1, 1, 1, 1, 1, 1, 1, 1, 1, 1, 1, 1, 1, 1, 1, 1, 1, 1, 1, 1, 1, 1, 1, 1, 1, 1, 1, 1, 1, 1, 1, 1, 1, 1, 1, 1, 1, 1, 1, 1, 1, 1, 1, 1, 1, 1, 1, 1, 1, 1, 1, 1, 1, 1, 1, 1, 1, 1, 1, 1, 1, 1, 1, 1, 1, 1, 1, 1, 1, 1, 1, 1, 1, 1, 1, 1, 1, 1, 1, 1, 1, 1, 1, 1, 1, 1, 1, 1, 1, 1, 1, 1, 1, 1, 1, 1, 1, 1, 1, 1, 1, 1, 1, 1, 1, 1, 1, 1, 1, 1, 1, 1, 1, 1, 1, 1, 1, 1, 1, 1, 1, 1, 1, 1, 1, 1, 1, 1, 1, 1, 1, 1, 1, 1, 1, 1, 1]",0.4557800939999197,0.46055092655555857,0.45085396800004673,0.5087052240000958,0.018309894481530004,"[0.453099, 0.508705, 0.45102, 0.450854, 0.457072, 0.451932, 0.459479, 0.45578, 0.457017]",0.021702684000047157,0.02158870277776259,0.021300187999941045,0.021878405000052226,0.0002563502115479854,"[0.021352, 0.021316, 0.021331, 0.0213, 0.021878, 0.021737, 0.021836, 0.021845, 0.021703]",21.00109341309717,20.607259441397602,23.882663570927345,39,optimal,nan,13.45904541015625,8.834136962890625,373.68706237660655,373.6870617655006,1.635341536381101e-09,8.464118067730286e-05,5.035567861032355e-05,1.0,1.0,0.32151898734177214,0.48659003831417624,9,2,1e-07,1e-05,1000,80.0,80.0,80.0,0.0,80.0,1.0,21.0,1.465201465201465,2.077191163063704,1.0
primary,x86_64,none,0.3.0,2.4.4,32,1,balanced,400,4000,0.05,0,0.9950501253132832,5,"[80, 80, 80, 80, 80]",powerlaw,5,0,0,8,5,"[388, 4, 3, 1, 1, 1, 1, 1]",0.4263540429999466,0.42674202822221713,0.41387669599998844,0.4398144849999426,0.007477250277422771,"[0.433796, 0.425762, 0.427852, 0.426354, 0.419192, 0.439814, 0.413877, 0.426117, 0.427914]",0.4024406270000327,0.40505084322222096,0.3996041540000306,0.4180287039999939,0.005637316686376459,"[0.399604, 0.418029, 0.408905, 0.402086, 0.402441, 0.402881, 0.402217, 0.407159, 0.402135]",1.0594209788861897,0.9900676485603115,1.100625407912824,37,optimal,nan,13.45904541015625,22.07572650909424,346.51593716741195,346.5159198400229,5.000459488592698e-08,0.00021551756445609832,0.0001333390127987367,0.999975,0.44036697247706424,0.850632911392405,0.5803108808290155,9,2,1e-07,1e-05,1000,80.0,80.0,80.0,0.0,80.0,1.0,388.0,50.0,127.75660452595005,1.0
primary,x86_64,none,0.3.0,2.4.4,32,1,balanced,400,4000,0.1,0,0.9950501253132832,5,"[80, 80, 80, 80, 80]",powerlaw,5,0,0,75,24,"[182, 12, 11, 9, 8, 8, 8, 8, 6, 6, 6, 5, 4, 4, 4, 4, 4, 4, 4, 4, 4, 4, 4, 3, 3, 3, 3, 3, 3, 3, 2, 2, 2, 2, 2, 2, 2, 2, 2, 2, 2, 2, 2, 2, 2, 2, 2, 2, 2, 2, 2, 1, 1, 1, 1, 1, 1, 1, 1, 1, 1, 1, 1, 1, 1, 1, 1, 1, 1, 1, 1, 1, 1, 1, 1]",0.4322075009999935,0.43533458511104883,0.4285470429999805,0.4503162319999774,0.008208530879182867,"[0.431671, 0.432712, 0.430425, 0.428547, 0.42967, 0.433724, 0.432208, 0.448738, 0.450316]",0.1379347780000444,0.13820535066664283,0.1366560550000031,0.14093152600003123,0.0013078153037323049,"[0.140932, 0.138418, 0.138258, 0.139452, 0.137935, 0.137771, 0.137117, 0.136656, 0.13731]",3.133419339681356,3.040817446338341,3.2952526838270515,38,optimal,nan,13.45904541015625,9.517450332641602,354.68430726506335,354.68386451079436,1.2483052109134624e-06,0.00265534963579285,0.0016324485102135297,0.999925,0.9544072948328267,0.7949367088607595,0.8674033149171272,9,2,1e-07,1e-05,1000,80.0,80.0,80.0,0.0,80.0,1.0,182.0,5.333333333333333,20.679350946186766,2.0
primary,x86_64,none,0.3.0,2.4.4,32,1,balanced,400,4000,0.15,0,0.9950501253132832,5,"[80, 80, 80, 80, 80]",powerlaw,5,0,0,117,54,"[43, 23, 19, 17, 15, 14, 12, 11, 9, 9, 9, 8, 8, 7, 6, 5, 5, 5, 4, 4, 4, 4, 4, 4, 4, 4, 4, 3, 3, 3, 3, 3, 3, 3, 3, 3, 3, 3, 3, 3, 2, 2, 2, 2, 2, 2, 2, 2, 2, 2, 2, 2, 2, 2, 2, 2, 2, 2, 2, 2, 2, 2, 2, 1, 1, 1, 1, 1, 1, 1, 1, 1, 1, 1, 1, 1, 1, 1, 1, 1, 1, 1, 1, 1, 1, 1, 1, 1, 1, 1, 1, 1, 1, 1, 1, 1, 1, 1, 1, 1, 1, 1, 1, 1, 1, 1, 1, 1, 1, 1, 1, 1, 1, 1, 1, 1, 1]",0.4160931100000198,0.41822909633335964,0.41107645900001444,0.4264348990000144,0.004887093641324014,"[0.415616, 0.416093, 0.418838, 0.423647, 0.426435, 0.411076, 0.421833, 0.415918, 0.414605]",0.040988661999790565,0.04126834922221355,0.040167011999983515,0.043142522000152894,0.0009983859463256262,"[0.040699, 0.040989, 0.041448, 0.040275, 0.040167, 0.042259, 0.043143, 0.04057, 0.041866]",10.151419678011102,9.528336312804282,10.616545213773666,36,optimal,nan,13.45904541015625,8.86253833770752,360.1087601105949,360.10872963872805,8.461851040526505e-08,0.0016100298878442831,0.0009896609479781513,0.999975,0.9964664310954063,0.7139240506329114,0.8318584070796461,9,2,1e-07,1e-05,1000,80.0,80.0,80.0,0.0,80.0,1.0,43.0,3.4188034188034186,5.298345679951603,2.0
primary,x86_64,none,0.3.0,2.4.4,32,1,balanced,400,4000,0.2,0,0.9950501253132832,5,"[80, 80, 80, 80, 80]",powerlaw,5,0,0,159,102,"[26, 23, 19, 17, 15, 12, 11, 9, 9, 8, 8, 7, 6, 6, 5, 5, 5, 4, 4, 4, 4, 4, 4, 3, 3, 3, 3, 3, 3, 3, 3, 3, 3, 3, 3, 3, 3, 3, 2, 2, 2, 2, 2, 2, 2, 2, 2, 2, 2, 2, 2, 2, 2, 2, 2, 2, 2, 1, 1, 1, 1, 1, 1, 1, 1, 1, 1, 1, 1, 1, 1, 1, 1, 1, 1, 1, 1, 1, 1, 1, 1, 1, 1, 1, 1, 1, 1, 1, 1, 1, 1, 1, 1, 1, 1, 1, 1, 1, 1, 1, 1, 1, 1, 1, 1, 1, 1, 1, 1, 1, 1, 1, 1, 1, 1, 1, 1, 1, 1, 1, 1, 1, 1, 1, 1, 1, 1, 1, 1, 1, 1, 1, 1, 1, 1, 1, 1, 1, 1, 1, 1, 1, 1, 1, 1, 1, 1, 1, 1, 1, 1, 1, 1, 1, 1, 1, 1, 1, 1]",0.4134472680000272,0.412621723111114,0.4027977519999695,0.423519504000069,0.006283677403557642,"[0.407059, 0.413447, 0.409124, 0.40932, 0.42352, 0.418579, 0.414549, 0.402798, 0.4152]",0.03417914900001051,0.034226510888907394,0.03405447699992692,0.03454722800006493,0.00013555643664135884,"[0.034252, 0.034255, 0.034547, 0.034179, 0.034149, 0.034244, 0.034178, 0.034054, 0.034179]",12.096476363407996,11.659336372782569,12.436529387926816,35,optimal,nan,13.45904541015625,8.840533256530762,363.9345431798497,363.93454239097787,2.1676200978044303e-09,0.00019901583501955034,0.0001220727655436934,1.0,1.0,0.610126582278481,0.7578616352201257,9,2,1e-07,1e-05,1000,80.0,80.0,80.0,0.0,80.0,1.0,26.0,2.5157232704402515,3.74813219045586,1.0
primary,x86_64,none,0.3.0,2.4.4,32,1,balanced,400,4000,0.25,0,0.9950501253132832,5,"[80, 80, 80, 80, 80]",powerlaw,5,0,0,189,137,"[22, 18, 17, 15, 14, 12, 9, 8, 8, 6, 6, 6, 5, 5, 5, 5, 5, 5, 4, 4, 4, 4, 3, 3, 3, 3, 3, 3, 3, 3, 3, 3, 3, 3, 3, 3, 3, 3, 2, 2, 2, 2, 2, 2, 2, 2, 2, 2, 2, 2, 2, 2, 1, 1, 1, 1, 1, 1, 1, 1, 1, 1, 1, 1, 1, 1, 1, 1, 1, 1, 1, 1, 1, 1, 1, 1, 1, 1, 1, 1, 1, 1, 1, 1, 1, 1, 1, 1, 1, 1, 1, 1, 1, 1, 1, 1, 1, 1, 1, 1, 1, 1, 1, 1, 1, 1, 1, 1, 1, 1, 1, 1, 1, 1, 1, 1, 1, 1, 1, 1, 1, 1, 1, 1, 1, 1, 1, 1, 1, 1, 1, 1, 1, 1, 1, 1, 1, 1, 1, 1, 1, 1, 1, 1, 1, 1, 1, 1, 1, 1, 1, 1, 1, 1, 1, 1, 1, 1, 1, 1, 1, 1, 1, 1, 1, 1, 1, 1, 1, 1, 1, 1, 1, 1, 1, 1, 1, 1, 1, 1, 1, 1, 1, 1, 1, 1, 1, 1, 1]",0.4237637319999976,0.42180957966664007,0.41233185900000535,0.4296946140000273,0.006228951022440851,"[0.426863, 0.429695, 0.423764, 0.426123, 0.412332, 0.421237, 0.414918, 0.426157, 0.415198]",0.03091983300009815,0.030998066222284452,0.030788037000093027,0.031234481000183223,0.00017236672313215187,"[0.031204, 0.031234, 0.03106, 0.03092, 0.030788, 0.030884, 0.030852, 0.030862, 0.031179]",13.705239999150463,13.201175297184756,13.956544679958938,36,optimal,nan,13.45904541015625,8.832476615905762,367.84444711589396,367.8444467145307,1.0911222260229304e-09,6.772741247387803e-05,4.1128185677336106e-05,1.0,1.0,0.5341772151898734,0.6963696369636964,9,2,1e-07,1e-05,1000,80.0,80.0,80.0,0.0,80.0,1.0,22.0,2.1164021164021163,2.9844740688992473,1.0
primary,x86_64,none,0.3.0,2.4.4,32,1,balanced,400,4000,0.3,0,0.9950501253132832,5,"[80, 80, 80, 80, 80]",powerlaw,5,0,0,225,176,"[21, 17, 16, 15, 12, 8, 8, 7, 7, 6, 6, 5, 5, 4, 4, 4, 4, 4, 3, 3, 3, 3, 3, 3, 3, 3, 3, 2, 2, 2, 2, 2, 2, 2, 2, 2, 2, 2, 2, 2, 2, 2, 2, 2, 2, 2, 2, 2, 2, 1, 1, 1, 1, 1, 1, 1, 1, 1, 1, 1, 1, 1, 1, 1, 1, 1, 1, 1, 1, 1, 1, 1, 1, 1, 1, 1, 1, 1, 1, 1, 1, 1, 1, 1, 1, 1, 1, 1, 1, 1, 1, 1, 1, 1, 1, 1, 1, 1, 1, 1, 1, 1, 1, 1, 1, 1, 1, 1, 1, 1, 1, 1, 1, 1, 1, 1, 1, 1, 1, 1, 1, 1, 1, 1, 1, 1, 1, 1, 1, 1, 1, 1, 1, 1, 1, 1, 1, 1, 1, 1, 1, 1, 1, 1, 1, 1, 1, 1, 1, 1, 1, 1, 1, 1, 1, 1, 1, 1, 1, 1, 1, 1, 1, 1, 1, 1, 1, 1, 1, 1, 1, 1, 1, 1, 1, 1, 1, 1, 1, 1, 1, 1, 1, 1, 1, 1, 1, 1, 1, 1, 1, 1, 1, 1, 1, 1, 1, 1, 1, 1]",0.4182979659999546,0.4201809228888275,0.41266045799989115,0.4312959310000224,0.005711392063888687,"[0.41266, 0.431296, 0.418298, 0.418754, 0.424419, 0.417588, 0.417244, 0.416132, 0.425238]",0.02763559400000304,0.02787372400002318,0.02745155499997054,0.029123346000005768,0.0006114983672042722,"[0.027452, 0.027511, 0.027636, 0.027672, 0.027498, 0.027495, 0.027752, 0.029123, 0.028724]",15.136203187813102,14.16940409250398,15.71116576093723,36,optimal,nan,13.45904541015625,8.8341703414917,370.5633682019479,370.5633676630717,1.4542080581057141e-09,7.710144247122241e-05,4.790937445740662e-05,1.0,1.0,0.4430379746835443,0.6140350877192983,9,2,1e-07,1e-05,1000,80.0,80.0,80.0,0.0,80.0,1.0,21.0,1.7777777777777777,2.509438971287663,1.0
primary,x86_64,none,0.3.0,2.4.4,32,1,balanced,400,4000,0.35,0,0.9950501253132832,5,"[80, 80, 80, 80, 80]",powerlaw,5,0,0,254,223,"[21, 17, 16, 15, 12, 8, 8, 7, 6, 5, 5, 5, 4, 4, 4, 4, 3, 3, 3, 3, 3, 3, 2, 2, 2, 2, 2, 2, 2, 2, 2, 1, 1, 1, 1, 1, 1, 1, 1, 1, 1, 1, 1, 1, 1, 1, 1, 1, 1, 1, 1, 1, 1, 1, 1, 1, 1, 1, 1, 1, 1, 1, 1, 1, 1, 1, 1, 1, 1, 1, 1, 1, 1, 1, 1, 1, 1, 1, 1, 1, 1, 1, 1, 1, 1, 1, 1, 1, 1, 1, 1, 1, 1, 1, 1, 1, 1, 1, 1, 1, 1, 1, 1, 1, 1, 1, 1, 1, 1, 1, 1, 1, 1, 1, 1, 1, 1, 1, 1, 1, 1, 1, 1, 1, 1, 1, 1, 1, 1, 1, 1, 1, 1, 1, 1, 1, 1, 1, 1, 1, 1, 1, 1, 1, 1, 1, 1, 1, 1, 1, 1, 1, 1, 1, 1, 1, 1, 1, 1, 1, 1, 1, 1, 1, 1, 1, 1, 1, 1, 1, 1, 1, 1, 1, 1, 1, 1, 1, 1, 1, 1, 1, 1, 1, 1, 1, 1, 1, 1, 1, 1, 1, 1, 1, 1, 1, 1, 1, 1, 1]",0.40874298300013834,0.41171698000006374,0.4039056620001702,0.42675033800014717,0.007607767396028605,"[0.420073, 0.408743, 0.42675, 0.407465, 0.403906, 0.414348, 0.406258, 0.405262, 0.412648]",0.02408776700008275,0.02419001055555883,0.023762433000001693,0.02542234800012011,0.0004855018370543588,"[0.024057, 0.024097, 0.024088, 0.02385, 0.023762, 0.024015, 0.024229, 0.025422, 0.024189]",16.96890305351817,15.887818937820454,17.95903382452953,35,optimal,nan,13.45904541015625,8.833104133605957,372.5044378157434,372.50443730730757,1.3649121854627504e-09,0.0001715236364997208,0.00010446882419230832,1.0,1.0,0.369620253164557,0.5397412199630315,9,2,1e-07,1e-05,1000,80.0,80.0,80.0,0.0,80.0,1.0,21.0,1.5748031496062993,2.3393911484619005,1.0
primary,x86_64,none,0.3.0,2.4.4,32,1,balanced,400,4000,0.4,0,0.9950501253132832,5,"[80, 80, 80, 80, 80]",powerlaw,5,0,0,274,249,"[21, 16, 15, 15, 12, 8, 8, 7, 6, 5, 4, 4, 3, 3, 3, 3, 2, 2, 2, 2, 2, 2, 2, 2, 2, 1, 1, 1, 1, 1, 1, 1, 1, 1, 1, 1, 1, 1, 1, 1, 1, 1, 1, 1, 1, 1, 1, 1, 1, 1, 1, 1, 1, 1, 1, 1, 1, 1, 1, 1, 1, 1, 1, 1, 1, 1, 1, 1, 1, 1, 1, 1, 1, 1, 1, 1, 1, 1, 1, 1, 1, 1, 1, 1, 1, 1, 1, 1, 1, 1, 1, 1, 1, 1, 1, 1, 1, 1, 1, 1, 1, 1, 1, 1, 1, 1, 1, 1, 1, 1, 1, 1, 1, 1, 1, 1, 1, 1, 1, 1, 1, 1, 1, 1, 1, 1, 1, 1, 1, 1, 1, 1, 1, 1, 1, 1, 1, 1, 1, 1, 1, 1, 1, 1, 1, 1, 1, 1, 1, 1, 1, 1, 1, 1, 1, 1, 1, 1, 1, 1, 1, 1, 1, 1, 1, 1, 1, 1, 1, 1, 1, 1, 1, 1, 1, 1, 1, 1, 1, 1, 1, 1, 1, 1, 1, 1, 1, 1, 1, 1, 1, 1, 1, 1, 1, 1, 1, 1, 1, 1]",0.4195392220001395,0.4228517145555391,0.4173638879999544,0.43488792100015417,0.006030375424241185,"[0.418994, 0.419539, 0.422366, 0.41949, 0.417768, 0.425747, 0.417364, 0.434888, 0.429509]",0.021659619000047314,0.021646293222198035,0.02149338699996406,0.021873341999935292,0.00010868190394770125,"[0.02166, 0.021596, 0.021668, 0.021704, 0.021574, 0.021873, 0.021683, 0.021566, 0.021493]",19.36964920755176,19.08093824899684,20.23356863210444,36,optimal,nan,13.45904541015625,8.834811210632324,374.4570484881879,374.45704803711584,1.2046029968396457e-09,0.00015867850788695015,9.746802488884506e-05,1.0,1.0,0.3189873417721519,0.4836852207293666,9,2,1e-07,1e-05,1000,80.0,80.0,80.0,0.0,80.0,1.0,21.0,1.4598540145985401,2.176565963794035,1.0
primary,x86_64,none,0.3.0,2.4.4,32,1,balanced,800,1600,0.05,0,0.9975125156445557,5,"[160, 160, 160, 160, 160]",powerlaw,5,0,0,1,0,[800],2.1634776700000202,2.183798268888899,2.097418394999977,2.3290163919998577,0.08024957792924452,"[2.29892, 2.329016, 2.145467, 2.097418, 2.14573, 2.163478, 2.194144, 2.174956, 2.105055]",2.2069445790000373,2.1955375396666263,2.147033253000018,2.234427138000001,0.02917314447901055,"[2.174619, 2.215589, 2.147033, 2.234427, 2.202384, 2.157385, 2.212938, 2.208518, 2.206945]",0.9803044854802326,0.9386828325390559,1.0847602796768785,27,optimal,nan,53.74835205078125,92.81869220733643,678.6990755147468,678.6990755147468,0.0,0.0,0.0,1.0,0.04809498760051101,0.8050314465408805,0.09076726705431853,9,2,1e-07,1e-05,1000,160.0,160.0,160.0,0.0,160.0,800.0,800.0,800.0,0.0,800.0
primary,x86_64,none,0.3.0,2.4.4,32,1,balanced,800,1600,0.1,0,0.9975125156445557,5,"[160, 160, 160, 160, 160]",powerlaw,5,0,0,86,67,"[687, 6, 5, 3, 3, 3, 2, 2, 2, 2, 2, 2, 2, 2, 2, 2, 2, 2, 2, 1, 1, 1, 1, 1, 1, 1, 1, 1, 1, 1, 1, 1, 1, 1, 1, 1, 1, 1, 1, 1, 1, 1, 1, 1, 1, 1, 1, 1, 1, 1, 1, 1, 1, 1, 1, 1, 1, 1, 1, 1, 1, 1, 1, 1, 1, 1, 1, 1, 1, 1, 1, 1, 1, 1, 1, 1, 1, 1, 1, 1, 1, 1, 1, 1, 1, 1]",3.078129192000006,3.141946398111082,3.051000262999878,3.6056152690000545,0.17751614297678553,"[3.605615, 3.171324, 3.078129, 3.093352, 3.072251, 3.052774, 3.085821, 3.06725, 3.051]",2.3962238389999584,2.4763956518888537,2.34565236200001,2.7688390470000286,0.1476260563138239,"[2.396224, 2.347983, 2.355811, 2.392977, 2.624992, 2.526688, 2.528395, 2.768839, 2.345652]",1.2845749808100708,1.1019059653559726,1.537148184194585,41,optimal,nan,53.74835205078125,72.31516170501709,695.0628575918223,695.0597956693325,4.405245448448335e-06,0.002711034983196428,0.0015213404015104088,0.999909375,0.4538590604026846,0.680503144654088,0.5445395067941621,9,2,1e-07,1e-05,1000,160.0,160.0,160.0,0.0,160.0,1.0,687.0,9.30232558139535,73.51112394344736,1.0
primary,x86_64,none,0.3.0,2.4.4,32,1,balanced,800,1600,0.15,0,0.9975125156445557,5,"[160, 160, 160, 160, 160]",powerlaw,5,0,0,269,192,"[407, 11, 6, 6, 6, 6, 4, 4, 3, 3, 3, 3, 3, 3, 3, 3, 3, 3, 3, 3, 3, 3, 3, 3, 3, 3, 3, 3, 2, 2, 2, 2, 2, 2, 2, 2, 2, 2, 2, 2, 2, 2, 2, 2, 2, 2, 2, 2, 2, 2, 2, 2, 2, 2, 2, 2, 2, 2, 2, 2, 2, 2, 2, 2, 2, 2, 2, 2, 2, 2, 2, 2, 2, 2, 2, 2, 2, 1, 1, 1, 1, 1, 1, 1, 1, 1, 1, 1, 1, 1, 1, 1, 1, 1, 1, 1, 1, 1, 1, 1, 1, 1, 1, 1, 1, 1, 1, 1, 1, 1, 1, 1, 1, 1, 1, 1, 1, 1, 1, 1, 1, 1, 1, 1, 1, 1, 1, 1, 1, 1, 1, 1, 1, 1, 1, 1, 1, 1, 1, 1, 1, 1, 1, 1, 1, 1, 1, 1, 1, 1, 1, 1, 1, 1, 1, 1, 1, 1, 1, 1, 1, 1, 1, 1, 1, 1, 1, 1, 1, 1, 1, 1, 1, 1, 1, 1, 1, 1, 1, 1, 1, 1, 1, 1, 1, 1, 1, 1, 1, 1, 1, 1, 1, 1, 1, 1, 1, 1, 1, 1]",2.569846838000103,2.568022008777815,2.5502776239998184,2.5832823640000697,0.01196086951370983,"[2.577601, 2.569847, 2.554372, 2.582198, 2.583282, 2.550278, 2.572293, 2.56219, 2.560138]",0.7088160309999694,0.7098284240000289,0.7054355980001219,0.7188206200000877,0.004018787157313844,"[0.718821, 0.707061, 0.711434, 0.706416, 0.708816, 0.711758, 0.710351, 0.705436, 0.708362]",3.625548415397245,3.547863754937229,3.6619676853897913,35,optimal,nan,53.74835205078125,38.268165588378906,704.0179232096216,704.0157975650955,3.019304560373526e-06,0.0022975836799671717,0.0012896193730313013,0.999871875,0.7918088737201365,0.5836477987421383,0.6719768283852281,9,2,1e-07,1e-05,1000,160.0,160.0,160.0,0.0,160.0,1.0,407.0,2.973977695167286,24.701550742514208,1.0
primary,x86_64,none,0.3.0,2.4.4,32,1,balanced,800,1600,0.2,0,0.9975125156445557,5,"[160, 160, 160, 160, 160]",powerlaw,5,0,0,399,325,"[229, 10, 8, 7, 7, 7, 6, 6, 6, 6, 6, 5, 5, 5, 4, 4, 4, 4, 4, 4, 4, 4, 4, 4, 3, 3, 3, 3, 3, 3, 3, 3, 3, 3, 3, 3, 3, 3, 3, 3, 3, 3, 3, 3, 3, 3, 2, 2, 2, 2, 2, 2, 2, 2, 2, 2, 2, 2, 2, 2, 2, 2, 2, 2, 2, 2, 2, 2, 2, 2, 2, 2, 2, 2, 1, 1, 1, 1, 1, 1, 1, 1, 1, 1, 1, 1, 1, 1, 1, 1, 1, 1, 1, 1, 1, 1, 1, 1, 1, 1, 1, 1, 1, 1, 1, 1, 1, 1, 1, 1, 1, 1, 1, 1, 1, 1, 1, 1, 1, 1, 1, 1, 1, 1, 1, 1, 1, 1, 1, 1, 1, 1, 1, 1, 1, 1, 1, 1, 1, 1, 1, 1, 1, 1, 1, 1, 1, 1, 1, 1, 1, 1, 1, 1, 1, 1, 1, 1, 1, 1, 1, 1, 1, 1, 1, 1, 1, 1, 1, 1, 1, 1, 1, 1, 1, 1, 1, 1, 1, 1, 1, 1, 1, 1, 1, 1, 1, 1, 1, 1, 1, 1, 1, 1, 1, 1, 1, 1, 1, 1]",2.9010314610000023,2.928631628000024,2.773987168000076,3.1591648789999454,0.13289619614573706,"[2.909123, 2.838201, 2.823175, 2.773987, 2.840579, 2.901031, 3.014478, 3.159165, 3.097945]",0.3094518479999806,0.31078375822218934,0.305576426000016,0.31682395999996515,0.003819416643214444,"[0.309441, 0.305576, 0.309084, 0.309452, 0.316824, 0.316255, 0.312631, 0.307141, 0.310649]",9.374742725725083,8.755610427949897,10.338378913430253,37,optimal,nan,53.74835205078125,35.731839179992676,712.4212543584554,712.4178863070209,4.727612229203633e-06,0.00562161475747551,0.0030863570004958695,0.999925,0.9101941747572816,0.4716981132075472,0.6213753106876554,9,2,1e-07,1e-05,1000,160.0,160.0,160.0,0.0,160.0,1.0,229.0,2.0050125313283207,11.437745844893312,1.0
primary,x86_64,none,0.3.0,2.4.4,32,1,balanced,800,1600,0.25,0,0.9975125156445557,5,"[160, 160, 160, 160, 160]",powerlaw,5,0,0,454,375,"[63, 24, 23, 13, 13, 12, 11, 10, 10, 10, 8, 8, 7, 7, 7, 6, 6, 6, 6, 5, 5, 4, 4, 4, 4, 4, 4, 4, 4, 4, 4, 3, 3, 3, 3, 3, 3, 3, 3, 3, 3, 3, 3, 3, 3, 3, 3, 3, 3, 3, 3, 3, 3, 3, 3, 3, 3, 3, 3, 3, 2, 2, 2, 2, 2, 2, 2, 2, 2, 2, 2, 2, 2, 2, 2, 2, 2, 2, 2, 1, 1, 1, 1, 1, 1, 1, 1, 1, 1, 1, 1, 1, 1, 1, 1, 1, 1, 1, 1, 1, 1, 1, 1, 1, 1, 1, 1, 1, 1, 1, 1, 1, 1, 1, 1, 1, 1, 1, 1, 1, 1, 1, 1, 1, 1, 1, 1, 1, 1, 1, 1, 1, 1, 1, 1, 1, 1, 1, 1, 1, 1, 1, 1, 1, 1, 1, 1, 1, 1, 1, 1, 1, 1, 1, 1, 1, 1, 1, 1, 1, 1, 1, 1, 1, 1, 1, 1, 1, 1, 1, 1, 1, 1, 1, 1, 1, 1, 1, 1, 1, 1, 1, 1, 1, 1, 1, 1, 1, 1, 1, 1, 1, 1, 1, 1, 1, 1, 1, 1, 1]",2.6884728089999044,2.6769372686666077,2.6206037619999734,2.7198205289998896,0.04021289196581918,"[2.719821, 2.684282, 2.712033, 2.718469, 2.690164, 2.635035, 2.688473, 2.620604, 2.623554]",0.08330862100001468,0.0836272196666717,0.0829880440001034,0.0845363159999124,0.0006486589136817223,"[0.082988, 0.084536, 0.083145, 0.083012, 0.084249, 0.084438, 0.083309, 0.083076, 0.083893]",32.27124368076421,30.999739354654263,32.77364302015,36,optimal,nan,53.74835205078125,34.698323249816895,716.2422130907858,716.2409211341361,1.8037985279825077e-06,0.004320866716054889,0.002330515140080675,0.999990625,0.9827089337175793,0.4289308176100629,0.5971978984238179,9,2,1e-07,1e-05,1000,160.0,160.0,160.0,0.0,160.0,1.0,63.0,1.7621145374449338,3.607477662883411,1.0
primary,x86_64,none,0.3.0,2.4.4,32,1,balanced,800,1600,0.3,0,0.9975125156445557,5,"[160, 160, 160, 160, 160]",powerlaw,5,0,0,500,418,"[63, 24, 23, 12, 11, 9, 9, 8, 8, 7, 7, 6, 6, 6, 5, 5, 4, 4, 4, 4, 4, 4, 4, 4, 3, 3, 3, 3, 3, 3, 3, 3, 3, 3, 3, 3, 3, 3, 3, 3, 3, 3, 3, 3, 3, 3, 3, 3, 3, 2, 2, 2, 2, 2, 2, 2, 2, 2, 2, 2, 2, 2, 2, 2, 2, 2, 2, 2, 2, 2, 2, 2, 2, 2, 2, 2, 2, 2, 2, 2, 2, 2, 1, 1, 1, 1, 1, 1, 1, 1, 1, 1, 1, 1, 1, 1, 1, 1, 1, 1, 1, 1, 1, 1, 1, 1, 1, 1, 1, 1, 1, 1, 1, 1, 1, 1, 1, 1, 1, 1, 1, 1, 1, 1, 1, 1, 1, 1, 1, 1, 1, 1, 1, 1, 1, 1, 1, 1, 1, 1, 1, 1, 1, 1, 1, 1, 1, 1, 1, 1, 1, 1, 1, 1, 1, 1, 1, 1, 1, 1, 1, 1, 1, 1, 1, 1, 1, 1, 1, 1, 1, 1, 1, 1, 1, 1, 1, 1, 1, 1, 1, 1, 1, 1, 1, 1, 1, 1, 1, 1, 1, 1, 1, 1, 1, 1, 1, 1, 1, 1]",2.805734953999945,2.7849755837777743,2.688044149999996,2.8946234180000374,0.06599218151299671,"[2.799498, 2.712167, 2.688044, 2.717397, 2.894623, 2.817865, 2.805735, 2.809257, 2.820193]",0.08252246200004265,0.08395846255555423,0.08016562800003157,0.09111630100005641,0.0035563844545446407,"[0.082236, 0.086241, 0.081474, 0.082522, 0.091116, 0.086048, 0.080402, 0.080166, 0.085421]",33.99965156151661,29.501243141974474,36.1080364517184,37,optimal,nan,53.74835205078125,34.702571868896484,721.4867873274715,721.4835391067644,4.502120848389152e-06,0.004848680462694113,0.0026213770830350006,0.999990625,0.99,0.37358490566037733,0.5424657534246575,9,2,1e-07,1e-05,1000,160.0,160.0,160.0,0.0,160.0,1.0,63.0,1.6,3.3190360046254397,1.0
primary,x86_64,none,0.3.0,2.4.4,32,1,balanced,800,1600,0.35,0,0.9975125156445557,5,"[160, 160, 160, 160, 160]",powerlaw,5,0,0,540,467,"[28, 24, 23, 17, 11, 10, 9, 8, 8, 8, 7, 7, 6, 6, 6, 6, 5, 5, 5, 4, 4, 4, 4, 4, 3, 3, 3, 3, 3, 3, 3, 3, 3, 3, 3, 3, 3, 3, 3, 3, 2, 2, 2, 2, 2, 2, 2, 2, 2, 2, 2, 2, 2, 2, 2, 2, 2, 2, 2, 2, 2, 2, 2, 2, 2, 2, 2, 2, 2, 2, 2, 2, 2, 1, 1, 1, 1, 1, 1, 1, 1, 1, 1, 1, 1, 1, 1, 1, 1, 1, 1, 1, 1, 1, 1, 1, 1, 1, 1, 1, 1, 1, 1, 1, 1, 1, 1, 1, 1, 1, 1, 1, 1, 1, 1, 1, 1, 1, 1, 1, 1, 1, 1, 1, 1, 1, 1, 1, 1, 1, 1, 1, 1, 1, 1, 1, 1, 1, 1, 1, 1, 1, 1, 1, 1, 1, 1, 1, 1, 1, 1, 1, 1, 1, 1, 1, 1, 1, 1, 1, 1, 1, 1, 1, 1, 1, 1, 1, 1, 1, 1, 1, 1, 1, 1, 1, 1, 1, 1, 1, 1, 1, 1, 1, 1, 1, 1, 1, 1, 1, 1, 1, 1, 1, 1, 1, 1, 1, 1, 1]",2.8835930650000137,2.8981359231110875,2.8465738269999292,3.025432314999989,0.05407257419747286,"[2.911667, 2.859609, 3.025432, 2.895562, 2.883593, 2.925527, 2.863713, 2.846574, 2.871546]",0.05923185400001785,0.059973268444461304,0.058410227000194936,0.061785779000047114,0.0012712475006172626,"[0.059207, 0.05841, 0.059232, 0.058889, 0.059131, 0.061754, 0.061786, 0.060778, 0.060574]",48.68314716265921,46.07166686362826,51.79627730243014,38,optimal,nan,53.74835205078125,34.644365310668945,725.1919189902108,725.1788001903031,1.80901076860717e-05,0.01597653270474314,0.00879087478442237,0.99999375,0.9961685823754789,0.3270440251572327,0.49242424242424243,9,2,1e-07,1e-05,1000,160.0,160.0,160.0,0.0,160.0,1.0,28.0,1.4814814814814814,2.2055547781197125,1.0
primary,x86_64,none,0.3.0,2.4.4,32,1,balanced,800,1600,0.4,0,0.9975125156445557,5,"[160, 160, 160, 160, 160]",powerlaw,5,0,0,574,517,"[28, 24, 23, 17, 11, 9, 8, 8, 8, 7, 7, 7, 6, 6, 5, 4, 4, 4, 4, 4, 4, 3, 3, 3, 3, 3, 3, 3, 3, 3, 3, 3, 3, 3, 2, 2, 2, 2, 2, 2, 2, 2, 2, 2, 2, 2, 2, 2, 2, 2, 2, 2, 2, 2, 2, 2, 2, 1, 1, 1, 1, 1, 1, 1, 1, 1, 1, 1, 1, 1, 1, 1, 1, 1, 1, 1, 1, 1, 1, 1, 1, 1, 1, 1, 1, 1, 1, 1, 1, 1, 1, 1, 1, 1, 1, 1, 1, 1, 1, 1, 1, 1, 1, 1, 1, 1, 1, 1, 1, 1, 1, 1, 1, 1, 1, 1, 1, 1, 1, 1, 1, 1, 1, 1, 1, 1, 1, 1, 1, 1, 1, 1, 1, 1, 1, 1, 1, 1, 1, 1, 1, 1, 1, 1, 1, 1, 1, 1, 1, 1, 1, 1, 1, 1, 1, 1, 1, 1, 1, 1, 1, 1, 1, 1, 1, 1, 1, 1, 1, 1, 1, 1, 1, 1, 1, 1, 1, 1, 1, 1, 1, 1, 1, 1, 1, 1, 1, 1, 1, 1, 1, 1, 1, 1, 1, 1, 1, 1, 1, 1]",2.9646779849999803,2.984823489444428,2.901464236000038,3.1192390040000646,0.08371086967463218,"[2.964678, 2.954414, 3.109461, 3.017417, 2.988889, 2.901636, 3.119239, 2.901464, 2.906213]",0.05504765699993186,0.055294091777745455,0.05480544400006693,0.0566588489998594,0.000595886864748097,"[0.054805, 0.055048, 0.055048, 0.055241, 0.056659, 0.055061, 0.055863, 0.055046, 0.054875]",53.85656986279452,51.20937483229209,56.91476569364634,39,optimal,nan,53.74835205078125,34.64294624328613,727.3211721468368,727.3152732167429,8.110488625748404e-06,0.009714583645835079,0.005292804595963159,0.999996875,0.9955947136563876,0.2842767295597484,0.4422700587084149,9,2,1e-07,1e-05,1000,160.0,160.0,160.0,0.0,160.0,1.0,28.0,1.3937282229965158,2.096544951700208,1.0
primary,x86_64,none,0.3.0,2.4.4,32,1,balanced,800,4000,0.05,0,0.9975125156445557,5,"[160, 160, 160, 160, 160]",powerlaw,5,0,0,18,11,"[776, 3, 2, 2, 2, 2, 2, 1, 1, 1, 1, 1, 1, 1, 1, 1, 1, 1]",2.192627775000119,2.194626450777807,2.153849472000047,2.278348975999961,0.03983489703484069,"[2.19758, 2.170028, 2.162477, 2.153849, 2.166248, 2.278349, 2.234158, 2.19632, 2.192628]",2.202703518999897,2.216150263444433,2.117743037000082,2.429409697999972,0.09569311799642559,"[2.15406, 2.130664, 2.117743, 2.204885, 2.174903, 2.202704, 2.42941, 2.260385, 2.2706]",0.9954257375480325,0.8865731760983824,1.0758382561972144,30,optimal,nan,53.74835205078125,88.20307636260986,683.1502377311592,683.1497089237507,7.740719087742523e-07,0.0008090777900859811,0.000462030781677558,0.999915625,0.2633099463475031,0.8025157232704403,0.39651957737725296,9,2,1e-07,1e-05,1000,160.0,160.0,160.0,0.0,160.0,1.0,776.0,44.44444444444444,177.42924167810992,1.0
primary,x86_64,none,0.3.0,2.4.4,32,1,balanced,800,4000,0.1,0,0.9975125156445557,5,"[160, 160, 160, 160, 160]",powerlaw,5,0,0,203,103,"[395, 10, 9, 8, 8, 8, 7, 6, 6, 6, 6, 6, 4, 4, 4, 4, 4, 4, 4, 4, 3, 3, 3, 3, 3, 3, 3, 3, 3, 3, 3, 3, 3, 3, 3, 3, 3, 3, 3, 3, 3, 3, 3, 3, 3, 3, 3, 3, 3, 3, 2, 2, 2, 2, 2, 2, 2, 2, 2, 2, 2, 2, 2, 2, 2, 2, 2, 2, 2, 2, 2, 2, 2, 2, 2, 2, 2, 2, 2, 2, 2, 2, 2, 2, 2, 2, 2, 2, 2, 2, 2, 2, 2, 2, 2, 2, 2, 2, 2, 2, 1, 1, 1, 1, 1, 1, 1, 1, 1, 1, 1, 1, 1, 1, 1, 1, 1, 1, 1, 1, 1, 1, 1, 1, 1, 1, 1, 1, 1, 1, 1, 1, 1, 1, 1, 1, 1, 1, 1, 1, 1, 1, 1, 1, 1, 1, 1, 1, 1, 1, 1, 1, 1, 1, 1, 1, 1, 1, 1, 1, 1, 1, 1, 1, 1, 1, 1, 1, 1, 1, 1, 1, 1, 1, 1, 1, 1, 1, 1, 1, 1, 1, 1, 1, 1, 1, 1, 1, 1, 1, 1, 1, 1, 1, 1, 1, 1, 1, 1, 1]",2.4036221569999725,2.3760790542221963,2.295635867000101,2.4791206840000086,0.0640562552382202,"[2.304757, 2.295636, 2.403622, 2.316998, 2.337504, 2.404036, 2.479121, 2.420608, 2.42243]",0.6308482209999511,0.6323891919999419,0.6109024879999652,0.6528752459998941,0.014404700591719789,"[0.630848, 0.619862, 0.610902, 0.624189, 0.642782, 0.636759, 0.650585, 0.652875, 0.622701]",3.8101433545933054,3.51619376146553,4.058128314579969,31,optimal,nan,53.74835205078125,38.04690456390381,695.2557138256855,695.253975241976,2.5006392250393706e-06,0.0029022353905121465,0.0016422295042517346,0.99990625,0.8609794628751974,0.6855345911949685,0.7633053221288516,9,2,1e-07,1e-05,1000,160.0,160.0,160.0,0.0,160.0,1.0,395.0,3.9408866995073892,27.55874072498176,1.0
primary,x86_64,none,0.3.0,2.4.4,32,1,balanced,800,4000,0.15,0,0.9975125156445557,5,"[160, 160, 160, 160, 160]",powerlaw,5,0,0,329,208,"[97, 27, 23, 18, 16, 13, 12, 12, 10, 10, 10, 9, 9, 8, 8, 7, 7, 6, 6, 6, 6, 6, 6, 6, 5, 5, 5, 4, 4, 4, 4, 4, 4, 4, 4, 4, 4, 4, 3, 3, 3, 3, 3, 3, 3, 3, 3, 3, 3, 3, 3, 3, 3, 3, 3, 3, 3, 3, 3, 3, 3, 3, 3, 3, 3, 3, 3, 2, 2, 2, 2, 2, 2, 2, 2, 2, 2, 2, 2, 2, 2, 2, 2, 2, 2, 2, 2, 2, 2, 2, 2, 2, 2, 2, 2, 2, 2, 2, 2, 2, 2, 2, 2, 2, 2, 2, 2, 2, 2, 2, 2, 2, 2, 2, 2, 2, 2, 2, 2, 2, 2, 1, 1, 1, 1, 1, 1, 1, 1, 1, 1, 1, 1, 1, 1, 1, 1, 1, 1, 1, 1, 1, 1, 1, 1, 1, 1, 1, 1, 1, 1, 1, 1, 1, 1, 1, 1, 1, 1, 1, 1, 1, 1, 1, 1, 1, 1, 1, 1, 1, 1, 1, 1, 1, 1, 1, 1, 1, 1, 1, 1, 1, 1, 1, 1, 1, 1, 1, 1, 1, 1, 1, 1, 1, 1, 1, 1, 1, 1, 1]",2.2781890730000214,2.2955041012222006,2.2590951810000206,2.3880201370000123,0.04061583257410298,"[2.38802, 2.273777, 2.267211, 2.259095, 2.267954, 2.320428, 2.313914, 2.290949, 2.278189]",0.11113861200010433,0.11113953633336375,0.10930065000002287,0.11297895000006974,0.0013480563628263656,"[0.109383, 0.109301, 0.110696, 0.112845, 0.111652, 0.112979, 0.111944, 0.111139, 0.110319]",20.49862808254149,19.995717618181317,21.848178734522737,31,optimal,nan,53.74835205078125,34.8215274810791,704.5065265959812,704.5042194601384,3.274825364545249e-06,0.004415345297663659,0.0025491309011043896,0.999965625,0.9747899159663865,0.5836477987421383,0.7301337529504327,9,2,1e-07,1e-05,1000,160.0,160.0,160.0,0.0,160.0,1.0,97.0,2.43161094224924,5.946752388507075,1.0
primary,x86_64,none,0.3.0,2.4.4,32,1,balanced,800,4000,0.2,0,0.9975125156445557,5,"[160, 160, 160, 160, 160]",powerlaw,5,0,0,422,331,"[44, 34, 24, 23, 13, 12, 11, 10, 10, 10, 9, 8, 7, 7, 7, 7, 6, 6, 6, 6, 6, 5, 5, 5, 5, 4, 4, 4, 4, 4, 4, 4, 4, 4, 4, 4, 4, 4, 3, 3, 3, 3, 3, 3, 3, 3, 3, 3, 3, 3, 3, 3, 3, 3, 3, 3, 3, 3, 3, 3, 3, 3, 3, 2, 2, 2, 2, 2, 2, 2, 2, 2, 2, 2, 2, 2, 2, 2, 2, 2, 2, 2, 2, 2, 2, 2, 2, 2, 2, 2, 2, 1, 1, 1, 1, 1, 1, 1, 1, 1, 1, 1, 1, 1, 1, 1, 1, 1, 1, 1, 1, 1, 1, 1, 1, 1, 1, 1, 1, 1, 1, 1, 1, 1, 1, 1, 1, 1, 1, 1, 1, 1, 1, 1, 1, 1, 1, 1, 1, 1, 1, 1, 1, 1, 1, 1, 1, 1, 1, 1, 1, 1, 1, 1, 1, 1, 1, 1, 1, 1, 1, 1, 1, 1, 1, 1, 1, 1, 1, 1, 1, 1, 1, 1, 1, 1, 1, 1, 1, 1, 1, 1, 1, 1, 1, 1, 1, 1, 1, 1, 1, 1, 1, 1, 1, 1, 1, 1, 1, 1]",2.2853104250000342,2.289406757000001,2.27222420399994,2.3235493399999996,0.015142417181034798,"[2.299799, 2.282511, 2.278368, 2.281039, 2.272224, 2.323549, 2.289423, 2.292437, 2.28531]",0.07916180100005477,0.08006956866668385,0.07860970000001544,0.08379707500012046,0.001685273877431511,"[0.07861, 0.079022, 0.078657, 0.079162, 0.079067, 0.080781, 0.083797, 0.081152, 0.080379]",28.86885336272798,27.115793767224854,29.558048688642028,31,optimal,nan,53.74835205078125,34.67155361175537,711.5504705916936,711.5489591020078,2.1242199230235707e-06,0.0044379090116548475,0.002570483228928587,0.999990625,0.9947089947089947,0.4729559748427673,0.641091219096334,9,2,1e-07,1e-05,1000,160.0,160.0,160.0,0.0,160.0,1.0,44.0,1.8957345971563981,3.411512542157207,1.0
primary,x86_64,none,0.3.0,2.4.4,32,1,balanced,800,4000,0.25,0,0.9975125156445557,5,"[160, 160, 160, 160, 160]",powerlaw,5,0,0,457,375,"[66, 24, 23, 13, 12, 11, 10, 10, 9, 8, 8, 7, 7, 7, 7, 6, 6, 6, 5, 5, 5, 4, 4, 4, 4, 4, 4, 4, 4, 4, 4, 4, 4, 3, 3, 3, 3, 3, 3, 3, 3, 3, 3, 3, 3, 3, 3, 3, 3, 3, 3, 3, 3, 3, 3, 3, 3, 2, 2, 2, 2, 2, 2, 2, 2, 2, 2, 2, 2, 2, 2, 2, 2, 2, 2, 2, 2, 2, 2, 2, 2, 2, 1, 1, 1, 1, 1, 1, 1, 1, 1, 1, 1, 1, 1, 1, 1, 1, 1, 1, 1, 1, 1, 1, 1, 1, 1, 1, 1, 1, 1, 1, 1, 1, 1, 1, 1, 1, 1, 1, 1, 1, 1, 1, 1, 1, 1, 1, 1, 1, 1, 1, 1, 1, 1, 1, 1, 1, 1, 1, 1, 1, 1, 1, 1, 1, 1, 1, 1, 1, 1, 1, 1, 1, 1, 1, 1, 1, 1, 1, 1, 1, 1, 1, 1, 1, 1, 1, 1, 1, 1, 1, 1, 1, 1, 1, 1, 1, 1, 1, 1, 1, 1, 1, 1, 1, 1, 1, 1, 1, 1, 1, 1, 1, 1, 1, 1, 1, 1, 1]",2.4566294109999944,2.470036030777793,2.4511479560001135,2.5061687950001215,0.02069623135106194,"[2.451148, 2.480837, 2.452822, 2.456162, 2.456629, 2.506169, 2.486204, 2.48912, 2.451234]",0.0833470390000457,0.08400401900005111,0.08276763000003484,0.08886092300008386,0.0019440259157530995,"[0.088861, 0.084177, 0.082784, 0.082795, 0.082768, 0.083465, 0.083347, 0.083083, 0.084756]",29.474705286154766,27.584092908845886,30.279576629161262,33,optimal,nan,53.74835205078125,34.7068977355957,716.9537279993104,716.9441572815698,1.3349142862191925e-05,0.012848150783616862,0.007255726745765322,0.999990625,0.9970845481049563,0.43018867924528303,0.6010544815465729,9,2,1e-07,1e-05,1000,160.0,160.0,160.0,0.0,160.0,1.0,66.0,1.75054704595186,3.6730619007850853,1.0
primary,x86_64,none,0.3.0,2.4.4,32,1,balanced,800,4000,0.3,0,0.9975125156445557,5,"[160, 160, 160, 160, 160]",powerlaw,5,0,0,503,417,"[28, 24, 23, 17, 11, 10, 9, 9, 8, 8, 8, 7, 7, 7, 7, 7, 6, 6, 6, 5, 5, 4, 4, 4, 4, 4, 4, 4, 3, 3, 3, 3, 3, 3, 3, 3, 3, 3, 3, 3, 3, 3, 3, 3, 3, 3, 3, 3, 3, 2, 2, 2, 2, 2, 2, 2, 2, 2, 2, 2, 2, 2, 2, 2, 2, 2, 2, 2, 2, 2, 2, 2, 2, 2, 2, 2, 2, 2, 2, 2, 2, 2, 2, 2, 2, 2, 1, 1, 1, 1, 1, 1, 1, 1, 1, 1, 1, 1, 1, 1, 1, 1, 1, 1, 1, 1, 1, 1, 1, 1, 1, 1, 1, 1, 1, 1, 1, 1, 1, 1, 1, 1, 1, 1, 1, 1, 1, 1, 1, 1, 1, 1, 1, 1, 1, 1, 1, 1, 1, 1, 1, 1, 1, 1, 1, 1, 1, 1, 1, 1, 1, 1, 1, 1, 1, 1, 1, 1, 1, 1, 1, 1, 1, 1, 1, 1, 1, 1, 1, 1, 1, 1, 1, 1, 1, 1, 1, 1, 1, 1, 1, 1, 1, 1, 1, 1, 1, 1, 1, 1, 1, 1, 1, 1, 1, 1, 1, 1, 1, 1]",2.3769249140000284,2.3737491320000066,2.344548519,2.4125456459998986,0.025058542921464835,"[2.344549, 2.345219, 2.360274, 2.348686, 2.412546, 2.386976, 2.376925, 2.391682, 2.396886]",0.060606394000160435,0.06058159244447678,0.05974677899985181,0.06101957900000343,0.00038730733338482434,"[0.059747, 0.060606, 0.060821, 0.060865, 0.060523, 0.060365, 0.060403, 0.06102, 0.060883]",39.21904533692825,38.42288913530308,40.37950976413109,32,optimal,nan,53.74835205078125,34.642242431640625,721.9501891957358,721.9451710525376,6.950816376647523e-06,0.009256851155126797,0.00533665263260325,1.0,1.0,0.37358490566037733,0.5439560439560439,9,2,1e-07,1e-05,1000,160.0,160.0,160.0,0.0,160.0,1.0,28.0,1.5904572564612327,2.3380482399276237,1.0
primary,x86_64,none,0.3.0,2.4.4,32,1,balanced,800,4000,0.35,0,0.9975125156445557,5,"[160, 160, 160, 160, 160]",powerlaw,5,0,0,542,470,"[28, 24, 23, 17, 11, 10, 9, 9, 8, 8, 7, 7, 6, 6, 6, 5, 5, 5, 4, 4, 4, 4, 4, 3, 3, 3, 3, 3, 3, 3, 3, 3, 3, 3, 3, 3, 3, 3, 3, 3, 3, 2, 2, 2, 2, 2, 2, 2, 2, 2, 2, 2, 2, 2, 2, 2, 2, 2, 2, 2, 2, 2, 2, 2, 2, 2, 2, 2, 2, 2, 2, 2, 1, 1, 1, 1, 1, 1, 1, 1, 1, 1, 1, 1, 1, 1, 1, 1, 1, 1, 1, 1, 1, 1, 1, 1, 1, 1, 1, 1, 1, 1, 1, 1, 1, 1, 1, 1, 1, 1, 1, 1, 1, 1, 1, 1, 1, 1, 1, 1, 1, 1, 1, 1, 1, 1, 1, 1, 1, 1, 1, 1, 1, 1, 1, 1, 1, 1, 1, 1, 1, 1, 1, 1, 1, 1, 1, 1, 1, 1, 1, 1, 1, 1, 1, 1, 1, 1, 1, 1, 1, 1, 1, 1, 1, 1, 1, 1, 1, 1, 1, 1, 1, 1, 1, 1, 1, 1, 1, 1, 1, 1, 1, 1, 1, 1, 1, 1, 1, 1, 1, 1, 1, 1, 1, 1, 1, 1, 1, 1]",2.42183675199999,2.413764666333312,2.3624426829999265,2.45064424300017,0.032652956594666376,"[2.362443, 2.421837, 2.391199, 2.435881, 2.415468, 2.450644, 2.368768, 2.4291, 2.448541]",0.05814507000013691,0.05871748722223755,0.057579909999958545,0.06137456200008273,0.0012390243672411258,"[0.059985, 0.061375, 0.057845, 0.05758, 0.057985, 0.059094, 0.058043, 0.058406, 0.058145]",41.65162673283027,38.492212506489935,42.56075153646357,32,optimal,nan,53.74835205078125,34.64395713806152,726.9720100418944,726.9598946957633,1.6665491880981703e-05,0.015174800303124986,0.008626691814552126,0.999996875,1.0,0.32452830188679244,0.49002849002849,9,2,1e-07,1e-05,1000,160.0,160.0,160.0,0.0,160.0,1.0,28.0,1.4760147601476015,2.2008000020966536,1.0
primary,x86_64,none,0.3.0,2.4.4,32,1,balanced,800,4000,0.4,0,0.9975125156445557,5,"[160, 160, 160, 160, 160]",powerlaw,5,0,0,576,517,"[28, 24, 23, 17, 11, 9, 8, 8, 8, 8, 7, 7, 6, 6, 5, 4, 4, 4, 4, 4, 3, 3, 3, 3, 3, 3, 3, 3, 3, 3, 2, 2, 2, 2, 2, 2, 2, 2, 2, 2, 2, 2, 2, 2, 2, 2, 2, 2, 2, 2, 2, 2, 2, 2, 2, 2, 2, 2, 2, 1, 1, 1, 1, 1, 1, 1, 1, 1, 1, 1, 1, 1, 1, 1, 1, 1, 1, 1, 1, 1, 1, 1, 1, 1, 1, 1, 1, 1, 1, 1, 1, 1, 1, 1, 1, 1, 1, 1, 1, 1, 1, 1, 1, 1, 1, 1, 1, 1, 1, 1, 1, 1, 1, 1, 1, 1, 1, 1, 1, 1, 1, 1, 1, 1, 1, 1, 1, 1, 1, 1, 1, 1, 1, 1, 1, 1, 1, 1, 1, 1, 1, 1, 1, 1, 1, 1, 1, 1, 1, 1, 1, 1, 1, 1, 1, 1, 1, 1, 1, 1, 1, 1, 1, 1, 1, 1, 1, 1, 1, 1, 1, 1, 1, 1, 1, 1, 1, 1, 1, 1, 1, 1, 1, 1, 1, 1, 1, 1, 1, 1, 1, 1, 1, 1, 1, 1, 1, 1, 1, 1]",2.3973577950000617,2.396069661666641,2.37376743599998,2.418953990999853,0.019324962039755072,"[2.379071, 2.374906, 2.373767, 2.416674, 2.418068, 2.418954, 2.380674, 2.405154, 2.397358]",0.05362970199985284,0.053895000777755636,0.05311559599999782,0.05510553199997048,0.0006364567633565186,"[0.053566, 0.053837, 0.0541, 0.053621, 0.053397, 0.05363, 0.053116, 0.055106, 0.054683]",44.70205325785029,43.076753818495966,45.541313157814365,32,optimal,nan,53.74835205078125,34.644211769104004,729.6660288074336,729.6587231812123,1.0012287721872078e-05,0.011512155560044951,0.006465875144431519,0.999996875,1.0,0.28176100628930817,0.43964671246319925,9,2,1e-07,1e-05,1000,160.0,160.0,160.0,0.0,160.0,1.0,28.0,1.3888888888888888,2.0928486405133953,1.0
primary,x86_64,none,0.3.0,2.4.4,32,1,balanced,800,8000,0.05,0,0.9975125156445557,5,"[160, 160, 160, 160, 160]",powerlaw,5,0,0,70,34,"[653, 12, 10, 6, 5, 4, 4, 4, 4, 3, 3, 3, 3, 3, 3, 3, 3, 3, 3, 2, 2, 2, 2, 2, 2, 2, 2, 2, 2, 2, 2, 2, 2, 2, 2, 2, 1, 1, 1, 1, 1, 1, 1, 1, 1, 1, 1, 1, 1, 1, 1, 1, 1, 1, 1, 1, 1, 1, 1, 1, 1, 1, 1, 1, 1, 1, 1, 1, 1, 1]",2.286888491999889,2.2838674040000218,2.2524460399999953,2.3017787580001823,0.016283248609866654,"[2.252446, 2.301552, 2.301779, 2.291649, 2.285675, 2.272111, 2.286888, 2.269595, 2.293111]",1.4591052329999457,1.4598455148889116,1.4549709930001882,1.466386889999967,0.004347876665529579,"[1.459105, 1.454971, 1.45524, 1.46614, 1.461016, 1.461874, 1.45626, 1.466387, 1.457616]",1.5673225208698667,1.5360516759666651,1.5820100669181414,29,optimal,nan,53.74835205078125,66.75186347961426,682.6381127295979,682.637057268859,1.546149737531383e-06,0.0020187135745211512,0.0011619892276711011,0.999859375,0.670514165792235,0.8037735849056604,0.7311212814645309,9,2,1e-07,1e-05,1000,160.0,160.0,160.0,0.0,160.0,1.0,653.0,11.428571428571429,77.25903949489322,2.0
primary,x86_64,none,0.3.0,2.4.4,32,1,balanced,800,8000,0.1,0,0.9975125156445557,5,"[160, 160, 160, 160, 160]",powerlaw,5,0,0,244,115,"[163, 34, 16, 15, 13, 12, 12, 10, 10, 9, 9, 8, 8, 8, 8, 7, 7, 7, 7, 7, 6, 6, 6, 6, 6, 6, 6, 6, 6, 5, 5, 4, 4, 4, 4, 4, 4, 4, 4, 4, 4, 4, 3, 3, 3, 3, 3, 3, 3, 3, 3, 3, 3, 3, 3, 3, 3, 3, 3, 3, 3, 3, 3, 3, 3, 3, 3, 3, 3, 3, 3, 3, 3, 3, 3, 2, 2, 2, 2, 2, 2, 2, 2, 2, 2, 2, 2, 2, 2, 2, 2, 2, 2, 2, 2, 2, 2, 2, 2, 2, 2, 2, 2, 2, 2, 2, 2, 2, 2, 2, 2, 2, 2, 2, 2, 2, 2, 2, 2, 2, 2, 2, 2, 2, 2, 2, 2, 2, 2, 1, 1, 1, 1, 1, 1, 1, 1, 1, 1, 1, 1, 1, 1, 1, 1, 1, 1, 1, 1, 1, 1, 1, 1, 1, 1, 1, 1, 1, 1, 1, 1, 1, 1, 1, 1, 1, 1, 1, 1, 1, 1, 1, 1, 1, 1, 1, 1, 1, 1, 1, 1, 1, 1, 1, 1, 1, 1, 1, 1, 1, 1, 1, 1, 1, 1, 1, 1, 1, 1, 1]",2.105656622999959,2.09693766522216,2.036752152999952,2.142373961999965,0.032125855391667756,"[2.105657, 2.036752, 2.066643, 2.091802, 2.130516, 2.083265, 2.108907, 2.106523, 2.142374]",0.17253414999981942,0.17254998066664484,0.17213758800016876,0.17292714999985037,0.00026836493238963186,"[0.17258, 0.172272, 0.172534, 0.172836, 0.172927, 0.172138, 0.17247, 0.172381, 0.172812]",12.204288965414458,11.778093567156542,12.44570687256211,28,optimal,nan,53.74835205078125,35.17678642272949,695.6922895395996,695.6909348771605,1.9472149676904114e-06,0.0033183149470628406,0.001907837119586171,0.99995,0.9697508896797153,0.6855345911949685,0.8032424465733234,9,2,1e-07,1e-05,1000,160.0,160.0,160.0,0.0,160.0,1.0,163.0,3.278688524590164,10.72782676652132,2.0
primary,x86_64,none,0.3.0,2.4.4,32,1,balanced,800,8000,0.15,0,0.9975125156445557,5,"[160, 160, 160, 160, 160]",powerlaw,5,0,0,331,200,"[34, 29, 23, 17, 16, 15, 13, 13, 12, 12, 11, 11, 10, 9, 9, 8, 8, 8, 8, 7, 7, 7, 7, 7, 6, 6, 6, 6, 6, 6, 6, 6, 6, 5, 4, 4, 4, 4, 4, 4, 4, 4, 4, 4, 3, 3, 3, 3, 3, 3, 3, 3, 3, 3, 3, 3, 3, 3, 3, 3, 3, 3, 3, 3, 3, 3, 3, 3, 3, 3, 2, 2, 2, 2, 2, 2, 2, 2, 2, 2, 2, 2, 2, 2, 2, 2, 2, 2, 2, 2, 2, 2, 2, 2, 2, 2, 2, 2, 2, 2, 2, 2, 2, 2, 2, 2, 2, 2, 2, 2, 2, 2, 2, 2, 2, 2, 2, 2, 2, 2, 2, 2, 2, 2, 2, 2, 2, 2, 2, 2, 2, 1, 1, 1, 1, 1, 1, 1, 1, 1, 1, 1, 1, 1, 1, 1, 1, 1, 1, 1, 1, 1, 1, 1, 1, 1, 1, 1, 1, 1, 1, 1, 1, 1, 1, 1, 1, 1, 1, 1, 1, 1, 1, 1, 1, 1, 1, 1, 1, 1, 1, 1, 1, 1, 1, 1, 1, 1, 1, 1, 1, 1, 1, 1, 1, 1, 1, 1, 1, 1]",2.2968509659999654,2.2960680062222107,2.220837203999963,2.3638784550000764,0.048543276351180095,"[2.220837, 2.238826, 2.363878, 2.28677, 2.301992, 2.346903, 2.339461, 2.269093, 2.296851]",0.08342522699990695,0.08347337899994677,0.08052225099982024,0.0877695980000226,0.0025497081914004987,"[0.083425, 0.086835, 0.08777, 0.083709, 0.080964, 0.083366, 0.083848, 0.080522, 0.080821]",27.531851558552273,25.30303493015191,29.35683523061661,28,optimal,nan,53.74835205078125,34.656535148620605,705.7360203783402,705.7349477229607,1.5199102051523106e-06,0.003538669687487103,0.002041762217232399,1.0,1.0,0.589937106918239,0.7420886075949367,9,2,1e-07,1e-05,1000,160.0,160.0,160.0,0.0,160.0,1.0,34.0,2.416918429003021,3.5538436095586925,1.0
primary,x86_64,none,0.3.0,2.4.4,32,1,balanced,800,8000,0.2,0,0.9975125156445557,5,"[160, 160, 160, 160, 160]",powerlaw,5,0,0,427,341,"[51, 24, 23, 15, 13, 12, 12, 12, 11, 10, 10, 9, 8, 8, 7, 7, 7, 6, 6, 6, 6, 6, 6, 5, 5, 5, 4, 4, 4, 4, 4, 4, 4, 4, 4, 4, 4, 4, 4, 4, 3, 3, 3, 3, 3, 3, 3, 3, 3, 3, 3, 3, 3, 3, 3, 3, 3, 3, 3, 3, 3, 2, 2, 2, 2, 2, 2, 2, 2, 2, 2, 2, 2, 2, 2, 2, 2, 2, 2, 2, 2, 2, 2, 2, 2, 2, 1, 1, 1, 1, 1, 1, 1, 1, 1, 1, 1, 1, 1, 1, 1, 1, 1, 1, 1, 1, 1, 1, 1, 1, 1, 1, 1, 1, 1, 1, 1, 1, 1, 1, 1, 1, 1, 1, 1, 1, 1, 1, 1, 1, 1, 1, 1, 1, 1, 1, 1, 1, 1, 1, 1, 1, 1, 1, 1, 1, 1, 1, 1, 1, 1, 1, 1, 1, 1, 1, 1, 1, 1, 1, 1, 1, 1, 1, 1, 1, 1, 1, 1, 1, 1, 1, 1, 1, 1, 1, 1, 1, 1, 1, 1, 1, 1, 1, 1, 1, 1, 1, 1, 1, 1, 1, 1, 1, 1, 1, 1, 1, 1, 1]",2.0696479900000213,2.089559090444431,2.0418600929999684,2.224046013999896,0.057659566531037605,"[2.14194, 2.224046, 2.070913, 2.074686, 2.060664, 2.069648, 2.054994, 2.067282, 2.04186]",0.07379611999999725,0.07378556633332461,0.07328438900003675,0.07462842500012812,0.0004507132223049408,"[0.073324, 0.073344, 0.074004, 0.074224, 0.073663, 0.073803, 0.074628, 0.073284, 0.073796]",28.045485182691156,27.360353551565144,30.348155239430056,28,optimal,nan,53.74835205078125,34.66961860656738,711.6803367061044,711.6773290049238,4.226196826752862e-06,0.005947427993242341,0.003376289834381447,0.99999375,0.9973190348525469,0.4679245283018868,0.636986301369863,9,2,1e-07,1e-05,1000,160.0,160.0,160.0,0.0,160.0,1.0,51.0,1.873536299765808,3.3720059006991336,1.0
primary,x86_64,none,0.3.0,2.4.4,32,1,balanced,800,8000,0.25,0,0.9975125156445557,5,"[160, 160, 160, 160, 160]",powerlaw,5,0,0,458,374,"[34, 24, 23, 17, 13, 12, 11, 10, 10, 9, 9, 8, 8, 8, 7, 7, 7, 7, 6, 6, 6, 5, 5, 5, 4, 4, 4, 4, 4, 4, 4, 4, 4, 4, 3, 3, 3, 3, 3, 3, 3, 3, 3, 3, 3, 3, 3, 3, 3, 3, 3, 3, 3, 3, 3, 3, 3, 3, 3, 3, 3, 3, 3, 2, 2, 2, 2, 2, 2, 2, 2, 2, 2, 2, 2, 2, 2, 2, 2, 2, 2, 2, 2, 2, 1, 1, 1, 1, 1, 1, 1, 1, 1, 1, 1, 1, 1, 1, 1, 1, 1, 1, 1, 1, 1, 1, 1, 1, 1, 1, 1, 1, 1, 1, 1, 1, 1, 1, 1, 1, 1, 1, 1, 1, 1, 1, 1, 1, 1, 1, 1, 1, 1, 1, 1, 1, 1, 1, 1, 1, 1, 1, 1, 1, 1, 1, 1, 1, 1, 1, 1, 1, 1, 1, 1, 1, 1, 1, 1, 1, 1, 1, 1, 1, 1, 1, 1, 1, 1, 1, 1, 1, 1, 1, 1, 1, 1, 1, 1, 1, 1, 1, 1, 1, 1, 1, 1, 1, 1, 1, 1, 1, 1, 1, 1, 1, 1, 1, 1, 1]",2.293004665999888,2.2623520200000056,2.191944127999932,2.320659396999872,0.05213894111175911,"[2.293005, 2.314597, 2.302072, 2.296048, 2.320659, 2.221346, 2.209972, 2.211525, 2.191944]",0.06632673699982661,0.06707223566662732,0.06537095199996656,0.07033865900007186,0.0016976187116064477,"[0.065371, 0.06606, 0.066327, 0.065999, 0.068178, 0.069004, 0.065843, 0.06653, 0.070339]",34.57134738900064,31.16272273541201,35.499856220558925,29,optimal,nan,53.74835205078125,34.64482307434082,718.0817284898151,718.0696589844329,1.680798285676728e-05,0.015334339308331724,0.008673734872998481,0.999996875,1.0,0.43018867924528303,0.6015831134564644,9,2,1e-07,1e-05,1000,160.0,160.0,160.0,0.0,160.0,1.0,34.0,1.7467248908296944,2.7240719293513544,1.0
primary,x86_64,none,0.3.0,2.4.4,32,1,balanced,800,8000,0.3,0,0.9975125156445557,5,"[160, 160, 160, 160, 160]",powerlaw,5,0,0,503,416,"[28, 24, 23, 17, 13, 11, 10, 9, 8, 8, 8, 7, 7, 7, 6, 6, 6, 6, 5, 4, 4, 4, 4, 4, 3, 3, 3, 3, 3, 3, 3, 3, 3, 3, 3, 3, 3, 3, 3, 3, 3, 3, 3, 3, 3, 3, 3, 3, 3, 3, 3, 3, 3, 2, 2, 2, 2, 2, 2, 2, 2, 2, 2, 2, 2, 2, 2, 2, 2, 2, 2, 2, 2, 2, 2, 2, 2, 2, 2, 2, 2, 2, 2, 2, 2, 2, 2, 1, 1, 1, 1, 1, 1, 1, 1, 1, 1, 1, 1, 1, 1, 1, 1, 1, 1, 1, 1, 1, 1, 1, 1, 1, 1, 1, 1, 1, 1, 1, 1, 1, 1, 1, 1, 1, 1, 1, 1, 1, 1, 1, 1, 1, 1, 1, 1, 1, 1, 1, 1, 1, 1, 1, 1, 1, 1, 1, 1, 1, 1, 1, 1, 1, 1, 1, 1, 1, 1, 1, 1, 1, 1, 1, 1, 1, 1, 1, 1, 1, 1, 1, 1, 1, 1, 1, 1, 1, 1, 1, 1, 1, 1, 1, 1, 1, 1, 1, 1, 1, 1, 1, 1, 1, 1, 1, 1, 1, 1, 1, 1, 1]",2.2489075799999227,2.248249716777789,2.2257168910000473,2.2737994290000643,0.014383603909031678,"[2.248908, 2.240574, 2.253724, 2.254523, 2.245563, 2.273799, 2.225717, 2.25887, 2.232569]",0.0670379260000118,0.0664368825555357,0.06292626899994502,0.07179310399988026,0.002994738460760475,"[0.068749, 0.067812, 0.064692, 0.063601, 0.067989, 0.071793, 0.067038, 0.063332, 0.062926]",33.54679528718605,31.00182004951004,36.13434365546209,30,optimal,nan,53.74835205078125,34.64267826080322,722.871172915419,722.8590142072126,1.682002085853456e-05,0.015122554134068225,0.008677949936922924,0.999996875,1.0,0.37358490566037733,0.5439560439560439,9,2,1e-07,1e-05,1000,160.0,160.0,160.0,0.0,160.0,1.0,28.0,1.5904572564612327,2.3499224617431107,1.0
primary,x86_64,none,0.3.0,2.4.4,32,1,balanced,800,8000,0.35,0,0.9975125156445557,5,"[160, 160, 160, 160, 160]",powerlaw,5,0,0,543,471,"[34, 24, 23, 17, 11, 10, 9, 9, 8, 8, 7, 7, 6, 6, 5, 5, 4, 4, 4, 4, 4, 4, 3, 3, 3, 3, 3, 3, 3, 3, 3, 3, 3, 3, 3, 3, 3, 3, 2, 2, 2, 2, 2, 2, 2, 2, 2, 2, 2, 2, 2, 2, 2, 2, 2, 2, 2, 2, 2, 2, 2, 2, 2, 2, 2, 2, 2, 2, 2, 2, 2, 2, 1, 1, 1, 1, 1, 1, 1, 1, 1, 1, 1, 1, 1, 1, 1, 1, 1, 1, 1, 1, 1, 1, 1, 1, 1, 1, 1, 1, 1, 1, 1, 1, 1, 1, 1, 1, 1, 1, 1, 1, 1, 1, 1, 1, 1, 1, 1, 1, 1, 1, 1, 1, 1, 1, 1, 1, 1, 1, 1, 1, 1, 1, 1, 1, 1, 1, 1, 1, 1, 1, 1, 1, 1, 1, 1, 1, 1, 1, 1, 1, 1, 1, 1, 1, 1, 1, 1, 1, 1, 1, 1, 1, 1, 1, 1, 1, 1, 1, 1, 1, 1, 1, 1, 1, 1, 1, 1, 1, 1, 1, 1, 1, 1, 1, 1, 1, 1, 1, 1, 1, 1, 1, 1, 1, 1, 1, 1, 1]",2.2747406959999807,2.297151818222195,2.251312708000114,2.413927797000042,0.05667351080783685,"[2.274564, 2.281685, 2.251313, 2.274741, 2.277474, 2.269468, 2.256982, 2.374212, 2.413928]",0.06013133199985532,0.060766279444427106,0.05939757400005874,0.06606788399994912,0.0020284462404785123,"[0.059398, 0.059716, 0.060359, 0.060131, 0.066068, 0.060073, 0.060612, 0.059905, 0.060635]",37.82954111186917,34.075750148163486,40.640174916868745,30,optimal,nan,53.74835205078125,34.65204334259033,726.3144021578069,726.3040572637353,1.4242997303631687e-05,0.013541629583412304,0.0077384312549593215,0.99999375,1.0,0.3232704402515723,0.48859315589353614,9,2,1e-07,1e-05,1000,160.0,160.0,160.0,0.0,160.0,1.0,34.0,1.4732965009208103,2.330580907225895,1.0
primary,x86_64,none,0.3.0,2.4.4,32,1,balanced,800,8000,0.4,0,0.9975125156445557,5,"[160, 160, 160, 160, 160]",powerlaw,5,0,0,574,518,"[28, 24, 23, 17, 11, 10, 9, 8, 8, 7, 7, 7, 6, 6, 6, 4, 4, 4, 4, 4, 3, 3, 3, 3, 3, 3, 3, 3, 3, 3, 3, 3, 3, 2, 2, 2, 2, 2, 2, 2, 2, 2, 2, 2, 2, 2, 2, 2, 2, 2, 2, 2, 2, 2, 2, 2, 1, 1, 1, 1, 1, 1, 1, 1, 1, 1, 1, 1, 1, 1, 1, 1, 1, 1, 1, 1, 1, 1, 1, 1, 1, 1, 1, 1, 1, 1, 1, 1, 1, 1, 1, 1, 1, 1, 1, 1, 1, 1, 1, 1, 1, 1, 1, 1, 1, 1, 1, 1, 1, 1, 1, 1, 1, 1, 1, 1, 1, 1, 1, 1, 1, 1, 1, 1, 1, 1, 1, 1, 1, 1, 1, 1, 1, 1, 1, 1, 1, 1, 1, 1, 1, 1, 1, 1, 1, 1, 1, 1, 1, 1, 1, 1, 1, 1, 1, 1, 1, 1, 1, 1, 1, 1, 1, 1, 1, 1, 1, 1, 1, 1, 1, 1, 1, 1, 1, 1, 1, 1, 1, 1, 1, 1, 1, 1, 1, 1, 1, 1, 1, 1, 1, 1, 1, 1, 1, 1, 1, 1, 1, 1]",2.3029402369998024,2.310556135222214,2.244758398000158,2.387272472999939,0.048154841319658435,"[2.249765, 2.283813, 2.30294, 2.302854, 2.387272, 2.358578, 2.244758, 2.348915, 2.31611]",0.057956172999865885,0.0629402374443594,0.05639248499983296,0.07239505300003657,0.006775548704285698,"[0.05779, 0.057956, 0.056392, 0.056544, 0.057883, 0.069823, 0.072395, 0.068542, 0.069136]",39.735892102557074,31.007068922223517,42.33316678644345,30,optimal,nan,53.74835205078125,34.64321231842041,729.4979872748193,729.4877838166458,1.3986958636556671e-05,0.013252480581163642,0.007626130812976811,0.999996875,1.0,0.2842767295597484,0.4427032321253673,9,2,1e-07,1e-05,1000,160.0,160.0,160.0,0.0,160.0,1.0,28.0,1.3937282229965158,2.1097985362160743,1.0
primary,x86_64,none,0.3.0,2.4.4,32,1,imbalanced,100,200,0.05,0,0.9808080808080808,5,"[90, 4, 4, 1, 1]",powerlaw,3,0,2,1,0,[100],0.014618162000033408,0.01456882355556546,0.014364078999960839,0.014782011000079365,0.00016052833263523569,"[0.014421, 0.014364, 0.014374, 0.014618, 0.014495, 0.01463, 0.014782, 0.014755, 0.014681]",0.015201132000129292,0.015195195444473737,0.015118020000045362,0.015260496999871975,4.813723399873964e-05,"[0.015237, 0.015201, 0.01523, 0.01526, 0.015233, 0.01516, 0.015118, 0.015163, 0.015155]",0.9616495666183988,0.9412589249276313,0.977774272030002,26,optimal,nan,0.9413604736328125,1.4787569046020508,102.2340217030879,102.2340217030879,0.0,0.0,0.0,1.0,0.03568357695614789,0.8736842105263158,0.06856670797191243,9,2,1e-07,1e-05,1000,1.0,90.0,20.0,35.02570484658374,4.0,100.0,100.0,100.0,0.0,100.0
primary,x86_64,none,0.3.0,2.4.4,32,1,imbalanced,100,200,0.1,0,0.9808080808080808,5,"[90, 4, 4, 1, 1]",powerlaw,3,0,2,1,0,[100],0.02199492099998679,0.022007453777784274,0.021903497999801402,0.022145709999904284,7.038809847592688e-05,"[0.021995, 0.022033, 0.022054, 0.022146, 0.021903, 0.021969, 0.021945, 0.022036, 0.021985]",0.022750049999785915,0.022863504333296685,0.022717993000014758,0.02324634599995079,0.00020111515888285715,"[0.022749, 0.022836, 0.022722, 0.022731, 0.023166, 0.023246, 0.022855, 0.02275, 0.022718]",0.9668075894423867,0.9422340181914082,0.9748092624154738,40,optimal,nan,0.9413604736328125,1.4787569046020508,110.54786146311606,110.54786146311606,0.0,0.0,0.0,1.0,0.07031963470319634,0.8105263157894737,0.12941176470588234,9,2,1e-07,1e-05,1000,1.0,90.0,20.0,35.02570484658374,4.0,100.0,100.0,100.0,0.0,100.0
primary,x86_64,none,0.3.0,2.4.4,32,1,imbalanced,100,200,0.15,0,0.9808080808080808,5,"[90, 4, 4, 1, 1]",powerlaw,3,0,2,1,0,[100],0.0299249659999532,0.029944094444418725,0.02979673599998023,0.03006981699991229,8.534699050086897e-05,"[0.029879, 0.029797, 0.029919, 0.029983, 0.029983, 0.029925, 0.030045, 0.03007, 0.029896]",0.03262016000007861,0.03261646588892594,0.031373484000141616,0.033887020000065604,0.0009152918911280382,"[0.033887, 0.033457, 0.033006, 0.033553, 0.03262, 0.032131, 0.031987, 0.031373, 0.031533]",0.9173764322394827,0.879296438575081,0.9584468527555486,55,optimal,nan,0.9413604736328125,1.4787569046020508,113.00536906840502,113.00536906840502,0.0,0.0,0.0,1.0,0.15681818181818183,0.7263157894736842,0.25794392523364484,9,2,1e-07,1e-05,1000,1.0,90.0,20.0,35.02570484658374,4.0,100.0,100.0,100.0,0.0,100.0
primary,x86_64,none,0.3.0,2.4.4,32,1,imbalanced,100,200,0.2,0,0.9808080808080808,5,"[90, 4, 4, 1, 1]",powerlaw,3,0,2,3,2,"[98, 1, 1]",0.03353557600007662,0.033637816444474486,0.03326605699999163,0.034208780999961164,0.0002738960844856327,"[0.033728, 0.033266, 0.033489, 0.033513, 0.033892, 0.03353, 0.033536, 0.034209, 0.033578]",0.03174867400002768,0.031777829000020574,0.03170118100001673,0.03198138699985975,8.68709875871853e-05,"[0.031981, 0.031826, 0.031795, 0.031701, 0.031778, 0.031719, 0.031749, 0.031707, 0.031744]",1.056282728533714,1.0401693022299976,1.0791011539899131,63,optimal,nan,0.9413604736328125,1.430612564086914,114.16713607980566,114.16713607799805,1.583298461350049e-11,1.348541604301312e-06,1.1997739347071224e-06,1.0,0.3333333333333333,0.6842105263157895,0.44827586206896547,9,2,1e-07,1e-05,1000,1.0,90.0,20.0,35.02570484658374,4.0,1.0,98.0,33.333333333333336,45.726238516730064,1.0
primary,x86_64,none,0.3.0,2.4.4,32,1,imbalanced,100,200,0.25,0,0.9808080808080808,5,"[90, 4, 4, 1, 1]",powerlaw,3,0,2,17,12,"[77, 3, 3, 3, 2, 1, 1, 1, 1, 1, 1, 1, 1, 1, 1, 1, 1]",0.02877565000017057,0.02884213866670709,0.028699662000008175,0.02915796299998874,0.0001424089420029158,"[0.028776, 0.02893, 0.028767, 0.028761, 0.0287, 0.028726, 0.028907, 0.028854, 0.029158]",0.021765770000001794,0.021750862222183462,0.021156680000103734,0.02254820699999982,0.0004924120613232216,"[0.022033, 0.022311, 0.021934, 0.022548, 0.021766, 0.021391, 0.021355, 0.021264, 0.021157]",1.3220598214613222,1.2728134880085322,1.3781918051341597,54,optimal,nan,0.9413604736328125,0.9832735061645508,118.48707392478686,118.4870739207483,3.408434562547656e-11,1.1450541018531712e-05,1.0273436401378945e-05,1.0,0.5904761904761905,0.6526315789473685,0.6200000000000001,9,2,1e-07,1e-05,1000,1.0,90.0,20.0,35.02570484658374,4.0,1.0,77.0,5.882352941176471,17.795843377668035,1.0
primary,x86_64,none,0.3.0,2.4.4,32,1,imbalanced,100,200,0.3,0,0.9808080808080808,5,"[90, 4, 4, 1, 1]",powerlaw,3,0,2,35,20,"[37, 5, 4, 4, 4, 4, 3, 3, 3, 3, 2, 2, 2, 2, 2, 1, 1, 1, 1, 1, 1, 1, 1, 1, 1, 1, 1, 1, 1, 1, 1, 1, 1, 1, 1]",0.02675247299998773,0.026772788888946606,0.026638491000085196,0.027005370000097173,0.00012011577540187393,"[0.027005, 0.026861, 0.0268, 0.026752, 0.026663, 0.026847, 0.026741, 0.026638, 0.026647]",0.01107404200001838,0.011081165666660632,0.011046732999830056,0.011185649000026388,4.2948919716681566e-05,"[0.011186, 0.011085, 0.011084, 0.011074, 0.011047, 0.011094, 0.01105, 0.011065, 0.011047]",2.4157821507217805,2.381488190807914,2.44464766193884,50,optimal,nan,0.9413604736328125,0.7205104827880859,116.32501903578546,116.32501902979962,5.1457884377195615e-11,9.700665552142551e-06,7.867201593001372e-06,1.0,0.8309859154929577,0.6210526315789474,0.710843373493976,9,2,1e-07,1e-05,1000,1.0,90.0,20.0,35.02570484658374,4.0,1.0,37.0,2.857142857142857,5.972043714043709,1.0
primary,x86_64,none,0.3.0,2.4.4,32,1,imbalanced,100,200,0.35,0,0.9808080808080808,5,"[90, 4, 4, 1, 1]",powerlaw,3,0,2,43,24,"[18, 5, 5, 5, 4, 4, 4, 4, 3, 3, 3, 3, 3, 2, 2, 2, 2, 2, 2, 1, 1, 1, 1, 1, 1, 1, 1, 1, 1, 1, 1, 1, 1, 1, 1, 1, 1, 1, 1, 1, 1, 1, 1]",0.030380893000028664,0.030412949999951405,0.030316778000042177,0.030596982999895772,9.494208431637856e-05,"[0.030362, 0.030412, 0.030317, 0.030344, 0.030407, 0.030381, 0.030597, 0.030544, 0.030354]",0.009583966999798577,0.009618531444453361,0.009472360000017943,0.010106383999982427,0.00019181172041592796,"[0.009584, 0.010106, 0.009627, 0.009509, 0.009508, 0.009634, 0.009603, 0.009523, 0.009472]",3.1699705352352705,2.9997650989804954,3.2301330396899837,57,optimal,nan,0.9413604736328125,0.7033767700195312,118.84735088582947,118.84735089137882,4.669311461954314e-11,1.651935128682558e-05,1.2988976396033087e-05,1.0,0.9298245614035088,0.5578947368421052,0.6973684210526315,9,2,1e-07,1e-05,1000,1.0,90.0,20.0,35.02570484658374,4.0,1.0,18.0,2.3255813953488373,2.742608927963827,1.0
primary,x86_64,none,0.3.0,2.4.4,32,1,imbalanced,100,200,0.4,0,0.9808080808080808,5,"[90, 4, 4, 1, 1]",powerlaw,3,0,2,52,34,"[18, 6, 5, 4, 3, 3, 3, 3, 3, 2, 2, 2, 2, 2, 2, 2, 2, 2, 1, 1, 1, 1, 1, 1, 1, 1, 1, 1, 1, 1, 1, 1, 1, 1, 1, 1, 1, 1, 1, 1, 1, 1, 1, 1, 1, 1, 1, 1, 1, 1, 1, 1]",0.03046044300003814,0.030464663555550133,0.030294217999880857,0.030712151999978232,0.0001227850889110902,"[0.030488, 0.030712, 0.030294, 0.030485, 0.030369, 0.03046, 0.030421, 0.030381, 0.030571]",0.008374098000103913,0.00838056288893717,0.008314733000133856,0.008446525000181282,4.0941281149666665e-05,"[0.008367, 0.008315, 0.00836, 0.008348, 0.008374, 0.008418, 0.008376, 0.008447, 0.00842]",3.6374595806808276,3.5865895145317954,3.693702732184402,57,optimal,nan,0.9413604736328125,0.7042016983032227,118.0015014639738,118.00150146381492,1.346401136806417e-12,4.200685466582144e-06,3.1600320552434247e-06,1.0,0.88,0.4631578947368421,0.6068965517241379,9,2,1e-07,1e-05,1000,1.0,90.0,20.0,35.02570484658374,4.0,1.0,18.0,1.9230769230769231,2.494965344650285,1.0
primary,x86_64,none,0.3.0,2.4.4,32,1,imbalanced,100,500,0.05,0,0.9808080808080808,5,"[90, 4, 4, 1, 1]",powerlaw,3,0,2,1,0,[100],0.016363509000029808,0.01639174022216139,0.016263774999970337,0.016592660000014803,0.00010417384726677797,"[0.016364, 0.016412, 0.016593, 0.016393, 0.016331, 0.016318, 0.016519, 0.016331, 0.016264]",0.017110325999965426,0.01712998311114057,0.017077082000014343,0.0172919849999289,6.456150127821927e-05,"[0.017122, 0.017093, 0.017109, 0.017153, 0.017121, 0.017077, 0.017292, 0.01711, 0.017093]",0.9563528479856476,0.9405383476817271,0.971633209936034,30,optimal,nan,0.9413604736328125,1.4787139892578125,109.7979891277865,109.7979891277865,0.0,0.0,0.0,1.0,0.053791315618924175,0.8736842105263158,0.10134310134310136,9,2,1e-07,1e-05,1000,1.0,90.0,20.0,35.02570484658374,4.0,100.0,100.0,100.0,0.0,100.0
primary,x86_64,none,0.3.0,2.4.4,32,1,imbalanced,100,500,0.1,0,0.9808080808080808,5,"[90, 4, 4, 1, 1]",powerlaw,3,0,2,1,0,[100],0.029638822999913828,0.029629324777766267,0.029498720999981742,0.029738556999973298,6.682493360874594e-05,"[0.029589, 0.02967, 0.029739, 0.029639, 0.029671, 0.029646, 0.029499, 0.029619, 0.029594]",0.030614793000040663,0.030614264555525652,0.03045331799989981,0.030829694999965795,0.00011193990803600004,"[0.030591, 0.03083, 0.030669, 0.03049, 0.030696, 0.030615, 0.030618, 0.030453, 0.030566]",0.9681209668761915,0.9568281814015503,0.9765292898485195,55,optimal,nan,0.9413604736328125,1.4787569046020508,114.17475709499453,114.17475709499453,0.0,0.0,0.0,1.0,0.19689119170984457,0.8,0.316008316008316,9,2,1e-07,1e-05,1000,1.0,90.0,20.0,35.02570484658374,4.0,100.0,100.0,100.0,0.0,100.0
primary,x86_64,none,0.3.0,2.4.4,32,1,imbalanced,100,500,0.15,0,0.9808080808080808,5,"[90, 4, 4, 1, 1]",powerlaw,3,0,2,8,4,"[88, 4, 2, 2, 1, 1, 1, 1]",0.028309035999882326,0.028376712666638722,0.02822354899990387,0.028554809000070236,0.0001316375337222598,"[0.028309, 0.028305, 0.028224, 0.028258, 0.02825, 0.028513, 0.028555, 0.02849, 0.028487]",0.024439592000135235,0.024437613222289656,0.024337482999953863,0.02453813900001478,6.386423179623334e-05,"[0.024538, 0.024498, 0.02444, 0.024465, 0.024422, 0.024434, 0.024351, 0.024337, 0.024455]",1.1583268656745858,1.1501910963943462,1.1732852160646345,53,optimal,nan,0.9413604736328125,1.2039155960083008,115.78846112477058,115.78846107422969,4.3649332664763277e-10,4.3765694845890324e-05,3.852918568187268e-05,1.0,0.553030303030303,0.7684210526315789,0.6431718061674009,9,2,1e-07,1e-05,1000,1.0,90.0,20.0,35.02570484658374,4.0,1.0,88.0,12.5,28.552583070538468,1.5
primary,x86_64,none,0.3.0,2.4.4,32,1,imbalanced,100,500,0.2,0,0.9808080808080808,5,"[90, 4, 4, 1, 1]",powerlaw,3,0,2,24,12,"[56, 5, 4, 3, 3, 3, 3, 3, 2, 2, 2, 2, 1, 1, 1, 1, 1, 1, 1, 1, 1, 1, 1, 1]",0.027850733999912336,0.027847304000033546,0.027737938999962353,0.027965902999994796,7.511898180426274e-05,"[0.027935, 0.027851, 0.027888, 0.027815, 0.027738, 0.027766, 0.027803, 0.027966, 0.027864]",0.015830405999849972,0.015837398111039472,0.01574729499998284,0.015987130999974397,7.787607839790211e-05,"[0.015833, 0.015747, 0.01575, 0.01583, 0.015833, 0.015821, 0.015987, 0.015931, 0.015804]",1.759318996630679,1.7350166831063543,1.7759178957417936,52,optimal,nan,0.9413604736328125,0.7544765472412109,115.37437362866355,115.37437359933776,2.5417940634647796e-10,5.389572526043329e-05,4.7148877896609375e-05,1.0,0.8292682926829268,0.7157894736842105,0.768361581920904,9,2,1e-07,1e-05,1000,1.0,90.0,20.0,35.02570484658374,4.0,1.0,56.0,4.166666666666667,10.865337342004414,1.5
primary,x86_64,none,0.3.0,2.4.4,32,1,imbalanced,100,500,0.25,0,0.9808080808080808,5,"[90, 4, 4, 1, 1]",powerlaw,3,0,2,34,16,"[23, 10, 5, 4, 4, 4, 4, 4, 3, 3, 3, 3, 3, 3, 2, 2, 2, 2, 1, 1, 1, 1, 1, 1, 1, 1, 1, 1, 1, 1, 1, 1, 1, 1]",0.022823663000053784,0.022846617444479814,0.02277142200000526,0.02302669200003038,7.642688548149426e-05,"[0.022877, 0.022874, 0.022771, 0.022824, 0.022832, 0.022815, 0.022821, 0.023027, 0.022779]",0.009832114999881014,0.009842009333296018,0.009796496000035404,0.009911665000117864,3.268345276676926e-05,"[0.009852, 0.009832, 0.009823, 0.009848, 0.009796, 0.009912, 0.009863, 0.009832, 0.00982]",2.3213380844640232,2.297436606234621,2.350502873675155,42,optimal,nan,0.9413604736328125,0.7055196762084961,117.58094951517566,117.58094922450874,2.472057925103716e-09,0.00014946975324850453,0.0001364274166092316,1.0,0.9696969696969697,0.6736842105263158,0.7950310559006212,9,2,1e-07,1e-05,1000,1.0,90.0,20.0,35.02570484658374,4.0,1.0,23.0,2.9411764705882355,3.9328269765757122,2.0
primary,x86_64,none,0.3.0,2.4.4,32,1,imbalanced,100,500,0.3,0,0.9808080808080808,5,"[90, 4, 4, 1, 1]",powerlaw,3,0,2,38,16,"[9, 7, 6, 6, 5, 4, 4, 4, 4, 4, 3, 3, 3, 3, 3, 3, 3, 2, 2, 2, 2, 2, 1, 1, 1, 1, 1, 1, 1, 1, 1, 1, 1, 1, 1, 1, 1, 1]",0.027270138999938354,0.027273833555581304,0.027171593000048233,0.027413803999934316,7.675263784450323e-05,"[0.027176, 0.02724, 0.027325, 0.027274, 0.027414, 0.027334, 0.02727, 0.027172, 0.027259]",0.009560221000128877,0.009564442777774376,0.009513916000059908,0.009617211999966457,3.639808984652026e-05,"[0.00956, 0.009612, 0.009589, 0.009557, 0.009617, 0.00954, 0.009567, 0.009514, 0.009523]",2.852459059217432,2.825308727741782,2.8814427203016817,51,optimal,nan,0.9413604736328125,0.6995277404785156,120.10720679497369,120.10720679610141,9.389249961533228e-12,6.961288121498654e-06,6.615437208885896e-06,1.0,1.0,0.6526315789473685,0.7898089171974523,9,2,1e-07,1e-05,1000,1.0,90.0,20.0,35.02570484658374,4.0,1.0,9.0,2.6315789473684212,1.938814784883565,2.0
primary,x86_64,none,0.3.0,2.4.4,32,1,imbalanced,100,500,0.35,0,0.9808080808080808,5,"[90, 4, 4, 1, 1]",powerlaw,3,0,2,48,27,"[7, 7, 6, 5, 5, 5, 4, 3, 3, 3, 3, 3, 3, 2, 2, 2, 2, 2, 2, 2, 2, 1, 1, 1, 1, 1, 1, 1, 1, 1, 1, 1, 1, 1, 1, 1, 1, 1, 1, 1, 1, 1, 1, 1, 1, 1, 1, 1]",0.029986705000055736,0.030015860000048633,0.029928526000048805,0.030161240000097678,7.772627075879552e-05,"[0.03009, 0.029929, 0.030033, 0.029962, 0.030161, 0.030066, 0.029987, 0.029976, 0.029939]",0.00875878599981661,0.00874730944438953,0.008704169999873557,0.008783719999883033,2.5958501928912002e-05,"[0.008765, 0.008717, 0.008762, 0.008749, 0.00876, 0.008726, 0.008784, 0.008704, 0.008759]",3.4236143000506685,3.407272317474526,3.465148314030611,56,optimal,nan,0.9413604736328125,0.7000904083251953,120.46372558765067,120.46372558801144,2.9948514948787014e-12,4.425696518040034e-06,4.0874886642011184e-06,1.0,0.9811320754716981,0.5473684210526316,0.7027027027027027,9,2,1e-07,1e-05,1000,1.0,90.0,20.0,35.02570484658374,4.0,1.0,7.0,2.0833333333333335,1.643590243609668,1.0
primary,x86_64,none,0.3.0,2.4.4,32,1,imbalanced,100,500,0.4,0,0.9808080808080808,5,"[90, 4, 4, 1, 1]",powerlaw,3,0,2,51,31,"[13, 5, 5, 4, 4, 3, 3, 3, 3, 3, 3, 3, 3, 2, 2, 2, 2, 2, 2, 2, 1, 1, 1, 1, 1, 1, 1, 1, 1, 1, 1, 1, 1, 1, 1, 1, 1, 1, 1, 1, 1, 1, 1, 1, 1, 1, 1, 1, 1, 1, 1]",0.022067345999857935,0.022090828555519693,0.021984234999990804,0.022213384999986374,6.660506296337033e-05,"[0.022088, 0.022139, 0.021984, 0.022058, 0.022067, 0.022064, 0.022148, 0.022213, 0.022057]",0.00932275899981505,0.009312073333300456,0.0092705179999939,0.009337007000112862,2.4397684477273865e-05,"[0.009337, 0.009314, 0.009328, 0.009271, 0.009292, 0.009326, 0.009282, 0.009336, 0.009323]",2.3670402721228467,2.3545269913287057,2.3961320176500376,41,optimal,nan,0.9413604736328125,0.7024393081665039,121.0209676869622,121.0209674580253,1.8917126697895135e-09,0.00013373883344880433,0.00011866252441921375,1.0,1.0,0.5157894736842106,0.6805555555555556,9,2,1e-07,1e-05,1000,1.0,90.0,20.0,35.02570484658374,4.0,1.0,13.0,1.9607843137254901,1.909324737565465,1.0
primary,x86_64,none,0.3.0,2.4.4,32,1,imbalanced,100,1000,0.05,0,0.9808080808080808,5,"[90, 4, 4, 1, 1]",powerlaw,3,0,2,1,0,[100],0.019680852999954368,0.019697475111115637,0.019651170000088314,0.019829266999977335,5.649723520049423e-05,"[0.019689, 0.019829, 0.019678, 0.019734, 0.019681, 0.019651, 0.019651, 0.019656, 0.019707]",0.02045260399995641,0.02044653566665349,0.020364742999845475,0.020515531999990344,5.470805684493957e-05,"[0.020431, 0.020516, 0.020472, 0.020508, 0.020425, 0.020481, 0.020365, 0.020453, 0.020368]",0.9622663696024386,0.9578679217335219,0.9737057325068034,36,optimal,nan,0.9413604736328125,1.4787139892578125,111.89560306979033,111.89560306979033,0.0,0.0,0.0,1.0,0.08915145005370569,0.8736842105263158,0.1617933723196881,9,2,1e-07,1e-05,1000,1.0,90.0,20.0,35.02570484658374,4.0,100.0,100.0,100.0,0.0,100.0
primary,x86_64,none,0.3.0,2.4.4,32,1,imbalanced,100,1000,0.1,0,0.9808080808080808,5,"[90, 4, 4, 1, 1]",powerlaw,3,0,2,9,5,"[89, 2, 2, 2, 1, 1, 1, 1, 1]",0.03222359699998378,0.032245364444432,0.03206924699998126,0.03258097799994175,0.00017678386897324933,"[0.03226, 0.032457, 0.032581, 0.032291, 0.032224, 0.032069, 0.032098, 0.032146, 0.032081]",0.02790772499997729,0.02791827866662465,0.02786023299995577,0.02802645599990683,4.87645140334965e-05,"[0.02786, 0.02794, 0.028026, 0.027874, 0.027939, 0.027891, 0.027924, 0.027908, 0.027902]",1.1546479335026414,1.1442490980696194,1.1694438449238194,60,optimal,nan,0.9413604736328125,1.225748062133789,113.35088327630308,113.3508831239725,1.3438852973699531e-09,5.29717333649371e-05,4.98714140381441e-05,1.0,0.5,0.7789473684210526,0.6090534979423868,9,2,1e-07,1e-05,1000,1.0,90.0,20.0,35.02570484658374,4.0,1.0,89.0,11.11111111111111,27.541663164677313,1.0
primary,x86_64,none,0.3.0,2.4.4,32,1,imbalanced,100,1000,0.15,0,0.9808080808080808,5,"[90, 4, 4, 1, 1]",powerlaw,3,0,2,22,7,"[45, 8, 5, 4, 4, 4, 3, 3, 3, 3, 3, 2, 2, 2, 2, 1, 1, 1, 1, 1, 1, 1]",0.02558059700004378,0.025653022666650333,0.024625998999908916,0.026580312000078266,0.0005296977497295922,"[0.024626, 0.025435, 0.026127, 0.025581, 0.025578, 0.025657, 0.0258, 0.025494, 0.02658]",0.013285999999880005,0.013257240999994084,0.012564115000031961,0.013829787999839027,0.0003612327487362277,"[0.012994, 0.013326, 0.01383, 0.013286, 0.013294, 0.01363, 0.013274, 0.013116, 0.012564]",1.925379873571791,1.780649059855115,2.1155737590758004,44,optimal,nan,0.9413604736328125,0.7319765090942383,115.84945297368462,115.84945286392548,9.474290935527978e-10,5.095246349486049e-05,4.7521585097479447e-05,1.0,0.8045977011494253,0.7368421052631579,0.7692307692307692,9,2,1e-07,1e-05,1000,1.0,90.0,20.0,35.02570484658374,4.0,1.0,45.0,4.545454545454546,8.983455868363965,2.5
primary,x86_64,none,0.3.0,2.4.4,32,1,imbalanced,100,1000,0.2,0,0.9808080808080808,5,"[90, 4, 4, 1, 1]",powerlaw,3,0,2,31,10,"[13, 10, 9, 8, 5, 4, 4, 4, 3, 3, 3, 3, 3, 3, 3, 2, 2, 2, 2, 2, 2, 1, 1, 1, 1, 1, 1, 1, 1, 1, 1]",0.031087339999885444,0.031058449777775523,0.029688689999829876,0.03235538900003121,0.0008442211876336058,"[0.031174, 0.031007, 0.032182, 0.031087, 0.029689, 0.030186, 0.031105, 0.030741, 0.032355]",0.011518095999917932,0.011521261777741328,0.011303193000003375,0.011972835000051418,0.00022700593769831378,"[0.011518, 0.011592, 0.011665, 0.011973, 0.01132, 0.011303, 0.01134, 0.011317, 0.011663]",2.69899990416011,2.4796708548729165,2.8624999148489767,54,optimal,nan,0.9413604736328125,0.7003793716430664,116.37344263001953,116.3734418178754,6.978775434197989e-09,0.00041762830731559286,0.00040549663229172276,1.0,0.9577464788732394,0.7157894736842105,0.8192771084337349,9,2,1e-07,1e-05,1000,1.0,90.0,20.0,35.02570484658374,4.0,1.0,13.0,3.225806451612903,2.903942563852103,2.0
primary,x86_64,none,0.3.0,2.4.4,32,1,imbalanced,100,1000,0.25,0,0.9808080808080808,5,"[90, 4, 4, 1, 1]",powerlaw,3,0,2,34,14,"[10, 9, 8, 7, 6, 5, 4, 4, 4, 3, 3, 3, 3, 3, 3, 3, 2, 2, 2, 2, 1, 1, 1, 1, 1, 1, 1, 1, 1, 1, 1, 1, 1, 1]",0.02680352600009428,0.026703528111107114,0.026320290999819917,0.027344939999920825,0.0003418654121884368,"[0.026804, 0.026812, 0.026971, 0.026489, 0.026844, 0.026382, 0.027345, 0.02632, 0.026365]",0.009570906999897488,0.009602172888889982,0.009460487000069406,0.009840425999982472,0.0001269684666556062,"[0.00946, 0.009515, 0.0095, 0.00984, 0.009571, 0.009754, 0.009661, 0.009597, 0.009521]",2.800520995594395,2.6747105257299633,2.8904368242057954,49,optimal,nan,0.9413604736328125,0.6990690231323242,117.63642853142596,117.63642853337161,1.653952585871545e-11,7.827937754667502e-06,7.004410182329665e-06,1.0,1.0,0.6947368421052632,0.8198757763975156,9,2,1e-07,1e-05,1000,1.0,90.0,20.0,35.02570484658374,4.0,1.0,10.0,2.9411764705882355,2.436742962024468,2.0
primary,x86_64,none,0.3.0,2.4.4,32,1,imbalanced,100,1000,0.3,0,0.9808080808080808,5,"[90, 4, 4, 1, 1]",powerlaw,3,0,2,42,21,"[7, 6, 6, 6, 5, 4, 4, 4, 4, 4, 3, 3, 3, 3, 3, 3, 3, 2, 2, 2, 2, 1, 1, 1, 1, 1, 1, 1, 1, 1, 1, 1, 1, 1, 1, 1, 1, 1, 1, 1, 1, 1]",0.0314601559998664,0.03169774999997167,0.03099829199982196,0.0332019400000263,0.0007595710772167315,"[0.031203, 0.031325, 0.030998, 0.03146, 0.031677, 0.032688, 0.033202, 0.031694, 0.031033]",0.008957067999972423,0.009016565111121762,0.008930946999953449,0.009238460000005944,0.00011107118692961832,"[0.008931, 0.008955, 0.009238, 0.00917, 0.008957, 0.009028, 0.008971, 0.008957, 0.008942]",3.5123274714407953,3.355352731927401,3.717628153005427,57,optimal,nan,0.9413604736328125,0.6989450454711914,118.70265985663897,118.7026598576847,8.809574750353566e-12,3.780806995701269e-06,3.6207879739292756e-06,1.0,1.0,0.6105263157894737,0.7581699346405228,9,2,1e-07,1e-05,1000,1.0,90.0,20.0,35.02570484658374,4.0,1.0,7.0,2.380952380952381,1.717589409225851,1.5
primary,x86_64,none,0.3.0,2.4.4,32,1,imbalanced,100,1000,0.35,0,0.9808080808080808,5,"[90, 4, 4, 1, 1]",powerlaw,3,0,2,50,29,"[7, 6, 6, 5, 4, 4, 4, 3, 3, 3, 3, 3, 3, 3, 2, 2, 2, 2, 2, 2, 2, 1, 1, 1, 1, 1, 1, 1, 1, 1, 1, 1, 1, 1, 1, 1, 1, 1, 1, 1, 1, 1, 1, 1, 1, 1, 1, 1, 1, 1]",0.030180234999988897,0.030435771111140437,0.03007100300010279,0.031809225999950286,0.0005596558778305391,"[0.031809, 0.030726, 0.030523, 0.030168, 0.030222, 0.03018, 0.030098, 0.030123, 0.030071]",0.008528448999868488,0.008514068999981342,0.008467896000183828,0.008548633000145855,3.166714023659439e-05,"[0.008481, 0.008521, 0.008539, 0.008468, 0.008528, 0.008471, 0.008528, 0.008549, 0.00854]",3.538771821283599,3.5176387850068807,3.756449772087393,56,optimal,nan,0.9413604736328125,0.7005863189697266,118.8418875622784,118.84188756262297,2.899403580231194e-12,4.754297064257784e-06,4.497432341009514e-06,1.0,1.0,0.5263157894736842,0.6896551724137931,9,2,1e-07,1e-05,1000,1.0,90.0,20.0,35.02570484658374,4.0,1.0,7.0,2.0,1.5099668870541498,1.0
primary,x86_64,none,0.3.0,2.4.4,32,1,imbalanced,100,1000,0.4,0,0.9808080808080808,5,"[90, 4, 4, 1, 1]",powerlaw,3,0,2,56,35,"[7, 6, 5, 4, 4, 4, 3, 3, 3, 3, 3, 2, 2, 2, 2, 2, 2, 2, 2, 2, 2, 1, 1, 1, 1, 1, 1, 1, 1, 1, 1, 1, 1, 1, 1, 1, 1, 1, 1, 1, 1, 1, 1, 1, 1, 1, 1, 1, 1, 1, 1, 1, 1, 1, 1, 1]",0.03137348299992482,0.03139274322223981,0.03133548799996788,0.03148034099990582,4.701824797594369e-05,"[0.03143, 0.031335, 0.031363, 0.031354, 0.031364, 0.031373, 0.03148, 0.031434, 0.0314]",0.008342041000105382,0.00833650000004127,0.00828623699999298,0.008366974999944432,3.0259249724775018e-05,"[0.008292, 0.008286, 0.008328, 0.008342, 0.008353, 0.008367, 0.008362, 0.008333, 0.008366]",3.760888132715781,3.7451394321335956,3.7991118284370207,58,optimal,nan,0.9413604736328125,0.7019214630126953,120.65792397512409,120.65792397653458,1.1689942338088442e-11,9.170234965161228e-06,8.382358114812077e-06,1.0,1.0,0.4631578947368421,0.6330935251798561,9,2,1e-07,1e-05,1000,1.0,90.0,20.0,35.02570484658374,4.0,1.0,7.0,1.7857142857142858,1.3324827218698307,1.0
primary,x86_64,none,0.3.0,2.4.4,32,1,imbalanced,200,400,0.05,0,0.9902010050251256,5,"[180, 8, 8, 2, 2]",powerlaw,3,0,2,1,0,[200],0.05052716899990628,0.05046687977776148,0.05016622700009066,0.05066252199981136,0.00017372866832222956,"[0.050338, 0.050606, 0.050663, 0.050531, 0.050298, 0.050661, 0.050412, 0.050527, 0.050166]",0.05282936300000074,0.052842951222171704,0.05183083599990823,0.054040420000092126,0.0008445772332991725,"[0.053503, 0.053533, 0.05404, 0.053557, 0.052829, 0.051831, 0.051971, 0.051901, 0.052421]",0.9564220753505124,0.9283093469666804,0.9774590940401011,22,optimal,nan,3.385162353515625,5.829751968383789,174.39337505047308,174.39337505047308,0.0,0.0,0.0,1.0,0.033490011750881316,0.8769230769230769,0.06451612903225806,9,2,1e-07,1e-05,1000,2.0,180.0,40.0,70.05140969316749,8.0,200.0,200.0,200.0,0.0,200.0
primary,x86_64,none,0.3.0,2.4.4,32,1,imbalanced,200,400,0.1,0,0.9902010050251256,5,"[180, 8, 8, 2, 2]",powerlaw,3,0,2,2,1,"[199, 1]",0.0930791749999571,0.0945977450000252,0.09261849899985464,0.1028709219999655,0.0033102138509861173,"[0.093707, 0.102871, 0.096299, 0.093079, 0.094257, 0.092931, 0.092861, 0.092618, 0.092756]",0.09429735599997002,0.09444708866665981,0.09347811199995704,0.09554165700001249,0.0006724180125210155,"[0.095512, 0.095542, 0.093478, 0.093991, 0.094405, 0.094214, 0.094369, 0.094297, 0.094215]",0.9870814935679288,0.9694043614906378,1.1004813832783955,41,optimal,nan,3.385162353515625,5.781170845031738,180.53237184197855,180.53237184497706,1.6609313532099835e-11,1.6890039943595614e-06,1.1671847382109632e-06,1.0,0.17011494252873563,0.7589743589743589,0.27793427230046946,9,2,1e-07,1e-05,1000,2.0,180.0,40.0,70.05140969316749,8.0,1.0,199.0,100.0,99.0,100.0
primary,x86_64,none,0.3.0,2.4.4,32,1,imbalanced,200,400,0.15,0,0.9902010050251256,5,"[180, 8, 8, 2, 2]",powerlaw,3,0,2,16,10,"[174, 6, 3, 3, 2, 2, 1, 1, 1, 1, 1, 1, 1, 1, 1, 1]",0.09277641099993161,0.09278775633336206,0.0925757560000875,0.09320977900006255,0.0002114169016027776,"[0.092793, 0.092576, 0.092636, 0.092595, 0.092776, 0.092677, 0.093036, 0.09321, 0.092791]",0.07550104899996768,0.07597518133333223,0.0748468409999532,0.0789561210001466,0.0012162063375916925,"[0.075501, 0.076286, 0.07564, 0.075304, 0.075464, 0.078956, 0.076396, 0.075382, 0.074847]",1.2288095626323197,1.1724962526960463,1.2453401874385164,42,optimal,nan,3.385162353515625,4.644055366516113,184.8657741929647,184.86577395595324,1.2820731675403461e-09,6.541171285504022e-05,4.704232299253707e-05,1.0,0.5872340425531914,0.7076923076923077,0.6418604651162791,9,2,1e-07,1e-05,1000,2.0,180.0,40.0,70.05140969316749,8.0,1.0,174.0,12.5,41.71930009000631,1.0
primary,x86_64,none,0.3.0,2.4.4,32,1,imbalanced,200,400,0.2,0,0.9902010050251256,5,"[180, 8, 8, 2, 2]",powerlaw,3,0,2,77,46,"[53, 12, 7, 4, 4, 4, 4, 4, 4, 4, 3, 3, 3, 3, 3, 3, 3, 3, 3, 3, 3, 3, 2, 2, 2, 2, 2, 2, 2, 2, 2, 1, 1, 1, 1, 1, 1, 1, 1, 1, 1, 1, 1, 1, 1, 1, 1, 1, 1, 1, 1, 1, 1, 1, 1, 1, 1, 1, 1, 1, 1, 1, 1, 1, 1, 1, 1, 1, 1, 1, 1, 1, 1, 1, 1, 1, 1]",0.10060315900000205,0.10157411400003487,0.10002018900013354,0.10770327199998064,0.002537722496694979,"[0.101168, 0.10002, 0.100069, 0.100131, 0.100706, 0.10028, 0.100603, 0.107703, 0.103486]",0.021518808000109857,0.021862204444460076,0.021309840999947482,0.02315848300008838,0.0007080014914626683,"[0.021733, 0.021502, 0.021575, 0.02131, 0.02303, 0.023158, 0.021456, 0.021477, 0.021519]",4.675126940092985,4.3189439049074085,5.05415652797438,45,optimal,nan,3.385162353515625,2.386754035949707,186.67623836079866,186.67623822192732,7.439154768117983e-10,9.742177689996134e-05,7.181958059749715e-05,1.0,0.8780487804878049,0.5538461538461539,0.6792452830188679,9,2,1e-07,1e-05,1000,2.0,180.0,40.0,70.05140969316749,8.0,1.0,53.0,2.5974025974025974,6.013533957341321,1.0
primary,x86_64,none,0.3.0,2.4.4,32,1,imbalanced,200,400,0.25,0,0.9902010050251256,5,"[180, 8, 8, 2, 2]",powerlaw,3,0,2,107,67,"[25, 9, 6, 6, 4, 4, 4, 3, 3, 3, 3, 3, 3, 3, 3, 3, 2, 2, 2, 2, 2, 2, 2, 2, 2, 2, 2, 2, 2, 2, 2, 2, 2, 2, 2, 2, 2, 2, 2, 2, 1, 1, 1, 1, 1, 1, 1, 1, 1, 1, 1, 1, 1, 1, 1, 1, 1, 1, 1, 1, 1, 1, 1, 1, 1, 1, 1, 1, 1, 1, 1, 1, 1, 1, 1, 1, 1, 1, 1, 1, 1, 1, 1, 1, 1, 1, 1, 1, 1, 1, 1, 1, 1, 1, 1, 1, 1, 1, 1, 1, 1, 1, 1, 1, 1, 1, 1]",0.1034621999999672,0.10498208899998139,0.10170141899993723,0.11222454899984768,0.0038565765388919346,"[0.10256, 0.101767, 0.105612, 0.103462, 0.101701, 0.102601, 0.104376, 0.112225, 0.110534]",0.0176315539999905,0.017638414666660336,0.01726467599996795,0.01830713399999695,0.00030938351086049783,"[0.018307, 0.017459, 0.017852, 0.017696, 0.01751, 0.017632, 0.017265, 0.017355, 0.01767]",5.868013675937069,5.555288938178645,6.500240664815026,44,optimal,nan,3.385162353515625,2.3494367599487305,189.4642514614174,189.4642498518845,8.495179979447808e-09,0.00040292557820195696,0.0002872014223478671,0.9999,0.9574468085106383,0.46153846153846156,0.6228373702422146,9,2,1e-07,1e-05,1000,2.0,180.0,40.0,70.05140969316749,8.0,1.0,25.0,1.8691588785046729,2.550734225062885,1.0
primary,x86_64,none,0.3.0,2.4.4,32,1,imbalanced,200,400,0.3,0,0.9902010050251256,5,"[180, 8, 8, 2, 2]",powerlaw,3,0,2,135,103,"[13, 6, 6, 5, 5, 5, 3, 3, 3, 3, 3, 2, 2, 2, 2, 2, 2, 2, 2, 2, 2, 2, 2, 2, 2, 2, 2, 2, 2, 2, 2, 2, 1, 1, 1, 1, 1, 1, 1, 1, 1, 1, 1, 1, 1, 1, 1, 1, 1, 1, 1, 1, 1, 1, 1, 1, 1, 1, 1, 1, 1, 1, 1, 1, 1, 1, 1, 1, 1, 1, 1, 1, 1, 1, 1, 1, 1, 1, 1, 1, 1, 1, 1, 1, 1, 1, 1, 1, 1, 1, 1, 1, 1, 1, 1, 1, 1, 1, 1, 1, 1, 1, 1, 1, 1, 1, 1, 1, 1, 1, 1, 1, 1, 1, 1, 1, 1, 1, 1, 1, 1, 1, 1, 1, 1, 1, 1, 1, 1, 1, 1, 1, 1, 1, 1]",0.10115763099997821,0.10201566055553081,0.10004987000002075,0.10738625999988471,0.0023252711758810825,"[0.102176, 0.107386, 0.103767, 0.101909, 0.101158, 0.10087, 0.100766, 0.100058, 0.10005]",0.013176767000004475,0.013190091333323531,0.013092468999957418,0.013255128999844601,6.0447070268332534e-05,"[0.013235, 0.013252, 0.013092, 0.013177, 0.01314, 0.013176, 0.013255, 0.01325, 0.013134]",7.67696894085961,7.548011792355525,8.202139718660703,45,optimal,nan,3.385162353515625,2.3434133529663086,188.5171760062901,188.51717600693746,3.433964423882056e-12,8.216118323245425e-06,5.647934434244804e-06,1.0,0.9846153846153847,0.3282051282051282,0.49230769230769234,9,2,1e-07,1e-05,1000,2.0,180.0,40.0,70.05140969316749,8.0,1.0,13.0,1.4814814814814814,1.365456655953126,1.0
primary,x86_64,none,0.3.0,2.4.4,32,1,imbalanced,200,400,0.35,0,0.9902010050251256,5,"[180, 8, 8, 2, 2]",powerlaw,3,0,2,155,134,"[12, 6, 5, 4, 4, 3, 3, 3, 2, 2, 2, 2, 2, 2, 2, 2, 2, 2, 2, 2, 2, 1, 1, 1, 1, 1, 1, 1, 1, 1, 1, 1, 1, 1, 1, 1, 1, 1, 1, 1, 1, 1, 1, 1, 1, 1, 1, 1, 1, 1, 1, 1, 1, 1, 1, 1, 1, 1, 1, 1, 1, 1, 1, 1, 1, 1, 1, 1, 1, 1, 1, 1, 1, 1, 1, 1, 1, 1, 1, 1, 1, 1, 1, 1, 1, 1, 1, 1, 1, 1, 1, 1, 1, 1, 1, 1, 1, 1, 1, 1, 1, 1, 1, 1, 1, 1, 1, 1, 1, 1, 1, 1, 1, 1, 1, 1, 1, 1, 1, 1, 1, 1, 1, 1, 1, 1, 1, 1, 1, 1, 1, 1, 1, 1, 1, 1, 1, 1, 1, 1, 1, 1, 1, 1, 1, 1, 1, 1, 1, 1, 1, 1, 1, 1, 1]",0.09711483900014173,0.09716140822224083,0.09700085800000124,0.09733092999999826,0.00012781088231800093,"[0.09708, 0.097331, 0.097293, 0.09702, 0.097115, 0.097001, 0.097291, 0.097079, 0.097243]",0.01056349800001044,0.010580911555558082,0.010519567000073948,0.010709536999911506,5.748358131943471e-05,"[0.01052, 0.01071, 0.010546, 0.010588, 0.010555, 0.010539, 0.010581, 0.010626, 0.010563]",9.193435640357555,9.057427786168793,9.252370368410988,44,optimal,nan,3.385162353515625,2.342831611633301,190.1105057047615,190.11050570729708,1.333743211094476e-11,1.4146606636789016e-05,9.157756135041021e-06,1.0,1.0,0.23076923076923078,0.375,9,2,1e-07,1e-05,1000,2.0,180.0,40.0,70.05140969316749,8.0,1.0,12.0,1.2903225806451613,1.1127863426232476,1.0
primary,x86_64,none,0.3.0,2.4.4,32,1,imbalanced,200,400,0.4,0,0.9902010050251256,5,"[180, 8, 8, 2, 2]",powerlaw,3,0,2,169,158,"[13, 5, 5, 4, 3, 2, 2, 2, 2, 2, 2, 1, 1, 1, 1, 1, 1, 1, 1, 1, 1, 1, 1, 1, 1, 1, 1, 1, 1, 1, 1, 1, 1, 1, 1, 1, 1, 1, 1, 1, 1, 1, 1, 1, 1, 1, 1, 1, 1, 1, 1, 1, 1, 1, 1, 1, 1, 1, 1, 1, 1, 1, 1, 1, 1, 1, 1, 1, 1, 1, 1, 1, 1, 1, 1, 1, 1, 1, 1, 1, 1, 1, 1, 1, 1, 1, 1, 1, 1, 1, 1, 1, 1, 1, 1, 1, 1, 1, 1, 1, 1, 1, 1, 1, 1, 1, 1, 1, 1, 1, 1, 1, 1, 1, 1, 1, 1, 1, 1, 1, 1, 1, 1, 1, 1, 1, 1, 1, 1, 1, 1, 1, 1, 1, 1, 1, 1, 1, 1, 1, 1, 1, 1, 1, 1, 1, 1, 1, 1, 1, 1, 1, 1, 1, 1, 1, 1, 1, 1, 1, 1, 1, 1, 1, 1, 1, 1, 1, 1]",0.1016883570000573,0.10161487588892568,0.10125498899992635,0.10197212399998534,0.0002863673404889373,"[0.101255, 0.101312, 0.101308, 0.101444, 0.101688, 0.101768, 0.101904, 0.101882, 0.101972]",0.008597312000119928,0.008594409777843894,0.00855694400001994,0.008613934000095469,1.662323382462188e-05,"[0.008557, 0.008602, 0.008609, 0.008583, 0.008594, 0.008597, 0.008614, 0.008597, 0.008596]",11.827924472048798,11.754790435915128,11.916885747966532,46,optimal,nan,3.385162353515625,2.3421077728271484,191.15039521097123,191.15039521180518,4.36279400409552e-12,1.4849195310806529e-05,1.0256641215090493e-05,1.0,1.0,0.15897435897435896,0.27433628318584075,9,2,1e-07,1e-05,1000,2.0,180.0,40.0,70.05140969316749,8.0,1.0,13.0,1.183431952662722,1.0583944787216601,1.0
primary,x86_64,none,0.3.0,2.4.4,32,1,imbalanced,200,1000,0.05,0,0.9902010050251256,5,"[180, 8, 8, 2, 2]",powerlaw,3,0,2,1,0,[200],0.06548252499987939,0.0654507305555651,0.06522843900006592,0.06575441800009685,0.00017356955341928635,"[0.065516, 0.065483, 0.065499, 0.065621, 0.065754, 0.065354, 0.065237, 0.065364, 0.065228]",0.06708539199985353,0.06712246299995665,0.06676481899989994,0.06764936500007934,0.00032574900243337003,"[0.067591, 0.067139, 0.0669, 0.066765, 0.066811, 0.066891, 0.067085, 0.067271, 0.067649]",0.9761070636662951,0.9642136182651443,0.9848662661722395,29,optimal,nan,3.385162353515625,5.8297576904296875,179.60104647172273,179.60104647172273,0.0,0.0,0.0,1.0,0.08193484698914116,0.8512820512820513,0.1494822152183701,9,2,1e-07,1e-05,1000,2.0,180.0,40.0,70.05140969316749,8.0,200.0,200.0,200.0,0.0,200.0
primary,x86_64,none,0.3.0,2.4.4,32,1,imbalanced,200,1000,0.1,0,0.9902010050251256,5,"[180, 8, 8, 2, 2]",powerlaw,3,0,2,12,5,"[181, 4, 2, 2, 2, 2, 2, 1, 1, 1, 1, 1]",0.08831924499986599,0.08849470311116016,0.08806872300010582,0.08925247100000888,0.00042550581477363464,"[0.089252, 0.089127, 0.088576, 0.0885, 0.088205, 0.088319, 0.088228, 0.088177, 0.088069]",0.07691394499988746,0.07701671300002191,0.07659812000019883,0.07757765099995595,0.00035133854597446397,"[0.077188, 0.076914, 0.076914, 0.076736, 0.076598, 0.076598, 0.077217, 0.077578, 0.077408]",1.1482865038322403,1.135233174308872,1.1652044593232471,40,optimal,nan,3.385162353515625,4.947021484375,183.0907514148331,183.09075115897784,1.3974232310386258e-09,3.468819141484031e-05,2.644395571762238e-05,1.0,0.6622807017543859,0.7743589743589744,0.7139479905437351,9,2,1e-07,1e-05,1000,2.0,180.0,40.0,70.05140969316749,8.0,1.0,181.0,16.666666666666668,49.55524414451232,2.0
primary,x86_64,none,0.3.0,2.4.4,32,1,imbalanced,200,1000,0.15,0,0.9902010050251256,5,"[180, 8, 8, 2, 2]",powerlaw,3,0,2,58,17,"[35, 14, 11, 6, 6, 6, 5, 5, 5, 5, 4, 4, 4, 4, 4, 3, 3, 3, 3, 3, 3, 3, 3, 3, 3, 3, 3, 3, 2, 2, 2, 2, 2, 2, 2, 2, 2, 2, 2, 2, 2, 1, 1, 1, 1, 1, 1, 1, 1, 1, 1, 1, 1, 1, 1, 1, 1, 1]",0.08897463999983302,0.08900181599993731,0.08873005399982503,0.08931658500023332,0.0002133876444331377,"[0.089197, 0.089317, 0.089179, 0.088975, 0.088932, 0.089128, 0.088748, 0.088812, 0.08873]",0.021839380999608693,0.021825001444388665,0.021617353999772604,0.02199017000020831,0.00012275973818493381,"[0.021658, 0.021617, 0.021806, 0.02195, 0.021887, 0.021869, 0.02199, 0.021839, 0.021809]",4.07404587160356,4.034987178315789,4.131707562413645,40,optimal,nan,3.385162353515625,2.354855537414551,185.90462926169587,185.90462924863766,7.024145843549743e-11,3.0310196645844112e-05,2.279124493130739e-05,1.0,0.972027972027972,0.7128205128205128,0.8224852071005917,9,2,1e-07,1e-05,1000,2.0,180.0,40.0,70.05140969316749,8.0,1.0,35.0,3.4482758620689653,4.782051261616473,2.0
primary,x86_64,none,0.3.0,2.4.4,32,1,imbalanced,200,1000,0.2,0,0.9902010050251256,5,"[180, 8, 8, 2, 2]",powerlaw,3,0,2,84,39,"[18, 10, 6, 6, 6, 5, 5, 5, 5, 4, 4, 4, 4, 4, 4, 4, 3, 3, 3, 3, 3, 3, 3, 3, 3, 2, 2, 2, 2, 2, 2, 2, 2, 2, 2, 2, 2, 2, 2, 2, 2, 2, 2, 2, 2, 1, 1, 1, 1, 1, 1, 1, 1, 1, 1, 1, 1, 1, 1, 1, 1, 1, 1, 1, 1, 1, 1, 1, 1, 1, 1, 1, 1, 1, 1, 1, 1, 1, 1, 1, 1, 1, 1, 1]",0.093536284000038,0.09370580577777016,0.09285951799984105,0.09516527400000996,0.0007129417529022817,"[0.09286, 0.093096, 0.093321, 0.093536, 0.093423, 0.093558, 0.093986, 0.095165, 0.094407]",0.019046828000227833,0.019057117555550777,0.018974401999912516,0.019248671000241302,8.257171271894119e-05,"[0.019047, 0.019048, 0.01899, 0.01899, 0.018974, 0.019046, 0.019081, 0.019249, 0.01909]",4.910858857911624,4.824204122906821,5.015455770382051,42,optimal,nan,3.385162353515625,2.341921806335449,186.83309597656324,186.8330956934109,1.5155362615152944e-09,0.0002191754314493366,0.00016681437755472535,1.0,0.9913793103448276,0.5897435897435898,0.7395498392282959,9,2,1e-07,1e-05,1000,2.0,180.0,40.0,70.05140969316749,8.0,1.0,18.0,2.380952380952381,2.3599069892121656,2.0
primary,x86_64,none,0.3.0,2.4.4,32,1,imbalanced,200,1000,0.25,0,0.9902010050251256,5,"[180, 8, 8, 2, 2]",powerlaw,3,0,2,113,74,"[12, 9, 6, 6, 6, 5, 4, 4, 4, 4, 3, 3, 3, 3, 3, 3, 3, 3, 2, 2, 2, 2, 2, 2, 2, 2, 2, 2, 2, 2, 2, 2, 2, 2, 2, 2, 2, 2, 2, 1, 1, 1, 1, 1, 1, 1, 1, 1, 1, 1, 1, 1, 1, 1, 1, 1, 1, 1, 1, 1, 1, 1, 1, 1, 1, 1, 1, 1, 1, 1, 1, 1, 1, 1, 1, 1, 1, 1, 1, 1, 1, 1, 1, 1, 1, 1, 1, 1, 1, 1, 1, 1, 1, 1, 1, 1, 1, 1, 1, 1, 1, 1, 1, 1, 1, 1, 1, 1, 1, 1, 1, 1, 1]",0.09325607800019498,0.09433046222218561,0.09233235199963019,0.09891004899964173,0.002122672447611304,"[0.092332, 0.09496, 0.09891, 0.096527, 0.093256, 0.093178, 0.093251, 0.093235, 0.093325]",0.015210628000204451,0.015330810666606945,0.015088336000189884,0.01612841899986961,0.0003146940886536965,"[0.015147, 0.016128, 0.015198, 0.015088, 0.015174, 0.015405, 0.015301, 0.015211, 0.015326]",6.130981442642702,5.724823493262213,6.555398090180187,42,optimal,nan,3.385162353515625,2.341628074645996,189.01014420048514,189.01014420658512,3.227329935434954e-11,2.4140379085491048e-05,1.875355209045891e-05,1.0,1.0,0.4461538461538462,0.6170212765957447,9,2,1e-07,1e-05,1000,2.0,180.0,40.0,70.05140969316749,8.0,1.0,12.0,1.7699115044247788,1.6239842274263612,1.0
primary,x86_64,none,0.3.0,2.4.4,32,1,imbalanced,200,1000,0.3,0,0.9902010050251256,5,"[180, 8, 8, 2, 2]",powerlaw,3,0,2,137,103,"[12, 6, 6, 6, 5, 4, 3, 3, 2, 2, 2, 2, 2, 2, 2, 2, 2, 2, 2, 2, 2, 2, 2, 2, 2, 2, 2, 2, 2, 2, 2, 2, 2, 2, 1, 1, 1, 1, 1, 1, 1, 1, 1, 1, 1, 1, 1, 1, 1, 1, 1, 1, 1, 1, 1, 1, 1, 1, 1, 1, 1, 1, 1, 1, 1, 1, 1, 1, 1, 1, 1, 1, 1, 1, 1, 1, 1, 1, 1, 1, 1, 1, 1, 1, 1, 1, 1, 1, 1, 1, 1, 1, 1, 1, 1, 1, 1, 1, 1, 1, 1, 1, 1, 1, 1, 1, 1, 1, 1, 1, 1, 1, 1, 1, 1, 1, 1, 1, 1, 1, 1, 1, 1, 1, 1, 1, 1, 1, 1, 1, 1, 1, 1, 1, 1, 1, 1]",0.09176837900031387,0.09178645211118742,0.09137419199987562,0.09225992500023494,0.00025640851149079814,"[0.091977, 0.09226, 0.091784, 0.091586, 0.091684, 0.091678, 0.091768, 0.091374, 0.091967]",0.013172017000215419,0.013152756666638905,0.013046163000126398,0.013350112999887642,9.537652107309606e-05,"[0.01335, 0.013183, 0.013066, 0.013174, 0.013046, 0.013097, 0.013214, 0.013172, 0.013072]",6.96691926519781,6.844450829790328,7.071805326925708,41,optimal,nan,3.385162353515625,2.344294548034668,189.36846176096066,189.36846176216497,6.359628644049031e-12,1.564877973525558e-05,1.1896018330425352e-05,1.0,1.0,0.3230769230769231,0.48837209302325585,9,2,1e-07,1e-05,1000,2.0,180.0,40.0,70.05140969316749,8.0,1.0,12.0,1.4598540145985401,1.2844641504809482,1.0
primary,x86_64,none,0.3.0,2.4.4,32,1,imbalanced,200,1000,0.35,0,0.9902010050251256,5,"[180, 8, 8, 2, 2]",powerlaw,3,0,2,154,131,"[12, 5, 4, 4, 4, 3, 3, 3, 3, 2, 2, 2, 2, 2, 2, 2, 2, 2, 2, 2, 2, 2, 2, 1, 1, 1, 1, 1, 1, 1, 1, 1, 1, 1, 1, 1, 1, 1, 1, 1, 1, 1, 1, 1, 1, 1, 1, 1, 1, 1, 1, 1, 1, 1, 1, 1, 1, 1, 1, 1, 1, 1, 1, 1, 1, 1, 1, 1, 1, 1, 1, 1, 1, 1, 1, 1, 1, 1, 1, 1, 1, 1, 1, 1, 1, 1, 1, 1, 1, 1, 1, 1, 1, 1, 1, 1, 1, 1, 1, 1, 1, 1, 1, 1, 1, 1, 1, 1, 1, 1, 1, 1, 1, 1, 1, 1, 1, 1, 1, 1, 1, 1, 1, 1, 1, 1, 1, 1, 1, 1, 1, 1, 1, 1, 1, 1, 1, 1, 1, 1, 1, 1, 1, 1, 1, 1, 1, 1, 1, 1, 1, 1, 1, 1]",0.09086536799986789,0.0915762752221983,0.09034324000003835,0.0938317189998088,0.0014728740655736952,"[0.093832, 0.093499, 0.093157, 0.091165, 0.090343, 0.090865, 0.090515, 0.09045, 0.09036]",0.010604838000290329,0.01060866377782885,0.010579904999758583,0.010684385999866208,3.332748317240954e-05,"[0.010588, 0.010684, 0.010625, 0.01058, 0.010581, 0.010605, 0.010611, 0.010582, 0.010621]",8.56829382941826,8.45563235932974,8.868862149702657,41,optimal,nan,3.385162353515625,2.343486785888672,189.21675262832701,189.21675263053476,1.1667791115047436e-11,7.486638656017952e-06,5.708333593859273e-06,1.0,1.0,0.2358974358974359,0.3817427385892116,9,2,1e-07,1e-05,1000,2.0,180.0,40.0,70.05140969316749,8.0,1.0,12.0,1.2987012987012987,1.0819047064757676,1.0
primary,x86_64,none,0.3.0,2.4.4,32,1,imbalanced,200,1000,0.4,0,0.9902010050251256,5,"[180, 8, 8, 2, 2]",powerlaw,3,0,2,170,158,"[12, 4, 4, 3, 3, 3, 3, 2, 2, 2, 2, 2, 1, 1, 1, 1, 1, 1, 1, 1, 1, 1, 1, 1, 1, 1, 1, 1, 1, 1, 1, 1, 1, 1, 1, 1, 1, 1, 1, 1, 1, 1, 1, 1, 1, 1, 1, 1, 1, 1, 1, 1, 1, 1, 1, 1, 1, 1, 1, 1, 1, 1, 1, 1, 1, 1, 1, 1, 1, 1, 1, 1, 1, 1, 1, 1, 1, 1, 1, 1, 1, 1, 1, 1, 1, 1, 1, 1, 1, 1, 1, 1, 1, 1, 1, 1, 1, 1, 1, 1, 1, 1, 1, 1, 1, 1, 1, 1, 1, 1, 1, 1, 1, 1, 1, 1, 1, 1, 1, 1, 1, 1, 1, 1, 1, 1, 1, 1, 1, 1, 1, 1, 1, 1, 1, 1, 1, 1, 1, 1, 1, 1, 1, 1, 1, 1, 1, 1, 1, 1, 1, 1, 1, 1, 1, 1, 1, 1, 1, 1, 1, 1, 1, 1, 1, 1, 1, 1, 1, 1]",0.09118593800030794,0.09122630588889377,0.09056973699989612,0.09209421099967585,0.0005103146621768458,"[0.09057, 0.090735, 0.090773, 0.091073, 0.091502, 0.091186, 0.091815, 0.092094, 0.091289]",0.008423794000009366,0.008430522222321693,0.008400049000101717,0.008468911000363732,2.5200215881811938e-05,"[0.008402, 0.008469, 0.008411, 0.008453, 0.008442, 0.0084, 0.008456, 0.008418, 0.008424]",10.82480625715759,10.694378178729972,10.963532593507571,41,optimal,nan,3.385162353515625,2.342360496520996,190.5425975952054,190.54259759552156,1.6592777662005053e-12,1.0212800833575564e-05,7.48934181055242e-06,1.0,1.0,0.15384615384615385,0.2666666666666667,9,2,1e-07,1e-05,1000,2.0,180.0,40.0,70.05140969316749,8.0,1.0,12.0,1.1764705882352942,0.9539573376604032,1.0
primary,x86_64,none,0.3.0,2.4.4,32,1,imbalanced,200,2000,0.05,0,0.9902010050251256,5,"[180, 8, 8, 2, 2]",powerlaw,3,0,2,2,1,"[199, 1]",0.0787918650003121,0.07875242000005124,0.07860308299996177,0.0788631020000139,9.598944157670185e-05,"[0.078632, 0.078603, 0.078655, 0.078774, 0.078822, 0.078792, 0.078803, 0.078863, 0.078829]",0.08001120700009778,0.08000237066668585,0.07986517100016499,0.08023560799983898,0.0001208664517046662,"[0.080011, 0.080047, 0.079865, 0.079884, 0.080236, 0.080041, 0.079903, 0.079928, 0.080106]",0.984760359885782,0.97965336038981,0.987452991240086,35,optimal,nan,3.385162353515625,5.781256675720215,180.01180085767615,180.01180086375916,3.37923023672794e-11,2.6457038454982817e-06,2.009875787621061e-06,1.0,0.2814070351758794,0.8615384615384616,0.4242424242424243,9,2,1e-07,1e-05,1000,2.0,180.0,40.0,70.05140969316749,8.0,1.0,199.0,100.0,99.0,100.0
primary,x86_64,none,0.3.0,2.4.4,32,1,imbalanced,200,2000,0.1,0,0.9902010050251256,5,"[180, 8, 8, 2, 2]",powerlaw,3,0,2,41,7,"[62, 14, 12, 10, 6, 6, 5, 5, 5, 4, 4, 4, 4, 4, 3, 3, 3, 3, 3, 3, 3, 3, 2, 2, 2, 2, 2, 2, 2, 2, 2, 2, 2, 2, 1, 1, 1, 1, 1, 1, 1]",0.0768126640000446,0.07723230355552207,0.07640423799966811,0.07914093199997296,0.0009173701309374404,"[0.076779, 0.076721, 0.077125, 0.078299, 0.079141, 0.077349, 0.076813, 0.076459, 0.076404]",0.023882260999926075,0.023902972555636854,0.023574753000048077,0.024283564000143087,0.0002178898577269918,"[0.023972, 0.024028, 0.024088, 0.023882, 0.024284, 0.023575, 0.023699, 0.023867, 0.023731]",3.2163061948063616,3.146335439032669,3.3570206228591903,34,optimal,nan,3.385162353515625,2.40694522857666,184.1664968584542,184.16649086791406,3.252784971042008e-08,0.00055508154630831,0.0004328022746506698,0.99995,0.9263803680981595,0.7743589743589744,0.8435754189944136,9,2,1e-07,1e-05,1000,2.0,180.0,40.0,70.05140969316749,8.0,1.0,62.0,4.878048780487805,9.451274586778952,3.0
primary,x86_64,none,0.3.0,2.4.4,32,1,imbalanced,200,2000,0.15,0,0.9902010050251256,5,"[180, 8, 8, 2, 2]",powerlaw,3,0,2,60,13,"[18, 10, 6, 6, 6, 6, 6, 6, 6, 5, 5, 5, 5, 5, 4, 4, 4, 4, 4, 4, 4, 3, 3, 3, 3, 3, 3, 3, 3, 3, 3, 3, 3, 2, 2, 2, 2, 2, 2, 2, 2, 2, 2, 2, 2, 2, 2, 1, 1, 1, 1, 1, 1, 1, 1, 1, 1, 1, 1, 1]",0.07800707699971099,0.07907088644444432,0.0778420440001355,0.08470337300013853,0.002310199108772984,"[0.078642, 0.077842, 0.078007, 0.077913, 0.077919, 0.078007, 0.077846, 0.084703, 0.080758]",0.02044744399972842,0.020492032777787647,0.020337025999651814,0.02072645599992029,0.00012197621833883913,"[0.020431, 0.020447, 0.020408, 0.020643, 0.020496, 0.02051, 0.020726, 0.020337, 0.020428]",3.815003821541072,3.755685197721929,4.164983267543087,35,optimal,nan,3.385162353515625,2.3375797271728516,186.18521617234978,186.18521613906574,1.7876842920507698e-10,5.770939865046287e-05,4.5598772112206195e-05,1.0,0.9929078014184397,0.717948717948718,0.8333333333333333,9,2,1e-07,1e-05,1000,2.0,180.0,40.0,70.05140969316749,8.0,1.0,18.0,3.3333333333333335,2.6562295750848715,3.0
primary,x86_64,none,0.3.0,2.4.4,32,1,imbalanced,200,2000,0.2,0,0.9902010050251256,5,"[180, 8, 8, 2, 2]",powerlaw,3,0,2,85,38,"[12, 10, 6, 6, 6, 6, 6, 5, 5, 4, 4, 4, 4, 4, 4, 3, 3, 3, 3, 3, 3, 3, 3, 3, 3, 3, 3, 2, 2, 2, 2, 2, 2, 2, 2, 2, 2, 2, 2, 2, 2, 2, 2, 2, 2, 2, 2, 1, 1, 1, 1, 1, 1, 1, 1, 1, 1, 1, 1, 1, 1, 1, 1, 1, 1, 1, 1, 1, 1, 1, 1, 1, 1, 1, 1, 1, 1, 1, 1, 1, 1, 1, 1, 1, 1]",0.08117476200004603,0.08202868544443238,0.08089693600004466,0.08461670699989554,0.0015279521086920325,"[0.08107, 0.081175, 0.080897, 0.081285, 0.081022, 0.081043, 0.082645, 0.084617, 0.084505]",0.018577467999875807,0.018590924222179537,0.01835663299971202,0.018854106000162574,0.00017091664906241245,"[0.018538, 0.01867, 0.018369, 0.018506, 0.018658, 0.018357, 0.018577, 0.018789, 0.018854]",4.3695277526834495,4.290680024783308,4.609598448758169,37,optimal,nan,3.385162353515625,2.3399276733398438,187.28516163642945,187.28516163614785,1.5036017513395334e-12,8.840975941781792e-06,6.912907624665143e-06,1.0,1.0,0.5897435897435898,0.7419354838709677,9,2,1e-07,1e-05,1000,2.0,180.0,40.0,70.05140969316749,8.0,1.0,12.0,2.3529411764705883,1.956623035339752,2.0
primary,x86_64,none,0.3.0,2.4.4,32,1,imbalanced,200,2000,0.25,0,0.9902010050251256,5,"[180, 8, 8, 2, 2]",powerlaw,3,0,2,113,76,"[12, 9, 6, 6, 6, 5, 4, 4, 4, 4, 4, 3, 3, 3, 3, 3, 3, 3, 3, 2, 2, 2, 2, 2, 2, 2, 2, 2, 2, 2, 2, 2, 2, 2, 2, 2, 2, 1, 1, 1, 1, 1, 1, 1, 1, 1, 1, 1, 1, 1, 1, 1, 1, 1, 1, 1, 1, 1, 1, 1, 1, 1, 1, 1, 1, 1, 1, 1, 1, 1, 1, 1, 1, 1, 1, 1, 1, 1, 1, 1, 1, 1, 1, 1, 1, 1, 1, 1, 1, 1, 1, 1, 1, 1, 1, 1, 1, 1, 1, 1, 1, 1, 1, 1, 1, 1, 1, 1, 1, 1, 1, 1, 1]",0.08277641900031085,0.0833870778890034,0.0825092790000781,0.0858158689998163,0.0011094831461280052,"[0.082762, 0.084022, 0.085816, 0.084226, 0.083181, 0.082519, 0.082672, 0.082509, 0.082776]",0.014382788000148139,0.014392681333346345,0.014316299999791227,0.01452288700011195,5.902776695571692e-05,"[0.014403, 0.014523, 0.014353, 0.014421, 0.014352, 0.014383, 0.014371, 0.014412, 0.014316]",5.755241542839836,5.681327617535141,5.994277082840381,38,optimal,nan,3.385162353515625,2.341053009033203,188.50526255240248,188.50526255658696,2.2198167729435575e-11,1.9329268578505143e-05,1.4714678042540283e-05,1.0,1.0,0.4461538461538462,0.6170212765957447,9,2,1e-07,1e-05,1000,2.0,180.0,40.0,70.05140969316749,8.0,1.0,12.0,1.7699115044247788,1.6402506259905338,1.0
primary,x86_64,none,0.3.0,2.4.4,32,1,imbalanced,200,2000,0.3,0,0.9902010050251256,5,"[180, 8, 8, 2, 2]",powerlaw,3,0,2,144,118,"[12, 6, 6, 5, 5, 4, 3, 3, 3, 3, 2, 2, 2, 2, 2, 2, 2, 2, 2, 2, 2, 2, 2, 2, 2, 2, 1, 1, 1, 1, 1, 1, 1, 1, 1, 1, 1, 1, 1, 1, 1, 1, 1, 1, 1, 1, 1, 1, 1, 1, 1, 1, 1, 1, 1, 1, 1, 1, 1, 1, 1, 1, 1, 1, 1, 1, 1, 1, 1, 1, 1, 1, 1, 1, 1, 1, 1, 1, 1, 1, 1, 1, 1, 1, 1, 1, 1, 1, 1, 1, 1, 1, 1, 1, 1, 1, 1, 1, 1, 1, 1, 1, 1, 1, 1, 1, 1, 1, 1, 1, 1, 1, 1, 1, 1, 1, 1, 1, 1, 1, 1, 1, 1, 1, 1, 1, 1, 1, 1, 1, 1, 1, 1, 1, 1, 1, 1, 1, 1, 1, 1, 1, 1, 1]",0.08430564700029208,0.0848211932223219,0.08406462800030567,0.08653062199982742,0.0009627233019097464,"[0.086389, 0.086531, 0.084938, 0.08448, 0.084306, 0.084065, 0.084271, 0.08416, 0.084251]",0.011600975999954244,0.012015998444389374,0.011522615000103542,0.014389911999842298,0.0009332286249029231,"[0.011601, 0.011599, 0.011593, 0.011538, 0.011601, 0.011523, 0.01439, 0.012401, 0.011899]",7.267116749541125,5.841913974263843,7.509634054340083,38,optimal,nan,3.385162353515625,2.342439651489258,189.10129851522657,189.10129852578297,5.582400226506455e-11,1.6490078727726676e-05,1.2561449025257473e-05,1.0,1.0,0.28717948717948716,0.44621513944223107,9,2,1e-07,1e-05,1000,2.0,180.0,40.0,70.05140969316749,8.0,1.0,12.0,1.3888888888888888,1.2422599874998832,1.0
primary,x86_64,none,0.3.0,2.4.4,32,1,imbalanced,200,2000,0.35,0,0.9902010050251256,5,"[180, 8, 8, 2, 2]",powerlaw,3,0,2,154,135,"[12, 6, 5, 5, 4, 4, 3, 3, 3, 2, 2, 2, 2, 2, 2, 2, 2, 2, 2, 1, 1, 1, 1, 1, 1, 1, 1, 1, 1, 1, 1, 1, 1, 1, 1, 1, 1, 1, 1, 1, 1, 1, 1, 1, 1, 1, 1, 1, 1, 1, 1, 1, 1, 1, 1, 1, 1, 1, 1, 1, 1, 1, 1, 1, 1, 1, 1, 1, 1, 1, 1, 1, 1, 1, 1, 1, 1, 1, 1, 1, 1, 1, 1, 1, 1, 1, 1, 1, 1, 1, 1, 1, 1, 1, 1, 1, 1, 1, 1, 1, 1, 1, 1, 1, 1, 1, 1, 1, 1, 1, 1, 1, 1, 1, 1, 1, 1, 1, 1, 1, 1, 1, 1, 1, 1, 1, 1, 1, 1, 1, 1, 1, 1, 1, 1, 1, 1, 1, 1, 1, 1, 1, 1, 1, 1, 1, 1, 1, 1, 1, 1, 1, 1, 1]",0.08449917999996615,0.0847028652222232,0.08386397999993278,0.08589424100000542,0.0006435495262443625,"[0.083942, 0.083864, 0.085894, 0.085198, 0.085033, 0.084426, 0.084995, 0.084473, 0.084499]",0.01010499499989237,0.010120957666711346,0.010057504000087647,0.01027715200007151,7.014073161973608e-05,"[0.010105, 0.010114, 0.010084, 0.010078, 0.010277, 0.010189, 0.010114, 0.010058, 0.010069]",8.362119921965935,8.16023544259628,8.54031387899591,38,optimal,nan,3.385162353515625,2.3421010971069336,190.3359139471882,190.3359139483281,5.988935437804449e-12,7.230601345664667e-06,5.704837131618912e-06,1.0,1.0,0.2358974358974359,0.3817427385892116,9,2,1e-07,1e-05,1000,2.0,180.0,40.0,70.05140969316749,8.0,1.0,12.0,1.2987012987012987,1.1516778845400188,1.0
primary,x86_64,none,0.3.0,2.4.4,32,1,imbalanced,200,2000,0.4,0,0.9902010050251256,5,"[180, 8, 8, 2, 2]",powerlaw,3,0,2,170,160,"[12, 6, 5, 4, 3, 2, 2, 2, 2, 2, 1, 1, 1, 1, 1, 1, 1, 1, 1, 1, 1, 1, 1, 1, 1, 1, 1, 1, 1, 1, 1, 1, 1, 1, 1, 1, 1, 1, 1, 1, 1, 1, 1, 1, 1, 1, 1, 1, 1, 1, 1, 1, 1, 1, 1, 1, 1, 1, 1, 1, 1, 1, 1, 1, 1, 1, 1, 1, 1, 1, 1, 1, 1, 1, 1, 1, 1, 1, 1, 1, 1, 1, 1, 1, 1, 1, 1, 1, 1, 1, 1, 1, 1, 1, 1, 1, 1, 1, 1, 1, 1, 1, 1, 1, 1, 1, 1, 1, 1, 1, 1, 1, 1, 1, 1, 1, 1, 1, 1, 1, 1, 1, 1, 1, 1, 1, 1, 1, 1, 1, 1, 1, 1, 1, 1, 1, 1, 1, 1, 1, 1, 1, 1, 1, 1, 1, 1, 1, 1, 1, 1, 1, 1, 1, 1, 1, 1, 1, 1, 1, 1, 1, 1, 1, 1, 1, 1, 1, 1, 1]",0.08405988999993497,0.08407413533329115,0.0838639849998799,0.08435552199989615,0.000150019583250758,"[0.083864, 0.083903, 0.084054, 0.083986, 0.084356, 0.084147, 0.084112, 0.08406, 0.084186]",0.008214835999751813,0.008214571999966816,0.00817565499983175,0.008237393999934284,1.7386454251501976e-05,"[0.008205, 0.008237, 0.008215, 0.008226, 0.008214, 0.008212, 0.00822, 0.008176, 0.008227]",10.232692411933067,10.180887911947512,10.317891594206476,38,optimal,nan,3.385162353515625,2.34165096282959,190.80231899904902,190.80231900381557,2.4981604364976048e-11,2.0156301388296605e-05,1.5647366183396513e-05,1.0,1.0,0.15384615384615385,0.2666666666666667,9,2,1e-07,1e-05,1000,2.0,180.0,40.0,70.05140969316749,8.0,1.0,12.0,1.1764705882352942,1.013746349389064,1.0
primary,x86_64,none,0.3.0,2.4.4,32,1,imbalanced,400,800,0.05,0,0.9950501253132832,5,"[360, 16, 16, 4, 4]",powerlaw,5,0,0,1,0,[400],0.24148104599998987,0.2408214413332846,0.2304701420002857,0.25068489199975375,0.008292745932394836,"[0.232508, 0.23047, 0.236706, 0.250685, 0.231923, 0.241481, 0.250241, 0.25004, 0.243339]",0.2399447129996588,0.24007149299990893,0.23415907199978392,0.24847299399971234,0.004941343415475441,"[0.235946, 0.24529, 0.248473, 0.239945, 0.241123, 0.243467, 0.237033, 0.234159, 0.235207]",1.0064028624807968,0.9275460414847037,1.070575185743754,20,optimal,nan,13.45904541015625,23.229415893554688,291.48156861545345,291.48156861545345,0.0,0.0,0.0,1.0,0.05,0.7924050632911392,0.09406461307287754,9,2,1e-07,1e-05,1000,4.0,360.0,80.0,140.10281938633497,16.0,400.0,400.0,400.0,0.0,400.0
primary,x86_64,none,0.3.0,2.4.4,32,1,imbalanced,400,800,0.1,0,0.9950501253132832,5,"[360, 16, 16, 4, 4]",powerlaw,5,0,0,45,25,"[320, 7, 5, 4, 4, 4, 3, 3, 3, 2, 2, 2, 2, 2, 2, 2, 2, 2, 2, 2, 1, 1, 1, 1, 1, 1, 1, 1, 1, 1, 1, 1, 1, 1, 1, 1, 1, 1, 1, 1, 1, 1, 1, 1, 1]",0.32845106600007057,0.32984202399999657,0.3268351659999098,0.3431698290000895,0.00503414332149078,"[0.34317, 0.327888, 0.328768, 0.328648, 0.328573, 0.328449, 0.327796, 0.326835, 0.328451]",0.2348251859998527,0.23809049411107075,0.23118972100019164,0.25948395800014623,0.00914973044464381,"[0.237228, 0.232554, 0.232511, 0.234825, 0.23119, 0.237163, 0.2456, 0.259484, 0.232259]",1.3987045921057062,1.2595582729616204,1.4843645622108133,29,optimal,nan,13.45904541015625,16.20196533203125,298.7286831591669,298.72863640897964,1.564971490916013e-07,0.0007521213592835557,0.000466969156433594,0.999975,0.6065934065934065,0.6987341772151898,0.6494117647058824,9,2,1e-07,1e-05,1000,4.0,360.0,80.0,140.10281938633497,16.0,1.0,320.0,8.88888888888889,46.918947711143176,1.0
primary,x86_64,none,0.3.0,2.4.4,32,1,imbalanced,400,800,0.15,0,0.9950501253132832,5,"[360, 16, 16, 4, 4]",powerlaw,5,0,0,163,95,"[88, 10, 9, 8, 7, 7, 7, 6, 6, 5, 5, 5, 5, 4, 4, 4, 4, 4, 4, 3, 3, 3, 3, 3, 3, 3, 3, 3, 3, 3, 3, 3, 3, 3, 2, 2, 2, 2, 2, 2, 2, 2, 2, 2, 2, 2, 2, 2, 2, 2, 2, 2, 2, 2, 2, 2, 2, 2, 2, 2, 2, 2, 2, 2, 2, 2, 2, 2, 1, 1, 1, 1, 1, 1, 1, 1, 1, 1, 1, 1, 1, 1, 1, 1, 1, 1, 1, 1, 1, 1, 1, 1, 1, 1, 1, 1, 1, 1, 1, 1, 1, 1, 1, 1, 1, 1, 1, 1, 1, 1, 1, 1, 1, 1, 1, 1, 1, 1, 1, 1, 1, 1, 1, 1, 1, 1, 1, 1, 1, 1, 1, 1, 1, 1, 1, 1, 1, 1, 1, 1, 1, 1, 1, 1, 1, 1, 1, 1, 1, 1, 1, 1, 1, 1, 1, 1, 1, 1, 1, 1, 1, 1, 1]",0.38613548300008915,0.3871215917777388,0.38316371099972457,0.3980713010000727,0.004384576995795941,"[0.387582, 0.38407, 0.38807, 0.38545, 0.386135, 0.385315, 0.383164, 0.386238, 0.398071]",0.05055944100013221,0.05079966988887463,0.05004059699967911,0.052757112000108464,0.0007830352823651264,"[0.050559, 0.050543, 0.050326, 0.050041, 0.050508, 0.050635, 0.050988, 0.05084, 0.052757]",7.637257757637776,7.262787830367531,7.954967064094487,34,optimal,nan,13.45904541015625,8.972407341003418,303.7784565165437,303.77844705275135,3.11535994855653e-08,0.0006769244032633903,0.00042119566192121854,0.999975,0.9163179916317992,0.5544303797468354,0.6908517350157729,9,2,1e-07,1e-05,1000,4.0,360.0,80.0,140.10281938633497,16.0,1.0,88.0,2.4539877300613497,6.912425421102452,1.0
primary,x86_64,none,0.3.0,2.4.4,32,1,imbalanced,400,800,0.2,0,0.9950501253132832,5,"[360, 16, 16, 4, 4]",powerlaw,5,0,0,242,177,"[49, 10, 7, 6, 6, 5, 5, 4, 4, 3, 3, 3, 3, 3, 3, 3, 3, 3, 3, 3, 3, 3, 3, 3, 2, 2, 2, 2, 2, 2, 2, 2, 2, 2, 2, 2, 2, 2, 2, 2, 2, 2, 2, 2, 2, 2, 2, 2, 2, 2, 2, 2, 2, 2, 2, 2, 2, 2, 2, 2, 2, 2, 2, 2, 2, 1, 1, 1, 1, 1, 1, 1, 1, 1, 1, 1, 1, 1, 1, 1, 1, 1, 1, 1, 1, 1, 1, 1, 1, 1, 1, 1, 1, 1, 1, 1, 1, 1, 1, 1, 1, 1, 1, 1, 1, 1, 1, 1, 1, 1, 1, 1, 1, 1, 1, 1, 1, 1, 1, 1, 1, 1, 1, 1, 1, 1, 1, 1, 1, 1, 1, 1, 1, 1, 1, 1, 1, 1, 1, 1, 1, 1, 1, 1, 1, 1, 1, 1, 1, 1, 1, 1, 1, 1, 1, 1, 1, 1, 1, 1, 1, 1, 1, 1, 1, 1, 1, 1, 1, 1, 1, 1, 1, 1, 1, 1, 1, 1, 1, 1, 1, 1, 1, 1, 1, 1, 1, 1, 1, 1, 1, 1, 1, 1, 1, 1, 1, 1, 1, 1]",0.3837384190001103,0.3851899575556167,0.3694553860000269,0.4194912309999381,0.014784028749020779,"[0.387291, 0.383738, 0.387484, 0.378947, 0.380548, 0.389767, 0.419491, 0.369987, 0.369455]",0.03936689300007856,0.03950448622223727,0.03891097499990792,0.040168311999877915,0.00043883874763586786,"[0.039367, 0.040168, 0.039856, 0.040082, 0.039515, 0.039153, 0.039164, 0.039324, 0.038911]",9.747744608632043,9.197682641011896,10.780794647292462,33,optimal,nan,13.45904541015625,8.870905876159668,306.5151123619477,306.51494808087875,5.359640105610521e-07,0.0032857823930645402,0.0020751436178370964,0.999975,0.9685534591194969,0.389873417721519,0.555956678700361,9,2,1e-07,1e-05,1000,4.0,360.0,80.0,140.10281938633497,16.0,1.0,49.0,1.6528925619834711,3.2262117175269696,1.0
primary,x86_64,none,0.3.0,2.4.4,32,1,imbalanced,400,800,0.25,0,0.9950501253132832,5,"[360, 16, 16, 4, 4]",powerlaw,5,0,0,299,263,"[24, 18, 9, 6, 6, 5, 4, 4, 4, 3, 3, 3, 2, 2, 2, 2, 2, 2, 2, 2, 2, 2, 2, 2, 2, 2, 2, 2, 2, 2, 2, 2, 2, 2, 2, 2, 1, 1, 1, 1, 1, 1, 1, 1, 1, 1, 1, 1, 1, 1, 1, 1, 1, 1, 1, 1, 1, 1, 1, 1, 1, 1, 1, 1, 1, 1, 1, 1, 1, 1, 1, 1, 1, 1, 1, 1, 1, 1, 1, 1, 1, 1, 1, 1, 1, 1, 1, 1, 1, 1, 1, 1, 1, 1, 1, 1, 1, 1, 1, 1, 1, 1, 1, 1, 1, 1, 1, 1, 1, 1, 1, 1, 1, 1, 1, 1, 1, 1, 1, 1, 1, 1, 1, 1, 1, 1, 1, 1, 1, 1, 1, 1, 1, 1, 1, 1, 1, 1, 1, 1, 1, 1, 1, 1, 1, 1, 1, 1, 1, 1, 1, 1, 1, 1, 1, 1, 1, 1, 1, 1, 1, 1, 1, 1, 1, 1, 1, 1, 1, 1, 1, 1, 1, 1, 1, 1, 1, 1, 1, 1, 1, 1, 1, 1, 1, 1, 1, 1, 1, 1, 1, 1, 1, 1, 1, 1, 1, 1, 1, 1]",0.368175546999737,0.3685429398888118,0.3660229940001045,0.37114612899995336,0.0015884924686142387,"[0.369353, 0.367817, 0.371146, 0.368723, 0.367145, 0.366023, 0.368176, 0.368079, 0.370424]",0.021004308000101446,0.021013278444469406,0.020880830000351125,0.021118286999808333,7.421755182034942e-05,"[0.020981, 0.021095, 0.021061, 0.020953, 0.020881, 0.021043, 0.021004, 0.020983, 0.021118]",17.528573043109002,17.33203995207691,17.774491195690608,33,optimal,nan,13.45904541015625,8.837204933166504,307.8724933573084,307.87249297233075,1.2504450160251119e-09,0.0001859335878512669,0.00011417135565572601,1.0,0.9901960784313726,0.25569620253164554,0.4064386317907444,9,2,1e-07,1e-05,1000,4.0,360.0,80.0,140.10281938633497,16.0,1.0,24.0,1.3377926421404682,1.8075306453628377,1.0
primary,x86_64,none,0.3.0,2.4.4,32,1,imbalanced,400,800,0.3,0,0.9950501253132832,5,"[360, 16, 16, 4, 4]",powerlaw,5,0,0,333,315,"[33, 7, 5, 5, 4, 4, 4, 3, 2, 2, 2, 2, 2, 2, 2, 2, 2, 2, 1, 1, 1, 1, 1, 1, 1, 1, 1, 1, 1, 1, 1, 1, 1, 1, 1, 1, 1, 1, 1, 1, 1, 1, 1, 1, 1, 1, 1, 1, 1, 1, 1, 1, 1, 1, 1, 1, 1, 1, 1, 1, 1, 1, 1, 1, 1, 1, 1, 1, 1, 1, 1, 1, 1, 1, 1, 1, 1, 1, 1, 1, 1, 1, 1, 1, 1, 1, 1, 1, 1, 1, 1, 1, 1, 1, 1, 1, 1, 1, 1, 1, 1, 1, 1, 1, 1, 1, 1, 1, 1, 1, 1, 1, 1, 1, 1, 1, 1, 1, 1, 1, 1, 1, 1, 1, 1, 1, 1, 1, 1, 1, 1, 1, 1, 1, 1, 1, 1, 1, 1, 1, 1, 1, 1, 1, 1, 1, 1, 1, 1, 1, 1, 1, 1, 1, 1, 1, 1, 1, 1, 1, 1, 1, 1, 1, 1, 1, 1, 1, 1, 1, 1, 1, 1, 1, 1, 1, 1, 1, 1, 1, 1, 1, 1, 1, 1, 1, 1, 1, 1, 1, 1, 1, 1, 1, 1, 1, 1, 1, 1, 1]",0.3592721429999983,0.3637281578889492,0.3479454060002354,0.39182281000012154,0.01578679283973538,"[0.349335, 0.376781, 0.391823, 0.3486, 0.347945, 0.36992, 0.359272, 0.352943, 0.376935]",0.01889568800015695,0.01889951388895699,0.018001659999754338,0.020603008000307454,0.000738682682024742,"[0.018896, 0.018961, 0.018993, 0.019081, 0.018696, 0.01869, 0.018174, 0.018002, 0.020603]",19.01344597756981,16.888087700351477,21.765926587074112,31,optimal,nan,13.45904541015625,8.842339515686035,306.27781770790085,306.2778068388559,3.548753559055753e-08,0.0009167620177468194,0.0005669050088192789,1.0,1.0,0.16962025316455695,0.29004329004329,9,2,1e-07,1e-05,1000,4.0,360.0,80.0,140.10281938633497,16.0,1.0,33.0,1.2012012012012012,1.8335540567536035,1.0
primary,x86_64,none,0.3.0,2.4.4,32,1,imbalanced,400,800,0.35,0,0.9950501253132832,5,"[360, 16, 16, 4, 4]",powerlaw,5,0,0,349,338,"[33, 7, 5, 3, 2, 2, 2, 2, 2, 2, 2, 1, 1, 1, 1, 1, 1, 1, 1, 1, 1, 1, 1, 1, 1, 1, 1, 1, 1, 1, 1, 1, 1, 1, 1, 1, 1, 1, 1, 1, 1, 1, 1, 1, 1, 1, 1, 1, 1, 1, 1, 1, 1, 1, 1, 1, 1, 1, 1, 1, 1, 1, 1, 1, 1, 1, 1, 1, 1, 1, 1, 1, 1, 1, 1, 1, 1, 1, 1, 1, 1, 1, 1, 1, 1, 1, 1, 1, 1, 1, 1, 1, 1, 1, 1, 1, 1, 1, 1, 1, 1, 1, 1, 1, 1, 1, 1, 1, 1, 1, 1, 1, 1, 1, 1, 1, 1, 1, 1, 1, 1, 1, 1, 1, 1, 1, 1, 1, 1, 1, 1, 1, 1, 1, 1, 1, 1, 1, 1, 1, 1, 1, 1, 1, 1, 1, 1, 1, 1, 1, 1, 1, 1, 1, 1, 1, 1, 1, 1, 1, 1, 1, 1, 1, 1, 1, 1, 1, 1, 1, 1, 1, 1, 1, 1, 1, 1, 1, 1, 1, 1, 1, 1, 1, 1, 1, 1, 1, 1, 1, 1, 1, 1, 1, 1, 1, 1, 1, 1, 1]",0.3694472679999308,0.3731752076664634,0.36226654599977337,0.39890863699974943,0.012520377045711462,"[0.376726, 0.367118, 0.363735, 0.362381, 0.387251, 0.370744, 0.362267, 0.369447, 0.398909]",0.017190744999879826,0.0171989246667484,0.016906984000343073,0.01767159700011689,0.00026078006189543193,"[0.017294, 0.017672, 0.017498, 0.017082, 0.017233, 0.016907, 0.016909, 0.017004, 0.017191]",21.491056263269186,20.499932518683917,23.59431090676225,32,optimal,nan,13.45904541015625,8.842646598815918,307.19289889055653,307.1928679501561,1.0071977757770817e-07,0.0016655693359609314,0.0010234843317624355,0.9999875,1.0,0.1291139240506329,0.22869955156950672,9,2,1e-07,1e-05,1000,4.0,360.0,80.0,140.10281938633497,16.0,1.0,33.0,1.146131805157593,1.758766236893676,1.0
primary,x86_64,none,0.3.0,2.4.4,32,1,imbalanced,400,800,0.4,0,0.9950501253132832,5,"[360, 16, 16, 4, 4]",powerlaw,5,0,0,352,340,"[18, 15, 7, 3, 3, 2, 2, 2, 2, 2, 2, 2, 1, 1, 1, 1, 1, 1, 1, 1, 1, 1, 1, 1, 1, 1, 1, 1, 1, 1, 1, 1, 1, 1, 1, 1, 1, 1, 1, 1, 1, 1, 1, 1, 1, 1, 1, 1, 1, 1, 1, 1, 1, 1, 1, 1, 1, 1, 1, 1, 1, 1, 1, 1, 1, 1, 1, 1, 1, 1, 1, 1, 1, 1, 1, 1, 1, 1, 1, 1, 1, 1, 1, 1, 1, 1, 1, 1, 1, 1, 1, 1, 1, 1, 1, 1, 1, 1, 1, 1, 1, 1, 1, 1, 1, 1, 1, 1, 1, 1, 1, 1, 1, 1, 1, 1, 1, 1, 1, 1, 1, 1, 1, 1, 1, 1, 1, 1, 1, 1, 1, 1, 1, 1, 1, 1, 1, 1, 1, 1, 1, 1, 1, 1, 1, 1, 1, 1, 1, 1, 1, 1, 1, 1, 1, 1, 1, 1, 1, 1, 1, 1, 1, 1, 1, 1, 1, 1, 1, 1, 1, 1, 1, 1, 1, 1, 1, 1, 1, 1, 1, 1, 1, 1, 1, 1, 1, 1, 1, 1, 1, 1, 1, 1, 1, 1, 1, 1, 1, 1]",0.3590158090000841,0.35964453733337604,0.35454090900020674,0.3685152910002216,0.004066436340676792,"[0.362584, 0.357316, 0.368515, 0.360272, 0.354541, 0.35976, 0.359016, 0.356259, 0.358539]",0.014144165999823599,0.01420471822216819,0.014042060000065248,0.014611957999932201,0.00017383020955493138,"[0.014068, 0.014612, 0.014291, 0.014144, 0.014233, 0.014228, 0.014132, 0.014042, 0.014091]",25.382607147325732,24.263750895112878,26.243677280862585,32,optimal,nan,13.45904541015625,8.831180572509766,310.0586417758917,310.0586415044661,8.754009183655557e-10,0.00011482260477563289,7.024043152519128e-05,1.0,1.0,0.12151898734177215,0.21670428893905191,9,2,1e-07,1e-05,1000,4.0,360.0,80.0,140.10281938633497,16.0,1.0,18.0,1.1363636363636365,1.2264306875665494,1.0
primary,x86_64,none,0.3.0,2.4.4,32,1,imbalanced,400,2000,0.05,0,0.9950501253132832,5,"[360, 16, 16, 4, 4]",powerlaw,5,0,0,7,6,"[394, 1, 1, 1, 1, 1, 1]",0.28358267500016154,0.2820277161111638,0.27452246800021385,0.28895870199994533,0.004647969485086053,"[0.279656, 0.288959, 0.284284, 0.274522, 0.276797, 0.284335, 0.283583, 0.28626, 0.279852]",0.2781211599999551,0.27904566844447093,0.2703824159998476,0.2877833269999428,0.005685971758823693,"[0.27433, 0.278121, 0.286809, 0.270382, 0.282099, 0.278536, 0.287783, 0.275436, 0.277916]",1.0196371789913694,0.9539206835296209,1.0687037503212051,24,optimal,nan,13.45904541015625,22.648449897766113,295.21331324534617,295.21331327304165,9.381513864187127e-11,8.447452034077152e-05,5.478884831499229e-05,1.0,0.2923219241443108,0.8,0.42818428184281837,9,2,1e-07,1e-05,1000,4.0,360.0,80.0,140.10281938633497,16.0,1.0,394.0,57.142857142857146,137.52135270196985,1.0
primary,x86_64,none,0.3.0,2.4.4,32,1,imbalanced,400,2000,0.1,0,0.9950501253132832,5,"[360, 16, 16, 4, 4]",powerlaw,5,0,0,106,33,"[89, 14, 12, 10, 10, 9, 8, 8, 8, 7, 7, 6, 6, 6, 6, 5, 5, 5, 4, 4, 4, 4, 4, 4, 4, 4, 4, 4, 4, 3, 3, 3, 3, 3, 3, 3, 3, 3, 3, 3, 3, 3, 3, 2, 2, 2, 2, 2, 2, 2, 2, 2, 2, 2, 2, 2, 2, 2, 2, 2, 2, 2, 2, 2, 2, 2, 2, 2, 2, 2, 2, 2, 2, 1, 1, 1, 1, 1, 1, 1, 1, 1, 1, 1, 1, 1, 1, 1, 1, 1, 1, 1, 1, 1, 1, 1, 1, 1, 1, 1, 1, 1, 1, 1, 1, 1]",0.3429079899997305,0.3450234731111171,0.34108193999963987,0.35857662999978857,0.005414126079458847,"[0.341937, 0.358577, 0.347252, 0.343372, 0.342908, 0.341082, 0.342156, 0.345211, 0.342716]",0.05118758299977344,0.05154746366664161,0.05083020900019619,0.053869669000050635,0.0009811545119552297,"[0.05083, 0.051188, 0.050958, 0.050982, 0.050986, 0.051625, 0.051197, 0.052292, 0.05387]",6.69904632928748,6.331613806636147,7.054400071390707,30,optimal,nan,13.45904541015625,8.972160339355469,300.2437319676726,300.24371271137665,6.413554691282112e-08,0.001121210681718221,0.0007343007184673808,0.999975,0.9528619528619529,0.7164556962025317,0.8179190751445087,9,2,1e-07,1e-05,1000,4.0,360.0,80.0,140.10281938633497,16.0,1.0,89.0,3.7735849056603774,8.685580132771273,2.0
primary,x86_64,none,0.3.0,2.4.4,32,1,imbalanced,400,2000,0.15,0,0.9950501253132832,5,"[360, 16, 16, 4, 4]",powerlaw,5,0,0,181,98,"[43, 9, 8, 7, 7, 7, 7, 7, 6, 6, 5, 5, 5, 5, 5, 5, 4, 4, 4, 4, 4, 3, 3, 3, 3, 3, 3, 3, 3, 3, 3, 3, 3, 3, 3, 3, 3, 3, 3, 3, 3, 3, 2, 2, 2, 2, 2, 2, 2, 2, 2, 2, 2, 2, 2, 2, 2, 2, 2, 2, 2, 2, 2, 2, 2, 2, 2, 2, 2, 2, 2, 2, 2, 2, 2, 2, 2, 2, 2, 2, 2, 2, 2, 1, 1, 1, 1, 1, 1, 1, 1, 1, 1, 1, 1, 1, 1, 1, 1, 1, 1, 1, 1, 1, 1, 1, 1, 1, 1, 1, 1, 1, 1, 1, 1, 1, 1, 1, 1, 1, 1, 1, 1, 1, 1, 1, 1, 1, 1, 1, 1, 1, 1, 1, 1, 1, 1, 1, 1, 1, 1, 1, 1, 1, 1, 1, 1, 1, 1, 1, 1, 1, 1, 1, 1, 1, 1, 1, 1, 1, 1, 1, 1, 1, 1, 1, 1, 1, 1, 1, 1, 1, 1, 1, 1, 1, 1, 1, 1, 1, 1]",0.33790005599985307,0.3424427648887003,0.33003782800005865,0.3633923579996008,0.011554336005908978,"[0.351842, 0.3379, 0.330038, 0.343193, 0.334417, 0.331492, 0.335643, 0.363392, 0.354067]",0.042173693999757234,0.04230917699992966,0.040090001999942615,0.04524164899976313,0.0016419761035705426,"[0.04166, 0.043839, 0.041784, 0.042174, 0.043241, 0.045242, 0.042467, 0.040286, 0.04009]",8.012104796933324,7.2949999678788595,9.064413566258265,29,optimal,nan,13.45904541015625,8.85352897644043,303.94567792393946,303.94566639928365,3.791682738380686e-08,0.0009470022990241134,0.0006056528749901485,1.0,1.0,0.5544303797468354,0.7133550488599348,9,2,1e-07,1e-05,1000,4.0,360.0,80.0,140.10281938633497,16.0,1.0,43.0,2.2099447513812156,3.4127014132757214,1.0
primary,x86_64,none,0.3.0,2.4.4,32,1,imbalanced,400,2000,0.2,0,0.9950501253132832,5,"[360, 16, 16, 4, 4]",powerlaw,5,0,0,237,169,"[43, 7, 7, 7, 6, 5, 5, 4, 4, 4, 4, 4, 4, 4, 3, 3, 3, 3, 3, 3, 3, 3, 3, 3, 3, 3, 3, 3, 3, 2, 2, 2, 2, 2, 2, 2, 2, 2, 2, 2, 2, 2, 2, 2, 2, 2, 2, 2, 2, 2, 2, 2, 2, 2, 2, 2, 2, 2, 2, 2, 2, 2, 2, 2, 2, 2, 2, 2, 1, 1, 1, 1, 1, 1, 1, 1, 1, 1, 1, 1, 1, 1, 1, 1, 1, 1, 1, 1, 1, 1, 1, 1, 1, 1, 1, 1, 1, 1, 1, 1, 1, 1, 1, 1, 1, 1, 1, 1, 1, 1, 1, 1, 1, 1, 1, 1, 1, 1, 1, 1, 1, 1, 1, 1, 1, 1, 1, 1, 1, 1, 1, 1, 1, 1, 1, 1, 1, 1, 1, 1, 1, 1, 1, 1, 1, 1, 1, 1, 1, 1, 1, 1, 1, 1, 1, 1, 1, 1, 1, 1, 1, 1, 1, 1, 1, 1, 1, 1, 1, 1, 1, 1, 1, 1, 1, 1, 1, 1, 1, 1, 1, 1, 1, 1, 1, 1, 1, 1, 1, 1, 1, 1, 1, 1, 1, 1, 1, 1, 1, 1]",0.34716928099987854,0.3457714567776343,0.32977670099990064,0.37808274300004996,0.014671323022738225,"[0.347169, 0.330525, 0.338366, 0.351083, 0.348143, 0.378083, 0.351301, 0.329777, 0.337498]",0.030558451000160858,0.030588528666612547,0.030471778999981325,0.030703299000379047,9.223455684219673e-05,"[0.030682, 0.030525, 0.030558, 0.030472, 0.030663, 0.030503, 0.030681, 0.030703, 0.03051]",11.360827189769896,10.74075789040876,12.40763602939893,29,optimal,nan,13.45904541015625,8.857751846313477,306.44721472756686,306.44718810614927,8.687113574562599e-08,0.0014620454259133137,0.0009721773241957284,1.0,1.0,0.41265822784810124,0.5842293906810035,9,2,1e-07,1e-05,1000,4.0,360.0,80.0,140.10281938633497,16.0,1.0,43.0,1.6877637130801688,2.8895961456744717,1.0
primary,x86_64,none,0.3.0,2.4.4,32,1,imbalanced,400,2000,0.25,0,0.9950501253132832,5,"[360, 16, 16, 4, 4]",powerlaw,5,0,0,309,279,"[33, 10, 7, 7, 6, 5, 4, 4, 3, 2, 2, 2, 2, 2, 2, 2, 2, 2, 2, 2, 2, 2, 2, 2, 2, 2, 2, 2, 2, 2, 1, 1, 1, 1, 1, 1, 1, 1, 1, 1, 1, 1, 1, 1, 1, 1, 1, 1, 1, 1, 1, 1, 1, 1, 1, 1, 1, 1, 1, 1, 1, 1, 1, 1, 1, 1, 1, 1, 1, 1, 1, 1, 1, 1, 1, 1, 1, 1, 1, 1, 1, 1, 1, 1, 1, 1, 1, 1, 1, 1, 1, 1, 1, 1, 1, 1, 1, 1, 1, 1, 1, 1, 1, 1, 1, 1, 1, 1, 1, 1, 1, 1, 1, 1, 1, 1, 1, 1, 1, 1, 1, 1, 1, 1, 1, 1, 1, 1, 1, 1, 1, 1, 1, 1, 1, 1, 1, 1, 1, 1, 1, 1, 1, 1, 1, 1, 1, 1, 1, 1, 1, 1, 1, 1, 1, 1, 1, 1, 1, 1, 1, 1, 1, 1, 1, 1, 1, 1, 1, 1, 1, 1, 1, 1, 1, 1, 1, 1, 1, 1, 1, 1, 1, 1, 1, 1, 1, 1, 1, 1, 1, 1, 1, 1, 1, 1, 1, 1, 1, 1]",0.35900068599994484,0.36716198400002514,0.3479351420000967,0.4360902170001282,0.027104032031198336,"[0.351216, 0.350447, 0.347935, 0.359001, 0.368164, 0.361316, 0.37265, 0.357639, 0.43609]",0.02177607599969633,0.021721592444312893,0.021476879000147164,0.02194467099980102,0.0001447318210586555,"[0.021477, 0.021776, 0.021834, 0.021945, 0.021782, 0.021626, 0.021641, 0.0216, 0.021813]",16.48601364198725,15.85510860487503,20.305101919005082,31,optimal,nan,13.45904541015625,8.8444185256958,306.1086858001006,306.1086801604313,1.842374812259334e-08,0.0006197257499048481,0.00039268465399062264,1.0,1.0,0.23037974683544304,0.37448559670781895,9,2,1e-07,1e-05,1000,4.0,360.0,80.0,140.10281938633497,16.0,1.0,33.0,1.2944983818770226,1.9985436827698135,1.0
primary,x86_64,none,0.3.0,2.4.4,32,1,imbalanced,400,2000,0.3,0,0.9950501253132832,5,"[360, 16, 16, 4, 4]",powerlaw,5,0,0,337,322,"[18, 15, 8, 7, 5, 4, 4, 3, 2, 2, 2, 2, 2, 2, 2, 1, 1, 1, 1, 1, 1, 1, 1, 1, 1, 1, 1, 1, 1, 1, 1, 1, 1, 1, 1, 1, 1, 1, 1, 1, 1, 1, 1, 1, 1, 1, 1, 1, 1, 1, 1, 1, 1, 1, 1, 1, 1, 1, 1, 1, 1, 1, 1, 1, 1, 1, 1, 1, 1, 1, 1, 1, 1, 1, 1, 1, 1, 1, 1, 1, 1, 1, 1, 1, 1, 1, 1, 1, 1, 1, 1, 1, 1, 1, 1, 1, 1, 1, 1, 1, 1, 1, 1, 1, 1, 1, 1, 1, 1, 1, 1, 1, 1, 1, 1, 1, 1, 1, 1, 1, 1, 1, 1, 1, 1, 1, 1, 1, 1, 1, 1, 1, 1, 1, 1, 1, 1, 1, 1, 1, 1, 1, 1, 1, 1, 1, 1, 1, 1, 1, 1, 1, 1, 1, 1, 1, 1, 1, 1, 1, 1, 1, 1, 1, 1, 1, 1, 1, 1, 1, 1, 1, 1, 1, 1, 1, 1, 1, 1, 1, 1, 1, 1, 1, 1, 1, 1, 1, 1, 1, 1, 1, 1, 1, 1, 1, 1, 1, 1, 1]",0.34101449900026637,0.34272907377792056,0.339330904000235,0.3487651230002484,0.003347335154497345,"[0.339331, 0.340892, 0.340333, 0.342457, 0.348765, 0.341014, 0.33982, 0.345977, 0.345971]",0.015231738000238693,0.015238994222272595,0.015082140000231448,0.015430016000209434,0.00010645374646161873,"[0.015286, 0.01543, 0.015197, 0.015221, 0.015082, 0.015106, 0.015283, 0.015314, 0.015232]",22.38841680410485,21.991610637061505,23.124379099709746,30,optimal,nan,13.45904541015625,8.830408096313477,309.53074593394035,309.530745569697,1.176759877225637e-09,4.830153853205288e-05,3.1478842078909876e-05,1.0,1.0,0.15949367088607594,0.27510917030567683,9,2,1e-07,1e-05,1000,4.0,360.0,80.0,140.10281938633497,16.0,1.0,18.0,1.1869436201780414,1.337900556431033,1.0
primary,x86_64,none,0.3.0,2.4.4,32,1,imbalanced,400,2000,0.35,0,0.9950501253132832,5,"[360, 16, 16, 4, 4]",powerlaw,5,0,0,347,335,"[18, 15, 7, 5, 4, 4, 2, 2, 2, 2, 2, 2, 1, 1, 1, 1, 1, 1, 1, 1, 1, 1, 1, 1, 1, 1, 1, 1, 1, 1, 1, 1, 1, 1, 1, 1, 1, 1, 1, 1, 1, 1, 1, 1, 1, 1, 1, 1, 1, 1, 1, 1, 1, 1, 1, 1, 1, 1, 1, 1, 1, 1, 1, 1, 1, 1, 1, 1, 1, 1, 1, 1, 1, 1, 1, 1, 1, 1, 1, 1, 1, 1, 1, 1, 1, 1, 1, 1, 1, 1, 1, 1, 1, 1, 1, 1, 1, 1, 1, 1, 1, 1, 1, 1, 1, 1, 1, 1, 1, 1, 1, 1, 1, 1, 1, 1, 1, 1, 1, 1, 1, 1, 1, 1, 1, 1, 1, 1, 1, 1, 1, 1, 1, 1, 1, 1, 1, 1, 1, 1, 1, 1, 1, 1, 1, 1, 1, 1, 1, 1, 1, 1, 1, 1, 1, 1, 1, 1, 1, 1, 1, 1, 1, 1, 1, 1, 1, 1, 1, 1, 1, 1, 1, 1, 1, 1, 1, 1, 1, 1, 1, 1, 1, 1, 1, 1, 1, 1, 1, 1, 1, 1, 1, 1, 1, 1, 1, 1, 1, 1]",0.348119272999611,0.34808525166656384,0.34668148199989446,0.3491367960000389,0.0007320654715025906,"[0.348119, 0.348744, 0.348335, 0.348479, 0.349137, 0.346681, 0.347769, 0.348094, 0.347408]",0.01439588899984301,0.014403671888784528,0.014300904999799968,0.014541924999775802,7.675741755455147e-05,"[0.014375, 0.014429, 0.014423, 0.014481, 0.014542, 0.014376, 0.014396, 0.014301, 0.01431]",24.181853097325725,23.84013684606676,24.413615502300196,31,optimal,nan,13.45904541015625,8.83049488067627,310.2839117942368,310.2839114767391,1.0232490640565151e-09,0.00012364506917184048,7.77504590611069e-05,1.0,1.0,0.1341772151898734,0.23660714285714282,9,2,1e-07,1e-05,1000,4.0,360.0,80.0,140.10281938633497,16.0,1.0,18.0,1.1527377521613833,1.2622938946501439,1.0
primary,x86_64,none,0.3.0,2.4.4,32,1,imbalanced,400,2000,0.4,0,0.9950501253132832,5,"[360, 16, 16, 4, 4]",powerlaw,5,0,0,354,343,"[18, 14, 7, 3, 3, 2, 2, 2, 2, 2, 2, 1, 1, 1, 1, 1, 1, 1, 1, 1, 1, 1, 1, 1, 1, 1, 1, 1, 1, 1, 1, 1, 1, 1, 1, 1, 1, 1, 1, 1, 1, 1, 1, 1, 1, 1, 1, 1, 1, 1, 1, 1, 1, 1, 1, 1, 1, 1, 1, 1, 1, 1, 1, 1, 1, 1, 1, 1, 1, 1, 1, 1, 1, 1, 1, 1, 1, 1, 1, 1, 1, 1, 1, 1, 1, 1, 1, 1, 1, 1, 1, 1, 1, 1, 1, 1, 1, 1, 1, 1, 1, 1, 1, 1, 1, 1, 1, 1, 1, 1, 1, 1, 1, 1, 1, 1, 1, 1, 1, 1, 1, 1, 1, 1, 1, 1, 1, 1, 1, 1, 1, 1, 1, 1, 1, 1, 1, 1, 1, 1, 1, 1, 1, 1, 1, 1, 1, 1, 1, 1, 1, 1, 1, 1, 1, 1, 1, 1, 1, 1, 1, 1, 1, 1, 1, 1, 1, 1, 1, 1, 1, 1, 1, 1, 1, 1, 1, 1, 1, 1, 1, 1, 1, 1, 1, 1, 1, 1, 1, 1, 1, 1, 1, 1, 1, 1, 1, 1, 1, 1]",0.3278083590003007,0.32839568133345487,0.32723965700006374,0.3314272200000232,0.0013844693264951943,"[0.327808, 0.328108, 0.331427, 0.327912, 0.32724, 0.330013, 0.327757, 0.327605, 0.327691]",0.013887730999613268,0.013887466777759983,0.013802246000068408,0.014018331999977818,6.522993397204167e-05,"[0.013922, 0.014018, 0.013896, 0.013851, 0.013802, 0.013816, 0.013927, 0.013888, 0.013866]",23.604169681096874,23.34369431402977,24.01255708660609,29,optimal,nan,13.45904541015625,8.832291603088379,309.38243976134316,309.3824395809745,5.829957861039876e-10,0.00015249077845091996,9.784687200536806e-05,1.0,1.0,0.11645569620253164,0.20861678004535147,9,2,1e-07,1e-05,1000,4.0,360.0,80.0,140.10281938633497,16.0,1.0,18.0,1.1299435028248588,1.190858066547469,1.0
primary,x86_64,none,0.3.0,2.4.4,32,1,imbalanced,400,4000,0.05,0,0.9950501253132832,5,"[360, 16, 16, 4, 4]",powerlaw,5,0,0,42,19,"[305, 11, 7, 4, 4, 4, 4, 4, 4, 4, 4, 3, 3, 2, 2, 2, 2, 2, 2, 2, 2, 2, 2, 1, 1, 1, 1, 1, 1, 1, 1, 1, 1, 1, 1, 1, 1, 1, 1, 1, 1, 1]",0.27698883699986254,0.2765562651111395,0.2736893470000723,0.2790867710000384,0.001847032867614246,"[0.273689, 0.273805, 0.277194, 0.279087, 0.276989, 0.277945, 0.275683, 0.277892, 0.276723]",0.17548504400019738,0.17546380455567284,0.17480947600006402,0.17603831600035846,0.00041960601349626383,"[0.176038, 0.175018, 0.175937, 0.175485, 0.175704, 0.174809, 0.175148, 0.175338, 0.175696]",1.5784184833412414,1.5547146395078841,1.596519693245555,24,optimal,nan,13.45904541015625,15.05893325805664,294.25977129461796,294.25975077436965,6.97351466791562e-08,0.0008618361557828774,0.0005674104427553512,0.9999625,0.7548076923076923,0.7949367088607595,0.7743526510480887,9,2,1e-07,1e-05,1000,4.0,360.0,80.0,140.10281938633497,16.0,1.0,305.0,9.523809523809524,46.185566749404714,2.0
primary,x86_64,none,0.3.0,2.4.4,32,1,imbalanced,400,4000,0.1,0,0.9950501253132832,5,"[360, 16, 16, 4, 4]",powerlaw,5,0,0,113,34,"[53, 14, 12, 11, 9, 9, 9, 8, 7, 7, 6, 6, 6, 6, 6, 6, 6, 5, 5, 5, 5, 4, 4, 4, 4, 4, 4, 4, 4, 4, 4, 4, 4, 4, 4, 4, 4, 4, 3, 3, 3, 3, 3, 3, 3, 3, 3, 3, 3, 3, 3, 3, 3, 2, 2, 2, 2, 2, 2, 2, 2, 2, 2, 2, 2, 2, 2, 2, 2, 2, 2, 2, 2, 2, 2, 2, 2, 2, 2, 1, 1, 1, 1, 1, 1, 1, 1, 1, 1, 1, 1, 1, 1, 1, 1, 1, 1, 1, 1, 1, 1, 1, 1, 1, 1, 1, 1, 1, 1, 1, 1, 1, 1]",0.31867344900001626,0.3194052221111734,0.31770700900005977,0.32201923100001295,0.001445158314420747,"[0.320465, 0.322019, 0.318673, 0.318352, 0.318519, 0.320845, 0.318296, 0.319771, 0.317707]",0.0425738559997626,0.04258388233327221,0.04189235200010444,0.04308320400014054,0.00031523338483587144,"[0.042526, 0.042666, 0.042772, 0.042689, 0.043083, 0.042481, 0.041892, 0.04257, 0.042574]",7.485191122969769,7.374266059669643,7.686826249316585,28,optimal,nan,13.45904541015625,8.864505767822266,300.21461973563277,300.2142662758051,1.1773571453785755e-06,0.004327458437423888,0.0028607291900419017,0.9999875,0.9930555555555556,0.7240506329113924,0.8374816983894582,9,2,1e-07,1e-05,1000,4.0,360.0,80.0,140.10281938633497,16.0,1.0,53.0,3.5398230088495577,5.284868026466669,2.0
primary,x86_64,none,0.3.0,2.4.4,32,1,imbalanced,400,4000,0.15,0,0.9950501253132832,5,"[360, 16, 16, 4, 4]",powerlaw,5,0,0,177,94,"[33, 10, 9, 9, 8, 7, 7, 7, 7, 6, 6, 6, 5, 5, 5, 4, 4, 4, 4, 4, 4, 4, 4, 4, 3, 3, 3, 3, 3, 3, 3, 3, 3, 3, 3, 3, 3, 3, 3, 3, 3, 3, 3, 3, 3, 3, 2, 2, 2, 2, 2, 2, 2, 2, 2, 2, 2, 2, 2, 2, 2, 2, 2, 2, 2, 2, 2, 2, 2, 2, 2, 2, 2, 2, 2, 2, 2, 2, 2, 2, 2, 2, 2, 1, 1, 1, 1, 1, 1, 1, 1, 1, 1, 1, 1, 1, 1, 1, 1, 1, 1, 1, 1, 1, 1, 1, 1, 1, 1, 1, 1, 1, 1, 1, 1, 1, 1, 1, 1, 1, 1, 1, 1, 1, 1, 1, 1, 1, 1, 1, 1, 1, 1, 1, 1, 1, 1, 1, 1, 1, 1, 1, 1, 1, 1, 1, 1, 1, 1, 1, 1, 1, 1, 1, 1, 1, 1, 1, 1, 1, 1, 1, 1, 1, 1, 1, 1, 1, 1, 1, 1, 1, 1, 1, 1, 1, 1]",0.30320073799975944,0.305686921666519,0.30241950099980386,0.31436481700029617,0.004596275714299867,"[0.314365, 0.312828, 0.304039, 0.305593, 0.302805, 0.30242, 0.303201, 0.302928, 0.303004]",0.03710876400009511,0.03711377733336323,0.03684518600039155,0.03771784499986097,0.00026194758634452133,"[0.036915, 0.037718, 0.037136, 0.03694, 0.037114, 0.036845, 0.037268, 0.036979, 0.037109]",8.170596519975238,8.017942196881041,8.53204586881324,27,optimal,nan,13.45904541015625,8.838509559631348,304.6681262607342,304.66810810773876,5.958285056037801e-08,0.0012157911885867234,0.0007983242162336031,1.0,1.0,0.5645569620253165,0.7216828478964402,9,2,1e-07,1e-05,1000,4.0,360.0,80.0,140.10281938633497,16.0,1.0,33.0,2.2598870056497176,2.885816863607794,1.0
primary,x86_64,none,0.3.0,2.4.4,32,1,imbalanced,400,4000,0.2,0,0.9950501253132832,5,"[360, 16, 16, 4, 4]",powerlaw,5,0,0,244,175,"[33, 10, 8, 7, 7, 6, 5, 5, 4, 4, 4, 3, 3, 3, 3, 3, 3, 3, 3, 3, 3, 3, 3, 3, 3, 3, 3, 2, 2, 2, 2, 2, 2, 2, 2, 2, 2, 2, 2, 2, 2, 2, 2, 2, 2, 2, 2, 2, 2, 2, 2, 2, 2, 2, 2, 2, 2, 2, 2, 2, 2, 2, 2, 2, 2, 2, 2, 2, 2, 1, 1, 1, 1, 1, 1, 1, 1, 1, 1, 1, 1, 1, 1, 1, 1, 1, 1, 1, 1, 1, 1, 1, 1, 1, 1, 1, 1, 1, 1, 1, 1, 1, 1, 1, 1, 1, 1, 1, 1, 1, 1, 1, 1, 1, 1, 1, 1, 1, 1, 1, 1, 1, 1, 1, 1, 1, 1, 1, 1, 1, 1, 1, 1, 1, 1, 1, 1, 1, 1, 1, 1, 1, 1, 1, 1, 1, 1, 1, 1, 1, 1, 1, 1, 1, 1, 1, 1, 1, 1, 1, 1, 1, 1, 1, 1, 1, 1, 1, 1, 1, 1, 1, 1, 1, 1, 1, 1, 1, 1, 1, 1, 1, 1, 1, 1, 1, 1, 1, 1, 1, 1, 1, 1, 1, 1, 1, 1, 1, 1, 1]",0.2991818090004017,0.29987082477772575,0.2972548339998866,0.30610964800007423,0.00253124455091954,"[0.29913, 0.298303, 0.300655, 0.29957, 0.299904, 0.298729, 0.30611, 0.297255, 0.299182]",0.02918241699990176,0.029206954777691863,0.02910880499985069,0.029345076000026893,7.905737316511065e-05,"[0.029182, 0.029279, 0.029138, 0.029165, 0.029279, 0.029146, 0.029345, 0.02922, 0.029109]",10.252125757829067,10.129632446670582,10.516049971877731,27,optimal,nan,13.45904541015625,8.845409393310547,306.60118486255516,306.60115615926605,9.361767181893641e-08,0.001555674991877351,0.0010316159253301687,1.0,1.0,0.3949367088607595,0.5662431941923776,9,2,1e-07,1e-05,1000,4.0,360.0,80.0,140.10281938633497,16.0,1.0,33.0,1.639344262295082,2.322610084106876,1.0
primary,x86_64,none,0.3.0,2.4.4,32,1,imbalanced,400,4000,0.25,0,0.9950501253132832,5,"[360, 16, 16, 4, 4]",powerlaw,5,0,0,306,275,"[33, 10, 7, 7, 5, 5, 4, 3, 3, 3, 3, 3, 3, 2, 2, 2, 2, 2, 2, 2, 2, 2, 2, 2, 2, 2, 2, 2, 2, 2, 2, 1, 1, 1, 1, 1, 1, 1, 1, 1, 1, 1, 1, 1, 1, 1, 1, 1, 1, 1, 1, 1, 1, 1, 1, 1, 1, 1, 1, 1, 1, 1, 1, 1, 1, 1, 1, 1, 1, 1, 1, 1, 1, 1, 1, 1, 1, 1, 1, 1, 1, 1, 1, 1, 1, 1, 1, 1, 1, 1, 1, 1, 1, 1, 1, 1, 1, 1, 1, 1, 1, 1, 1, 1, 1, 1, 1, 1, 1, 1, 1, 1, 1, 1, 1, 1, 1, 1, 1, 1, 1, 1, 1, 1, 1, 1, 1, 1, 1, 1, 1, 1, 1, 1, 1, 1, 1, 1, 1, 1, 1, 1, 1, 1, 1, 1, 1, 1, 1, 1, 1, 1, 1, 1, 1, 1, 1, 1, 1, 1, 1, 1, 1, 1, 1, 1, 1, 1, 1, 1, 1, 1, 1, 1, 1, 1, 1, 1, 1, 1, 1, 1, 1, 1, 1, 1, 1, 1, 1, 1, 1, 1, 1, 1, 1, 1, 1, 1, 1, 1]",0.296949738999956,0.29651874788886645,0.29541337399996337,0.29762649500025873,0.0008894069343410945,"[0.295565, 0.295413, 0.295723, 0.297204, 0.295719, 0.297331, 0.29695, 0.297626, 0.297137]",0.02058643599957577,0.02055187244438154,0.02031335899982878,0.020718223999665497,0.000131629124085334,"[0.020602, 0.02061, 0.020718, 0.020586, 0.020432, 0.020521, 0.020472, 0.020313, 0.020711]",14.424533659253857,14.258624388110338,14.651761680713044,27,optimal,nan,13.45904541015625,8.842836380004883,308.06112843045116,308.06087158947594,8.337337999581441e-07,0.004706454712213565,0.003037753293107047,1.0,1.0,0.2379746835443038,0.38445807770961143,9,2,1e-07,1e-05,1000,4.0,360.0,80.0,140.10281938633497,16.0,1.0,33.0,1.3071895424836601,2.0058119662152305,1.0
primary,x86_64,none,0.3.0,2.4.4,32,1,imbalanced,400,4000,0.3,0,0.9950501253132832,5,"[360, 16, 16, 4, 4]",powerlaw,5,0,0,337,323,"[33, 7, 6, 5, 4, 4, 3, 3, 2, 2, 2, 2, 2, 2, 1, 1, 1, 1, 1, 1, 1, 1, 1, 1, 1, 1, 1, 1, 1, 1, 1, 1, 1, 1, 1, 1, 1, 1, 1, 1, 1, 1, 1, 1, 1, 1, 1, 1, 1, 1, 1, 1, 1, 1, 1, 1, 1, 1, 1, 1, 1, 1, 1, 1, 1, 1, 1, 1, 1, 1, 1, 1, 1, 1, 1, 1, 1, 1, 1, 1, 1, 1, 1, 1, 1, 1, 1, 1, 1, 1, 1, 1, 1, 1, 1, 1, 1, 1, 1, 1, 1, 1, 1, 1, 1, 1, 1, 1, 1, 1, 1, 1, 1, 1, 1, 1, 1, 1, 1, 1, 1, 1, 1, 1, 1, 1, 1, 1, 1, 1, 1, 1, 1, 1, 1, 1, 1, 1, 1, 1, 1, 1, 1, 1, 1, 1, 1, 1, 1, 1, 1, 1, 1, 1, 1, 1, 1, 1, 1, 1, 1, 1, 1, 1, 1, 1, 1, 1, 1, 1, 1, 1, 1, 1, 1, 1, 1, 1, 1, 1, 1, 1, 1, 1, 1, 1, 1, 1, 1, 1, 1, 1, 1, 1, 1, 1, 1, 1, 1, 1]",0.32077751199994964,0.32085811811111853,0.3199131709998255,0.3223601869999584,0.0007526313221034041,"[0.320379, 0.320605, 0.3209, 0.321447, 0.320778, 0.319913, 0.320095, 0.321247, 0.32236]",0.01650809400007347,0.016647534444422893,0.016420234000179335,0.017158729000129824,0.00029218178088887735,"[0.016521, 0.016508, 0.016478, 0.016661, 0.01642, 0.016438, 0.016503, 0.017159, 0.017139]",19.431529284878195,18.644339624304635,19.63188752343223,29,optimal,nan,13.45904541015625,8.84185791015625,309.2657177965275,309.2655625797525,5.018880725128089e-07,0.00370277373731398,0.002469627794096994,1.0,1.0,0.15949367088607594,0.27510917030567683,9,2,1e-07,1e-05,1000,4.0,360.0,80.0,140.10281938633497,16.0,1.0,33.0,1.1869436201780414,1.824025736394372,1.0
primary,x86_64,none,0.3.0,2.4.4,32,1,imbalanced,400,4000,0.35,0,0.9950501253132832,5,"[360, 16, 16, 4, 4]",powerlaw,5,0,0,347,335,"[33, 7, 5, 4, 2, 2, 2, 2, 2, 2, 2, 2, 1, 1, 1, 1, 1, 1, 1, 1, 1, 1, 1, 1, 1, 1, 1, 1, 1, 1, 1, 1, 1, 1, 1, 1, 1, 1, 1, 1, 1, 1, 1, 1, 1, 1, 1, 1, 1, 1, 1, 1, 1, 1, 1, 1, 1, 1, 1, 1, 1, 1, 1, 1, 1, 1, 1, 1, 1, 1, 1, 1, 1, 1, 1, 1, 1, 1, 1, 1, 1, 1, 1, 1, 1, 1, 1, 1, 1, 1, 1, 1, 1, 1, 1, 1, 1, 1, 1, 1, 1, 1, 1, 1, 1, 1, 1, 1, 1, 1, 1, 1, 1, 1, 1, 1, 1, 1, 1, 1, 1, 1, 1, 1, 1, 1, 1, 1, 1, 1, 1, 1, 1, 1, 1, 1, 1, 1, 1, 1, 1, 1, 1, 1, 1, 1, 1, 1, 1, 1, 1, 1, 1, 1, 1, 1, 1, 1, 1, 1, 1, 1, 1, 1, 1, 1, 1, 1, 1, 1, 1, 1, 1, 1, 1, 1, 1, 1, 1, 1, 1, 1, 1, 1, 1, 1, 1, 1, 1, 1, 1, 1, 1, 1, 1, 1, 1, 1, 1, 1]",0.32262378200039166,0.3227501734443447,0.3216549609996946,0.32441779500004486,0.000890356299449015,"[0.322624, 0.321853, 0.322828, 0.321655, 0.322986, 0.322412, 0.324418, 0.322196, 0.323779]",0.01596313000027294,0.015972363777816807,0.015866959000049974,0.016098479999982374,6.848222045711965e-05,"[0.016051, 0.016098, 0.015983, 0.01597, 0.015922, 0.015963, 0.015935, 0.015867, 0.015962]",20.21055908176375,19.980455359763578,20.446122977882723,29,optimal,nan,13.45904541015625,8.842554092407227,308.8146778129802,308.8144233741346,8.23920829857422e-07,0.004622280666333772,0.003028432799949486,0.9999875,1.0,0.1341772151898734,0.23660714285714282,9,2,1e-07,1e-05,1000,4.0,360.0,80.0,140.10281938633497,16.0,1.0,33.0,1.1527377521613833,1.7681988255978642,1.0
primary,x86_64,none,0.3.0,2.4.4,32,1,imbalanced,400,4000,0.4,0,0.9950501253132832,5,"[360, 16, 16, 4, 4]",powerlaw,5,0,0,351,341,"[33, 7, 4, 3, 2, 2, 2, 2, 2, 2, 1, 1, 1, 1, 1, 1, 1, 1, 1, 1, 1, 1, 1, 1, 1, 1, 1, 1, 1, 1, 1, 1, 1, 1, 1, 1, 1, 1, 1, 1, 1, 1, 1, 1, 1, 1, 1, 1, 1, 1, 1, 1, 1, 1, 1, 1, 1, 1, 1, 1, 1, 1, 1, 1, 1, 1, 1, 1, 1, 1, 1, 1, 1, 1, 1, 1, 1, 1, 1, 1, 1, 1, 1, 1, 1, 1, 1, 1, 1, 1, 1, 1, 1, 1, 1, 1, 1, 1, 1, 1, 1, 1, 1, 1, 1, 1, 1, 1, 1, 1, 1, 1, 1, 1, 1, 1, 1, 1, 1, 1, 1, 1, 1, 1, 1, 1, 1, 1, 1, 1, 1, 1, 1, 1, 1, 1, 1, 1, 1, 1, 1, 1, 1, 1, 1, 1, 1, 1, 1, 1, 1, 1, 1, 1, 1, 1, 1, 1, 1, 1, 1, 1, 1, 1, 1, 1, 1, 1, 1, 1, 1, 1, 1, 1, 1, 1, 1, 1, 1, 1, 1, 1, 1, 1, 1, 1, 1, 1, 1, 1, 1, 1, 1, 1, 1, 1, 1, 1, 1, 1]",0.3102843120000216,0.3104700604445598,0.30979751600034433,0.3117874239997036,0.0007115632272203041,"[0.310478, 0.309798, 0.310284, 0.311787, 0.309811, 0.309812, 0.311144, 0.311054, 0.310063]",0.01632525600007284,0.016376572777769778,0.016246894000232714,0.0165389679996224,9.872516509203705e-05,"[0.016325, 0.016306, 0.016402, 0.016306, 0.016247, 0.0165, 0.016539, 0.016438, 0.016325]",19.006397939403655,18.731369212844314,19.190586458878705,28,optimal,nan,13.45904541015625,8.843284606933594,309.859872429823,309.859868523763,1.260589167880089e-08,0.0005860588351546958,0.0003876745427952503,0.9999875,1.0,0.1240506329113924,0.22072072072072071,9,2,1e-07,1e-05,1000,4.0,360.0,80.0,140.10281938633497,16.0,1.0,33.0,1.1396011396011396,1.7477372788540435,1.0
primary,x86_64,none,0.3.0,2.4.4,32,1,imbalanced,800,1600,0.05,0,0.9975125156445557,5,"[720, 32, 32, 8, 8]",powerlaw,5,0,0,10,9,"[791, 1, 1, 1, 1, 1, 1, 1, 1, 1]",1.483060081000076,1.4827437110000876,1.4783867920000375,1.4858658170001036,0.002327470986480828,"[1.478387, 1.481591, 1.48306, 1.480646, 1.484448, 1.485866, 1.484548, 1.481978, 1.484169]",1.4810327789996336,1.4792179085553068,1.4719155069997214,1.484496422999655,0.004975503199311616,"[1.472082, 1.471916, 1.481033, 1.483613, 1.475609, 1.482866, 1.478148, 1.483199, 1.484496]",1.0013688434376258,0.9958843747246815,1.0094776567907882,21,optimal,nan,53.74835205078125,91.07163715362549,395.39505588090896,395.39504523930566,2.6913850181122224e-08,0.004927789852033904,0.0024806103996426066,0.999996875,0.2868032396379228,0.7572327044025158,0.4160331720801659,9,2,1e-07,1e-05,1000,8.0,720.0,160.0,280.20563877266994,32.0,1.0,791.0,80.0,237.0,1.0
primary,x86_64,none,0.3.0,2.4.4,32,1,imbalanced,800,1600,0.1,0,0.9975125156445557,5,"[720, 32, 32, 8, 8]",powerlaw,5,0,0,366,251,"[221, 16, 11, 8, 8, 6, 6, 6, 6, 6, 5, 5, 5, 4, 4, 4, 4, 4, 4, 4, 4, 4, 4, 4, 3, 3, 3, 3, 3, 3, 3, 3, 3, 3, 3, 3, 3, 3, 2, 2, 2, 2, 2, 2, 2, 2, 2, 2, 2, 2, 2, 2, 2, 2, 2, 2, 2, 2, 2, 2, 2, 2, 2, 2, 2, 2, 2, 2, 2, 2, 2, 2, 2, 2, 2, 2, 2, 2, 2, 2, 2, 2, 2, 2, 2, 2, 2, 2, 2, 2, 2, 2, 2, 2, 2, 2, 2, 2, 2, 2, 2, 2, 2, 2, 2, 2, 2, 2, 2, 2, 2, 2, 2, 2, 2, 1, 1, 1, 1, 1, 1, 1, 1, 1, 1, 1, 1, 1, 1, 1, 1, 1, 1, 1, 1, 1, 1, 1, 1, 1, 1, 1, 1, 1, 1, 1, 1, 1, 1, 1, 1, 1, 1, 1, 1, 1, 1, 1, 1, 1, 1, 1, 1, 1, 1, 1, 1, 1, 1, 1, 1, 1, 1, 1, 1, 1, 1, 1, 1, 1, 1, 1, 1, 1, 1, 1, 1, 1, 1, 1, 1, 1, 1, 1, 1, 1, 1, 1, 1, 1]",1.35389701899976,1.3557690702222216,1.3475272809996568,1.3623328589997072,0.005265114188316325,"[1.351913, 1.351271, 1.353897, 1.353512, 1.347527, 1.362333, 1.360576, 1.360763, 1.360129]",0.17037414899959913,0.17062519366658713,0.17011650499989628,0.17263119200015353,0.0008024276114396694,"[0.170618, 0.170172, 0.170154, 0.170117, 0.170374, 0.170949, 0.170119, 0.172631, 0.170493]",7.946610603483897,7.805815770526906,8.008234468492859,19,optimal,nan,53.74835205078125,35.66268253326416,403.5557755794929,403.55397786162087,4.454694941341186e-06,0.00828853118832118,0.004224832551923254,0.99993125,0.8802660753880266,0.49937106918238994,0.637239165329053,9,2,1e-07,1e-05,1000,8.0,720.0,160.0,280.20563877266994,32.0,1.0,221.0,2.185792349726776,11.536751221369327,1.0
primary,x86_64,none,0.3.0,2.4.4,32,1,imbalanced,800,1600,0.15,0,0.9975125156445557,5,"[720, 32, 32, 8, 8]",powerlaw,5,0,0,599,547,"[96, 16, 14, 8, 7, 5, 5, 4, 4, 4, 4, 3, 3, 3, 3, 2, 2, 2, 2, 2, 2, 2, 2, 2, 2, 2, 2, 2, 2, 2, 2, 2, 2, 2, 2, 2, 2, 2, 2, 2, 2, 2, 2, 2, 2, 2, 2, 2, 2, 2, 2, 2, 1, 1, 1, 1, 1, 1, 1, 1, 1, 1, 1, 1, 1, 1, 1, 1, 1, 1, 1, 1, 1, 1, 1, 1, 1, 1, 1, 1, 1, 1, 1, 1, 1, 1, 1, 1, 1, 1, 1, 1, 1, 1, 1, 1, 1, 1, 1, 1, 1, 1, 1, 1, 1, 1, 1, 1, 1, 1, 1, 1, 1, 1, 1, 1, 1, 1, 1, 1, 1, 1, 1, 1, 1, 1, 1, 1, 1, 1, 1, 1, 1, 1, 1, 1, 1, 1, 1, 1, 1, 1, 1, 1, 1, 1, 1, 1, 1, 1, 1, 1, 1, 1, 1, 1, 1, 1, 1, 1, 1, 1, 1, 1, 1, 1, 1, 1, 1, 1, 1, 1, 1, 1, 1, 1, 1, 1, 1, 1, 1, 1, 1, 1, 1, 1, 1, 1, 1, 1, 1, 1, 1, 1, 1, 1, 1, 1, 1, 1]",1.4857063250001374,1.484117068888938,1.4735103090001758,1.4874328440000681,0.004348624901767827,"[1.484142, 1.47351, 1.48197, 1.487179, 1.485706, 1.485863, 1.486982, 1.484269, 1.487433]",0.074417177000214,0.07450055122232395,0.07402180799999769,0.07513430200015137,0.00036663424571215945,"[0.074022, 0.074272, 0.074417, 0.074174, 0.074801, 0.074247, 0.075134, 0.07484, 0.074598]",19.96456174353221,19.611685605293935,20.09452192791771,21,optimal,nan,53.74835205078125,34.803391456604004,406.79127917585583,406.79051222133234,1.8853760214643108e-06,0.005577076484083454,0.002819028729449906,0.9999875,0.9607843137254902,0.24654088050314465,0.3923923923923924,9,2,1e-07,1e-05,1000,8.0,720.0,160.0,280.20563877266994,32.0,1.0,96.0,1.335559265442404,3.994477111178592,1.0
primary,x86_64,none,0.3.0,2.4.4,32,1,imbalanced,800,1600,0.2,0,0.9975125156445557,5,"[720, 32, 32, 8, 8]",powerlaw,5,0,0,687,674,"[39, 28, 21, 8, 6, 5, 4, 3, 3, 3, 2, 2, 2, 1, 1, 1, 1, 1, 1, 1, 1, 1, 1, 1, 1, 1, 1, 1, 1, 1, 1, 1, 1, 1, 1, 1, 1, 1, 1, 1, 1, 1, 1, 1, 1, 1, 1, 1, 1, 1, 1, 1, 1, 1, 1, 1, 1, 1, 1, 1, 1, 1, 1, 1, 1, 1, 1, 1, 1, 1, 1, 1, 1, 1, 1, 1, 1, 1, 1, 1, 1, 1, 1, 1, 1, 1, 1, 1, 1, 1, 1, 1, 1, 1, 1, 1, 1, 1, 1, 1, 1, 1, 1, 1, 1, 1, 1, 1, 1, 1, 1, 1, 1, 1, 1, 1, 1, 1, 1, 1, 1, 1, 1, 1, 1, 1, 1, 1, 1, 1, 1, 1, 1, 1, 1, 1, 1, 1, 1, 1, 1, 1, 1, 1, 1, 1, 1, 1, 1, 1, 1, 1, 1, 1, 1, 1, 1, 1, 1, 1, 1, 1, 1, 1, 1, 1, 1, 1, 1, 1, 1, 1, 1, 1, 1, 1, 1, 1, 1, 1, 1, 1, 1, 1, 1, 1, 1, 1, 1, 1, 1, 1, 1, 1, 1, 1, 1, 1, 1, 1]",1.4107317369998782,1.4116236993332778,1.4082656849996056,1.4176062070000626,0.0032244271762430377,"[1.414974, 1.408749, 1.408266, 1.410732, 1.417606, 1.41381, 1.409, 1.411876, 1.4096]",0.03797203400017679,0.03794974011119242,0.03731783600005656,0.038591803000144864,0.0003440578397704434,"[0.037318, 0.038209, 0.037972, 0.037806, 0.037972, 0.0378, 0.038048, 0.037831, 0.038592]",37.151861209049535,36.491316173911834,37.98736365629331,20,optimal,nan,53.74835205078125,34.65414905548096,407.7102200163955,407.70929846875964,2.260300553250757e-06,0.009780582691621742,0.0047843785180526404,0.999996875,0.9911504424778761,0.14088050314465408,0.24669603524229075,9,2,1e-07,1e-05,1000,8.0,720.0,160.0,280.20563877266994,32.0,1.0,39.0,1.1644832605531295,1.9708255651834425,1.0
primary,x86_64,none,0.3.0,2.4.4,32,1,imbalanced,800,1600,0.25,0,0.9975125156445557,5,"[720, 32, 32, 8, 8]",powerlaw,5,0,0,699,688,"[28, 21, 18, 15, 8, 6, 6, 3, 3, 2, 2, 1, 1, 1, 1, 1, 1, 1, 1, 1, 1, 1, 1, 1, 1, 1, 1, 1, 1, 1, 1, 1, 1, 1, 1, 1, 1, 1, 1, 1, 1, 1, 1, 1, 1, 1, 1, 1, 1, 1, 1, 1, 1, 1, 1, 1, 1, 1, 1, 1, 1, 1, 1, 1, 1, 1, 1, 1, 1, 1, 1, 1, 1, 1, 1, 1, 1, 1, 1, 1, 1, 1, 1, 1, 1, 1, 1, 1, 1, 1, 1, 1, 1, 1, 1, 1, 1, 1, 1, 1, 1, 1, 1, 1, 1, 1, 1, 1, 1, 1, 1, 1, 1, 1, 1, 1, 1, 1, 1, 1, 1, 1, 1, 1, 1, 1, 1, 1, 1, 1, 1, 1, 1, 1, 1, 1, 1, 1, 1, 1, 1, 1, 1, 1, 1, 1, 1, 1, 1, 1, 1, 1, 1, 1, 1, 1, 1, 1, 1, 1, 1, 1, 1, 1, 1, 1, 1, 1, 1, 1, 1, 1, 1, 1, 1, 1, 1, 1, 1, 1, 1, 1, 1, 1, 1, 1, 1, 1, 1, 1, 1, 1, 1, 1, 1, 1, 1, 1, 1, 1]",1.3497552600001654,1.3500348362222212,1.344061107000016,1.3577278639995711,0.004618607837432275,"[1.355955, 1.357728, 1.345412, 1.349755, 1.351774, 1.350224, 1.344061, 1.349336, 1.346068]",0.0345977590000075,0.034651187555482466,0.034118092999960936,0.035497727999882045,0.00040041694636638696,"[0.034118, 0.034611, 0.034598, 0.034518, 0.034952, 0.034422, 0.035498, 0.034344, 0.034801]",39.012794441393524,37.86329950481569,39.79495172843118,19,optimal,nan,53.74835205078125,34.634273529052734,410.93724237351324,410.93628033858374,2.3410750603765185e-06,0.011055913255380023,0.005468092950914984,1.0,0.9901960784313726,0.1270440251572327,0.22519509476031216,9,2,1e-07,1e-05,1000,8.0,720.0,160.0,280.20563877266994,32.0,1.0,28.0,1.1444921316165952,1.56335279203708,1.0
primary,x86_64,none,0.3.0,2.4.4,32,1,imbalanced,800,1600,0.3,0,0.9975125156445557,5,"[720, 32, 32, 8, 8]",powerlaw,5,0,0,725,713,"[28, 17, 9, 6, 6, 6, 3, 3, 3, 2, 2, 2, 1, 1, 1, 1, 1, 1, 1, 1, 1, 1, 1, 1, 1, 1, 1, 1, 1, 1, 1, 1, 1, 1, 1, 1, 1, 1, 1, 1, 1, 1, 1, 1, 1, 1, 1, 1, 1, 1, 1, 1, 1, 1, 1, 1, 1, 1, 1, 1, 1, 1, 1, 1, 1, 1, 1, 1, 1, 1, 1, 1, 1, 1, 1, 1, 1, 1, 1, 1, 1, 1, 1, 1, 1, 1, 1, 1, 1, 1, 1, 1, 1, 1, 1, 1, 1, 1, 1, 1, 1, 1, 1, 1, 1, 1, 1, 1, 1, 1, 1, 1, 1, 1, 1, 1, 1, 1, 1, 1, 1, 1, 1, 1, 1, 1, 1, 1, 1, 1, 1, 1, 1, 1, 1, 1, 1, 1, 1, 1, 1, 1, 1, 1, 1, 1, 1, 1, 1, 1, 1, 1, 1, 1, 1, 1, 1, 1, 1, 1, 1, 1, 1, 1, 1, 1, 1, 1, 1, 1, 1, 1, 1, 1, 1, 1, 1, 1, 1, 1, 1, 1, 1, 1, 1, 1, 1, 1, 1, 1, 1, 1, 1, 1, 1, 1, 1, 1, 1, 1]",1.4117754670000977,1.4144815897778547,1.4059611689999656,1.4258366359999854,0.006966804158404684,"[1.410568, 1.419554, 1.409177, 1.413724, 1.405961, 1.409859, 1.423879, 1.411775, 1.425837]",0.03339623000010761,0.033495831111091924,0.033111279000422655,0.033828405999884126,0.0002487508434349343,"[0.033111, 0.033748, 0.033331, 0.03334, 0.033828, 0.033317, 0.033396, 0.033701, 0.033689]",42.27349814621437,41.56155536872714,43.061961936951604,20,optimal,nan,53.74835205078125,34.62875270843506,411.8285704615757,411.82801070325695,1.359202247921239e-06,0.006850998745859149,0.0034756573593883893,1.0,1.0,0.09433962264150944,0.1724137931034483,9,2,1e-07,1e-05,1000,8.0,720.0,160.0,280.20563877266994,32.0,1.0,28.0,1.103448275862069,1.2491328740289345,1.0
primary,x86_64,none,0.3.0,2.4.4,32,1,imbalanced,800,1600,0.35,0,0.9975125156445557,5,"[720, 32, 32, 8, 8]",powerlaw,5,0,0,730,721,"[28, 16, 10, 6, 6, 6, 3, 2, 2, 1, 1, 1, 1, 1, 1, 1, 1, 1, 1, 1, 1, 1, 1, 1, 1, 1, 1, 1, 1, 1, 1, 1, 1, 1, 1, 1, 1, 1, 1, 1, 1, 1, 1, 1, 1, 1, 1, 1, 1, 1, 1, 1, 1, 1, 1, 1, 1, 1, 1, 1, 1, 1, 1, 1, 1, 1, 1, 1, 1, 1, 1, 1, 1, 1, 1, 1, 1, 1, 1, 1, 1, 1, 1, 1, 1, 1, 1, 1, 1, 1, 1, 1, 1, 1, 1, 1, 1, 1, 1, 1, 1, 1, 1, 1, 1, 1, 1, 1, 1, 1, 1, 1, 1, 1, 1, 1, 1, 1, 1, 1, 1, 1, 1, 1, 1, 1, 1, 1, 1, 1, 1, 1, 1, 1, 1, 1, 1, 1, 1, 1, 1, 1, 1, 1, 1, 1, 1, 1, 1, 1, 1, 1, 1, 1, 1, 1, 1, 1, 1, 1, 1, 1, 1, 1, 1, 1, 1, 1, 1, 1, 1, 1, 1, 1, 1, 1, 1, 1, 1, 1, 1, 1, 1, 1, 1, 1, 1, 1, 1, 1, 1, 1, 1, 1, 1, 1, 1, 1, 1, 1]",1.3355074969999805,1.3351250266666992,1.3262002599999505,1.3390552359996946,0.0041913182291731365,"[1.3262, 1.335507, 1.339035, 1.333341, 1.339055, 1.338045, 1.338129, 1.33211, 1.334703]",0.031902624999929685,0.032090085666621034,0.03178152099962972,0.032788347999940015,0.00033154991688623896,"[0.031862, 0.032198, 0.032313, 0.031852, 0.031846, 0.031903, 0.032788, 0.031782, 0.032267]",41.86199402095984,40.44730341407797,42.13313881407046,19,optimal,nan,53.74835205078125,34.628357887268066,413.390445685364,413.3895502251028,2.16613680969816e-06,0.00987323422976294,0.004939449301636198,1.0,1.0,0.0880503144654088,0.16184971098265896,9,2,1e-07,1e-05,1000,8.0,720.0,160.0,280.20563877266994,32.0,1.0,28.0,1.095890410958904,1.2327092732570015,1.0
primary,x86_64,none,0.3.0,2.4.4,32,1,imbalanced,800,1600,0.4,0,0.9975125156445557,5,"[720, 32, 32, 8, 8]",powerlaw,5,0,0,735,724,"[28, 16, 6, 6, 6, 3, 3, 2, 2, 2, 2, 1, 1, 1, 1, 1, 1, 1, 1, 1, 1, 1, 1, 1, 1, 1, 1, 1, 1, 1, 1, 1, 1, 1, 1, 1, 1, 1, 1, 1, 1, 1, 1, 1, 1, 1, 1, 1, 1, 1, 1, 1, 1, 1, 1, 1, 1, 1, 1, 1, 1, 1, 1, 1, 1, 1, 1, 1, 1, 1, 1, 1, 1, 1, 1, 1, 1, 1, 1, 1, 1, 1, 1, 1, 1, 1, 1, 1, 1, 1, 1, 1, 1, 1, 1, 1, 1, 1, 1, 1, 1, 1, 1, 1, 1, 1, 1, 1, 1, 1, 1, 1, 1, 1, 1, 1, 1, 1, 1, 1, 1, 1, 1, 1, 1, 1, 1, 1, 1, 1, 1, 1, 1, 1, 1, 1, 1, 1, 1, 1, 1, 1, 1, 1, 1, 1, 1, 1, 1, 1, 1, 1, 1, 1, 1, 1, 1, 1, 1, 1, 1, 1, 1, 1, 1, 1, 1, 1, 1, 1, 1, 1, 1, 1, 1, 1, 1, 1, 1, 1, 1, 1, 1, 1, 1, 1, 1, 1, 1, 1, 1, 1, 1, 1, 1, 1, 1, 1, 1, 1]",1.3288627430001725,1.327775210666611,1.3210491810000349,1.334924012999636,0.00445924154720047,"[1.330255, 1.329015, 1.322057, 1.328863, 1.321049, 1.331681, 1.32625, 1.334924, 1.325883]",0.0317910299995674,0.03184617333338085,0.03123537600004056,0.0323419350002041,0.0003395799745158548,"[0.031235, 0.031555, 0.031992, 0.031751, 0.03191, 0.032342, 0.031774, 0.032266, 0.031791]",41.79992730711321,40.84632477901208,42.73756823026246,19,optimal,nan,53.74835205078125,34.62901973724365,412.1587888298723,412.1578010766045,2.396535739532756e-06,0.013048201682776206,0.006335887321953859,0.999996875,1.0,0.08176100628930817,0.1511627906976744,9,2,1e-07,1e-05,1000,8.0,720.0,160.0,280.20563877266994,32.0,1.0,28.0,1.08843537414966,1.1868048345078712,1.0
primary,x86_64,none,0.3.0,2.4.4,32,1,imbalanced,800,4000,0.05,0,0.9975125156445557,5,"[720, 32, 32, 8, 8]",powerlaw,5,0,0,132,50,"[486, 14, 8, 7, 7, 6, 6, 6, 6, 6, 5, 5, 4, 4, 4, 4, 4, 4, 4, 4, 4, 4, 4, 4, 3, 3, 3, 3, 3, 3, 3, 3, 3, 3, 3, 3, 3, 3, 3, 3, 3, 3, 3, 3, 3, 3, 3, 3, 2, 2, 2, 2, 2, 2, 2, 2, 2, 2, 2, 2, 2, 2, 2, 2, 2, 2, 2, 2, 2, 2, 2, 2, 2, 2, 2, 2, 2, 2, 2, 2, 2, 2, 1, 1, 1, 1, 1, 1, 1, 1, 1, 1, 1, 1, 1, 1, 1, 1, 1, 1, 1, 1, 1, 1, 1, 1, 1, 1, 1, 1, 1, 1, 1, 1, 1, 1, 1, 1, 1, 1, 1, 1, 1, 1, 1, 1, 1, 1, 1, 1, 1, 1]",1.4890793849999682,1.4875739848889173,1.4778557569998156,1.4929511150003236,0.005687155215062254,"[1.486727, 1.489361, 1.477856, 1.492492, 1.492951, 1.489079, 1.492616, 1.478689, 1.488394]",0.48529187599979196,0.4854875309999645,0.48434322799994334,0.48780540500001734,0.001025509007334156,"[0.485292, 0.484343, 0.484771, 0.485579, 0.486072, 0.484701, 0.487805, 0.485097, 0.485728]",3.068420178953514,3.0296010291230027,3.0824238446882926,21,optimal,nan,53.74835205078125,43.53756523132324,397.04064206989796,397.03926136123573,3.4774995703890453e-06,0.006680083897895317,0.003459693299676074,0.999975,0.8081081081081081,0.7522012578616353,0.7791530944625408,9,2,1e-07,1e-05,1000,8.0,720.0,160.0,280.20563877266994,32.0,1.0,486.0,6.0606060606060606,41.97126679046424,2.0
primary,x86_64,none,0.3.0,2.4.4,32,1,imbalanced,800,4000,0.1,0,0.9975125156445557,5,"[720, 32, 32, 8, 8]",powerlaw,5,0,0,406,267,"[75, 37, 14, 11, 9, 9, 8, 8, 7, 7, 6, 6, 6, 6, 6, 6, 5, 5, 5, 5, 5, 4, 4, 4, 4, 4, 4, 4, 4, 4, 4, 4, 3, 3, 3, 3, 3, 3, 3, 3, 3, 3, 3, 3, 3, 3, 3, 3, 3, 3, 3, 3, 3, 3, 3, 3, 3, 3, 3, 3, 3, 2, 2, 2, 2, 2, 2, 2, 2, 2, 2, 2, 2, 2, 2, 2, 2, 2, 2, 2, 2, 2, 2, 2, 2, 2, 2, 2, 2, 2, 2, 2, 2, 2, 2, 2, 2, 2, 2, 2, 2, 2, 2, 2, 2, 2, 2, 2, 2, 2, 2, 2, 2, 2, 2, 2, 2, 2, 2, 2, 2, 2, 2, 2, 2, 2, 2, 2, 2, 2, 2, 2, 2, 2, 2, 2, 2, 2, 2, 1, 1, 1, 1, 1, 1, 1, 1, 1, 1, 1, 1, 1, 1, 1, 1, 1, 1, 1, 1, 1, 1, 1, 1, 1, 1, 1, 1, 1, 1, 1, 1, 1, 1, 1, 1, 1, 1, 1, 1, 1, 1, 1, 1, 1, 1, 1, 1, 1, 1, 1, 1, 1, 1, 1, 1, 1, 1, 1, 1, 1]",1.3306874830000197,1.330094260444336,1.3261496669997541,1.3353524299996025,0.0032573796776379374,"[1.331032, 1.333222, 1.328492, 1.330687, 1.32615, 1.335352, 1.326575, 1.332439, 1.326899]",0.08378871199965943,0.08382696944444332,0.08335772200007341,0.08426006899981076,0.00029328183207277017,"[0.083358, 0.083848, 0.08362, 0.083668, 0.084046, 0.083789, 0.08366, 0.08426, 0.084194]",15.881464832702388,15.738767873578796,16.019540817087425,19,optimal,nan,53.74835205078125,34.7413969039917,404.71208470463694,404.7108064244324,3.158492797327028e-06,0.007491656417194736,0.003865771869502745,0.999990625,0.9923857868020305,0.4918238993710692,0.6576955424726662,9,2,1e-07,1e-05,1000,8.0,720.0,160.0,280.20563877266994,32.0,1.0,75.0,1.9704433497536946,4.292175640001613,1.0
primary,x86_64,none,0.3.0,2.4.4,32,1,imbalanced,800,4000,0.15,0,0.9975125156445557,5,"[720, 32, 32, 8, 8]",powerlaw,5,0,0,613,562,"[28, 21, 21, 18, 16, 14, 8, 7, 6, 5, 4, 4, 4, 4, 3, 3, 3, 3, 2, 2, 2, 2, 2, 2, 2, 2, 2, 2, 2, 2, 2, 2, 2, 2, 2, 2, 2, 2, 2, 2, 2, 2, 2, 2, 2, 2, 2, 2, 2, 2, 2, 1, 1, 1, 1, 1, 1, 1, 1, 1, 1, 1, 1, 1, 1, 1, 1, 1, 1, 1, 1, 1, 1, 1, 1, 1, 1, 1, 1, 1, 1, 1, 1, 1, 1, 1, 1, 1, 1, 1, 1, 1, 1, 1, 1, 1, 1, 1, 1, 1, 1, 1, 1, 1, 1, 1, 1, 1, 1, 1, 1, 1, 1, 1, 1, 1, 1, 1, 1, 1, 1, 1, 1, 1, 1, 1, 1, 1, 1, 1, 1, 1, 1, 1, 1, 1, 1, 1, 1, 1, 1, 1, 1, 1, 1, 1, 1, 1, 1, 1, 1, 1, 1, 1, 1, 1, 1, 1, 1, 1, 1, 1, 1, 1, 1, 1, 1, 1, 1, 1, 1, 1, 1, 1, 1, 1, 1, 1, 1, 1, 1, 1, 1, 1, 1, 1, 1, 1, 1, 1, 1, 1, 1, 1, 1, 1, 1, 1, 1, 1]",1.2715177649997713,1.2706831485555388,1.2657274739999593,1.2750024570000278,0.0034685966016528846,"[1.274066, 1.275002, 1.271518, 1.266352, 1.272947, 1.272793, 1.26714, 1.270602, 1.265727]",0.04440490899969518,0.044483665888745035,0.04397154499974931,0.04481927500000893,0.00026790333248342653,"[0.043972, 0.0444, 0.044664, 0.044391, 0.044705, 0.04428, 0.044819, 0.044405, 0.044717]",28.634621568721144,28.240694968843364,28.996080465384985,18,optimal,nan,53.74835205078125,34.642038345336914,407.7883829559261,407.78682606435797,3.817890928798822e-06,0.00878508416228363,0.0045756102240096215,1.0,1.0,0.23522012578616353,0.38085539714867617,9,2,1e-07,1e-05,1000,8.0,720.0,160.0,280.20563877266994,32.0,1.0,28.0,1.3050570962479608,1.9645945760613752,1.0
primary,x86_64,none,0.3.0,2.4.4,32,1,imbalanced,800,4000,0.2,0,0.9975125156445557,5,"[720, 32, 32, 8, 8]",powerlaw,5,0,0,687,673,"[28, 21, 18, 15, 8, 8, 6, 6, 4, 4, 3, 2, 2, 2, 1, 1, 1, 1, 1, 1, 1, 1, 1, 1, 1, 1, 1, 1, 1, 1, 1, 1, 1, 1, 1, 1, 1, 1, 1, 1, 1, 1, 1, 1, 1, 1, 1, 1, 1, 1, 1, 1, 1, 1, 1, 1, 1, 1, 1, 1, 1, 1, 1, 1, 1, 1, 1, 1, 1, 1, 1, 1, 1, 1, 1, 1, 1, 1, 1, 1, 1, 1, 1, 1, 1, 1, 1, 1, 1, 1, 1, 1, 1, 1, 1, 1, 1, 1, 1, 1, 1, 1, 1, 1, 1, 1, 1, 1, 1, 1, 1, 1, 1, 1, 1, 1, 1, 1, 1, 1, 1, 1, 1, 1, 1, 1, 1, 1, 1, 1, 1, 1, 1, 1, 1, 1, 1, 1, 1, 1, 1, 1, 1, 1, 1, 1, 1, 1, 1, 1, 1, 1, 1, 1, 1, 1, 1, 1, 1, 1, 1, 1, 1, 1, 1, 1, 1, 1, 1, 1, 1, 1, 1, 1, 1, 1, 1, 1, 1, 1, 1, 1, 1, 1, 1, 1, 1, 1, 1, 1, 1, 1, 1, 1, 1, 1, 1, 1, 1, 1]",1.2805761849999726,1.28530126166667,1.2671773590000157,1.3206212439999945,0.016429840798821916,"[1.269916, 1.267177, 1.277744, 1.275544, 1.320621, 1.295745, 1.287429, 1.292957, 1.280576]",0.036692237999886856,0.03656005233334428,0.03569015900029626,0.03705792600021596,0.00041093654592076143,"[0.03569, 0.036781, 0.036403, 0.036842, 0.036692, 0.036303, 0.037058, 0.036414, 0.036857]",34.90046546094903,34.19450292476247,37.00239172341687,18,optimal,nan,53.74835205078125,34.633872985839844,410.1779887358561,410.17653227096054,3.550811929370284e-06,0.009700224857505546,0.004997527676099681,1.0,1.0,0.1421383647798742,0.2488986784140969,9,2,1e-07,1e-05,1000,8.0,720.0,160.0,280.20563877266994,32.0,1.0,28.0,1.1644832605531295,1.604403234931407,1.0
primary,x86_64,none,0.3.0,2.4.4,32,1,imbalanced,800,4000,0.25,0,0.9975125156445557,5,"[720, 32, 32, 8, 8]",powerlaw,5,0,0,704,694,"[28, 19, 17, 15, 8, 6, 6, 3, 2, 2, 1, 1, 1, 1, 1, 1, 1, 1, 1, 1, 1, 1, 1, 1, 1, 1, 1, 1, 1, 1, 1, 1, 1, 1, 1, 1, 1, 1, 1, 1, 1, 1, 1, 1, 1, 1, 1, 1, 1, 1, 1, 1, 1, 1, 1, 1, 1, 1, 1, 1, 1, 1, 1, 1, 1, 1, 1, 1, 1, 1, 1, 1, 1, 1, 1, 1, 1, 1, 1, 1, 1, 1, 1, 1, 1, 1, 1, 1, 1, 1, 1, 1, 1, 1, 1, 1, 1, 1, 1, 1, 1, 1, 1, 1, 1, 1, 1, 1, 1, 1, 1, 1, 1, 1, 1, 1, 1, 1, 1, 1, 1, 1, 1, 1, 1, 1, 1, 1, 1, 1, 1, 1, 1, 1, 1, 1, 1, 1, 1, 1, 1, 1, 1, 1, 1, 1, 1, 1, 1, 1, 1, 1, 1, 1, 1, 1, 1, 1, 1, 1, 1, 1, 1, 1, 1, 1, 1, 1, 1, 1, 1, 1, 1, 1, 1, 1, 1, 1, 1, 1, 1, 1, 1, 1, 1, 1, 1, 1, 1, 1, 1, 1, 1, 1, 1, 1, 1, 1, 1, 1]",1.3017662180000116,1.3005376861111573,1.2880136270000548,1.3075863019998906,0.006187534475199641,"[1.297033, 1.296353, 1.288014, 1.306566, 1.305853, 1.307586, 1.30219, 1.301766, 1.299477]",0.03516775800017058,0.035168285555553465,0.034546801000033156,0.03554531899999347,0.00029211516706532475,"[0.034547, 0.035501, 0.035123, 0.035304, 0.035133, 0.035545, 0.035168, 0.035171, 0.035022]",37.01590013198161,36.23581566394977,37.84970718413655,18,optimal,nan,53.74835205078125,34.63294506072998,411.2012864409501,411.1997934400045,3.630827516498344e-06,0.00922753869333448,0.0047803762101086425,1.0,1.0,0.12075471698113208,0.2154882154882155,9,2,1e-07,1e-05,1000,8.0,720.0,160.0,280.20563877266994,32.0,1.0,28.0,1.1363636363636365,1.506099856204596,1.0
primary,x86_64,none,0.3.0,2.4.4,32,1,imbalanced,800,4000,0.3,0,0.9975125156445557,5,"[720, 32, 32, 8, 8]",powerlaw,5,0,0,726,715,"[28, 16, 9, 8, 6, 6, 3, 3, 2, 2, 2, 1, 1, 1, 1, 1, 1, 1, 1, 1, 1, 1, 1, 1, 1, 1, 1, 1, 1, 1, 1, 1, 1, 1, 1, 1, 1, 1, 1, 1, 1, 1, 1, 1, 1, 1, 1, 1, 1, 1, 1, 1, 1, 1, 1, 1, 1, 1, 1, 1, 1, 1, 1, 1, 1, 1, 1, 1, 1, 1, 1, 1, 1, 1, 1, 1, 1, 1, 1, 1, 1, 1, 1, 1, 1, 1, 1, 1, 1, 1, 1, 1, 1, 1, 1, 1, 1, 1, 1, 1, 1, 1, 1, 1, 1, 1, 1, 1, 1, 1, 1, 1, 1, 1, 1, 1, 1, 1, 1, 1, 1, 1, 1, 1, 1, 1, 1, 1, 1, 1, 1, 1, 1, 1, 1, 1, 1, 1, 1, 1, 1, 1, 1, 1, 1, 1, 1, 1, 1, 1, 1, 1, 1, 1, 1, 1, 1, 1, 1, 1, 1, 1, 1, 1, 1, 1, 1, 1, 1, 1, 1, 1, 1, 1, 1, 1, 1, 1, 1, 1, 1, 1, 1, 1, 1, 1, 1, 1, 1, 1, 1, 1, 1, 1, 1, 1, 1, 1, 1, 1]",1.2752933850001682,1.2759667757777606,1.2694470110000111,1.2894838279999021,0.005571205332712887,"[1.276029, 1.289484, 1.269447, 1.275874, 1.273153, 1.277439, 1.273118, 1.275293, 1.273864]",0.03297007799983476,0.03294408966662053,0.0324429180000152,0.0331731060000493,0.00021089948505917023,"[0.032443, 0.032899, 0.033035, 0.032996, 0.032923, 0.033137, 0.03297, 0.03292, 0.033173]",38.68032659815242,38.267354615456405,39.74623454028698,18,optimal,nan,53.74835205078125,34.62886619567871,412.60670545095,412.60524318871853,3.5439613854225943e-06,0.009475736566348258,0.004893417290692581,0.999996875,1.0,0.0930817610062893,0.17031070195627157,9,2,1e-07,1e-05,1000,8.0,720.0,160.0,280.20563877266994,32.0,1.0,28.0,1.1019283746556474,1.2423081802453533,1.0
primary,x86_64,none,0.3.0,2.4.4,32,1,imbalanced,800,4000,0.35,0,0.9975125156445557,5,"[720, 32, 32, 8, 8]",powerlaw,5,0,0,731,721,"[28, 16, 7, 6, 6, 6, 3, 3, 2, 2, 1, 1, 1, 1, 1, 1, 1, 1, 1, 1, 1, 1, 1, 1, 1, 1, 1, 1, 1, 1, 1, 1, 1, 1, 1, 1, 1, 1, 1, 1, 1, 1, 1, 1, 1, 1, 1, 1, 1, 1, 1, 1, 1, 1, 1, 1, 1, 1, 1, 1, 1, 1, 1, 1, 1, 1, 1, 1, 1, 1, 1, 1, 1, 1, 1, 1, 1, 1, 1, 1, 1, 1, 1, 1, 1, 1, 1, 1, 1, 1, 1, 1, 1, 1, 1, 1, 1, 1, 1, 1, 1, 1, 1, 1, 1, 1, 1, 1, 1, 1, 1, 1, 1, 1, 1, 1, 1, 1, 1, 1, 1, 1, 1, 1, 1, 1, 1, 1, 1, 1, 1, 1, 1, 1, 1, 1, 1, 1, 1, 1, 1, 1, 1, 1, 1, 1, 1, 1, 1, 1, 1, 1, 1, 1, 1, 1, 1, 1, 1, 1, 1, 1, 1, 1, 1, 1, 1, 1, 1, 1, 1, 1, 1, 1, 1, 1, 1, 1, 1, 1, 1, 1, 1, 1, 1, 1, 1, 1, 1, 1, 1, 1, 1, 1, 1, 1, 1, 1, 1, 1]",1.262615692000054,1.2627886201112233,1.256015391999881,1.2746904720002021,0.005478950185382681,"[1.256015, 1.258821, 1.262544, 1.27469, 1.263803, 1.262616, 1.264258, 1.264943, 1.257407]",0.031997690000025614,0.03193383933335604,0.03118913900016196,0.03226008299998284,0.0003168297252975026,"[0.031189, 0.032154, 0.03186, 0.031978, 0.031782, 0.032026, 0.031998, 0.032158, 0.03226]",39.45958886404122,38.93404093227377,40.86969095214789,18,optimal,nan,53.74835205078125,34.627840995788574,414.8900047413738,414.88858383711755,3.424773409813477e-06,0.008616881103928442,0.004495002734094554,1.0,1.0,0.08679245283018867,0.1597222222222222,9,2,1e-07,1e-05,1000,8.0,720.0,160.0,280.20563877266994,32.0,1.0,28.0,1.094391244870041,1.2089989777439856,1.0
primary,x86_64,none,0.3.0,2.4.4,32,1,imbalanced,800,4000,0.4,0,0.9975125156445557,5,"[720, 32, 32, 8, 8]",powerlaw,5,0,0,733,723,"[28, 16, 7, 6, 6, 5, 3, 2, 2, 2, 1, 1, 1, 1, 1, 1, 1, 1, 1, 1, 1, 1, 1, 1, 1, 1, 1, 1, 1, 1, 1, 1, 1, 1, 1, 1, 1, 1, 1, 1, 1, 1, 1, 1, 1, 1, 1, 1, 1, 1, 1, 1, 1, 1, 1, 1, 1, 1, 1, 1, 1, 1, 1, 1, 1, 1, 1, 1, 1, 1, 1, 1, 1, 1, 1, 1, 1, 1, 1, 1, 1, 1, 1, 1, 1, 1, 1, 1, 1, 1, 1, 1, 1, 1, 1, 1, 1, 1, 1, 1, 1, 1, 1, 1, 1, 1, 1, 1, 1, 1, 1, 1, 1, 1, 1, 1, 1, 1, 1, 1, 1, 1, 1, 1, 1, 1, 1, 1, 1, 1, 1, 1, 1, 1, 1, 1, 1, 1, 1, 1, 1, 1, 1, 1, 1, 1, 1, 1, 1, 1, 1, 1, 1, 1, 1, 1, 1, 1, 1, 1, 1, 1, 1, 1, 1, 1, 1, 1, 1, 1, 1, 1, 1, 1, 1, 1, 1, 1, 1, 1, 1, 1, 1, 1, 1, 1, 1, 1, 1, 1, 1, 1, 1, 1, 1, 1, 1, 1, 1, 1]",1.2606190080000488,1.2614628498889842,1.2590492949998406,1.2685264370002187,0.0028394362358335917,"[1.262082, 1.260099, 1.259049, 1.259814, 1.261781, 1.25973, 1.261466, 1.260619, 1.268526]",0.03166644099974292,0.03169585955548529,0.031225952999648143,0.03205943599959937,0.00024962348223154244,"[0.032059, 0.031226, 0.031666, 0.031542, 0.031985, 0.031587, 0.031836, 0.031628, 0.031733]",39.80930499926667,39.2723469937392,40.62410639683319,18,optimal,nan,53.74835205078125,34.62838363647461,416.5556544983233,416.5542590864824,3.34988092431001e-06,0.00832260508532423,0.0043568992777369454,1.0,1.0,0.08427672955974842,0.1554524361948956,9,2,1e-07,1e-05,1000,8.0,720.0,160.0,280.20563877266994,32.0,1.0,28.0,1.0914051841746248,1.200770473811725,1.0
primary,x86_64,none,0.3.0,2.4.4,32,1,imbalanced,800,8000,0.05,0,0.9975125156445557,5,"[720, 32, 32, 8, 8]",powerlaw,5,0,0,177,52,"[183, 37, 26, 23, 15, 12, 12, 9, 8, 8, 8, 8, 8, 8, 8, 7, 7, 7, 7, 7, 7, 7, 6, 6, 6, 6, 6, 6, 6, 6, 6, 5, 5, 5, 5, 5, 5, 5, 4, 4, 4, 4, 4, 4, 4, 4, 4, 4, 4, 4, 4, 4, 4, 4, 4, 4, 3, 3, 3, 3, 3, 3, 3, 3, 3, 3, 3, 3, 3, 3, 3, 3, 3, 3, 3, 3, 3, 3, 3, 3, 3, 3, 3, 2, 2, 2, 2, 2, 2, 2, 2, 2, 2, 2, 2, 2, 2, 2, 2, 2, 2, 2, 2, 2, 2, 2, 2, 2, 2, 2, 2, 2, 2, 2, 2, 2, 2, 2, 2, 2, 2, 2, 2, 2, 2, 1, 1, 1, 1, 1, 1, 1, 1, 1, 1, 1, 1, 1, 1, 1, 1, 1, 1, 1, 1, 1, 1, 1, 1, 1, 1, 1, 1, 1, 1, 1, 1, 1, 1, 1, 1, 1, 1, 1, 1, 1, 1, 1, 1, 1, 1, 1, 1, 1, 1, 1, 1]",1.4929320639998878,1.4938969714443777,1.4847871380002289,1.5100316859998202,0.006873179186498548,"[1.490871, 1.484787, 1.489681, 1.492932, 1.492007, 1.49506, 1.494858, 1.494845, 1.510032]",0.13827402100014297,0.1399421764443913,0.13765068900011102,0.14763706299982005,0.0035008627140432347,"[0.139212, 0.138546, 0.137982, 0.137651, 0.137892, 0.138194, 0.138274, 0.144092, 0.147637]",10.796909305171246,10.057008096957595,10.970026354162327,21,optimal,nan,53.74835205078125,35.335097312927246,397.46553090861613,397.46392159423044,4.048940752196293e-06,0.00789102770081862,0.004183346101055531,0.999971875,0.9588607594936709,0.7622641509433963,0.849334267694464,9,2,1e-07,1e-05,1000,8.0,720.0,160.0,280.20563877266994,32.0,1.0,183.0,4.519774011299435,14.078508843210782,2.0
primary,x86_64,none,0.3.0,2.4.4,32,1,imbalanced,800,8000,0.1,0,0.9975125156445557,5,"[720, 32, 32, 8, 8]",powerlaw,5,0,0,406,263,"[28, 21, 21, 18, 16, 14, 11, 9, 9, 8, 8, 8, 7, 7, 7, 7, 7, 6, 6, 6, 6, 5, 5, 5, 4, 4, 4, 4, 4, 4, 4, 4, 4, 4, 4, 4, 3, 3, 3, 3, 3, 3, 3, 3, 3, 3, 3, 3, 3, 3, 3, 3, 3, 3, 3, 3, 3, 3, 3, 3, 3, 3, 3, 3, 3, 3, 2, 2, 2, 2, 2, 2, 2, 2, 2, 2, 2, 2, 2, 2, 2, 2, 2, 2, 2, 2, 2, 2, 2, 2, 2, 2, 2, 2, 2, 2, 2, 2, 2, 2, 2, 2, 2, 2, 2, 2, 2, 2, 2, 2, 2, 2, 2, 2, 2, 2, 2, 2, 2, 2, 2, 2, 2, 2, 2, 2, 2, 2, 2, 2, 2, 2, 2, 2, 2, 2, 2, 2, 2, 2, 2, 2, 2, 1, 1, 1, 1, 1, 1, 1, 1, 1, 1, 1, 1, 1, 1, 1, 1, 1, 1, 1, 1, 1, 1, 1, 1, 1, 1, 1, 1, 1, 1, 1, 1, 1, 1, 1, 1, 1, 1, 1, 1, 1, 1, 1, 1, 1, 1, 1, 1, 1, 1, 1, 1, 1, 1, 1, 1, 1]",1.3429635659999803,1.3430113226667244,1.337290739999844,1.3533596039997065,0.004809569466700905,"[1.338656, 1.340513, 1.34636, 1.34422, 1.342964, 1.34341, 1.35336, 1.340329, 1.337291]",0.06785889999991923,0.06797881811108811,0.06657661700000972,0.06998891599960189,0.0009229552568436588,"[0.067764, 0.066577, 0.067614, 0.068049, 0.068552, 0.069989, 0.067859, 0.067956, 0.067449]",19.790529554731638,19.107178913979048,20.327851804177868,19,optimal,nan,53.74835205078125,34.63740634918213,404.6381005867242,404.63695061089334,2.8419860344058135e-06,0.0058517849666333,0.003097265359421583,1.0,1.0,0.49559748427672956,0.6627417998317915,9,2,1e-07,1e-05,1000,8.0,720.0,160.0,280.20563877266994,32.0,1.0,28.0,1.9704433497536946,2.6437235460004986,1.0
primary,x86_64,none,0.3.0,2.4.4,32,1,imbalanced,800,8000,0.15,0,0.9975125156445557,5,"[720, 32, 32, 8, 8]",powerlaw,5,0,0,622,577,"[28, 21, 21, 18, 16, 14, 8, 8, 6, 5, 4, 4, 3, 3, 3, 3, 2, 2, 2, 2, 2, 2, 2, 2, 2, 2, 2, 2, 2, 2, 2, 2, 2, 2, 2, 2, 2, 2, 2, 2, 2, 2, 2, 2, 2, 1, 1, 1, 1, 1, 1, 1, 1, 1, 1, 1, 1, 1, 1, 1, 1, 1, 1, 1, 1, 1, 1, 1, 1, 1, 1, 1, 1, 1, 1, 1, 1, 1, 1, 1, 1, 1, 1, 1, 1, 1, 1, 1, 1, 1, 1, 1, 1, 1, 1, 1, 1, 1, 1, 1, 1, 1, 1, 1, 1, 1, 1, 1, 1, 1, 1, 1, 1, 1, 1, 1, 1, 1, 1, 1, 1, 1, 1, 1, 1, 1, 1, 1, 1, 1, 1, 1, 1, 1, 1, 1, 1, 1, 1, 1, 1, 1, 1, 1, 1, 1, 1, 1, 1, 1, 1, 1, 1, 1, 1, 1, 1, 1, 1, 1, 1, 1, 1, 1, 1, 1, 1, 1, 1, 1, 1, 1, 1, 1, 1, 1, 1, 1, 1, 1, 1, 1, 1, 1, 1, 1, 1, 1, 1, 1, 1, 1, 1, 1, 1, 1, 1, 1, 1, 1]",1.2758850929999426,1.2787336316666067,1.2733655089996319,1.2905173539998032,0.005633461319007745,"[1.273366, 1.275424, 1.284094, 1.275231, 1.276885, 1.281969, 1.290517, 1.275885, 1.275232]",0.04327113099998314,0.04323828255554771,0.04274871899997379,0.04344685100022616,0.00020485914827934542,"[0.042749, 0.043353, 0.043249, 0.04317, 0.043214, 0.043271, 0.043447, 0.043276, 0.043416]",29.485827236649758,29.308580016374567,30.18844503856582,18,optimal,nan,53.74835205078125,34.641072273254395,408.1855336406492,408.18403008655974,3.683506556616755e-06,0.0074845256823252715,0.003964672385346548,1.0,1.0,0.2238993710691824,0.36587872559095586,9,2,1e-07,1e-05,1000,8.0,720.0,160.0,280.20563877266994,32.0,1.0,28.0,1.2861736334405145,1.949136626927473,1.0
primary,x86_64,none,0.3.0,2.4.4,32,1,imbalanced,800,8000,0.2,0,0.9975125156445557,5,"[720, 32, 32, 8, 8]",powerlaw,5,0,0,687,673,"[28, 21, 21, 18, 8, 6, 5, 4, 4, 3, 3, 2, 2, 2, 1, 1, 1, 1, 1, 1, 1, 1, 1, 1, 1, 1, 1, 1, 1, 1, 1, 1, 1, 1, 1, 1, 1, 1, 1, 1, 1, 1, 1, 1, 1, 1, 1, 1, 1, 1, 1, 1, 1, 1, 1, 1, 1, 1, 1, 1, 1, 1, 1, 1, 1, 1, 1, 1, 1, 1, 1, 1, 1, 1, 1, 1, 1, 1, 1, 1, 1, 1, 1, 1, 1, 1, 1, 1, 1, 1, 1, 1, 1, 1, 1, 1, 1, 1, 1, 1, 1, 1, 1, 1, 1, 1, 1, 1, 1, 1, 1, 1, 1, 1, 1, 1, 1, 1, 1, 1, 1, 1, 1, 1, 1, 1, 1, 1, 1, 1, 1, 1, 1, 1, 1, 1, 1, 1, 1, 1, 1, 1, 1, 1, 1, 1, 1, 1, 1, 1, 1, 1, 1, 1, 1, 1, 1, 1, 1, 1, 1, 1, 1, 1, 1, 1, 1, 1, 1, 1, 1, 1, 1, 1, 1, 1, 1, 1, 1, 1, 1, 1, 1, 1, 1, 1, 1, 1, 1, 1, 1, 1, 1, 1, 1, 1, 1, 1, 1, 1]",1.2783561229998668,1.2789802092221787,1.2760835369999768,1.2826434439998593,0.0025316105394961545,"[1.281622, 1.276084, 1.276173, 1.281771, 1.279644, 1.282643, 1.278356, 1.277481, 1.277048]",0.03593837700009317,0.03599418000011509,0.03535422499999186,0.036865658000351686,0.0003901744238588144,"[0.035354, 0.035922, 0.035938, 0.036081, 0.035853, 0.036866, 0.035892, 0.036045, 0.035997]",35.57078058913324,34.6144245407963,36.27977827261536,18,optimal,nan,53.74835205078125,34.63726234436035,410.538173222669,410.53671387125434,3.554727696114317e-06,0.008203114321867044,0.004304823182998379,0.999996875,1.0,0.1421383647798742,0.2488986784140969,9,2,1e-07,1e-05,1000,8.0,720.0,160.0,280.20563877266994,32.0,1.0,28.0,1.1644832605531295,1.6710626414386969,1.0
primary,x86_64,none,0.3.0,2.4.4,32,1,imbalanced,800,8000,0.25,0,0.9975125156445557,5,"[720, 32, 32, 8, 8]",powerlaw,5,0,0,700,691,"[28, 21, 21, 18, 8, 6, 3, 2, 2, 1, 1, 1, 1, 1, 1, 1, 1, 1, 1, 1, 1, 1, 1, 1, 1, 1, 1, 1, 1, 1, 1, 1, 1, 1, 1, 1, 1, 1, 1, 1, 1, 1, 1, 1, 1, 1, 1, 1, 1, 1, 1, 1, 1, 1, 1, 1, 1, 1, 1, 1, 1, 1, 1, 1, 1, 1, 1, 1, 1, 1, 1, 1, 1, 1, 1, 1, 1, 1, 1, 1, 1, 1, 1, 1, 1, 1, 1, 1, 1, 1, 1, 1, 1, 1, 1, 1, 1, 1, 1, 1, 1, 1, 1, 1, 1, 1, 1, 1, 1, 1, 1, 1, 1, 1, 1, 1, 1, 1, 1, 1, 1, 1, 1, 1, 1, 1, 1, 1, 1, 1, 1, 1, 1, 1, 1, 1, 1, 1, 1, 1, 1, 1, 1, 1, 1, 1, 1, 1, 1, 1, 1, 1, 1, 1, 1, 1, 1, 1, 1, 1, 1, 1, 1, 1, 1, 1, 1, 1, 1, 1, 1, 1, 1, 1, 1, 1, 1, 1, 1, 1, 1, 1, 1, 1, 1, 1, 1, 1, 1, 1, 1, 1, 1, 1, 1, 1, 1, 1, 1, 1]",1.2753168449999066,1.2754135615555242,1.271767969999928,1.2813769129998036,0.003221214266598702,"[1.278071, 1.271768, 1.272223, 1.275317, 1.27675, 1.27397, 1.27705, 1.272196, 1.281377]",0.03471427699969354,0.03490767577775639,0.03447919300015201,0.03579472100000203,0.00043284597430387034,"[0.035795, 0.03468, 0.034593, 0.035095, 0.034714, 0.03517, 0.034479, 0.035154, 0.034489]",36.73753150645094,35.52948408229962,37.163773322483344,18,optimal,nan,53.74835205078125,34.63823986053467,412.5173276098763,412.5159253803734,3.399201461488469e-06,0.006674502550600536,0.0035766750125895987,0.999996875,1.0,0.12578616352201258,0.223463687150838,9,2,1e-07,1e-05,1000,8.0,720.0,160.0,280.20563877266994,32.0,1.0,28.0,1.1428571428571428,1.640432994109563,1.0
primary,x86_64,none,0.3.0,2.4.4,32,1,imbalanced,800,8000,0.3,0,0.9975125156445557,5,"[720, 32, 32, 8, 8]",powerlaw,5,0,0,720,711,"[28, 17, 12, 8, 7, 6, 6, 3, 2, 1, 1, 1, 1, 1, 1, 1, 1, 1, 1, 1, 1, 1, 1, 1, 1, 1, 1, 1, 1, 1, 1, 1, 1, 1, 1, 1, 1, 1, 1, 1, 1, 1, 1, 1, 1, 1, 1, 1, 1, 1, 1, 1, 1, 1, 1, 1, 1, 1, 1, 1, 1, 1, 1, 1, 1, 1, 1, 1, 1, 1, 1, 1, 1, 1, 1, 1, 1, 1, 1, 1, 1, 1, 1, 1, 1, 1, 1, 1, 1, 1, 1, 1, 1, 1, 1, 1, 1, 1, 1, 1, 1, 1, 1, 1, 1, 1, 1, 1, 1, 1, 1, 1, 1, 1, 1, 1, 1, 1, 1, 1, 1, 1, 1, 1, 1, 1, 1, 1, 1, 1, 1, 1, 1, 1, 1, 1, 1, 1, 1, 1, 1, 1, 1, 1, 1, 1, 1, 1, 1, 1, 1, 1, 1, 1, 1, 1, 1, 1, 1, 1, 1, 1, 1, 1, 1, 1, 1, 1, 1, 1, 1, 1, 1, 1, 1, 1, 1, 1, 1, 1, 1, 1, 1, 1, 1, 1, 1, 1, 1, 1, 1, 1, 1, 1, 1, 1, 1, 1, 1, 1]",1.290163066000332,1.2904317122223194,1.288452148000033,1.2928535920000286,0.0015788052864134212,"[1.288452, 1.290163, 1.288914, 1.291514, 1.289442, 1.292491, 1.290756, 1.292854, 1.289299]",0.03400190499996825,0.03398858066662393,0.03367895899964424,0.034279732999948465,0.0002047101337906162,"[0.033763, 0.034002, 0.033891, 0.034086, 0.03387, 0.03428, 0.034092, 0.034233, 0.033679]",37.943846558054226,37.58641142280688,38.38757581591775,18,optimal,nan,53.74835205078125,34.62843704223633,412.73296434133766,412.73149849336596,3.551565051365918e-06,0.008212535889385197,0.004309503555282085,1.0,1.0,0.10062893081761007,0.18285714285714286,9,2,1e-07,1e-05,1000,8.0,720.0,160.0,280.20563877266994,32.0,1.0,28.0,1.1111111111111112,1.3108050490226264,1.0
primary,x86_64,none,0.3.0,2.4.4,32,1,imbalanced,800,8000,0.35,0,0.9975125156445557,5,"[720, 32, 32, 8, 8]",powerlaw,5,0,0,731,721,"[28, 16, 8, 6, 6, 5, 3, 3, 2, 2, 1, 1, 1, 1, 1, 1, 1, 1, 1, 1, 1, 1, 1, 1, 1, 1, 1, 1, 1, 1, 1, 1, 1, 1, 1, 1, 1, 1, 1, 1, 1, 1, 1, 1, 1, 1, 1, 1, 1, 1, 1, 1, 1, 1, 1, 1, 1, 1, 1, 1, 1, 1, 1, 1, 1, 1, 1, 1, 1, 1, 1, 1, 1, 1, 1, 1, 1, 1, 1, 1, 1, 1, 1, 1, 1, 1, 1, 1, 1, 1, 1, 1, 1, 1, 1, 1, 1, 1, 1, 1, 1, 1, 1, 1, 1, 1, 1, 1, 1, 1, 1, 1, 1, 1, 1, 1, 1, 1, 1, 1, 1, 1, 1, 1, 1, 1, 1, 1, 1, 1, 1, 1, 1, 1, 1, 1, 1, 1, 1, 1, 1, 1, 1, 1, 1, 1, 1, 1, 1, 1, 1, 1, 1, 1, 1, 1, 1, 1, 1, 1, 1, 1, 1, 1, 1, 1, 1, 1, 1, 1, 1, 1, 1, 1, 1, 1, 1, 1, 1, 1, 1, 1, 1, 1, 1, 1, 1, 1, 1, 1, 1, 1, 1, 1, 1, 1, 1, 1, 1, 1]",1.2859971829998358,1.2874606773334056,1.279728186000284,1.3012788589999218,0.006912754983222459,"[1.290217, 1.289687, 1.293209, 1.301279, 1.279728, 1.28395, 1.28071, 1.285997, 1.282369]",0.032982019999963086,0.03366207933337743,0.03242398900010812,0.039142921999882674,0.0020840426926405763,"[0.032589, 0.032424, 0.032978, 0.033259, 0.033546, 0.032809, 0.039143, 0.033229, 0.032982]",38.990855714758375,32.69373160246238,40.13321306627579,18,optimal,nan,53.74835205078125,34.62788963317871,415.92461202793817,415.9232444515927,3.2880390000881098e-06,0.007549921249633718,0.003996335065740364,1.0,1.0,0.08679245283018867,0.1597222222222222,9,2,1e-07,1e-05,1000,8.0,720.0,160.0,280.20563877266994,32.0,1.0,28.0,1.094391244870041,1.2112598748453414,1.0
primary,x86_64,none,0.3.0,2.4.4,32,1,imbalanced,800,8000,0.4,0,0.9975125156445557,5,"[720, 32, 32, 8, 8]",powerlaw,5,0,0,733,723,"[28, 16, 7, 6, 6, 5, 3, 2, 2, 2, 1, 1, 1, 1, 1, 1, 1, 1, 1, 1, 1, 1, 1, 1, 1, 1, 1, 1, 1, 1, 1, 1, 1, 1, 1, 1, 1, 1, 1, 1, 1, 1, 1, 1, 1, 1, 1, 1, 1, 1, 1, 1, 1, 1, 1, 1, 1, 1, 1, 1, 1, 1, 1, 1, 1, 1, 1, 1, 1, 1, 1, 1, 1, 1, 1, 1, 1, 1, 1, 1, 1, 1, 1, 1, 1, 1, 1, 1, 1, 1, 1, 1, 1, 1, 1, 1, 1, 1, 1, 1, 1, 1, 1, 1, 1, 1, 1, 1, 1, 1, 1, 1, 1, 1, 1, 1, 1, 1, 1, 1, 1, 1, 1, 1, 1, 1, 1, 1, 1, 1, 1, 1, 1, 1, 1, 1, 1, 1, 1, 1, 1, 1, 1, 1, 1, 1, 1, 1, 1, 1, 1, 1, 1, 1, 1, 1, 1, 1, 1, 1, 1, 1, 1, 1, 1, 1, 1, 1, 1, 1, 1, 1, 1, 1, 1, 1, 1, 1, 1, 1, 1, 1, 1, 1, 1, 1, 1, 1, 1, 1, 1, 1, 1, 1, 1, 1, 1, 1, 1, 1]",1.2643789680000737,1.2636486776666769,1.258444934000181,1.2678684129996327,0.0033494687443594837,"[1.267868, 1.261599, 1.264379, 1.266827, 1.265886, 1.265392, 1.263479, 1.258963, 1.258445]",0.03168668099988281,0.03176068944443008,0.03077245899976333,0.03217228699986663,0.00045412057363430837,"[0.030772, 0.032138, 0.031482, 0.032172, 0.031687, 0.032124, 0.03168, 0.032124, 0.031668]",39.90253722075688,39.11580591101273,41.20140067484967,18,optimal,nan,53.74835205078125,34.62844371795654,415.8107677589126,415.8093671984472,3.3682640614662548e-06,0.008055704055995871,0.004235165403027141,1.0,1.0,0.08427672955974842,0.1554524361948956,9,2,1e-07,1e-05,1000,8.0,720.0,160.0,280.20563877266994,32.0,1.0,28.0,1.0914051841746248,1.200770473811725,1.0
primary,x86_64,none,0.3.0,2.4.4,32,1,many_tiny,100,200,0.05,0,0.9808080808080808,5,"[20, 20, 20, 20, 20]",powerlaw,5,0,0,1,0,[100],0.013834428999871307,0.013830734777810803,0.013777438000033726,0.013859361999948305,2.2895577979580747e-05,"[0.013837, 0.013844, 0.013825, 0.013777, 0.013832, 0.013834, 0.013859, 0.013823, 0.013845]",0.014600238000184618,0.014601820333357156,0.014530185999774403,0.014652478999778396,3.8188097446673426e-05,"[0.0146, 0.014644, 0.0146, 0.014578, 0.01453, 0.01463, 0.014652, 0.014607, 0.014574]",0.947548183782783,0.9402803443869189,0.953832387291084,25,optimal,nan,0.9413604736328125,1.4787569046020508,100.66820096358732,100.66820096358732,0.0,0.0,0.0,1.0,0.03552859618717504,0.8631578947368421,0.06824802330420307,9,2,1e-07,1e-05,1000,20.0,20.0,20.0,0.0,20.0,100.0,100.0,100.0,0.0,100.0
primary,x86_64,none,0.3.0,2.4.4,32,1,many_tiny,100,200,0.1,0,0.9808080808080808,5,"[20, 20, 20, 20, 20]",powerlaw,5,0,0,1,0,[100],0.02248747600015122,0.02250436199993702,0.02241861299989978,0.0226263900003687,6.157023783452028e-05,"[0.022531, 0.022487, 0.022461, 0.02251, 0.02256, 0.02247, 0.022474, 0.022626, 0.022419]",0.023307900999952835,0.023314628888884827,0.02324022499988132,0.023392198999772518,5.1824530314981846e-05,"[0.02326, 0.023341, 0.023389, 0.023309, 0.023392, 0.023291, 0.023308, 0.023301, 0.02324]",0.9648005627017517,0.95837988553867,0.9735873899880163,41,optimal,nan,0.9413604736328125,1.4787569046020508,107.669360591469,107.669360591469,0.0,0.0,0.0,1.0,0.07362534948741846,0.8315789473684211,0.13527397260273974,9,2,1e-07,1e-05,1000,20.0,20.0,20.0,0.0,20.0,100.0,100.0,100.0,0.0,100.0
primary,x86_64,none,0.3.0,2.4.4,32,1,many_tiny,100,200,0.15,0,0.9808080808080808,5,"[20, 20, 20, 20, 20]",powerlaw,5,0,0,1,0,[100],0.03466205800032185,0.03466627966675636,0.03457301100024779,0.034747543999856134,5.441584131822457e-05,"[0.034748, 0.034573, 0.034723, 0.034623, 0.034677, 0.034642, 0.03471, 0.034662, 0.034639]",0.03563445700001466,0.03562047400004707,0.03553828700023587,0.03572944200004713,6.77794076409354e-05,"[0.035538, 0.035693, 0.035729, 0.035575, 0.03564, 0.035558, 0.035553, 0.035663, 0.035634]",0.9727118333894519,0.967633667500382,0.9777495465559585,64,optimal,nan,0.9413604736328125,1.4787139892578125,113.10719550524276,113.10719550524276,0.0,0.0,0.0,1.0,0.16317016317016317,0.7368421052631579,0.26717557251908397,9,2,1e-07,1e-05,1000,20.0,20.0,20.0,0.0,20.0,100.0,100.0,100.0,0.0,100.0
primary,x86_64,none,0.3.0,2.4.4,32,1,many_tiny,100,200,0.2,0,0.9808080808080808,5,"[20, 20, 20, 20, 20]",powerlaw,5,0,0,5,4,"[96, 1, 1, 1, 1]",0.03794375799998306,0.037935578777857394,0.03782265300014842,0.038043490999825735,6.703901603340937e-05,"[0.037919, 0.037977, 0.03787, 0.037944, 0.037997, 0.038043, 0.037947, 0.0379, 0.037823]",0.03559883899970373,0.03562416822225916,0.035519290000138426,0.03571756900009859,7.808245954982493e-05,"[0.035718, 0.035709, 0.035586, 0.035703, 0.035563, 0.035599, 0.035519, 0.035678, 0.035542]",1.0658706594419793,1.0589369338110335,1.0710656378457304,70,optimal,nan,0.9413604736328125,1.3834476470947266,112.5097090676546,112.50970906216986,4.874900367445604e-11,2.450325701203182e-06,1.7094759828604345e-06,1.0,0.3548387096774194,0.6947368421052632,0.46975088967971534,9,2,1e-07,1e-05,1000,20.0,20.0,20.0,0.0,20.0,1.0,96.0,20.0,38.0,1.0
primary,x86_64,none,0.3.0,2.4.4,32,1,many_tiny,100,200,0.25,0,0.9808080808080808,5,"[20, 20, 20, 20, 20]",powerlaw,5,0,0,19,10,"[70, 3, 3, 3, 3, 2, 2, 2, 2, 1, 1, 1, 1, 1, 1, 1, 1, 1, 1]",0.03054687499979991,0.030552679000063816,0.030441203999998834,0.030676290000428708,6.553715490783338e-05,"[0.030619, 0.030516, 0.030676, 0.030547, 0.030543, 0.03055, 0.030555, 0.030441, 0.030526]",0.02132273500001247,0.02134133588894353,0.021275242999763577,0.021466398000029585,6.377810122070986e-05,"[0.021362, 0.0213, 0.021295, 0.021301, 0.021329, 0.021275, 0.021466, 0.02142, 0.021323]",1.4325964750667326,1.418086257412952,1.4418773031532284,56,optimal,nan,0.9413604736328125,0.8611593246459961,114.39113790102918,114.39113750548037,3.4578623568592987e-09,0.00016673256471216868,0.00012839248124182193,1.0,0.6813186813186813,0.6526315789473685,0.6666666666666667,9,2,1e-07,1e-05,1000,20.0,20.0,20.0,0.0,20.0,1.0,70.0,5.2631578947368425,15.279301807082394,1.0
primary,x86_64,none,0.3.0,2.4.4,32,1,many_tiny,100,200,0.3,0,0.9808080808080808,5,"[20, 20, 20, 20, 20]",powerlaw,5,0,0,35,16,"[38, 5, 4, 3, 3, 3, 3, 3, 2, 2, 2, 2, 2, 2, 2, 2, 2, 2, 2, 1, 1, 1, 1, 1, 1, 1, 1, 1, 1, 1, 1, 1, 1, 1, 1]",0.03273388200022964,0.03271739233337535,0.03265670799964937,0.03278731099999277,4.465586428276365e-05,"[0.032736, 0.032691, 0.032657, 0.032751, 0.032697, 0.032787, 0.032657, 0.032734, 0.032747]",0.01312204899977587,0.013129304111064104,0.013079306000236102,0.013211095999849931,3.5477359553939905e-05,"[0.013143, 0.013118, 0.013211, 0.013079, 0.013122, 0.013128, 0.013115, 0.013113, 0.013134]",2.49457093177969,2.471915123470477,2.506808159347362,61,optimal,nan,0.9413604736328125,0.7239770889282227,115.92832215708567,115.9283221554395,1.4199905327049272e-11,6.151832397854884e-06,4.534025730308812e-06,1.0,0.7464788732394366,0.5578947368421052,0.6385542168674698,9,2,1e-07,1e-05,1000,20.0,20.0,20.0,0.0,20.0,1.0,38.0,2.857142857142857,6.104531605491856,2.0
primary,x86_64,none,0.3.0,2.4.4,32,1,many_tiny,100,200,0.35,0,0.9808080808080808,5,"[20, 20, 20, 20, 20]",powerlaw,5,0,0,53,35,"[20, 5, 4, 3, 3, 3, 3, 3, 3, 2, 2, 2, 2, 2, 2, 2, 2, 2, 1, 1, 1, 1, 1, 1, 1, 1, 1, 1, 1, 1, 1, 1, 1, 1, 1, 1, 1, 1, 1, 1, 1, 1, 1, 1, 1, 1, 1, 1, 1, 1, 1, 1, 1]",0.030276169999979174,0.030290813777860928,0.030241737999858742,0.030368780000117113,4.320212942230891e-05,"[0.030276, 0.030325, 0.030336, 0.03026, 0.030289, 0.030369, 0.030242, 0.030249, 0.030273]",0.008829956000226957,0.008824415444501533,0.008770591000029526,0.00888576000033936,4.022849821137936e-05,"[0.008834, 0.008864, 0.008861, 0.008791, 0.00879, 0.008794, 0.00883, 0.008771, 0.008886]",3.428801910134205,3.403393519372993,3.462569398118653,57,optimal,nan,0.9413604736328125,0.7070093154907227,114.8803184869712,114.88031848628573,5.966860094666475e-12,8.251431065281478e-06,6.800728832179554e-06,1.0,0.9375,0.47368421052631576,0.6293706293706294,9,2,1e-07,1e-05,1000,20.0,20.0,20.0,0.0,20.0,1.0,20.0,1.8867924528301887,2.6681940564662656,1.0
primary,x86_64,none,0.3.0,2.4.4,32,1,many_tiny,100,200,0.4,0,0.9808080808080808,5,"[20, 20, 20, 20, 20]",powerlaw,5,0,0,59,38,"[12, 6, 4, 3, 3, 3, 3, 2, 2, 2, 2, 2, 2, 2, 2, 2, 2, 2, 2, 2, 2, 1, 1, 1, 1, 1, 1, 1, 1, 1, 1, 1, 1, 1, 1, 1, 1, 1, 1, 1, 1, 1, 1, 1, 1, 1, 1, 1, 1, 1, 1, 1, 1, 1, 1, 1, 1, 1, 1]",0.028498781000052986,0.028502870888840133,0.028435853999781102,0.02858545499975662,4.168750539006465e-05,"[0.02849, 0.028585, 0.02849, 0.028499, 0.028436, 0.02852, 0.028517, 0.028523, 0.028466]",0.008077207000042108,0.008076811666645275,0.008034465000037017,0.008124698999836255,2.570548148282143e-05,"[0.008087, 0.008034, 0.008125, 0.008077, 0.008057, 0.008063, 0.008088, 0.008067, 0.008094]",3.5282964767282077,3.4999270742650523,3.557854194352072,53,optimal,nan,0.9413604736328125,0.7053699493408203,115.47346669811257,115.47346669838464,2.3560980829805583e-12,3.6641424782657417e-06,2.96204476475611e-06,1.0,0.975609756097561,0.42105263157894735,0.5882352941176471,9,2,1e-07,1e-05,1000,20.0,20.0,20.0,0.0,20.0,1.0,12.0,1.694915254237288,1.6287068520047763,1.0
primary,x86_64,none,0.3.0,2.4.4,32,1,many_tiny,100,500,0.05,0,0.9808080808080808,5,"[20, 20, 20, 20, 20]",powerlaw,5,0,0,1,0,[100],0.01756849000003058,0.017570337111161887,0.017523372999676212,0.017636166000102094,3.343516577139448e-05,"[0.017593, 0.017574, 0.017636, 0.01759, 0.017568, 0.017546, 0.017558, 0.017544, 0.017523]",0.018356858000061038,0.018364641555611644,0.0182891810000001,0.018539701999998215,7.388047571008424e-05,"[0.018303, 0.01854, 0.018289, 0.018357, 0.018368, 0.01839, 0.018312, 0.018357, 0.018366]",0.9570532168398406,0.9451809419416719,0.9642950113568234,32,optimal,nan,0.9413604736328125,1.4787569046020508,105.94941901262808,105.94941901262808,0.0,0.0,0.0,1.0,0.0534045393858478,0.8421052631578947,0.10043942247332079,9,2,1e-07,1e-05,1000,20.0,20.0,20.0,0.0,20.0,100.0,100.0,100.0,0.0,100.0
primary,x86_64,none,0.3.0,2.4.4,32,1,many_tiny,100,500,0.1,0,0.9808080808080808,5,"[20, 20, 20, 20, 20]",powerlaw,5,0,0,2,1,"[99, 1]",0.033589928000310465,0.033591378777802876,0.033478321000075084,0.03370865799979583,7.767483630933575e-05,"[0.033643, 0.033496, 0.033649, 0.033709, 0.033648, 0.033536, 0.03359, 0.033478, 0.033572]",0.03372646700017867,0.03374889399992753,0.03368728699979329,0.033854695999707474,5.8109396545914454e-05,"[0.033703, 0.033795, 0.033724, 0.033855, 0.033814, 0.033704, 0.033687, 0.033731, 0.033726]",0.9959515771436278,0.9888826353769167,1.0006343936216258,62,optimal,nan,0.9413604736328125,1.4545412063598633,110.4526109878223,110.45261099029634,2.2399097038238983e-11,5.900175922002315e-07,4.6986930676832096e-07,1.0,0.19293478260869565,0.7473684210526316,0.306695464362851,9,2,1e-07,1e-05,1000,20.0,20.0,20.0,0.0,20.0,1.0,99.0,50.0,49.0,50.0
primary,x86_64,none,0.3.0,2.4.4,32,1,many_tiny,100,500,0.15,0,0.9808080808080808,5,"[20, 20, 20, 20, 20]",powerlaw,5,0,0,10,5,"[86, 3, 2, 2, 2, 1, 1, 1, 1, 1]",0.02593539999998029,0.025947272222159274,0.02588434499966752,0.026030384000023332,4.3047048517348453e-05,"[0.025985, 0.025928, 0.025884, 0.025915, 0.025972, 0.025928, 0.02603, 0.025946, 0.025935]",0.02203155400002288,0.022030630888871708,0.021984062000228732,0.02207429800000682,3.0489760934047837e-05,"[0.022074, 0.022065, 0.022032, 0.022048, 0.022013, 0.021998, 0.022047, 0.022015, 0.021984]",1.177193401788787,1.1726010494041315,1.1840570682411877,48,optimal,nan,0.9413604736328125,1.161722183227539,112.01860840084676,112.0186083890106,1.0566248070604863e-10,1.0949296451595592e-05,9.69209826906181e-06,1.0,0.6574074074074074,0.7473684210526316,0.6995073891625615,9,2,1e-07,1e-05,1000,20.0,20.0,20.0,0.0,20.0,1.0,86.0,10.0,25.341665296503308,1.5
primary,x86_64,none,0.3.0,2.4.4,32,1,many_tiny,100,500,0.2,0,0.9808080808080808,5,"[20, 20, 20, 20, 20]",powerlaw,5,0,0,26,10,"[45, 5, 4, 4, 3, 3, 3, 3, 3, 3, 3, 3, 2, 2, 2, 2, 1, 1, 1, 1, 1, 1, 1, 1, 1, 1]",0.02989742199997636,0.02991773844445965,0.029708640999615454,0.03017525100040075,0.00014663239978642397,"[0.030175, 0.030111, 0.029935, 0.029897, 0.029924, 0.029864, 0.029709, 0.029786, 0.029858]",0.014392460999715695,0.014396682444435606,0.014360403999944538,0.014435204000164958,2.6899140519542496e-05,"[0.014426, 0.014435, 0.014363, 0.014407, 0.014384, 0.01442, 0.014392, 0.01436, 0.014383]",2.0772974129001947,2.0580686631983833,2.1012814820890338,55,optimal,nan,0.9413604736328125,0.7327051162719727,113.02112736411222,113.02112734076803,2.0654709252997209e-10,1.754436537040882e-05,1.4099446216718713e-05,1.0,0.8461538461538461,0.6947368421052632,0.7630057803468209,9,2,1e-07,1e-05,1000,20.0,20.0,20.0,0.0,20.0,1.0,45.0,3.8461538461538463,8.30982878511163,2.0
primary,x86_64,none,0.3.0,2.4.4,32,1,many_tiny,100,500,0.25,0,0.9808080808080808,5,"[20, 20, 20, 20, 20]",powerlaw,5,0,0,38,16,"[18, 10, 5, 4, 4, 3, 3, 3, 3, 3, 3, 3, 3, 3, 2, 2, 2, 2, 2, 2, 2, 2, 1, 1, 1, 1, 1, 1, 1, 1, 1, 1, 1, 1, 1, 1, 1, 1]",0.026326021999921068,0.026343435444485093,0.02623341199978313,0.026461374000064097,7.578284196258604e-05,"[0.026378, 0.026326, 0.026407, 0.026276, 0.026233, 0.026461, 0.026324, 0.026274, 0.026412]",0.009970952000003308,0.009965411777809803,0.009912774999975227,0.010010132999923371,2.9347997427909216e-05,"[0.009971, 0.009942, 0.009991, 0.009963, 0.009973, 0.009913, 0.009942, 0.01001, 0.009983]",2.6402716611124326,2.6206856592199075,2.6694214284224373,49,optimal,nan,0.9413604736328125,0.7040510177612305,115.59143202142229,115.59143202189072,4.052483785220259e-12,8.188794536789779e-06,6.195704123515559e-06,1.0,0.967741935483871,0.631578947368421,0.7643312101910827,9,2,1e-07,1e-05,1000,20.0,20.0,20.0,0.0,20.0,1.0,18.0,2.6315789473684212,3.0211626607507718,2.0
primary,x86_64,none,0.3.0,2.4.4,32,1,many_tiny,100,500,0.3,0,0.9808080808080808,5,"[20, 20, 20, 20, 20]",powerlaw,5,0,0,47,25,"[14, 9, 4, 4, 3, 3, 3, 3, 3, 3, 3, 3, 2, 2, 2, 2, 2, 2, 2, 2, 2, 2, 1, 1, 1, 1, 1, 1, 1, 1, 1, 1, 1, 1, 1, 1, 1, 1, 1, 1, 1, 1, 1, 1, 1, 1, 1]",0.029299023000021407,0.02929559311122729,0.029188603999955376,0.02936313700001847,5.966541713769305e-05,"[0.029299, 0.029363, 0.029355, 0.029263, 0.029189, 0.029227, 0.029322, 0.029345, 0.029298]",0.009769111999958113,0.009767264444538645,0.009714495000025636,0.00979879400028949,2.894999106234232e-05,"[0.009769, 0.009799, 0.009714, 0.009781, 0.00979, 0.009733, 0.009798, 0.009756, 0.009764]",2.9991490526618008,2.9787955537276365,3.022610748159424,55,optimal,nan,0.9413604736328125,0.7033710479736328,115.47343431485642,115.4734343153079,3.9098071082820645e-12,7.720980269909639e-06,6.024054969624913e-06,1.0,0.9811320754716981,0.5473684210526316,0.7027027027027027,9,2,1e-07,1e-05,1000,20.0,20.0,20.0,0.0,20.0,1.0,14.0,2.127659574468085,2.227650429780657,1.0
primary,x86_64,none,0.3.0,2.4.4,32,1,many_tiny,100,500,0.35,0,0.9808080808080808,5,"[20, 20, 20, 20, 20]",powerlaw,5,0,0,48,27,"[14, 8, 5, 4, 3, 3, 3, 3, 3, 3, 3, 3, 2, 2, 2, 2, 2, 2, 2, 2, 2, 1, 1, 1, 1, 1, 1, 1, 1, 1, 1, 1, 1, 1, 1, 1, 1, 1, 1, 1, 1, 1, 1, 1, 1, 1, 1, 1]",0.029162483999698452,0.02915654766669225,0.02909124600000723,0.02920403999996779,3.155859626469649e-05,"[0.029153, 0.029172, 0.029204, 0.029091, 0.029145, 0.029162, 0.029135, 0.029171, 0.029176]",0.009708559999580757,0.009706052666691297,0.009636134000174934,0.009747739999966143,3.737842423291893e-05,"[0.009748, 0.009636, 0.009691, 0.009741, 0.009712, 0.009744, 0.009709, 0.009709, 0.009666]",3.0037908815476,2.9844093092458635,3.030680146149651,55,optimal,nan,0.9413604736328125,0.7024698257446289,115.71316907287348,115.71316904786943,2.16086517335549e-10,4.782693002611249e-05,4.052281818165522e-05,1.0,0.9622641509433962,0.5368421052631579,0.6891891891891893,9,2,1e-07,1e-05,1000,20.0,20.0,20.0,0.0,20.0,1.0,14.0,2.0833333333333335,2.1778557242286634,1.0
primary,x86_64,none,0.3.0,2.4.4,32,1,many_tiny,100,500,0.4,0,0.9808080808080808,5,"[20, 20, 20, 20, 20]",powerlaw,5,0,0,60,40,"[10, 6, 4, 4, 3, 3, 3, 3, 2, 2, 2, 2, 2, 2, 2, 2, 2, 2, 2, 2, 1, 1, 1, 1, 1, 1, 1, 1, 1, 1, 1, 1, 1, 1, 1, 1, 1, 1, 1, 1, 1, 1, 1, 1, 1, 1, 1, 1, 1, 1, 1, 1, 1, 1, 1, 1, 1, 1, 1, 1]",0.02552578099994207,0.025519185111231007,0.02544267100029174,0.025591083000108483,4.374955511786074e-05,"[0.025521, 0.025526, 0.025534, 0.025476, 0.025545, 0.025591, 0.025491, 0.025443, 0.025546]",0.007393322000098124,0.007398467222325659,0.007376699999895209,0.007452686999840807,2.457744461238579e-05,"[0.007381, 0.007453, 0.007405, 0.007393, 0.007404, 0.007415, 0.007377, 0.007381, 0.007377]",3.45254555389354,3.4138923318308154,3.4691776811408928,48,optimal,nan,0.9413604736328125,0.703618049621582,115.9573793478472,115.95737935080783,2.5532076048951257e-11,5.800473078410029e-06,4.9257321385542836e-06,1.0,1.0,0.42105263157894735,0.5925925925925926,9,2,1e-07,1e-05,1000,20.0,20.0,20.0,0.0,20.0,1.0,10.0,1.6666666666666667,1.4452988925785866,1.0
primary,x86_64,none,0.3.0,2.4.4,32,1,many_tiny,100,1000,0.05,0,0.9808080808080808,5,"[20, 20, 20, 20, 20]",powerlaw,5,0,0,1,0,[100],0.022269014999892534,0.022270862000116014,0.022208463000424672,0.022330754999984492,3.923982751833917e-05,"[0.022243, 0.022244, 0.0223, 0.022244, 0.022208, 0.022331, 0.02229, 0.022308, 0.022269]",0.02315949100011494,0.023139834444666323,0.02306332000034672,0.023172551000243402,3.920813633756035e-05,"[0.023173, 0.023167, 0.023164, 0.023159, 0.023158, 0.023105, 0.023167, 0.023103, 0.023063]",0.9615502775852031,0.9583952582601457,0.9682367932998711,41,optimal,nan,0.9413604736328125,1.478799819946289,108.05587611533346,108.05587611533346,0.0,0.0,0.0,1.0,0.1,0.8631578947368421,0.17923497267759564,9,2,1e-07,1e-05,1000,20.0,20.0,20.0,0.0,20.0,100.0,100.0,100.0,0.0,100.0
primary,x86_64,none,0.3.0,2.4.4,32,1,many_tiny,100,1000,0.1,0,0.9808080808080808,5,"[20, 20, 20, 20, 20]",powerlaw,5,0,0,6,4,"[94, 2, 1, 1, 1, 1]",0.030523131000336434,0.03056072922229052,0.030476826999802142,0.030749906000437477,8.828262541605528e-05,"[0.03058, 0.03075, 0.030493, 0.030523, 0.030493, 0.030515, 0.030477, 0.030641, 0.030574]",0.029371449999871402,0.029390709999966527,0.029321583000182727,0.029474743999799102,5.404723983803648e-05,"[0.029371, 0.029335, 0.029444, 0.029322, 0.029354, 0.029475, 0.029419, 0.029361, 0.029437]",1.039210900397157,1.033998022171452,1.0487123427219414,57,optimal,nan,0.9413604736328125,1.3370943069458008,111.15047604512336,111.15047599199588,4.779779736002276e-10,3.894122204934486e-05,3.366360191596584e-05,1.0,0.5,0.7684210526315789,0.6058091286307054,9,2,1e-07,1e-05,1000,20.0,20.0,20.0,0.0,20.0,1.0,94.0,16.666666666666668,34.586445643087146,1.0
primary,x86_64,none,0.3.0,2.4.4,32,1,many_tiny,100,1000,0.15,0,0.9808080808080808,5,"[20, 20, 20, 20, 20]",powerlaw,5,0,0,27,10,"[30, 11, 5, 5, 5, 4, 4, 3, 3, 3, 3, 3, 3, 2, 2, 2, 2, 1, 1, 1, 1, 1, 1, 1, 1, 1, 1]",0.027098955999917962,0.027079958888811637,0.02697547600018879,0.027199876999929984,7.090597035222025e-05,"[0.027028, 0.027005, 0.026975, 0.027122, 0.027131, 0.027099, 0.0272, 0.027049, 0.027111]",0.012030919999688194,0.01201390177776476,0.011940684999899531,0.012079599000117014,4.9664813381591244e-05,"[0.012031, 0.01208, 0.012064, 0.012049, 0.01197, 0.011957, 0.011941, 0.012038, 0.011995]",2.2524425397742056,2.233143335298422,2.277915965470896,50,optimal,nan,0.9413604736328125,0.7115106582641602,111.95600063301335,111.95600038487429,2.216398032433599e-09,0.00023248315703477962,0.00020266969044052313,0.9998,0.918918918918919,0.7157894736842105,0.8047337278106509,9,2,1e-07,1e-05,1000,20.0,20.0,20.0,0.0,20.0,1.0,30.0,3.7037037037037037,5.569858132476285,2.0
primary,x86_64,none,0.3.0,2.4.4,32,1,many_tiny,100,1000,0.2,0,0.9808080808080808,5,"[20, 20, 20, 20, 20]",powerlaw,5,0,0,35,12,"[14, 10, 6, 5, 5, 4, 4, 3, 3, 3, 3, 3, 3, 3, 3, 2, 2, 2, 2, 2, 2, 2, 2, 1, 1, 1, 1, 1, 1, 1, 1, 1, 1, 1, 1]",0.026434066999627248,0.02644594022214935,0.026373514000169962,0.026517179000165925,4.0889073432673083e-05,"[0.026479, 0.026517, 0.026432, 0.026452, 0.026421, 0.026374, 0.026473, 0.026432, 0.026434]",0.010637029000008624,0.010624364333327523,0.010581225999885646,0.010648901999957161,2.510225971737591e-05,"[0.010647, 0.010581, 0.010647, 0.010637, 0.010649, 0.010622, 0.010593, 0.010637, 0.010607]",2.4850987056259615,2.4766416293694937,2.5060592222916798,49,optimal,nan,0.9413604736328125,0.7018547058105469,113.82636128079572,113.826361281608,7.136117113174163e-12,6.798746241876152e-06,6.0013035982471195e-06,1.0,0.9701492537313433,0.6842105263157895,0.8024691358024691,9,2,1e-07,1e-05,1000,20.0,20.0,20.0,0.0,20.0,1.0,14.0,2.857142857142857,2.641891715558133,2.0
primary,x86_64,none,0.3.0,2.4.4,32,1,many_tiny,100,1000,0.25,0,0.9808080808080808,5,"[20, 20, 20, 20, 20]",powerlaw,5,0,0,41,15,"[11, 8, 5, 4, 4, 3, 3, 3, 3, 3, 3, 3, 3, 3, 3, 3, 2, 2, 2, 2, 2, 2, 2, 2, 2, 2, 1, 1, 1, 1, 1, 1, 1, 1, 1, 1, 1, 1, 1, 1, 1]",0.028984390000005078,0.028998769666688733,0.028890592999687215,0.02915892300006817,8.894151677500804e-05,"[0.028984, 0.028975, 0.028905, 0.028891, 0.02892, 0.029019, 0.029159, 0.029077, 0.029059]",0.009821353999996063,0.009831115555597434,0.009789296000235481,0.009923461000198586,4.502258438798527e-05,"[0.009796, 0.009799, 0.009789, 0.009793, 0.009923, 0.009849, 0.009836, 0.009874, 0.009821]",2.951160298266074,2.9113424236875685,2.9786537253921788,54,optimal,nan,0.9413604736328125,0.7019386291503906,114.48512773251525,114.48512773289447,3.312366117642572e-12,4.844160600980807e-06,4.319195879904559e-06,1.0,0.9833333333333333,0.6210526315789474,0.7612903225806452,9,2,1e-07,1e-05,1000,20.0,20.0,20.0,0.0,20.0,1.0,11.0,2.4390243902439024,1.9260572704780128,2.0
primary,x86_64,none,0.3.0,2.4.4,32,1,many_tiny,100,1000,0.3,0,0.9808080808080808,5,"[20, 20, 20, 20, 20]",powerlaw,5,0,0,48,26,"[11, 9, 5, 4, 4, 3, 3, 3, 3, 3, 3, 3, 2, 2, 2, 2, 2, 2, 2, 2, 2, 2, 1, 1, 1, 1, 1, 1, 1, 1, 1, 1, 1, 1, 1, 1, 1, 1, 1, 1, 1, 1, 1, 1, 1, 1, 1, 1]",0.026962417000049754,0.02696175722222607,0.02683893799985526,0.02709420700011833,6.78998896343052e-05,"[0.026956, 0.026994, 0.026962, 0.026964, 0.026839, 0.026909, 0.026956, 0.027094, 0.02698]",0.009313187999850925,0.00930131511111338,0.009245512000234157,0.009346432999791432,3.1278075984159815e-05,"[0.009346, 0.009288, 0.009317, 0.009319, 0.009289, 0.009313, 0.009325, 0.009268, 0.009246]",2.895079214602061,2.87157014878876,2.9305253186012985,51,optimal,nan,0.9413604736328125,0.7032918930053711,116.26343904166784,116.26343904208812,3.6149457788830096e-12,5.487529003117553e-06,4.613185679671079e-06,1.0,1.0,0.5473684210526316,0.707482993197279,9,2,1e-07,1e-05,1000,20.0,20.0,20.0,0.0,20.0,1.0,11.0,2.0833333333333335,1.9346977943739831,1.0
primary,x86_64,none,0.3.0,2.4.4,32,1,many_tiny,100,1000,0.35,0,0.9808080808080808,5,"[20, 20, 20, 20, 20]",powerlaw,5,0,0,52,31,"[11, 9, 5, 4, 3, 3, 3, 3, 3, 3, 2, 2, 2, 2, 2, 2, 2, 2, 2, 2, 2, 1, 1, 1, 1, 1, 1, 1, 1, 1, 1, 1, 1, 1, 1, 1, 1, 1, 1, 1, 1, 1, 1, 1, 1, 1, 1, 1, 1, 1, 1, 1]",0.025595833000352286,0.0255968887778282,0.025506786000278225,0.02569794099963474,6.402727581379725e-05,"[0.025656, 0.025596, 0.025573, 0.025507, 0.025541, 0.025532, 0.025645, 0.025624, 0.025698]",0.008960559999650286,0.008951721111063508,0.008891696999853593,0.009000928000205022,3.483927960555742e-05,"[0.008972, 0.008892, 0.009001, 0.008961, 0.008988, 0.008961, 0.008945, 0.008931, 0.008915]",2.8564992591256844,2.8337951375344006,2.8901053421026233,48,optimal,nan,0.9413604736328125,0.7021331787109375,115.86539105145752,115.86539105170249,2.1142354188565145e-12,4.675652032382072e-06,3.785754450106049e-06,1.0,1.0,0.5052631578947369,0.6713286713286714,9,2,1e-07,1e-05,1000,20.0,20.0,20.0,0.0,20.0,1.0,11.0,1.9230769230769231,1.8589301497837802,1.0
primary,x86_64,none,0.3.0,2.4.4,32,1,many_tiny,100,1000,0.4,0,0.9808080808080808,5,"[20, 20, 20, 20, 20]",powerlaw,5,0,0,57,37,"[11, 8, 4, 4, 3, 3, 3, 3, 2, 2, 2, 2, 2, 2, 2, 2, 2, 2, 2, 2, 1, 1, 1, 1, 1, 1, 1, 1, 1, 1, 1, 1, 1, 1, 1, 1, 1, 1, 1, 1, 1, 1, 1, 1, 1, 1, 1, 1, 1, 1, 1, 1, 1, 1, 1, 1, 1]",0.02506154799993965,0.025065901777755546,0.024987935999888577,0.025129225000000588,4.047726750888462e-05,"[0.025045, 0.025062, 0.025102, 0.025084, 0.024988, 0.025062, 0.025129, 0.025082, 0.02504]",0.008596058999955858,0.008602391222161209,0.008514136000030703,0.00866017299995292,4.227828121345018e-05,"[0.008595, 0.008592, 0.008514, 0.008598, 0.008591, 0.00866, 0.008652, 0.008596, 0.008622]",2.915469519237635,2.8853853150536857,2.951470941961694,47,optimal,nan,0.9413604736328125,0.7029285430908203,116.27049345161846,116.27049345181732,1.7102575565533875e-12,4.9588136262768145e-06,4.185194109334607e-06,1.0,1.0,0.45263157894736844,0.6231884057971014,9,2,1e-07,1e-05,1000,20.0,20.0,20.0,0.0,20.0,1.0,11.0,1.7543859649122806,1.6887730598047548,1.0
primary,x86_64,none,0.3.0,2.4.4,32,1,many_tiny,200,400,0.05,0,0.9904522613065326,10,"[20, 20, 20, 20, 20, 20, 20, 20, 20, 20]",powerlaw,10,0,0,1,0,[200],0.05503971000007368,0.05505435366664339,0.054884173999653285,0.05523324000023422,0.00011003379133519082,"[0.05504, 0.055233, 0.054951, 0.055066, 0.055018, 0.054995, 0.055175, 0.055128, 0.054884]",0.056957200999931956,0.05699387599997863,0.05680760199993529,0.05730508099986764,0.00015746674533786647,"[0.057082, 0.057096, 0.056808, 0.0569, 0.056857, 0.057066, 0.056957, 0.056873, 0.057305]",0.9663345289762296,0.957754060233857,0.9722860683381274,25,optimal,nan,3.385162353515625,5.829843521118164,206.77504110447754,206.77504110447754,0.0,0.0,0.0,1.0,0.025965996908809894,0.8842105263157894,0.050450450450450456,9,2,1e-07,1e-05,1000,20.0,20.0,20.0,0.0,20.0,200.0,200.0,200.0,0.0,200.0
primary,x86_64,none,0.3.0,2.4.4,32,1,many_tiny,200,400,0.1,0,0.9904522613065326,10,"[20, 20, 20, 20, 20, 20, 20, 20, 20, 20]",powerlaw,10,0,0,1,0,[200],0.10621831900016332,0.10617597244446289,0.10576714500029993,0.10640828799978408,0.00019842760638436572,"[0.106218, 0.106287, 0.106235, 0.105987, 0.106373, 0.105767, 0.106134, 0.106174, 0.106408]",0.10849437700017006,0.10854991600000277,0.10815005900030883,0.10890993199973309,0.0002438031663676219,"[0.10815, 0.108392, 0.108405, 0.10891, 0.108828, 0.108494, 0.108681, 0.10869, 0.108398]",0.979021419699906,0.9711432470691391,0.9838948677733058,49,optimal,nan,3.385162353515625,5.829800605773926,218.70866367779783,218.70866367779783,0.0,0.0,0.0,1.0,0.0850246845858475,0.8157894736842105,0.15399900645802284,9,2,1e-07,1e-05,1000,20.0,20.0,20.0,0.0,20.0,200.0,200.0,200.0,0.0,200.0
primary,x86_64,none,0.3.0,2.4.4,32,1,many_tiny,200,400,0.15,0,0.9904522613065326,10,"[20, 20, 20, 20, 20, 20, 20, 20, 20, 20]",powerlaw,10,0,0,8,7,"[193, 1, 1, 1, 1, 1, 1, 1]",0.10906190799960314,0.10906612955543299,0.10870096899998316,0.10966386900008729,0.00026632461005465926,"[0.109664, 0.109184, 0.108919, 0.109089, 0.109027, 0.108868, 0.10908, 0.109062, 0.108701]",0.10339729599991188,0.10332144088887515,0.10303516900012255,0.10353858500002389,0.00015690080822237481,"[0.103235, 0.103406, 0.103035, 0.103176, 0.103397, 0.103539, 0.103432, 0.103254, 0.10342]",1.054784914295013,1.049859518554924,1.0643343439360677,50,optimal,nan,3.385162353515625,5.494653701782227,221.87180398577772,221.87180393368413,2.3479136079922153e-10,1.118335477856558e-05,8.727315131753201e-06,1.0,0.30472103004291845,0.7473684210526316,0.4329268292682927,9,2,1e-07,1e-05,1000,20.0,20.0,20.0,0.0,20.0,1.0,193.0,25.0,63.49803146555018,1.0
primary,x86_64,none,0.3.0,2.4.4,32,1,many_tiny,200,400,0.2,0,0.9904522613065326,10,"[20, 20, 20, 20, 20, 20, 20, 20, 20, 20]",powerlaw,10,0,0,39,20,"[126, 8, 5, 5, 3, 3, 3, 3, 3, 3, 2, 2, 2, 2, 2, 2, 2, 2, 2, 1, 1, 1, 1, 1, 1, 1, 1, 1, 1, 1, 1, 1, 1, 1, 1, 1, 1, 1, 1]",0.11945791900006952,0.11944248355565731,0.11924301699991702,0.11959920600020268,0.00011442188510155002,"[0.119599, 0.119502, 0.119469, 0.119561, 0.119296, 0.119422, 0.119243, 0.119458, 0.119432]",0.05891981400009172,0.05892601488893787,0.05876427800012607,0.059055167000224174,9.633957261046463e-05,"[0.058913, 0.059043, 0.058939, 0.058879, 0.05892, 0.058825, 0.058996, 0.059055, 0.058764]",2.027465989622499,2.0191800829123787,2.035236542852549,55,optimal,nan,3.385162353515625,2.889688491821289,223.30816307919983,223.30812040697361,1.9109120610004796e-07,0.0011819381764177628,0.0008720119462187309,0.99995,0.7182320441988951,0.6842105263157895,0.7008086253369272,9,2,1e-07,1e-05,1000,20.0,20.0,20.0,0.0,20.0,1.0,126.0,5.128205128205129,19.66016340175136,1.0
primary,x86_64,none,0.3.0,2.4.4,32,1,many_tiny,200,400,0.25,0,0.9904522613065326,10,"[20, 20, 20, 20, 20, 20, 20, 20, 20, 20]",powerlaw,10,0,0,57,28,"[92, 5, 5, 4, 4, 4, 4, 3, 3, 3, 3, 3, 3, 3, 3, 3, 3, 2, 2, 2, 2, 2, 2, 2, 2, 2, 2, 2, 2, 1, 1, 1, 1, 1, 1, 1, 1, 1, 1, 1, 1, 1, 1, 1, 1, 1, 1, 1, 1, 1, 1, 1, 1, 1, 1, 1, 1]",0.1380427460003375,0.13797572888900808,0.13762718999987555,0.1382718949998889,0.00024565683196899366,"[0.138088, 0.137647, 0.138171, 0.137627, 0.138043, 0.137843, 0.138249, 0.137841, 0.138272]",0.04275589899998522,0.042713551777776755,0.04256355600000461,0.04281526400018265,8.709694891515996e-05,"[0.042564, 0.04265, 0.042613, 0.042761, 0.042781, 0.042756, 0.042784, 0.042815, 0.042698]",3.228624569451463,3.2144421671506787,3.248598284407297,65,optimal,nan,3.385162353515625,2.50323486328125,228.838516671674,228.83839889602487,5.146670710995704e-07,0.0018992680557560065,0.0015129869164546036,1.0,0.8523489932885906,0.6684210526315789,0.7492625368731562,9,2,1e-07,1e-05,1000,20.0,20.0,20.0,0.0,20.0,1.0,92.0,3.508771929824561,11.878216546115206,2.0
primary,x86_64,none,0.3.0,2.4.4,32,1,many_tiny,200,400,0.3,0,0.9904522613065326,10,"[20, 20, 20, 20, 20, 20, 20, 20, 20, 20]",powerlaw,10,0,0,76,41,"[49, 10, 9, 6, 5, 5, 4, 4, 4, 3, 3, 3, 3, 3, 3, 3, 3, 3, 3, 3, 2, 2, 2, 2, 2, 2, 2, 2, 2, 2, 2, 2, 2, 2, 2, 1, 1, 1, 1, 1, 1, 1, 1, 1, 1, 1, 1, 1, 1, 1, 1, 1, 1, 1, 1, 1, 1, 1, 1, 1, 1, 1, 1, 1, 1, 1, 1, 1, 1, 1, 1, 1, 1, 1, 1, 1]",0.11980817899984686,0.11974076633335547,0.11944248999998308,0.12022373400031938,0.0002592810858315539,"[0.11985, 0.119479, 0.119819, 0.11945, 0.119808, 0.119668, 0.120224, 0.119442, 0.119927]",0.0313210029999027,0.03133076533337468,0.03125570100019104,0.03141361300004064,5.709805625001268e-05,"[0.031282, 0.031323, 0.031282, 0.031256, 0.031321, 0.031401, 0.031414, 0.03131, 0.031389]",3.825170573248214,3.802252545730049,3.846457771002626,56,optimal,nan,3.385162353515625,2.3790464401245117,229.71778612652068,229.71776416583927,9.559852451467362e-08,0.0014404368986295768,0.0011408504354699484,1.0,0.9140625,0.6157894736842106,0.7358490566037736,9,2,1e-07,1e-05,1000,20.0,20.0,20.0,0.0,20.0,1.0,49.0,2.6315789473684212,5.607424836446662,1.0
primary,x86_64,none,0.3.0,2.4.4,32,1,many_tiny,200,400,0.35,0,0.9904522613065326,10,"[20, 20, 20, 20, 20, 20, 20, 20, 20, 20]",powerlaw,10,0,0,96,56,"[19, 13, 8, 7, 6, 4, 4, 4, 4, 4, 4, 3, 3, 3, 3, 3, 3, 3, 3, 3, 2, 2, 2, 2, 2, 2, 2, 2, 2, 2, 2, 2, 2, 2, 2, 2, 2, 2, 2, 2, 1, 1, 1, 1, 1, 1, 1, 1, 1, 1, 1, 1, 1, 1, 1, 1, 1, 1, 1, 1, 1, 1, 1, 1, 1, 1, 1, 1, 1, 1, 1, 1, 1, 1, 1, 1, 1, 1, 1, 1, 1, 1, 1, 1, 1, 1, 1, 1, 1, 1, 1, 1, 1, 1, 1, 1]",0.13864115200021843,0.1387400935557505,0.13848799000015788,0.1393321600003219,0.0002841950613422494,"[0.139099, 0.138583, 0.139332, 0.138718, 0.138641, 0.138524, 0.138632, 0.138488, 0.138644]",0.017529313000068214,0.017534326444496803,0.0174913200003175,0.017637358000229142,4.742816357178896e-05,"[0.017563, 0.017529, 0.017506, 0.017491, 0.017534, 0.017496, 0.017493, 0.01756, 0.017637]",7.9091035683873585,7.851969098680123,7.965788745377293,65,optimal,nan,3.385162353515625,2.3449268341064453,231.6320282868134,231.63202826857264,7.874890631598125e-11,8.086119732256258e-06,6.386225896400143e-06,1.0,0.9711538461538461,0.531578947368421,0.6870748299319728,9,2,1e-07,1e-05,1000,20.0,20.0,20.0,0.0,20.0,1.0,19.0,2.0833333333333335,2.44807180359473,1.0
primary,x86_64,none,0.3.0,2.4.4,32,1,many_tiny,200,400,0.4,0,0.9904522613065326,10,"[20, 20, 20, 20, 20, 20, 20, 20, 20, 20]",powerlaw,10,0,0,102,67,"[22, 18, 8, 6, 4, 4, 4, 4, 4, 4, 3, 3, 3, 3, 3, 2, 2, 2, 2, 2, 2, 2, 2, 2, 2, 2, 2, 2, 2, 2, 2, 2, 2, 2, 2, 1, 1, 1, 1, 1, 1, 1, 1, 1, 1, 1, 1, 1, 1, 1, 1, 1, 1, 1, 1, 1, 1, 1, 1, 1, 1, 1, 1, 1, 1, 1, 1, 1, 1, 1, 1, 1, 1, 1, 1, 1, 1, 1, 1, 1, 1, 1, 1, 1, 1, 1, 1, 1, 1, 1, 1, 1, 1, 1, 1, 1, 1, 1, 1, 1, 1, 1]",0.13257760800024698,0.1324791937778779,0.1318806620001851,0.1328400010002042,0.0003013992812867791,"[0.13284, 0.132731, 0.132578, 0.132167, 0.132632, 0.131881, 0.132613, 0.132329, 0.132542]",0.018507649999719433,0.018515301777673205,0.018449471999701927,0.018593135999708466,4.100982212544936e-05,"[0.018499, 0.018508, 0.018552, 0.018485, 0.018499, 0.018449, 0.018522, 0.018593, 0.01853]",7.16339502866419,7.092975709006429,7.200206109006826,62,optimal,nan,3.385162353515625,2.348440170288086,233.14985818044585,233.14984580992763,5.30582275150954e-08,0.0008217634765756016,0.0006253900184812723,1.0,0.9595959595959596,0.5,0.657439446366782,9,2,1e-07,1e-05,1000,20.0,20.0,20.0,0.0,20.0,1.0,22.0,1.9607843137254901,2.8072789443029142,1.0
primary,x86_64,none,0.3.0,2.4.4,32,1,many_tiny,200,1000,0.05,0,0.9904522613065326,10,"[20, 20, 20, 20, 20, 20, 20, 20, 20, 20]",powerlaw,10,0,0,1,0,[200],0.07681838500002414,0.07683777777775605,0.07656549000012092,0.07707840400007626,0.00015789438647694848,"[0.076795, 0.07683, 0.077078, 0.076733, 0.076939, 0.076565, 0.076818, 0.076752, 0.077029]",0.07916330599982757,0.07919641833344333,0.07879999200031307,0.07969046799962598,0.00025959401359685653,"[0.0788, 0.079204, 0.079294, 0.079441, 0.078984, 0.079126, 0.079065, 0.079163, 0.07969]",0.9703786878252844,0.9607860503527256,0.978152434327278,35,optimal,nan,3.385162353515625,5.829800605773926,215.6471189002339,215.6471189002339,0.0,0.0,0.0,1.0,0.050826317430620514,0.8578947368421053,0.09596702973211657,9,2,1e-07,1e-05,1000,20.0,20.0,20.0,0.0,20.0,200.0,200.0,200.0,0.0,200.0
primary,x86_64,none,0.3.0,2.4.4,32,1,many_tiny,200,1000,0.1,0,0.9904522613065326,10,"[20, 20, 20, 20, 20, 20, 20, 20, 20, 20]",powerlaw,10,0,0,4,3,"[197, 1, 1, 1]",0.09985440399987056,0.09983145022225573,0.09965375199999471,0.09998500800020338,0.00011232994412790017,"[0.099929, 0.099854, 0.099985, 0.099786, 0.099924, 0.099654, 0.099881, 0.09978, 0.099691]",0.10054660200012222,0.10050992788895503,0.10031032899996717,0.10066652000023169,0.00012233183975931595,"[0.100667, 0.10031, 0.100434, 0.100594, 0.100553, 0.100547, 0.100522, 0.100619, 0.100345]",0.9931156499923207,0.9899393760682832,0.9967568544235968,46,optimal,nan,3.385162353515625,5.684643745422363,220.42945718304148,220.42945719462674,5.255766332718884e-11,5.544898384647612e-06,4.377443785342462e-06,1.0,0.3822784810126582,0.7947368421052632,0.5162393162393162,9,2,1e-07,1e-05,1000,20.0,20.0,20.0,0.0,20.0,1.0,197.0,50.0,84.870489570875,1.0
primary,x86_64,none,0.3.0,2.4.4,32,1,many_tiny,200,1000,0.15,0,0.9904522613065326,10,"[20, 20, 20, 20, 20, 20, 20, 20, 20, 20]",powerlaw,10,0,0,42,14,"[53, 35, 12, 6, 6, 6, 5, 5, 5, 5, 4, 4, 4, 3, 3, 3, 3, 3, 3, 2, 2, 2, 2, 2, 2, 2, 2, 2, 1, 1, 1, 1, 1, 1, 1, 1, 1, 1, 1, 1, 1, 1]",0.11684825000020282,0.11684442377782034,0.11656567099998938,0.11708096099982868,0.00015086338805273548,"[0.116848, 0.116751, 0.116886, 0.116566, 0.116846, 0.116724, 0.116923, 0.116975, 0.117081]",0.027867147000051773,0.027882846111121278,0.027798283999800333,0.027997751000384596,6.55406551891736e-05,"[0.027866, 0.027867, 0.027998, 0.027885, 0.027938, 0.027839, 0.027942, 0.027798, 0.027813]",4.193046744253573,4.163394088274739,4.211805340238614,54,optimal,nan,3.385162353515625,2.401331901550293,223.5300027612514,223.52997223977528,1.3654308485213118e-07,0.0011789493233129028,0.0009550830478957372,0.9999,0.8658536585365854,0.7473684210526316,0.8022598870056497,9,2,1e-07,1e-05,1000,20.0,20.0,20.0,0.0,20.0,1.0,53.0,4.761904761904762,9.239690583897701,2.0
primary,x86_64,none,0.3.0,2.4.4,32,1,many_tiny,200,1000,0.2,0,0.9904522613065326,10,"[20, 20, 20, 20, 20, 20, 20, 20, 20, 20]",powerlaw,10,0,0,65,24,"[18, 14, 10, 10, 7, 6, 6, 6, 5, 5, 5, 5, 4, 4, 4, 4, 3, 3, 3, 3, 3, 3, 3, 3, 3, 3, 3, 3, 3, 2, 2, 2, 2, 2, 2, 2, 2, 2, 2, 2, 2, 1, 1, 1, 1, 1, 1, 1, 1, 1, 1, 1, 1, 1, 1, 1, 1, 1, 1, 1, 1, 1, 1, 1, 1]",0.11514209899996786,0.11512706066676198,0.11482746500041685,0.11532138200027475,0.00017581593218832058,"[0.115142, 0.114873, 0.115226, 0.114827, 0.115135, 0.115321, 0.115317, 0.115213, 0.115089]",0.02032541000016863,0.02029348500001207,0.020156813000085094,0.02038240100000621,7.847769266215418e-05,"[0.020157, 0.020325, 0.020239, 0.020191, 0.020382, 0.02035, 0.020346, 0.020336, 0.020315]",5.664933647046361,5.6336574381193785,5.7212110862857095,53,optimal,nan,3.385162353515625,2.3405609130859375,225.48902653729016,225.48902653403744,1.4425192151089751e-11,7.73597139838711e-06,5.926362955281908e-06,1.0,0.9637681159420289,0.7,0.8109756097560975,9,2,1e-07,1e-05,1000,20.0,20.0,20.0,0.0,20.0,1.0,18.0,3.076923076923077,3.074999398662567,2.0
primary,x86_64,none,0.3.0,2.4.4,32,1,many_tiny,200,1000,0.25,0,0.9904522613065326,10,"[20, 20, 20, 20, 20, 20, 20, 20, 20, 20]",powerlaw,10,0,0,71,29,"[24, 11, 10, 7, 6, 6, 6, 5, 5, 5, 4, 4, 4, 4, 3, 3, 3, 3, 3, 3, 3, 3, 3, 3, 3, 3, 3, 3, 2, 2, 2, 2, 2, 2, 2, 2, 2, 2, 2, 2, 2, 2, 1, 1, 1, 1, 1, 1, 1, 1, 1, 1, 1, 1, 1, 1, 1, 1, 1, 1, 1, 1, 1, 1, 1, 1, 1, 1, 1, 1, 1]",0.1074863839999125,0.10752556488882369,0.1072679200001403,0.10799692399996275,0.00024520940695127723,"[0.107727, 0.107268, 0.107997, 0.107283, 0.107555, 0.107275, 0.107486, 0.107459, 0.107679]",0.019694953999987774,0.019710520555488782,0.019624902999566984,0.019908668000425678,9.13826281720443e-05,"[0.019663, 0.019701, 0.019695, 0.019625, 0.019718, 0.019636, 0.019649, 0.019801, 0.019909]",5.457559535299206,5.388000844549055,5.503055174455928,50,optimal,nan,3.385162353515625,2.344353675842285,229.39199471882728,229.39199471209116,2.936508605506915e-11,8.0762767893372e-06,6.784053001240144e-06,1.0,0.9844961240310077,0.6684210526315789,0.7962382445141065,9,2,1e-07,1e-05,1000,20.0,20.0,20.0,0.0,20.0,1.0,24.0,2.816901408450704,3.2297466832813724,2.0
primary,x86_64,none,0.3.0,2.4.4,32,1,many_tiny,200,1000,0.3,0,0.9904522613065326,10,"[20, 20, 20, 20, 20, 20, 20, 20, 20, 20]",powerlaw,10,0,0,83,40,"[13, 11, 9, 7, 7, 6, 6, 5, 5, 4, 4, 4, 4, 4, 4, 3, 3, 3, 3, 3, 3, 3, 3, 3, 3, 3, 2, 2, 2, 2, 2, 2, 2, 2, 2, 2, 2, 2, 2, 2, 2, 2, 2, 1, 1, 1, 1, 1, 1, 1, 1, 1, 1, 1, 1, 1, 1, 1, 1, 1, 1, 1, 1, 1, 1, 1, 1, 1, 1, 1, 1, 1, 1, 1, 1, 1, 1, 1, 1, 1, 1, 1, 1]",0.11792038900011903,0.11795600888889465,0.11774348200015083,0.11829320200013171,0.0001662731275032567,"[0.118293, 0.11789, 0.118036, 0.117888, 0.117743, 0.11792, 0.117956, 0.117789, 0.118089]",0.018214389000149822,0.01823404588887772,0.018124154999895836,0.01835805300015636,8.321941743155719e-05,"[0.018168, 0.01823, 0.018358, 0.018308, 0.018338, 0.018154, 0.018214, 0.018212, 0.018124]",6.474023860978761,6.413723830035134,6.52682577481883,55,optimal,nan,3.385162353515625,2.340094566345215,230.6178632795591,230.61786327595598,1.5623704592444596e-11,6.811973333131771e-06,5.36346272005232e-06,1.0,1.0,0.6157894736842106,0.7622149837133552,9,2,1e-07,1e-05,1000,20.0,20.0,20.0,0.0,20.0,1.0,13.0,2.4096385542168677,2.2281665950689242,2.0
primary,x86_64,none,0.3.0,2.4.4,32,1,many_tiny,200,1000,0.35,0,0.9904522613065326,10,"[20, 20, 20, 20, 20, 20, 20, 20, 20, 20]",powerlaw,10,0,0,95,56,"[13, 11, 8, 8, 7, 6, 5, 4, 4, 4, 4, 4, 3, 3, 3, 3, 3, 3, 3, 3, 3, 3, 3, 3, 2, 2, 2, 2, 2, 2, 2, 2, 2, 2, 2, 2, 2, 2, 2, 1, 1, 1, 1, 1, 1, 1, 1, 1, 1, 1, 1, 1, 1, 1, 1, 1, 1, 1, 1, 1, 1, 1, 1, 1, 1, 1, 1, 1, 1, 1, 1, 1, 1, 1, 1, 1, 1, 1, 1, 1, 1, 1, 1, 1, 1, 1, 1, 1, 1, 1, 1, 1, 1, 1, 1]",0.11146740999993199,0.11147967822226848,0.11137361200007945,0.11165737800001807,9.457163760766706e-05,"[0.111533, 0.111374, 0.111402, 0.111472, 0.111438, 0.111393, 0.111657, 0.111581, 0.111467]",0.017260987000099703,0.01727299166673725,0.017203995999807375,0.01739752599996791,6.024159436230772e-05,"[0.017261, 0.017316, 0.017254, 0.017284, 0.0173, 0.017204, 0.017398, 0.017228, 0.017213]",6.457765711734105,6.4016925165270555,6.490200183798476,52,optimal,nan,3.385162353515625,2.3407297134399414,230.95353971055408,230.95353970041572,4.389785420498135e-11,5.381008556182287e-06,4.459144530084175e-06,1.0,1.0,0.5526315789473685,0.711864406779661,9,2,1e-07,1e-05,1000,20.0,20.0,20.0,0.0,20.0,1.0,13.0,2.1052631578947367,2.0798465743542685,1.0
primary,x86_64,none,0.3.0,2.4.4,32,1,many_tiny,200,1000,0.4,0,0.9904522613065326,10,"[20, 20, 20, 20, 20, 20, 20, 20, 20, 20]",powerlaw,10,0,0,104,65,"[12, 11, 7, 7, 6, 6, 5, 4, 4, 4, 4, 4, 3, 3, 3, 3, 3, 3, 3, 2, 2, 2, 2, 2, 2, 2, 2, 2, 2, 2, 2, 2, 2, 2, 2, 2, 2, 2, 2, 1, 1, 1, 1, 1, 1, 1, 1, 1, 1, 1, 1, 1, 1, 1, 1, 1, 1, 1, 1, 1, 1, 1, 1, 1, 1, 1, 1, 1, 1, 1, 1, 1, 1, 1, 1, 1, 1, 1, 1, 1, 1, 1, 1, 1, 1, 1, 1, 1, 1, 1, 1, 1, 1, 1, 1, 1, 1, 1, 1, 1, 1, 1, 1, 1]",0.12119497200001206,0.12127056277783292,0.12095988600003693,0.12159271700011232,0.000223041190010354,"[0.121474, 0.121057, 0.121143, 0.121121, 0.121593, 0.12096, 0.121397, 0.121195, 0.121495]",0.01667208499975459,0.016661531666714937,0.016558105000058276,0.016774192999946536,6.623235086123339e-05,"[0.016558, 0.016591, 0.016636, 0.016717, 0.016682, 0.016697, 0.016774, 0.016626, 0.016672]",7.269335059279991,7.211070362694794,7.343395696529547,57,optimal,nan,3.385162353515625,2.341257095336914,232.1947644294962,232.19476442751852,8.517279931590803e-12,1.2233113054316291e-05,9.841971234782026e-06,1.0,1.0,0.5052631578947369,0.6713286713286714,9,2,1e-07,1e-05,1000,20.0,20.0,20.0,0.0,20.0,1.0,12.0,1.9230769230769231,1.869246596957364,1.0
primary,x86_64,none,0.3.0,2.4.4,32,1,many_tiny,200,2000,0.05,0,0.9904522613065326,10,"[20, 20, 20, 20, 20, 20, 20, 20, 20, 20]",powerlaw,10,0,0,1,0,[200],0.09695977799992761,0.0969472457777556,0.09659883899985289,0.09727322600019761,0.00021291227912108518,"[0.096716, 0.096985, 0.097273, 0.096944, 0.096966, 0.096599, 0.096865, 0.09696, 0.097217]",0.0994697350001843,0.0994680196665993,0.09903993199986871,0.10006932099986443,0.00029811063215641996,"[0.09904, 0.100069, 0.099239, 0.099534, 0.09947, 0.099546, 0.099694, 0.099275, 0.099345]",0.9747666262481544,0.9653192210626047,0.9821616800012196,44,optimal,nan,3.385162353515625,5.829843521118164,216.94138684501195,216.94138684501195,0.0,0.0,0.0,1.0,0.11947863866763216,0.868421052631579,0.21005728835136855,9,2,1e-07,1e-05,1000,20.0,20.0,20.0,0.0,20.0,200.0,200.0,200.0,0.0,200.0
primary,x86_64,none,0.3.0,2.4.4,32,1,many_tiny,200,2000,0.1,0,0.9904522613065326,10,"[20, 20, 20, 20, 20, 20, 20, 20, 20, 20]",powerlaw,10,0,0,31,14,"[131, 6, 5, 5, 5, 5, 3, 3, 3, 3, 3, 3, 3, 2, 2, 2, 2, 1, 1, 1, 1, 1, 1, 1, 1, 1, 1, 1, 1, 1, 1]",0.10790907299997343,0.10799363588891235,0.10774285100023917,0.10834956300004706,0.00020662711098535296,"[0.107909, 0.107907, 0.108054, 0.107871, 0.107743, 0.107936, 0.108308, 0.107865, 0.10835]",0.06384238300006473,0.06378684411113984,0.06343632600010096,0.06401572999993732,0.00019031101418018548,"[0.063892, 0.063714, 0.064016, 0.063769, 0.063842, 0.063562, 0.06387, 0.063436, 0.06398]",1.6902419353592115,1.683068380230057,1.7080050159253328,49,optimal,nan,3.385162353515625,3.044186592102051,220.50171409768643,220.5017002465386,6.281650863172072e-08,0.0005264796739831712,0.00041417502045032847,0.99995,0.7333333333333333,0.7526315789473684,0.7428571428571429,9,2,1e-07,1e-05,1000,20.0,20.0,20.0,0.0,20.0,1.0,131.0,6.451612903225806,22.789129708754,2.0
primary,x86_64,none,0.3.0,2.4.4,32,1,many_tiny,200,2000,0.15,0,0.9904522613065326,10,"[20, 20, 20, 20, 20, 20, 20, 20, 20, 20]",powerlaw,10,0,0,57,18,"[32, 10, 10, 10, 7, 6, 6, 5, 5, 5, 5, 5, 5, 4, 4, 4, 3, 3, 3, 3, 3, 3, 3, 3, 3, 3, 3, 3, 3, 2, 2, 2, 2, 2, 2, 2, 2, 2, 2, 1, 1, 1, 1, 1, 1, 1, 1, 1, 1, 1, 1, 1, 1, 1, 1, 1, 1]",0.11744548099977692,0.11746302688885003,0.11730300499993973,0.11772568400010641,0.00014767556272755756,"[0.11766, 0.117726, 0.117398, 0.117345, 0.117445, 0.117303, 0.117445, 0.117326, 0.117519]",0.025217095000243717,0.025223558888885438,0.025169602000005398,0.025282395999965956,3.8551244400531054e-05,"[0.025185, 0.025224, 0.025217, 0.025206, 0.025278, 0.02517, 0.025205, 0.025282, 0.025244]",4.657375522384392,4.639710769505299,4.677296208342157,54,optimal,nan,3.385162353515625,2.3501768112182617,223.85716929890702,223.8571692722575,1.190470274673492e-10,2.2147789506862803e-05,1.774019659234509e-05,1.0,0.9655172413793104,0.7368421052631579,0.835820895522388,9,2,1e-07,1e-05,1000,20.0,20.0,20.0,0.0,20.0,1.0,32.0,3.508771929824561,4.425297321828273,3.0
primary,x86_64,none,0.3.0,2.4.4,32,1,many_tiny,200,2000,0.2,0,0.9904522613065326,10,"[20, 20, 20, 20, 20, 20, 20, 20, 20, 20]",powerlaw,10,0,0,64,24,"[14, 13, 10, 10, 10, 7, 6, 6, 5, 5, 5, 5, 5, 4, 4, 4, 4, 3, 3, 3, 3, 3, 3, 3, 3, 3, 3, 3, 3, 3, 2, 2, 2, 2, 2, 2, 2, 2, 2, 2, 1, 1, 1, 1, 1, 1, 1, 1, 1, 1, 1, 1, 1, 1, 1, 1, 1, 1, 1, 1, 1, 1, 1, 1]",0.11108273600029861,0.11111729911115414,0.11077878600008262,0.11162770700002511,0.00024065108953792193,"[0.111011, 0.110962, 0.111253, 0.110779, 0.11097, 0.111083, 0.111628, 0.111152, 0.111219]",0.02007608000030814,0.02010220055560947,0.019978721999905247,0.020260111999959918,0.00010828381951524175,"[0.020062, 0.019979, 0.019981, 0.020179, 0.020007, 0.020247, 0.02026, 0.020076, 0.020128]",5.533088929641327,5.467826930093071,5.587329710106308,51,optimal,nan,3.385162353515625,2.337479591369629,227.24086725155263,227.2408672579009,2.7936317508186522e-11,9.562710298838262e-06,7.433500615289175e-06,1.0,1.0,0.7157894736842105,0.8343558282208589,9,2,1e-07,1e-05,1000,20.0,20.0,20.0,0.0,20.0,1.0,14.0,3.125,2.8804296554507283,2.0
primary,x86_64,none,0.3.0,2.4.4,32,1,many_tiny,200,2000,0.25,0,0.9904522613065326,10,"[20, 20, 20, 20, 20, 20, 20, 20, 20, 20]",powerlaw,10,0,0,76,36,"[13, 11, 10, 10, 7, 7, 6, 6, 5, 5, 4, 4, 4, 4, 3, 3, 3, 3, 3, 3, 3, 3, 3, 3, 3, 3, 3, 3, 3, 3, 2, 2, 2, 2, 2, 2, 2, 2, 2, 2, 1, 1, 1, 1, 1, 1, 1, 1, 1, 1, 1, 1, 1, 1, 1, 1, 1, 1, 1, 1, 1, 1, 1, 1, 1, 1, 1, 1, 1, 1, 1, 1, 1, 1, 1, 1]",0.10311357099999441,0.10308283222214716,0.10293666199959262,0.1033664649999082,0.00014318480242905832,"[0.103366, 0.102992, 0.103141, 0.102943, 0.103169, 0.102944, 0.10314, 0.102937, 0.103114]",0.019084683999608387,0.019086135111036937,0.01899088699974527,0.019160671000008733,5.264046278642776e-05,"[0.019161, 0.019042, 0.019136, 0.019127, 0.019085, 0.01906, 0.019106, 0.018991, 0.019068]",5.402948825461835,5.3722889975797665,5.442950874348032,48,optimal,nan,3.385162353515625,2.3379926681518555,228.7842749517941,228.78427495457998,1.2176955601320074e-11,2.1062717723063784e-05,1.684309595786908e-05,1.0,1.0,0.6526315789473685,0.7898089171974523,9,2,1e-07,1e-05,1000,20.0,20.0,20.0,0.0,20.0,1.0,13.0,2.6315789473684212,2.4806732175335724,2.0
primary,x86_64,none,0.3.0,2.4.4,32,1,many_tiny,200,2000,0.3,0,0.9904522613065326,10,"[20, 20, 20, 20, 20, 20, 20, 20, 20, 20]",powerlaw,10,0,0,86,43,"[13, 11, 9, 7, 7, 6, 5, 5, 5, 4, 4, 4, 4, 3, 3, 3, 3, 3, 3, 3, 3, 3, 3, 3, 3, 3, 2, 2, 2, 2, 2, 2, 2, 2, 2, 2, 2, 2, 2, 2, 2, 2, 2, 1, 1, 1, 1, 1, 1, 1, 1, 1, 1, 1, 1, 1, 1, 1, 1, 1, 1, 1, 1, 1, 1, 1, 1, 1, 1, 1, 1, 1, 1, 1, 1, 1, 1, 1, 1, 1, 1, 1, 1, 1, 1, 1]",0.11364968599991698,0.1135630124442994,0.11323175500001526,0.11385627499976181,0.00023499783353621095,"[0.113791, 0.113415, 0.11377, 0.113431, 0.113856, 0.113232, 0.11365, 0.113257, 0.113666]",0.018283255999904213,0.018270459333406406,0.018145529000321403,0.018315313000130118,5.340794038115096e-05,"[0.018146, 0.018301, 0.018233, 0.018313, 0.018263, 0.018298, 0.018282, 0.018315, 0.018283]",6.216052873761238,6.182354350111888,6.274618667647833,53,optimal,nan,3.385162353515625,2.3401403427124023,230.2417430885358,230.24174306887153,8.540705932980706e-11,5.949226992929546e-06,4.94883579670332e-06,1.0,1.0,0.6,0.7499999999999999,9,2,1e-07,1e-05,1000,20.0,20.0,20.0,0.0,20.0,1.0,13.0,2.3255813953488373,2.1751335722957994,1.5
primary,x86_64,none,0.3.0,2.4.4,32,1,many_tiny,200,2000,0.35,0,0.9904522613065326,10,"[20, 20, 20, 20, 20, 20, 20, 20, 20, 20]",powerlaw,10,0,0,95,56,"[13, 11, 8, 7, 7, 6, 5, 4, 4, 4, 4, 4, 4, 3, 3, 3, 3, 3, 3, 3, 3, 3, 3, 3, 2, 2, 2, 2, 2, 2, 2, 2, 2, 2, 2, 2, 2, 2, 2, 1, 1, 1, 1, 1, 1, 1, 1, 1, 1, 1, 1, 1, 1, 1, 1, 1, 1, 1, 1, 1, 1, 1, 1, 1, 1, 1, 1, 1, 1, 1, 1, 1, 1, 1, 1, 1, 1, 1, 1, 1, 1, 1, 1, 1, 1, 1, 1, 1, 1, 1, 1, 1, 1, 1, 1]",0.103079142000297,0.10311357400011427,0.10283337100008794,0.10338190399988889,0.00018655464291483903,"[0.103382, 0.102978, 0.103289, 0.102968, 0.103315, 0.103173, 0.103079, 0.102833, 0.103004]",0.017690791999939393,0.017697652333329945,0.017617178999898897,0.017786964000151784,5.496909792124696e-05,"[0.017617, 0.017663, 0.017646, 0.01775, 0.017691, 0.017671, 0.017744, 0.017787, 0.01771]",5.8267115457945655,5.781389730097302,5.868243945326444,48,optimal,nan,3.385162353515625,2.3404760360717773,232.10953812667046,232.1095381210007,2.4427094185370412e-11,1.0253108090274576e-05,8.316559279995432e-06,1.0,1.0,0.5526315789473685,0.711864406779661,9,2,1e-07,1e-05,1000,20.0,20.0,20.0,0.0,20.0,1.0,13.0,2.1052631578947367,2.059502669708732,1.0
primary,x86_64,none,0.3.0,2.4.4,32,1,many_tiny,200,2000,0.4,0,0.9904522613065326,10,"[20, 20, 20, 20, 20, 20, 20, 20, 20, 20]",powerlaw,10,0,0,109,73,"[13, 11, 8, 7, 7, 6, 4, 4, 4, 4, 3, 3, 3, 3, 3, 3, 3, 2, 2, 2, 2, 2, 2, 2, 2, 2, 2, 2, 2, 2, 2, 2, 2, 2, 2, 2, 1, 1, 1, 1, 1, 1, 1, 1, 1, 1, 1, 1, 1, 1, 1, 1, 1, 1, 1, 1, 1, 1, 1, 1, 1, 1, 1, 1, 1, 1, 1, 1, 1, 1, 1, 1, 1, 1, 1, 1, 1, 1, 1, 1, 1, 1, 1, 1, 1, 1, 1, 1, 1, 1, 1, 1, 1, 1, 1, 1, 1, 1, 1, 1, 1, 1, 1, 1, 1, 1, 1, 1, 1]",0.11041072999978496,0.11060927388876331,0.10966272999985449,0.11321988700001384,0.0011056588868363095,"[0.110411, 0.109741, 0.109913, 0.109663, 0.109909, 0.110881, 0.11322, 0.111082, 0.110665]",0.01644056399982219,0.016467872333275107,0.016181732999939413,0.016888177000055293,0.00025127766664414597,"[0.016441, 0.016678, 0.016686, 0.01657, 0.016888, 0.016328, 0.016182, 0.016228, 0.01621]",6.715750749243098,6.493461668449795,6.996771421233915,51,optimal,nan,3.385162353515625,2.3426380157470703,233.40916084899715,233.40916084464337,1.8652993495457073e-11,8.227611971112214e-06,6.521314734051553e-06,1.0,1.0,0.4789473684210526,0.6476868327402135,9,2,1e-07,1e-05,1000,20.0,20.0,20.0,0.0,20.0,1.0,13.0,1.834862385321101,1.9085215059989145,1.0
primary,x86_64,none,0.3.0,2.4.4,32,1,many_tiny,400,800,0.05,0,0.9952380952380953,20,"[20, 20, 20, 20, 20, 20, 20, 20, 20, 20, 20, 20, 20, 20, 20, 20, 20, 20, 20, 20]",powerlaw,20,0,0,1,0,[400],0.4543969339997602,0.45569465377775487,0.45343284499995207,0.46600756199995885,0.003944767019024272,"[0.453504, 0.45514, 0.453958, 0.453998, 0.454397, 0.453433, 0.455696, 0.455119, 0.466008]",0.46376950800004124,0.4637652896666522,0.46212865400002556,0.4659256589998222,0.0010376113608409688,"[0.462129, 0.46357, 0.46377, 0.463528, 0.464125, 0.46384, 0.464171, 0.46283, 0.465926]",0.9797904479733924,0.9731871088046797,1.0083935673894246,40,optimal,nan,13.45904541015625,23.229458808898926,437.8341000941702,437.8341000941702,0.0,0.0,0.0,1.0,0.02059788552679548,0.8921052631578947,0.04026606485330799,9,2,1e-07,1e-05,1000,20.0,20.0,20.0,0.0,20.0,400.0,400.0,400.0,0.0,400.0
primary,x86_64,none,0.3.0,2.4.4,32,1,many_tiny,400,800,0.1,0,0.9952380952380953,20,"[20, 20, 20, 20, 20, 20, 20, 20, 20, 20, 20, 20, 20, 20, 20, 20, 20, 20, 20, 20]",powerlaw,20,0,0,1,0,[400],0.9114190920004148,0.9117022038889849,0.9090409329996874,0.915994972000135,0.0020234320944082394,"[0.913475, 0.911176, 0.910596, 0.911419, 0.909041, 0.911939, 0.915995, 0.911537, 0.910142]",0.9242835800000648,0.9246049501111379,0.9225145069999598,0.9289247700003216,0.0022212832681958107,"[0.922962, 0.922831, 0.922558, 0.924284, 0.922515, 0.925027, 0.92539, 0.928925, 0.926953]",0.9860816655428963,0.9785947822226472,0.9929328645236957,81,optimal,nan,13.45904541015625,23.229458808898926,453.9301817470333,453.9301817470333,0.0,0.0,0.0,1.0,0.12038095238095238,0.8315789473684211,0.2103161397670549,9,2,1e-07,1e-05,1000,20.0,20.0,20.0,0.0,20.0,400.0,400.0,400.0,0.0,400.0
primary,x86_64,none,0.3.0,2.4.4,32,1,many_tiny,400,800,0.15,0,0.9952380952380953,20,"[20, 20, 20, 20, 20, 20, 20, 20, 20, 20, 20, 20, 20, 20, 20, 20, 20, 20, 20, 20]",powerlaw,20,0,0,14,10,"[383, 3, 2, 2, 1, 1, 1, 1, 1, 1, 1, 1, 1, 1]",1.0816154520002783,1.080505843111243,1.076975430999937,1.0830686919998698,0.0023500461484310523,"[1.076975, 1.079095, 1.079875, 1.083069, 1.083038, 1.081615, 1.081687, 1.082057, 1.077142]",1.005095106999761,1.0056544582222766,1.0016436430000795,1.0103370150000046,0.0028888611450593456,"[1.010337, 1.008747, 1.00823, 1.002792, 1.005095, 1.004106, 1.004373, 1.001644, 1.005566]",1.0761324420620582,1.0659566214150158,1.0812914349018474,97,optimal,nan,13.45904541015625,21.605758666992188,459.27039539129265,459.26994764363855,9.74910768471062e-07,0.0009073232388519537,0.0007138381184005565,0.999925,0.39050131926121373,0.7789473684210526,0.5202108963093146,9,2,1e-07,1e-05,1000,20.0,20.0,20.0,0.0,20.0,1.0,383.0,28.571428571428573,98.30253178378489,1.0
primary,x86_64,none,0.3.0,2.4.4,32,1,many_tiny,400,800,0.2,0,0.9952380952380953,20,"[20, 20, 20, 20, 20, 20, 20, 20, 20, 20, 20, 20, 20, 20, 20, 20, 20, 20, 20, 20]",powerlaw,20,0,0,27,22,"[370, 2, 2, 2, 2, 1, 1, 1, 1, 1, 1, 1, 1, 1, 1, 1, 1, 1, 1, 1, 1, 1, 1, 1, 1, 1, 1]",1.190116063000005,1.1894654418889938,1.1822217010003442,1.1980127990000256,0.004362604904621439,"[1.185698, 1.198013, 1.190116, 1.182222, 1.188245, 1.191679, 1.187848, 1.19042, 1.190948]",1.0216000139998869,1.021701579222281,1.0191232709998985,1.0249280000002727,0.0016153557837534592,"[1.022886, 1.022252, 1.019123, 1.024928, 1.021741, 1.020565, 1.0216, 1.020878, 1.021341]",1.164953060582218,1.1534680494630156,1.17553276732128,107,optimal,nan,13.45904541015625,20.412078857421875,464.365325377296,464.3645230115498,1.727876097463732e-06,0.0012218634511793613,0.0009699817785430325,0.9999375,0.5671342685370742,0.7447368421052631,0.6439135381114903,9,2,1e-07,1e-05,1000,20.0,20.0,20.0,0.0,20.0,1.0,370.0,14.814814814814815,69.65844557396123,1.0
primary,x86_64,none,0.3.0,2.4.4,32,1,many_tiny,400,800,0.25,0,0.9952380952380953,20,"[20, 20, 20, 20, 20, 20, 20, 20, 20, 20, 20, 20, 20, 20, 20, 20, 20, 20, 20, 20]",powerlaw,20,0,0,31,25,"[363, 4, 2, 2, 2, 2, 1, 1, 1, 1, 1, 1, 1, 1, 1, 1, 1, 1, 1, 1, 1, 1, 1, 1, 1, 1, 1, 1, 1, 1, 1]",1.0141949079998085,1.0135282962221734,1.007599429000038,1.0171524570000656,0.0026031722694778653,"[1.013858, 1.014347, 1.017152, 1.007599, 1.012089, 1.014195, 1.01467, 1.013209, 1.014635]",0.8464825529999871,0.8467462706665982,0.8452275929998905,0.8508874300000571,0.0017255327890008478,"[0.850887, 0.846747, 0.847388, 0.846483, 0.845653, 0.847098, 0.845686, 0.845228, 0.845547]",1.1981285431169708,1.184174772684056,1.2034065918150845,92,optimal,nan,13.45904541015625,19.786056518554688,471.20530485047306,471.2040196941782,2.727380786277627e-06,0.0012015361122585805,0.0009341329664986269,0.9998625,0.6235565819861432,0.7105263157894737,0.6642066420664205,9,2,1e-07,1e-05,1000,20.0,20.0,20.0,0.0,20.0,1.0,363.0,12.903225806451612,63.92150167737727,1.0
primary,x86_64,none,0.3.0,2.4.4,32,1,many_tiny,400,800,0.3,0,0.9952380952380953,20,"[20, 20, 20, 20, 20, 20, 20, 20, 20, 20, 20, 20, 20, 20, 20, 20, 20, 20, 20, 20]",powerlaw,20,0,0,67,47,"[308, 3, 3, 3, 3, 3, 3, 3, 2, 2, 2, 2, 2, 2, 2, 2, 2, 2, 2, 2, 1, 1, 1, 1, 1, 1, 1, 1, 1, 1, 1, 1, 1, 1, 1, 1, 1, 1, 1, 1, 1, 1, 1, 1, 1, 1, 1, 1, 1, 1, 1, 1, 1, 1, 1, 1, 1, 1, 1, 1, 1, 1, 1, 1, 1, 1, 1]",1.086823552000169,1.0856953505556501,1.0792212850001306,1.0885819550003362,0.003242620590031273,"[1.087272, 1.081288, 1.087966, 1.086695, 1.086824, 1.088582, 1.087822, 1.085588, 1.079221]",0.6614617449999969,0.6610591233333657,0.65951694100022,0.6624543409998296,0.0009733056309703331,"[0.661862, 0.659517, 0.661462, 0.661546, 0.660663, 0.660726, 0.662454, 0.661548, 0.659754]",1.6430633520615379,1.629125538480558,1.6505746665876369,99,optimal,nan,13.45904541015625,15.284451484680176,473.9471056905225,473.9454257147431,3.5446482512732907e-06,0.0011256696641156472,0.0009117540390156479,0.9998125,0.6759002770083102,0.6421052631578947,0.6585695006747638,9,2,1e-07,1e-05,1000,20.0,20.0,20.0,0.0,20.0,1.0,308.0,5.970149253731344,37.18327747601495,1.0
primary,x86_64,none,0.3.0,2.4.4,32,1,many_tiny,400,800,0.35,0,0.9952380952380953,20,"[20, 20, 20, 20, 20, 20, 20, 20, 20, 20, 20, 20, 20, 20, 20, 20, 20, 20, 20, 20]",powerlaw,20,0,0,79,64,"[304, 3, 3, 3, 3, 2, 2, 2, 2, 2, 2, 2, 2, 2, 2, 1, 1, 1, 1, 1, 1, 1, 1, 1, 1, 1, 1, 1, 1, 1, 1, 1, 1, 1, 1, 1, 1, 1, 1, 1, 1, 1, 1, 1, 1, 1, 1, 1, 1, 1, 1, 1, 1, 1, 1, 1, 1, 1, 1, 1, 1, 1, 1, 1, 1, 1, 1, 1, 1, 1, 1, 1, 1, 1, 1, 1, 1, 1, 1]",1.166050069999983,1.167053719222319,1.1619621599998027,1.1725398330004282,0.0036547917721529255,"[1.167946, 1.16422, 1.17254, 1.161962, 1.165475, 1.163852, 1.16605, 1.16988, 1.171557]",0.7153689579999991,0.7150972008888251,0.7133802359999208,0.7165194519998295,0.0011447325359253845,"[0.71383, 0.716036, 0.716519, 0.715369, 0.714885, 0.715449, 0.71338, 0.716378, 0.714029]",1.6299981386667668,1.6216756666643564,1.6436393578480892,107,optimal,nan,13.45904541015625,14.986859321594238,476.5093521458949,476.50758256978617,3.713623039689704e-06,0.0009516835555588299,0.0007580092308127285,0.9997875,0.6646706586826348,0.5842105263157895,0.6218487394957983,9,2,1e-07,1e-05,1000,20.0,20.0,20.0,0.0,20.0,1.0,304.0,5.063291139240507,33.85200170666647,1.0
primary,x86_64,none,0.3.0,2.4.4,32,1,many_tiny,400,800,0.4,0,0.9952380952380953,20,"[20, 20, 20, 20, 20, 20, 20, 20, 20, 20, 20, 20, 20, 20, 20, 20, 20, 20, 20, 20]",powerlaw,20,0,0,121,94,"[242, 5, 4, 4, 3, 3, 3, 3, 3, 2, 2, 2, 2, 2, 2, 2, 2, 2, 2, 2, 2, 2, 2, 2, 2, 2, 2, 1, 1, 1, 1, 1, 1, 1, 1, 1, 1, 1, 1, 1, 1, 1, 1, 1, 1, 1, 1, 1, 1, 1, 1, 1, 1, 1, 1, 1, 1, 1, 1, 1, 1, 1, 1, 1, 1, 1, 1, 1, 1, 1, 1, 1, 1, 1, 1, 1, 1, 1, 1, 1, 1, 1, 1, 1, 1, 1, 1, 1, 1, 1, 1, 1, 1, 1, 1, 1, 1, 1, 1, 1, 1, 1, 1, 1, 1, 1, 1, 1, 1, 1, 1, 1, 1, 1, 1, 1, 1, 1, 1, 1, 1]",1.2802841709999484,1.2802571658888964,1.2782646079999722,1.2823845679999977,0.001422589989607756,"[1.280284, 1.282196, 1.279673, 1.279224, 1.278265, 1.278842, 1.282385, 1.280515, 1.280933]",0.48006698299968775,0.4799648699999529,0.4791824399999314,0.4809301489999598,0.0005808820366006663,"[0.479418, 0.480608, 0.480128, 0.480207, 0.479708, 0.48093, 0.479182, 0.480067, 0.479435]",2.666886531125556,2.6579007588897885,2.676192741954779,117,optimal,nan,13.45904541015625,10.858367919921875,478.74286260864795,478.7392820275811,7.479132006964432e-06,0.001027196371141105,0.0007878695249135552,0.999625,0.6319218241042345,0.5105263157894737,0.5647743813682679,9,2,1e-07,1e-05,1000,20.0,20.0,20.0,0.0,20.0,1.0,242.0,3.3057851239669422,21.8010701743565,1.0
primary,x86_64,none,0.3.0,2.4.4,32,1,many_tiny,400,2000,0.05,0,0.9952380952380953,20,"[20, 20, 20, 20, 20, 20, 20, 20, 20, 20, 20, 20, 20, 20, 20, 20, 20, 20, 20, 20]",powerlaw,20,0,0,1,0,[400],0.6381932149997738,0.6384706508888485,0.6355835249996744,0.6436500590002652,0.002229446733829944,"[0.637366, 0.638898, 0.64365, 0.638193, 0.635584, 0.638923, 0.637746, 0.638893, 0.636983]",0.646499620999748,0.6459923741110489,0.6437415030000011,0.6476608049997594,0.0014234839888198857,"[0.647018, 0.643742, 0.646785, 0.645386, 0.643746, 0.646103, 0.6465, 0.647661, 0.646991]",0.9871517233264124,0.9813524611851577,0.9998579491934111,57,optimal,nan,13.45904541015625,23.229458808898926,444.5734955705377,444.5734955705377,0.0,0.0,0.0,1.0,0.061600885282183694,0.8789473684210526,0.11513271285763531,9,2,1e-07,1e-05,1000,20.0,20.0,20.0,0.0,20.0,400.0,400.0,400.0,0.0,400.0
primary,x86_64,none,0.3.0,2.4.4,32,1,many_tiny,400,2000,0.1,0,0.9952380952380953,20,"[20, 20, 20, 20, 20, 20, 20, 20, 20, 20, 20, 20, 20, 20, 20, 20, 20, 20, 20, 20]",powerlaw,20,0,0,3,2,"[398, 1, 1]",0.9552329329999338,0.9556786897777177,0.9547971779998079,0.9589278009998452,0.0012962092603518874,"[0.955107, 0.954992, 0.958928, 0.954797, 0.955387, 0.955384, 0.955233, 0.954956, 0.956324]",0.9491017450000072,0.9537240483334446,0.9457891790002577,0.9799324280002111,0.010974208969221204,"[0.979932, 0.955407, 0.958828, 0.955254, 0.949102, 0.946708, 0.945789, 0.946321, 0.946174]",1.006459990229948,0.9743500171213869,1.0138917026027678,86,optimal,nan,13.45904541015625,23.03478717803955,453.9971823049385,453.9971827297019,9.35607914515176e-10,2.691059148163255e-05,2.223619553764384e-05,1.0,0.45095168374816985,0.8105263157894737,0.5794920037629351,9,2,1e-07,1e-05,1000,20.0,20.0,20.0,0.0,20.0,1.0,398.0,133.33333333333334,187.14759475403955,1.0
primary,x86_64,none,0.3.0,2.4.4,32,1,many_tiny,400,2000,0.15,0,0.9952380952380953,20,"[20, 20, 20, 20, 20, 20, 20, 20, 20, 20, 20, 20, 20, 20, 20, 20, 20, 20, 20, 20]",powerlaw,20,0,0,20,11,"[370, 3, 3, 3, 2, 2, 2, 2, 2, 1, 1, 1, 1, 1, 1, 1, 1, 1, 1, 1]",0.8258169890000318,0.825237970111175,0.8224687820002146,0.8267798780002522,0.0014040285143927962,"[0.824936, 0.825175, 0.82355, 0.82678, 0.822469, 0.826199, 0.826173, 0.825817, 0.826043]",0.7227258459997756,0.725022475222027,0.7177712249999786,0.7549456929996268,0.011492435304992745,"[0.719619, 0.719638, 0.718868, 0.723071, 0.725372, 0.723191, 0.754946, 0.717771, 0.722726]",1.1426421146702537,1.089440988440239,1.1518710268724925,74,optimal,nan,13.45904541015625,20.412426948547363,459.26511796966776,459.2645175159683,1.3074228282715666e-06,0.0009286648177600221,0.0007494577505316214,0.999875,0.6681715575620768,0.7789473684210526,0.7193195625759417,9,2,1e-07,1e-05,1000,20.0,20.0,20.0,0.0,20.0,1.0,370.0,20.0,80.29881692777298,1.0
primary,x86_64,none,0.3.0,2.4.4,32,1,many_tiny,400,2000,0.2,0,0.9952380952380953,20,"[20, 20, 20, 20, 20, 20, 20, 20, 20, 20, 20, 20, 20, 20, 20, 20, 20, 20, 20, 20]",powerlaw,20,0,0,41,28,"[344, 3, 3, 3, 3, 2, 2, 2, 2, 2, 2, 2, 2, 1, 1, 1, 1, 1, 1, 1, 1, 1, 1, 1, 1, 1, 1, 1, 1, 1, 1, 1, 1, 1, 1, 1, 1, 1, 1, 1, 1]",0.924533053000232,0.925419559333376,0.9215232159999687,0.9314360040002612,0.0034896920716656447,"[0.931436, 0.929624, 0.921523, 0.926765, 0.922449, 0.926597, 0.924171, 0.924533, 0.921678]",0.6968533729996125,0.6970316074444377,0.6945963260000099,0.6995722960000421,0.0014899760079030166,"[0.699572, 0.696853, 0.698456, 0.69663, 0.69741, 0.697732, 0.696496, 0.695538, 0.694596]",1.326725375555793,1.3172665945592466,1.3409745619648554,83,optimal,nan,13.45904541015625,18.147348403930664,465.49274602702786,465.49106942468063,3.6017797517602755e-06,0.0012975748627883851,0.0010574172664846334,0.99985,0.7545691906005222,0.7605263157894737,0.7575360419397118,9,2,1e-07,1e-05,1000,20.0,20.0,20.0,0.0,20.0,1.0,344.0,9.75609756097561,52.85266243278936,1.0
primary,x86_64,none,0.3.0,2.4.4,32,1,many_tiny,400,2000,0.25,0,0.9952380952380953,20,"[20, 20, 20, 20, 20, 20, 20, 20, 20, 20, 20, 20, 20, 20, 20, 20, 20, 20, 20, 20]",powerlaw,20,0,0,63,40,"[296, 6, 5, 5, 4, 4, 3, 3, 3, 3, 3, 3, 2, 2, 2, 2, 2, 2, 2, 2, 2, 2, 2, 1, 1, 1, 1, 1, 1, 1, 1, 1, 1, 1, 1, 1, 1, 1, 1, 1, 1, 1, 1, 1, 1, 1, 1, 1, 1, 1, 1, 1, 1, 1, 1, 1, 1, 1, 1, 1, 1, 1, 1]",0.8234829240000181,0.8236396342222684,0.8223704070001077,0.8262873310000032,0.0012256907122727228,"[0.822947, 0.824094, 0.822592, 0.82451, 0.82237, 0.823739, 0.822733, 0.826287, 0.823483]",0.461671151000246,0.46197100888892034,0.45973465499992017,0.4635518420000153,0.0012042903081809844,"[0.461115, 0.461588, 0.462925, 0.459735, 0.463116, 0.462692, 0.461671, 0.461345, 0.463552]",1.7837001991913055,1.774063508089955,1.7973135634078894,75,optimal,nan,13.45904541015625,14.401056289672852,470.91817444823147,470.91699788883784,2.4984370055499437e-06,0.0009175991348155874,0.0007576642778723529,0.9998,0.8035714285714286,0.7105263157894737,0.7541899441340782,9,2,1e-07,1e-05,1000,20.0,20.0,20.0,0.0,20.0,1.0,296.0,6.349206349206349,36.803277429175374,1.0
primary,x86_64,none,0.3.0,2.4.4,32,1,many_tiny,400,2000,0.3,0,0.9952380952380953,20,"[20, 20, 20, 20, 20, 20, 20, 20, 20, 20, 20, 20, 20, 20, 20, 20, 20, 20, 20, 20]",powerlaw,20,0,0,97,65,"[228, 13, 7, 6, 6, 5, 5, 5, 4, 4, 4, 4, 3, 3, 3, 3, 2, 2, 2, 2, 2, 2, 2, 2, 2, 2, 2, 2, 2, 2, 2, 2, 1, 1, 1, 1, 1, 1, 1, 1, 1, 1, 1, 1, 1, 1, 1, 1, 1, 1, 1, 1, 1, 1, 1, 1, 1, 1, 1, 1, 1, 1, 1, 1, 1, 1, 1, 1, 1, 1, 1, 1, 1, 1, 1, 1, 1, 1, 1, 1, 1, 1, 1, 1, 1, 1, 1, 1, 1, 1, 1, 1, 1, 1, 1, 1, 1]",0.8379407870002069,0.837894073777837,0.8360090410001249,0.839940182999726,0.001136490436882003,"[0.838897, 0.83994, 0.838393, 0.838132, 0.837189, 0.837196, 0.83735, 0.836009, 0.837941]",0.299505679000049,0.2995153082223017,0.2987374919998729,0.30072266199977093,0.0006499679005217973,"[0.300723, 0.29911, 0.299825, 0.298944, 0.298737, 0.298968, 0.299506, 0.300153, 0.299672]",2.7977459051788793,2.7800001351436614,2.8116329737416534,77,optimal,nan,13.45904541015625,10.052273750305176,474.86097689279103,474.8596331651267,2.8297285515583854e-06,0.000993302802676073,0.000775776740073378,0.9997375,0.8112582781456954,0.6447368421052632,0.7184750733137829,9,2,1e-07,1e-05,1000,20.0,20.0,20.0,0.0,20.0,1.0,228.0,4.123711340206185,22.91366932414049,1.0
primary,x86_64,none,0.3.0,2.4.4,32,1,many_tiny,400,2000,0.35,0,0.9952380952380953,20,"[20, 20, 20, 20, 20, 20, 20, 20, 20, 20, 20, 20, 20, 20, 20, 20, 20, 20, 20, 20]",powerlaw,20,0,0,142,92,"[152, 10, 10, 9, 9, 8, 6, 4, 4, 4, 4, 4, 3, 3, 3, 3, 3, 3, 3, 3, 2, 2, 2, 2, 2, 2, 2, 2, 2, 2, 2, 2, 2, 2, 2, 2, 2, 2, 2, 2, 2, 2, 2, 2, 2, 2, 2, 2, 2, 2, 1, 1, 1, 1, 1, 1, 1, 1, 1, 1, 1, 1, 1, 1, 1, 1, 1, 1, 1, 1, 1, 1, 1, 1, 1, 1, 1, 1, 1, 1, 1, 1, 1, 1, 1, 1, 1, 1, 1, 1, 1, 1, 1, 1, 1, 1, 1, 1, 1, 1, 1, 1, 1, 1, 1, 1, 1, 1, 1, 1, 1, 1, 1, 1, 1, 1, 1, 1, 1, 1, 1, 1, 1, 1, 1, 1, 1, 1, 1, 1, 1, 1, 1, 1, 1, 1, 1, 1, 1, 1, 1, 1]",0.838276851000046,0.8383381851111962,0.8359924720002709,0.8399758659998042,0.0011233501329765277,"[0.838169, 0.838108, 0.839976, 0.839261, 0.839153, 0.835992, 0.838326, 0.838277, 0.837782]",0.18171684899971297,0.18260007066656828,0.1815102579998893,0.18809385799977463,0.0021207116325543604,"[0.181967, 0.181697, 0.181515, 0.183074, 0.188094, 0.18151, 0.181717, 0.18228, 0.181547]",4.61309369832497,4.444549550370074,4.627704655680213,77,optimal,nan,13.45904541015625,9.303367614746094,479.5065230744345,479.50348219119087,6.341693172632177e-06,0.001553071185374455,0.0012281269027950075,0.9998,0.8653846153846154,0.5921052631578947,0.703125,9,2,1e-07,1e-05,1000,20.0,20.0,20.0,0.0,20.0,1.0,152.0,2.816901408450704,12.672260777605224,1.0
primary,x86_64,none,0.3.0,2.4.4,32,1,many_tiny,400,2000,0.4,0,0.9952380952380953,20,"[20, 20, 20, 20, 20, 20, 20, 20, 20, 20, 20, 20, 20, 20, 20, 20, 20, 20, 20, 20]",powerlaw,20,0,0,158,104,"[108, 13, 11, 10, 9, 8, 7, 7, 5, 5, 4, 4, 4, 4, 4, 4, 4, 4, 3, 3, 3, 3, 3, 3, 3, 3, 3, 2, 2, 2, 2, 2, 2, 2, 2, 2, 2, 2, 2, 2, 2, 2, 2, 2, 2, 2, 2, 2, 2, 2, 2, 2, 2, 2, 1, 1, 1, 1, 1, 1, 1, 1, 1, 1, 1, 1, 1, 1, 1, 1, 1, 1, 1, 1, 1, 1, 1, 1, 1, 1, 1, 1, 1, 1, 1, 1, 1, 1, 1, 1, 1, 1, 1, 1, 1, 1, 1, 1, 1, 1, 1, 1, 1, 1, 1, 1, 1, 1, 1, 1, 1, 1, 1, 1, 1, 1, 1, 1, 1, 1, 1, 1, 1, 1, 1, 1, 1, 1, 1, 1, 1, 1, 1, 1, 1, 1, 1, 1, 1, 1, 1, 1, 1, 1, 1, 1, 1, 1, 1, 1, 1, 1, 1, 1, 1, 1, 1, 1]",0.842622436000056,0.8422444678887788,0.8401825039995856,0.8438607809998757,0.0011703216390334665,"[0.840183, 0.841741, 0.840784, 0.843861, 0.842214, 0.842911, 0.84267, 0.842622, 0.843214]",0.12476664199994048,0.12482204899995647,0.12472033599988208,0.12513351799998418,0.00013721711444832283,"[0.12472, 0.124724, 0.125134, 0.12484, 0.124742, 0.124767, 0.124949, 0.124752, 0.12477]",6.753587517410768,6.714288205336733,6.766023954591283,77,optimal,nan,13.45904541015625,9.055449485778809,479.95868168902484,479.9567940485421,3.93292288427464e-06,0.001200631639085889,0.0009519830034886336,0.9996375,0.8273092369477911,0.5421052631578948,0.6550079491255962,9,2,1e-07,1e-05,1000,20.0,20.0,20.0,0.0,20.0,1.0,108.0,2.5316455696202533,8.625595474638292,1.0
primary,x86_64,none,0.3.0,2.4.4,32,1,many_tiny,400,4000,0.05,0,0.9952380952380953,20,"[20, 20, 20, 20, 20, 20, 20, 20, 20, 20, 20, 20, 20, 20, 20, 20, 20, 20, 20, 20]",powerlaw,20,0,0,1,0,[400],0.6264239299998735,0.6262450378889197,0.6247237070001574,0.6271921110001131,0.0009167181443187943,"[0.62579, 0.627113, 0.626067, 0.625018, 0.627192, 0.624724, 0.626842, 0.626424, 0.627037]",0.6347326960003556,0.634322945666655,0.6320315729999493,0.6354723829999784,0.001162531536169868,"[0.632032, 0.635472, 0.634601, 0.634733, 0.634848, 0.635463, 0.634914, 0.632949, 0.633894]",0.9869098188058718,0.9830855340257622,0.9923430059405647,56,optimal,nan,13.45904541015625,23.229501724243164,445.93451432951684,445.93451432951684,0.0,0.0,0.0,1.0,0.2045319022063208,0.9026315789473685,0.3334953816237239,9,2,1e-07,1e-05,1000,20.0,20.0,20.0,0.0,20.0,400.0,400.0,400.0,0.0,400.0
primary,x86_64,none,0.3.0,2.4.4,32,1,many_tiny,400,4000,0.1,0,0.9952380952380953,20,"[20, 20, 20, 20, 20, 20, 20, 20, 20, 20, 20, 20, 20, 20, 20, 20, 20, 20, 20, 20]",powerlaw,20,0,0,14,5,"[378, 3, 2, 2, 2, 2, 2, 2, 2, 1, 1, 1, 1, 1]",0.6903959080000277,0.6905798101111537,0.6893249660001857,0.6921756750002714,0.0008666527034693201,"[0.690814, 0.690209, 0.692176, 0.690396, 0.689859, 0.690474, 0.689325, 0.690347, 0.691618]",0.6325694739998653,0.6327548256666281,0.6314771580000524,0.6353703210002095,0.0013039546724216144,"[0.634198, 0.632594, 0.63537, 0.633154, 0.632569, 0.631831, 0.631477, 0.632071, 0.631528]",1.0914151510260433,1.084918421929183,1.0961214768123315,62,optimal,nan,13.45904541015625,21.141260147094727,454.20864466785724,454.2068090979595,4.0412482662161034e-06,0.0010270157143848525,0.0008468586281265299,0.999825,0.6652078774617067,0.8,0.7264038231780168,9,2,1e-07,1e-05,1000,20.0,20.0,20.0,0.0,20.0,1.0,378.0,28.571428571428573,96.91580608645711,2.0
primary,x86_64,none,0.3.0,2.4.4,32,1,many_tiny,400,4000,0.15,0,0.9952380952380953,20,"[20, 20, 20, 20, 20, 20, 20, 20, 20, 20, 20, 20, 20, 20, 20, 20, 20, 20, 20, 20]",powerlaw,20,0,0,40,25,"[342, 3, 3, 3, 3, 3, 2, 2, 2, 2, 2, 2, 2, 2, 2, 1, 1, 1, 1, 1, 1, 1, 1, 1, 1, 1, 1, 1, 1, 1, 1, 1, 1, 1, 1, 1, 1, 1, 1, 1]",0.796175256999959,0.7962778925554832,0.794133096999758,0.7980025289998594,0.001098968400254793,"[0.797555, 0.796561, 0.796265, 0.795891, 0.796175, 0.794133, 0.796038, 0.79588, 0.798003]",0.6195103600002767,0.6202553306666737,0.6180832190002548,0.6259419839998372,0.0025796952634161317,"[0.625942, 0.618083, 0.61951, 0.621782, 0.6183, 0.621986, 0.618723, 0.61966, 0.618311]",1.285168591853094,1.2687008018301653,1.2910923714942832,72,optimal,nan,13.45904541015625,17.979522705078125,460.4229798129912,460.4219317031651,2.2764064176034735e-06,0.0010228889355670817,0.0008214868812827804,0.999825,0.8087431693989071,0.7789473684210526,0.7935656836461126,9,2,1e-07,1e-05,1000,20.0,20.0,20.0,0.0,20.0,1.0,342.0,10.0,53.16718913013928,1.0
primary,x86_64,none,0.3.0,2.4.4,32,1,many_tiny,400,4000,0.2,0,0.9952380952380953,20,"[20, 20, 20, 20, 20, 20, 20, 20, 20, 20, 20, 20, 20, 20, 20, 20, 20, 20, 20, 20]",powerlaw,20,0,0,55,25,"[300, 5, 5, 3, 3, 3, 3, 3, 3, 3, 3, 3, 3, 3, 2, 2, 2, 2, 2, 2, 2, 2, 2, 2, 2, 2, 2, 2, 2, 2, 1, 1, 1, 1, 1, 1, 1, 1, 1, 1, 1, 1, 1, 1, 1, 1, 1, 1, 1, 1, 1, 1, 1, 1, 1]",0.7433094170000913,0.7432480641111093,0.7423251240002173,0.7442319359997782,0.0007973573826321801,"[0.742325, 0.744232, 0.742523, 0.74361, 0.742338, 0.742687, 0.744106, 0.744101, 0.743309]",0.4478238369997598,0.44809955877771146,0.4465486779999992,0.44977576700011923,0.0011888671970878943,"[0.446754, 0.447824, 0.449776, 0.447578, 0.449409, 0.447168, 0.448987, 0.446549, 0.448851]",1.659825484011674,1.6504337904892519,1.6666311483286478,67,optimal,nan,13.45904541015625,14.690930366516113,465.8744170068539,465.8726199955133,3.857287017731155e-06,0.0009588019422395663,0.0007678301847020068,0.99975,0.8558558558558559,0.75,0.7994389901823281,9,2,1e-07,1e-05,1000,20.0,20.0,20.0,0.0,20.0,1.0,300.0,7.2727272727272725,39.847187442872794,2.0
primary,x86_64,none,0.3.0,2.4.4,32,1,many_tiny,400,4000,0.25,0,0.9952380952380953,20,"[20, 20, 20, 20, 20, 20, 20, 20, 20, 20, 20, 20, 20, 20, 20, 20, 20, 20, 20, 20]",powerlaw,20,0,0,87,42,"[223, 9, 6, 6, 6, 5, 5, 4, 4, 4, 3, 3, 3, 3, 3, 3, 3, 3, 3, 3, 3, 3, 3, 3, 3, 3, 2, 2, 2, 2, 2, 2, 2, 2, 2, 2, 2, 2, 2, 2, 2, 2, 2, 2, 2, 1, 1, 1, 1, 1, 1, 1, 1, 1, 1, 1, 1, 1, 1, 1, 1, 1, 1, 1, 1, 1, 1, 1, 1, 1, 1, 1, 1, 1, 1, 1, 1, 1, 1, 1, 1, 1, 1, 1, 1, 1, 1]",0.7558022660000461,0.7569076493333442,0.7541982239999925,0.7633962629997768,0.0030099755664789265,"[0.756126, 0.75564, 0.763396, 0.755802, 0.757175, 0.754198, 0.755122, 0.754532, 0.760177]",0.2840079320003497,0.28420937866672424,0.2834831459999805,0.28666393100002097,0.0009681622164298901,"[0.286664, 0.284181, 0.284235, 0.284008, 0.283749, 0.283717, 0.284302, 0.283545, 0.283483]",2.6612012582772353,2.630949144417954,2.69291587091329,68,optimal,nan,13.45904541015625,9.884526252746582,470.7460854176955,470.74518611638814,1.910374478331406e-06,0.0009094297567933673,0.0007257320722184975,0.9998125,0.9033333333333333,0.7131578947368421,0.7970588235294116,9,2,1e-07,1e-05,1000,20.0,20.0,20.0,0.0,20.0,1.0,223.0,4.597701149425287,23.595957071447323,2.0
primary,x86_64,none,0.3.0,2.4.4,32,1,many_tiny,400,4000,0.3,0,0.9952380952380953,20,"[20, 20, 20, 20, 20, 20, 20, 20, 20, 20, 20, 20, 20, 20, 20, 20, 20, 20, 20, 20]",powerlaw,20,0,0,123,72,"[147, 12, 10, 10, 9, 9, 6, 6, 6, 5, 5, 5, 5, 4, 4, 4, 3, 3, 3, 3, 3, 3, 3, 3, 3, 3, 3, 2, 2, 2, 2, 2, 2, 2, 2, 2, 2, 2, 2, 2, 2, 2, 2, 2, 2, 2, 2, 2, 2, 2, 2, 1, 1, 1, 1, 1, 1, 1, 1, 1, 1, 1, 1, 1, 1, 1, 1, 1, 1, 1, 1, 1, 1, 1, 1, 1, 1, 1, 1, 1, 1, 1, 1, 1, 1, 1, 1, 1, 1, 1, 1, 1, 1, 1, 1, 1, 1, 1, 1, 1, 1, 1, 1, 1, 1, 1, 1, 1, 1, 1, 1, 1, 1, 1, 1, 1, 1, 1, 1, 1, 1, 1, 1]",0.7618124440000429,0.7632292937777392,0.7605040319999716,0.7686726790002467,0.0030688136772913715,"[0.768673, 0.768388, 0.761222, 0.760504, 0.761812, 0.761782, 0.76166, 0.76267, 0.762353]",0.15108210200014582,0.15116231144444706,0.1505679990000317,0.1517695519996778,0.0003919052104740632,"[0.150568, 0.151495, 0.151082, 0.150649, 0.151356, 0.15177, 0.15142, 0.151044, 0.151076]",5.04237387430119,5.010913071691654,5.105153047827147,70,optimal,nan,13.45904541015625,9.2678861618042,475.09190928974067,475.0904825500721,3.0030813841440027e-06,0.001003011441361716,0.0008123205031171245,0.9996625,0.8785714285714286,0.6473684210526316,0.7454545454545454,9,2,1e-07,1e-05,1000,20.0,20.0,20.0,0.0,20.0,1.0,147.0,3.252032520325203,13.17091739305019,1.0
primary,x86_64,none,0.3.0,2.4.4,32,1,many_tiny,400,4000,0.35,0,0.9952380952380953,20,"[20, 20, 20, 20, 20, 20, 20, 20, 20, 20, 20, 20, 20, 20, 20, 20, 20, 20, 20, 20]",powerlaw,20,0,0,159,96,"[78, 13, 10, 10, 9, 9, 7, 6, 6, 6, 6, 5, 5, 5, 4, 4, 4, 4, 4, 4, 4, 4, 4, 3, 3, 3, 3, 3, 3, 3, 3, 3, 3, 3, 3, 3, 2, 2, 2, 2, 2, 2, 2, 2, 2, 2, 2, 2, 2, 2, 2, 2, 2, 2, 2, 2, 2, 2, 2, 2, 2, 2, 2, 1, 1, 1, 1, 1, 1, 1, 1, 1, 1, 1, 1, 1, 1, 1, 1, 1, 1, 1, 1, 1, 1, 1, 1, 1, 1, 1, 1, 1, 1, 1, 1, 1, 1, 1, 1, 1, 1, 1, 1, 1, 1, 1, 1, 1, 1, 1, 1, 1, 1, 1, 1, 1, 1, 1, 1, 1, 1, 1, 1, 1, 1, 1, 1, 1, 1, 1, 1, 1, 1, 1, 1, 1, 1, 1, 1, 1, 1, 1, 1, 1, 1, 1, 1, 1, 1, 1, 1, 1, 1, 1, 1, 1, 1, 1, 1]",0.7633381669998016,0.762547816444314,0.7546162229996298,0.7848105650000434,0.00947703294965004,"[0.756975, 0.754761, 0.754616, 0.755054, 0.784811, 0.763338, 0.764119, 0.765069, 0.764186]",0.08180883499971969,0.08185896511107178,0.0816532969997752,0.0821614640003645,0.00016145466697133564,"[0.081841, 0.082161, 0.082038, 0.081653, 0.081809, 0.081803, 0.081929, 0.081688, 0.081809]",9.330754642850215,9.184551811251586,9.61149878616909,70,optimal,nan,13.45904541015625,8.936393737792969,478.5726613279712,478.57193054563453,1.5270039342841796e-06,0.001035629863930472,0.0008700709995863837,0.999875,0.9462809917355371,0.6026315789473684,0.7363344051446946,9,2,1e-07,1e-05,1000,20.0,20.0,20.0,0.0,20.0,1.0,78.0,2.5157232704402515,6.315455082933678,1.0
primary,x86_64,none,0.3.0,2.4.4,32,1,many_tiny,400,4000,0.4,0,0.9952380952380953,20,"[20, 20, 20, 20, 20, 20, 20, 20, 20, 20, 20, 20, 20, 20, 20, 20, 20, 20, 20, 20]",powerlaw,20,0,0,188,126,"[62, 10, 9, 9, 9, 8, 7, 7, 6, 6, 6, 5, 5, 4, 4, 4, 4, 4, 4, 4, 4, 4, 3, 3, 3, 3, 3, 3, 3, 3, 3, 2, 2, 2, 2, 2, 2, 2, 2, 2, 2, 2, 2, 2, 2, 2, 2, 2, 2, 2, 2, 2, 2, 2, 2, 2, 2, 2, 2, 2, 2, 2, 1, 1, 1, 1, 1, 1, 1, 1, 1, 1, 1, 1, 1, 1, 1, 1, 1, 1, 1, 1, 1, 1, 1, 1, 1, 1, 1, 1, 1, 1, 1, 1, 1, 1, 1, 1, 1, 1, 1, 1, 1, 1, 1, 1, 1, 1, 1, 1, 1, 1, 1, 1, 1, 1, 1, 1, 1, 1, 1, 1, 1, 1, 1, 1, 1, 1, 1, 1, 1, 1, 1, 1, 1, 1, 1, 1, 1, 1, 1, 1, 1, 1, 1, 1, 1, 1, 1, 1, 1, 1, 1, 1, 1, 1, 1, 1, 1, 1, 1, 1, 1, 1, 1, 1, 1, 1, 1, 1, 1, 1, 1, 1, 1, 1, 1, 1, 1, 1, 1, 1, 1, 1, 1, 1, 1, 1]",0.765732984999886,0.7652826072221109,0.7611309909998454,0.7682144560003508,0.0023905207452696343,"[0.761131, 0.765733, 0.765474, 0.768214, 0.762467, 0.763662, 0.767205, 0.767383, 0.766273]",0.07050095100021281,0.07048960488878543,0.0702777370001968,0.07072060099972077,0.00014071564046920707,"[0.070278, 0.070632, 0.070573, 0.070426, 0.070501, 0.070529, 0.070363, 0.070721, 0.070383]",10.861314267910721,10.762507391627661,10.931121131549805,70,optimal,nan,13.45904541015625,8.89161205291748,480.88629343803524,480.8860132971684,5.825511574303106e-07,0.0008716404867004125,0.0006928992751938073,0.9999125,0.9481132075471698,0.5289473684210526,0.6790540540540542,9,2,1e-07,1e-05,1000,20.0,20.0,20.0,0.0,20.0,1.0,62.0,2.127659574468085,4.687543571549419,1.0
primary,x86_64,none,0.3.0,2.4.4,32,1,many_tiny,800,1600,0.05,0,0.997622027534418,40,"[20, 20, 20, 20, 20, 20, 20, 20, 20, 20, 20, 20, 20, 20, 20, 20, 20, 20, 20, 20, 20, 20, 20, 20, 20, 20, 20, 20, 20, 20, 20, 20, 20, 20, 20, 20, 20, 20, 20, 20]",powerlaw,40,0,0,1,0,[800],2.411601945000257,2.416789481888827,2.4009125829998084,2.4451218050003263,0.01563983631407127,"[2.440876, 2.445122, 2.417605, 2.411119, 2.400913, 2.412248, 2.40629, 2.411602, 2.405332]",2.466709658000127,2.4641945508890584,2.448333666000053,2.4798316890000933,0.01132712154766801,"[2.448334, 2.479832, 2.469224, 2.475777, 2.46671, 2.472949, 2.455221, 2.458904, 2.4508]",0.9776594246424005,0.9681756200026195,0.9986881440857797,34,optimal,nan,53.74835205078125,92.81864356994629,889.976183102197,889.976183102197,0.0,0.0,0.0,1.0,0.02264363624307927,0.8986842105263158,0.04417423923940109,9,2,1e-07,1e-05,1000,20.0,20.0,20.0,0.0,20.0,800.0,800.0,800.0,0.0,800.0
primary,x86_64,none,0.3.0,2.4.4,32,1,many_tiny,800,1600,0.1,0,0.997622027534418,40,"[20, 20, 20, 20, 20, 20, 20, 20, 20, 20, 20, 20, 20, 20, 20, 20, 20, 20, 20, 20, 20, 20, 20, 20, 20, 20, 20, 20, 20, 20, 20, 20, 20, 20, 20, 20, 20, 20, 20, 20]",powerlaw,40,0,0,3,1,"[797, 2, 1]",3.569146061000083,3.5684118008888515,3.531134801999997,3.600333112000044,0.022837370845264965,"[3.569146, 3.564434, 3.579263, 3.600333, 3.582717, 3.592071, 3.542982, 3.553626, 3.531135]",3.610403056999985,3.6088995682221645,3.585314008000296,3.616764779999812,0.009397706714816597,"[3.585314, 3.60768, 3.609972, 3.610403, 3.608285, 3.611617, 3.615564, 3.616765, 3.614496]",0.9885727451066962,0.9763241506682058,1.0041890623711716,51,optimal,nan,53.74835205078125,92.23399066925049,911.6952874327569,911.6921100677015,3.485117340431337e-06,0.0007509927141673908,0.0006066660185910603,0.999990625,0.2529928172386273,0.8342105263157895,0.3882424984690753,9,2,1e-07,1e-05,1000,20.0,20.0,20.0,0.0,20.0,1.0,797.0,266.6666666666667,375.0025185100613,2.0
primary,x86_64,none,0.3.0,2.4.4,32,1,many_tiny,800,1600,0.15,0,0.997622027534418,40,"[20, 20, 20, 20, 20, 20, 20, 20, 20, 20, 20, 20, 20, 20, 20, 20, 20, 20, 20, 20, 20, 20, 20, 20, 20, 20, 20, 20, 20, 20, 20, 20, 20, 20, 20, 20, 20, 20, 20, 20]",powerlaw,40,0,0,30,24,"[766, 2, 2, 2, 2, 2, 1, 1, 1, 1, 1, 1, 1, 1, 1, 1, 1, 1, 1, 1, 1, 1, 1, 1, 1, 1, 1, 1, 1, 1]",4.118092930999865,4.127649110000018,4.091231463999975,4.173617080999975,0.029682234408361603,"[4.164301, 4.173617, 4.143045, 4.142702, 4.108991, 4.118093, 4.093699, 4.113162, 4.091231]",4.004707009000413,4.0016971774445365,3.9682980030002,4.036232301999917,0.022923927117063744,"[3.968298, 4.016085, 3.977554, 4.014208, 3.984171, 4.023992, 3.990027, 4.036232, 4.004707]",1.0283131629216873,1.0136263618852677,1.0517398335116328,59,optimal,nan,53.74835205078125,86.32192707061768,926.8408766581395,926.828179598954,1.369928701382416e-05,0.0026111777732151092,0.0020880177834141154,0.999925,0.6714761376248612,0.7960526315789473,0.7284768211920529,9,2,1e-07,1e-05,1000,20.0,20.0,20.0,0.0,20.0,1.0,766.0,26.666666666666668,137.2912556898249,1.0
primary,x86_64,none,0.3.0,2.4.4,32,1,many_tiny,800,1600,0.2,0,0.997622027534418,40,"[20, 20, 20, 20, 20, 20, 20, 20, 20, 20, 20, 20, 20, 20, 20, 20, 20, 20, 20, 20, 20, 20, 20, 20, 20, 20, 20, 20, 20, 20, 20, 20, 20, 20, 20, 20, 20, 20, 20, 20]",powerlaw,40,0,0,66,46,"[711, 5, 3, 3, 2, 2, 2, 2, 2, 2, 2, 2, 2, 2, 2, 2, 2, 2, 2, 2, 1, 1, 1, 1, 1, 1, 1, 1, 1, 1, 1, 1, 1, 1, 1, 1, 1, 1, 1, 1, 1, 1, 1, 1, 1, 1, 1, 1, 1, 1, 1, 1, 1, 1, 1, 1, 1, 1, 1, 1, 1, 1, 1, 1, 1, 1]",3.7777134990001286,3.7813967110000704,3.7641888449998078,3.799152790000335,0.011786149524067953,"[3.764189, 3.771658, 3.777713, 3.776025, 3.789673, 3.773566, 3.799153, 3.784195, 3.796397]",3.228974569999991,3.2248268567777814,3.201949004999733,3.242183323000063,0.015337916189804868,"[3.205783, 3.201949, 3.230114, 3.216229, 3.216688, 3.24166, 3.242183, 3.228975, 3.239861]",1.1699421649518098,1.161004320235884,1.1865125847001587,54,optimal,nan,53.74835205078125,76.40894508361816,935.735147673252,935.7132017982048,2.3453084028934886e-05,0.002683351828952102,0.0021555653381732888,0.999896875,0.8396501457725948,0.7578947368421053,0.7966804979253111,9,2,1e-07,1e-05,1000,20.0,20.0,20.0,0.0,20.0,1.0,711.0,12.121212121212121,86.68796623199698,1.0
primary,x86_64,none,0.3.0,2.4.4,32,1,many_tiny,800,1600,0.25,0,0.997622027534418,40,"[20, 20, 20, 20, 20, 20, 20, 20, 20, 20, 20, 20, 20, 20, 20, 20, 20, 20, 20, 20, 20, 20, 20, 20, 20, 20, 20, 20, 20, 20, 20, 20, 20, 20, 20, 20, 20, 20, 20, 20]",powerlaw,40,0,0,123,86,"[616, 7, 5, 5, 5, 4, 4, 4, 3, 3, 3, 3, 3, 3, 2, 2, 2, 2, 2, 2, 2, 2, 2, 2, 2, 2, 2, 2, 2, 2, 2, 2, 2, 2, 2, 2, 2, 1, 1, 1, 1, 1, 1, 1, 1, 1, 1, 1, 1, 1, 1, 1, 1, 1, 1, 1, 1, 1, 1, 1, 1, 1, 1, 1, 1, 1, 1, 1, 1, 1, 1, 1, 1, 1, 1, 1, 1, 1, 1, 1, 1, 1, 1, 1, 1, 1, 1, 1, 1, 1, 1, 1, 1, 1, 1, 1, 1, 1, 1, 1, 1, 1, 1, 1, 1, 1, 1, 1, 1, 1, 1, 1, 1, 1, 1, 1, 1, 1, 1, 1, 1, 1, 1]",3.964679174000139,3.970419954333314,3.9554645500002152,3.994720294999752,0.01447580588533296,"[3.99472, 3.987589, 3.982588, 3.964679, 3.970649, 3.955465, 3.960359, 3.955858, 3.961873]",2.5354828739996265,2.5368417811110806,2.5242378620000636,2.555874838999898,0.008352506755965342,"[2.536828, 2.538569, 2.534424, 2.524238, 2.534823, 2.532547, 2.555875, 2.535483, 2.538791]",1.563678151667422,1.547597123945228,1.5825451139674138,58,optimal,nan,53.74835205078125,61.02717304229736,948.880607114022,948.851284160913,3.090267931413321e-05,0.003051197564166247,0.0024897928616620106,0.999846875,0.8605388272583201,0.7144736842105263,0.7807332854061826,9,2,1e-07,1e-05,1000,20.0,20.0,20.0,0.0,20.0,1.0,616.0,6.504065040650406,55.190486688140524,1.0
primary,x86_64,none,0.3.0,2.4.4,32,1,many_tiny,800,1600,0.3,0,0.997622027534418,40,"[20, 20, 20, 20, 20, 20, 20, 20, 20, 20, 20, 20, 20, 20, 20, 20, 20, 20, 20, 20, 20, 20, 20, 20, 20, 20, 20, 20, 20, 20, 20, 20, 20, 20, 20, 20, 20, 20, 20, 20]",powerlaw,40,0,0,174,118,"[517, 12, 6, 6, 5, 5, 5, 4, 4, 4, 4, 4, 4, 3, 3, 3, 3, 3, 3, 3, 3, 3, 3, 3, 3, 3, 3, 3, 3, 2, 2, 2, 2, 2, 2, 2, 2, 2, 2, 2, 2, 2, 2, 2, 2, 2, 2, 2, 2, 2, 2, 2, 2, 2, 2, 2, 1, 1, 1, 1, 1, 1, 1, 1, 1, 1, 1, 1, 1, 1, 1, 1, 1, 1, 1, 1, 1, 1, 1, 1, 1, 1, 1, 1, 1, 1, 1, 1, 1, 1, 1, 1, 1, 1, 1, 1, 1, 1, 1, 1, 1, 1, 1, 1, 1, 1, 1, 1, 1, 1, 1, 1, 1, 1, 1, 1, 1, 1, 1, 1, 1, 1, 1, 1, 1, 1, 1, 1, 1, 1, 1, 1, 1, 1, 1, 1, 1, 1, 1, 1, 1, 1, 1, 1, 1, 1, 1, 1, 1, 1, 1, 1, 1, 1, 1, 1, 1, 1, 1, 1, 1, 1, 1, 1, 1, 1, 1, 1, 1, 1, 1, 1, 1, 1]",4.011973695999586,4.014418070666579,4.0011703069999385,4.0479954339998585,0.01405472985587546,"[4.019703, 4.00117, 4.008756, 4.014095, 4.016867, 4.011974, 4.002098, 4.007105, 4.047995]",2.0800575949997437,2.087570200444487,1.9035978100000648,2.234706539000399,0.09073163224385437,"[1.903598, 2.050123, 2.111763, 2.120065, 2.234707, 2.080058, 2.164112, 2.055465, 2.068242]",1.9287800999568383,1.7904678923925696,2.126497211088786,58,optimal,nan,53.74835205078125,47.33942890167236,955.6275462934675,955.5981629404396,3.074770410490128e-05,0.0028122269042768766,0.002315535237911922,0.99984375,0.8859649122807017,0.6644736842105263,0.7593984962406014,9,2,1e-07,1e-05,1000,20.0,20.0,20.0,0.0,20.0,1.0,517.0,4.597701149425287,38.97890964373088,1.0
primary,x86_64,none,0.3.0,2.4.4,32,1,many_tiny,800,1600,0.35,0,0.997622027534418,40,"[20, 20, 20, 20, 20, 20, 20, 20, 20, 20, 20, 20, 20, 20, 20, 20, 20, 20, 20, 20, 20, 20, 20, 20, 20, 20, 20, 20, 20, 20, 20, 20, 20, 20, 20, 20, 20, 20, 20, 20]",powerlaw,40,0,0,234,172,"[424, 11, 11, 9, 8, 7, 6, 6, 6, 6, 6, 5, 4, 4, 4, 4, 4, 4, 3, 3, 3, 3, 3, 3, 3, 3, 3, 3, 3, 2, 2, 2, 2, 2, 2, 2, 2, 2, 2, 2, 2, 2, 2, 2, 2, 2, 2, 2, 2, 2, 2, 2, 2, 2, 2, 2, 2, 2, 2, 2, 2, 2, 1, 1, 1, 1, 1, 1, 1, 1, 1, 1, 1, 1, 1, 1, 1, 1, 1, 1, 1, 1, 1, 1, 1, 1, 1, 1, 1, 1, 1, 1, 1, 1, 1, 1, 1, 1, 1, 1, 1, 1, 1, 1, 1, 1, 1, 1, 1, 1, 1, 1, 1, 1, 1, 1, 1, 1, 1, 1, 1, 1, 1, 1, 1, 1, 1, 1, 1, 1, 1, 1, 1, 1, 1, 1, 1, 1, 1, 1, 1, 1, 1, 1, 1, 1, 1, 1, 1, 1, 1, 1, 1, 1, 1, 1, 1, 1, 1, 1, 1, 1, 1, 1, 1, 1, 1, 1, 1, 1, 1, 1, 1, 1, 1, 1, 1, 1, 1, 1, 1, 1, 1, 1, 1, 1, 1, 1, 1, 1, 1, 1, 1, 1, 1, 1, 1, 1, 1, 1]",4.201483485999688,4.224560689111008,4.139613045999795,4.36575809299984,0.08484307818506213,"[4.232375, 4.201483, 4.197901, 4.223897, 4.139613, 4.15808, 4.142999, 4.358938, 4.365758]",1.1504388399998788,1.1516359110000343,1.1430692349999845,1.1616517530001147,0.005948085266130691,"[1.161652, 1.151006, 1.150439, 1.148769, 1.143069, 1.151862, 1.150401, 1.160421, 1.147104]",3.652070270854321,3.563557697312222,3.819329537812204,59,optimal,nan,53.74835205078125,38.578203201293945,961.3287378982964,961.295722224069,3.43437920097616e-05,0.0029635353511890117,0.002431075352418636,0.999803125,0.8627819548872181,0.6039473684210527,0.7105263157894738,9,2,1e-07,1e-05,1000,20.0,20.0,20.0,0.0,20.0,1.0,424.0,3.4188034188034186,27.594511815375117,1.0
primary,x86_64,none,0.3.0,2.4.4,32,1,many_tiny,800,1600,0.4,0,0.997622027534418,40,"[20, 20, 20, 20, 20, 20, 20, 20, 20, 20, 20, 20, 20, 20, 20, 20, 20, 20, 20, 20, 20, 20, 20, 20, 20, 20, 20, 20, 20, 20, 20, 20, 20, 20, 20, 20, 20, 20, 20, 20]",powerlaw,40,0,0,312,234,"[304, 11, 11, 11, 10, 9, 9, 8, 7, 6, 6, 6, 6, 5, 5, 4, 4, 4, 4, 4, 4, 4, 3, 3, 3, 3, 3, 3, 3, 3, 3, 3, 3, 3, 2, 2, 2, 2, 2, 2, 2, 2, 2, 2, 2, 2, 2, 2, 2, 2, 2, 2, 2, 2, 2, 2, 2, 2, 2, 2, 2, 2, 2, 2, 2, 2, 2, 2, 2, 2, 2, 2, 2, 2, 2, 2, 2, 2, 1, 1, 1, 1, 1, 1, 1, 1, 1, 1, 1, 1, 1, 1, 1, 1, 1, 1, 1, 1, 1, 1, 1, 1, 1, 1, 1, 1, 1, 1, 1, 1, 1, 1, 1, 1, 1, 1, 1, 1, 1, 1, 1, 1, 1, 1, 1, 1, 1, 1, 1, 1, 1, 1, 1, 1, 1, 1, 1, 1, 1, 1, 1, 1, 1, 1, 1, 1, 1, 1, 1, 1, 1, 1, 1, 1, 1, 1, 1, 1, 1, 1, 1, 1, 1, 1, 1, 1, 1, 1, 1, 1, 1, 1, 1, 1, 1, 1, 1, 1, 1, 1, 1, 1, 1, 1, 1, 1, 1, 1, 1, 1, 1, 1, 1, 1, 1, 1, 1, 1, 1, 1]",4.225358247999793,4.2313582316666425,4.167785821000052,4.308185975000015,0.04875166469232811,"[4.305746, 4.239399, 4.194685, 4.241425, 4.225358, 4.199919, 4.167786, 4.19972, 4.308186]",0.5993484890000218,0.6023559357778746,0.586258442000144,0.6350104130001455,0.014431467612360232,"[0.589172, 0.596253, 0.595988, 0.608244, 0.599348, 0.586258, 0.63501, 0.601855, 0.609074]",7.049918912867468,6.56333460944222,7.348612261005116,59,optimal,nan,53.74835205078125,36.6242618560791,968.7071274975087,968.6811995897468,2.676547640244126e-05,0.0034830098686765357,0.0028733237544322156,0.999853125,0.8838709677419355,0.5407894736842105,0.6710204081632652,9,2,1e-07,1e-05,1000,20.0,20.0,20.0,0.0,20.0,1.0,304.0,2.5641025641025643,17.16499101375533,1.0
primary,x86_64,none,0.3.0,2.4.4,32,1,many_tiny,800,4000,0.05,0,0.997622027534418,40,"[20, 20, 20, 20, 20, 20, 20, 20, 20, 20, 20, 20, 20, 20, 20, 20, 20, 20, 20, 20, 20, 20, 20, 20, 20, 20, 20, 20, 20, 20, 20, 20, 20, 20, 20, 20, 20, 20, 20, 20]",powerlaw,40,0,0,1,0,[800],3.103093149000415,3.1322978052222528,3.0488474750000023,3.2429862160001903,0.06596751774899146,"[3.242986, 3.169669, 3.093515, 3.075074, 3.048847, 3.097627, 3.217545, 3.142324, 3.103093]",3.397015546000148,3.3532546425556373,3.2061620970002878,3.5318068720002884,0.13632053578350792,"[3.211278, 3.397016, 3.446876, 3.520397, 3.531807, 3.414001, 3.236721, 3.206162, 3.215034]",0.9134762873411589,0.8632543016921095,1.011485420226992,43,optimal,nan,53.74835205078125,92.81864929199219,897.9999394783127,897.9999394783127,0.0,0.0,0.0,1.0,0.11210170051180453,0.8934210526315789,0.19920786269620067,9,2,1e-07,1e-05,1000,20.0,20.0,20.0,0.0,20.0,800.0,800.0,800.0,0.0,800.0
primary,x86_64,none,0.3.0,2.4.4,32,1,many_tiny,800,4000,0.1,0,0.997622027534418,40,"[20, 20, 20, 20, 20, 20, 20, 20, 20, 20, 20, 20, 20, 20, 20, 20, 20, 20, 20, 20, 20, 20, 20, 20, 20, 20, 20, 20, 20, 20, 20, 20, 20, 20, 20, 20, 20, 20, 20, 20]",powerlaw,40,0,0,32,20,"[758, 2, 2, 2, 2, 2, 2, 2, 2, 2, 2, 2, 1, 1, 1, 1, 1, 1, 1, 1, 1, 1, 1, 1, 1, 1, 1, 1, 1, 1, 1, 1]",3.2934315510001397,3.283745261444488,3.1045490040000914,3.4225546309999118,0.10816648545350692,"[3.422555, 3.395437, 3.293432, 3.276954, 3.259837, 3.367783, 3.297047, 3.104549, 3.136115]",2.900332402999993,2.9102506367778713,2.889628856999934,2.942256162000376,0.02006178192688424,"[2.942256, 2.94107, 2.913859, 2.900332, 2.896662, 2.89446, 2.889629, 2.918257, 2.895729]",1.1355358949869125,1.0551593175658016,1.1844270667179282,43,optimal,nan,53.74835205078125,84.83383846282959,913.9639159597592,913.9573359964178,7.199368844367906e-06,0.0025881381068219994,0.0020350689807295754,0.99996875,0.7816813048933501,0.8197368421052632,0.8002569043031471,9,2,1e-07,1e-05,1000,20.0,20.0,20.0,0.0,20.0,1.0,758.0,25.0,131.65152866564065,1.0
primary,x86_64,none,0.3.0,2.4.4,32,1,many_tiny,800,4000,0.15,0,0.997622027534418,40,"[20, 20, 20, 20, 20, 20, 20, 20, 20, 20, 20, 20, 20, 20, 20, 20, 20, 20, 20, 20, 20, 20, 20, 20, 20, 20, 20, 20, 20, 20, 20, 20, 20, 20, 20, 20, 20, 20, 20, 20]",powerlaw,40,0,0,69,32,"[681, 5, 4, 3, 3, 3, 3, 3, 3, 3, 3, 3, 3, 2, 2, 2, 2, 2, 2, 2, 2, 2, 2, 2, 2, 2, 2, 2, 2, 2, 2, 2, 2, 2, 2, 2, 2, 1, 1, 1, 1, 1, 1, 1, 1, 1, 1, 1, 1, 1, 1, 1, 1, 1, 1, 1, 1, 1, 1, 1, 1, 1, 1, 1, 1, 1, 1, 1, 1]",2.973225980999814,2.9739723943333853,2.9618040770001244,2.9878262970000833,0.0096153254677945,"[2.987594, 2.978366, 2.961804, 2.973049, 2.966693, 2.973226, 2.96217, 2.987826, 2.975024]",2.394550803999664,2.3981352854444697,2.359464739000032,2.447640001000309,0.026280702273704593,"[2.44764, 2.416255, 2.395377, 2.394551, 2.370806, 2.417061, 2.387531, 2.394532, 2.359465]",1.2416633533243804,1.2100652366318925,1.2663152992345028,42,optimal,nan,53.74835205078125,71.31119441986084,927.5669433921131,927.5575240980171,1.0154840211919636e-05,0.003133941998702712,0.0025814484412118054,0.9999625,0.9600638977635783,0.7907894736842105,0.8672438672438673,9,2,1e-07,1e-05,1000,20.0,20.0,20.0,0.0,20.0,1.0,681.0,11.594202898550725,81.18190682275896,2.0
primary,x86_64,none,0.3.0,2.4.4,32,1,many_tiny,800,4000,0.2,0,0.997622027534418,40,"[20, 20, 20, 20, 20, 20, 20, 20, 20, 20, 20, 20, 20, 20, 20, 20, 20, 20, 20, 20, 20, 20, 20, 20, 20, 20, 20, 20, 20, 20, 20, 20, 20, 20, 20, 20, 20, 20, 20, 20]",powerlaw,40,0,0,115,62,"[586, 7, 6, 6, 5, 5, 5, 5, 5, 4, 4, 4, 3, 3, 3, 3, 3, 3, 3, 3, 3, 3, 3, 3, 3, 3, 2, 2, 2, 2, 2, 2, 2, 2, 2, 2, 2, 2, 2, 2, 2, 2, 2, 2, 2, 2, 2, 2, 2, 2, 2, 2, 2, 1, 1, 1, 1, 1, 1, 1, 1, 1, 1, 1, 1, 1, 1, 1, 1, 1, 1, 1, 1, 1, 1, 1, 1, 1, 1, 1, 1, 1, 1, 1, 1, 1, 1, 1, 1, 1, 1, 1, 1, 1, 1, 1, 1, 1, 1, 1, 1, 1, 1, 1, 1, 1, 1, 1, 1, 1, 1, 1, 1, 1, 1]",2.9421615390001534,2.9434521341110362,2.9339915709997513,2.9601217889999134,0.00943212435344185,"[2.960122, 2.955799, 2.934419, 2.933992, 2.936972, 2.948217, 2.942494, 2.942162, 2.936894]",1.961013694999565,1.9615665312221608,1.9535361409998586,1.9759037829999215,0.007000104899633151,"[1.961014, 1.956908, 1.961205, 1.967267, 1.953536, 1.955636, 1.975904, 1.957312, 1.965317]",1.5003268699767067,1.4848858513470784,1.5152633866731866,42,optimal,nan,53.74835205078125,56.6220064163208,938.3148355515556,938.3030552851935,1.2554705431176198e-05,0.0034196699408566705,0.0026977160484932196,0.99995,0.9666110183639399,0.7618421052631579,0.8520971302428256,9,2,1e-07,1e-05,1000,20.0,20.0,20.0,0.0,20.0,1.0,586.0,6.956521739130435,54.247483019847635,1.0
primary,x86_64,none,0.3.0,2.4.4,32,1,many_tiny,800,4000,0.25,0,0.997622027534418,40,"[20, 20, 20, 20, 20, 20, 20, 20, 20, 20, 20, 20, 20, 20, 20, 20, 20, 20, 20, 20, 20, 20, 20, 20, 20, 20, 20, 20, 20, 20, 20, 20, 20, 20, 20, 20, 20, 20, 20, 20]",powerlaw,40,0,0,175,100,"[453, 13, 11, 8, 7, 6, 6, 6, 6, 6, 5, 5, 5, 5, 5, 4, 4, 4, 4, 4, 4, 4, 3, 3, 3, 3, 3, 3, 3, 3, 3, 3, 3, 3, 3, 3, 3, 3, 3, 3, 3, 2, 2, 2, 2, 2, 2, 2, 2, 2, 2, 2, 2, 2, 2, 2, 2, 2, 2, 2, 2, 2, 2, 2, 2, 2, 2, 2, 2, 2, 2, 2, 2, 2, 2, 1, 1, 1, 1, 1, 1, 1, 1, 1, 1, 1, 1, 1, 1, 1, 1, 1, 1, 1, 1, 1, 1, 1, 1, 1, 1, 1, 1, 1, 1, 1, 1, 1, 1, 1, 1, 1, 1, 1, 1, 1, 1, 1, 1, 1, 1, 1, 1, 1, 1, 1, 1, 1, 1, 1, 1, 1, 1, 1, 1, 1, 1, 1, 1, 1, 1, 1, 1, 1, 1, 1, 1, 1, 1, 1, 1, 1, 1, 1, 1, 1, 1, 1, 1, 1, 1, 1, 1, 1, 1, 1, 1, 1, 1, 1, 1, 1, 1, 1, 1]",2.955424531999597,2.9784979236666107,2.9326222019999477,3.135062502999972,0.06316935086992176,"[2.932622, 2.950312, 2.964543, 2.982443, 2.955425, 2.935378, 2.944611, 3.006086, 3.135063]",1.1209366709999813,1.1285009690000152,1.092129140999532,1.2388714759999857,0.046387533731506024,"[1.238871, 1.125922, 1.148211, 1.095778, 1.101641, 1.092244, 1.120937, 1.140775, 1.092129]",2.6365669073553275,2.367172268320093,2.870596878433917,41,optimal,nan,53.74835205078125,39.75941181182861,947.8123196418353,947.8017181833436,1.1185187480679897e-05,0.0024038262518342873,0.001993790514638827,0.9999375,0.9629629629629629,0.718421052631579,0.8229088168801808,9,2,1e-07,1e-05,1000,20.0,20.0,20.0,0.0,20.0,1.0,453.0,4.571428571428571,34.040216311454486,1.0
primary,x86_64,none,0.3.0,2.4.4,32,1,many_tiny,800,4000,0.3,0,0.997622027534418,40,"[20, 20, 20, 20, 20, 20, 20, 20, 20, 20, 20, 20, 20, 20, 20, 20, 20, 20, 20, 20, 20, 20, 20, 20, 20, 20, 20, 20, 20, 20, 20, 20, 20, 20, 20, 20, 20, 20, 20, 20]",powerlaw,40,0,0,239,141,"[285, 13, 11, 11, 10, 10, 9, 9, 9, 9, 8, 7, 7, 7, 7, 6, 6, 6, 6, 5, 5, 5, 5, 5, 5, 5, 5, 5, 4, 4, 4, 4, 4, 4, 4, 3, 3, 3, 3, 3, 3, 3, 3, 3, 3, 3, 3, 3, 3, 3, 3, 3, 3, 3, 3, 3, 3, 3, 3, 2, 2, 2, 2, 2, 2, 2, 2, 2, 2, 2, 2, 2, 2, 2, 2, 2, 2, 2, 2, 2, 2, 2, 2, 2, 2, 2, 2, 2, 2, 2, 2, 2, 2, 2, 2, 2, 2, 2, 1, 1, 1, 1, 1, 1, 1, 1, 1, 1, 1, 1, 1, 1, 1, 1, 1, 1, 1, 1, 1, 1, 1, 1, 1, 1, 1, 1, 1, 1, 1, 1, 1, 1, 1, 1, 1, 1, 1, 1, 1, 1, 1, 1, 1, 1, 1, 1, 1, 1, 1, 1, 1, 1, 1, 1, 1, 1, 1, 1, 1, 1, 1, 1, 1, 1, 1, 1, 1, 1, 1, 1, 1, 1, 1, 1, 1, 1, 1, 1, 1, 1, 1, 1, 1, 1, 1, 1, 1, 1, 1, 1, 1, 1, 1, 1, 1, 1, 1, 1, 1, 1]",2.9854877509997095,2.993210670333307,2.935344399999849,3.0605148060003557,0.039184965614662295,"[3.016866, 3.033199, 2.999041, 2.985488, 2.935344, 2.975848, 2.980492, 3.060515, 2.952103]",0.476112307999756,0.477577444555613,0.4744239630008451,0.48252969199984364,0.002903809839591088,"[0.476112, 0.474424, 0.475681, 0.475041, 0.481281, 0.475897, 0.479646, 0.477585, 0.48253]",6.270553608543217,6.083240987377001,6.451012268945833,42,optimal,nan,53.74835205078125,36.36715602874756,955.715196920278,955.7026440364064,1.313454459246839e-05,0.002411983244469583,0.001909936621191538,0.99989375,0.9297597042513863,0.6618421052631579,0.7732513451191392,9,2,1e-07,1e-05,1000,20.0,20.0,20.0,0.0,20.0,1.0,285.0,3.3472803347280333,18.37956111178932,1.0
primary,x86_64,none,0.3.0,2.4.4,32,1,many_tiny,800,4000,0.35,0,0.997622027534418,40,"[20, 20, 20, 20, 20, 20, 20, 20, 20, 20, 20, 20, 20, 20, 20, 20, 20, 20, 20, 20, 20, 20, 20, 20, 20, 20, 20, 20, 20, 20, 20, 20, 20, 20, 20, 20, 20, 20, 20, 20]",powerlaw,40,0,0,298,194,"[227, 12, 12, 12, 12, 11, 11, 10, 9, 7, 7, 7, 7, 6, 6, 6, 6, 6, 6, 6, 5, 5, 5, 5, 4, 4, 4, 4, 4, 4, 4, 4, 4, 4, 4, 3, 3, 3, 3, 3, 3, 3, 3, 3, 3, 3, 3, 3, 3, 3, 3, 3, 3, 2, 2, 2, 2, 2, 2, 2, 2, 2, 2, 2, 2, 2, 2, 2, 2, 2, 2, 2, 2, 2, 2, 2, 2, 2, 2, 2, 2, 2, 2, 2, 2, 2, 2, 2, 2, 2, 2, 2, 2, 2, 2, 2, 2, 2, 2, 2, 2, 2, 2, 2, 1, 1, 1, 1, 1, 1, 1, 1, 1, 1, 1, 1, 1, 1, 1, 1, 1, 1, 1, 1, 1, 1, 1, 1, 1, 1, 1, 1, 1, 1, 1, 1, 1, 1, 1, 1, 1, 1, 1, 1, 1, 1, 1, 1, 1, 1, 1, 1, 1, 1, 1, 1, 1, 1, 1, 1, 1, 1, 1, 1, 1, 1, 1, 1, 1, 1, 1, 1, 1, 1, 1, 1, 1, 1, 1, 1, 1, 1, 1, 1, 1, 1, 1, 1, 1, 1, 1, 1, 1, 1, 1, 1, 1, 1, 1, 1]",2.9419701879996865,2.9416107608885795,2.890039961000184,3.080382319999444,0.05830619790037636,"[2.945702, 3.080382, 2.963702, 2.913842, 2.891651, 2.902876, 2.94197, 2.944332, 2.89004]",0.38075171999935264,0.38100289755544103,0.37837473599938676,0.38555554799950187,0.0027050687673138693,"[0.380855, 0.383177, 0.384191, 0.385556, 0.378562, 0.378977, 0.378375, 0.378581, 0.380752]",7.726741688795755,7.4957810255759,8.141088785601257,41,optimal,nan,53.74835205078125,35.710814476013184,963.1526111609874,963.1438194622145,9.128043334926316e-06,0.0018270200784693616,0.001397594665247764,0.99990625,0.9350912778904665,0.6065789473684211,0.7358339984038308,9,2,1e-07,1e-05,1000,20.0,20.0,20.0,0.0,20.0,1.0,227.0,2.684563758389262,13.167015555363966,1.0
primary,x86_64,none,0.3.0,2.4.4,32,1,many_tiny,800,4000,0.4,0,0.997622027534418,40,"[20, 20, 20, 20, 20, 20, 20, 20, 20, 20, 20, 20, 20, 20, 20, 20, 20, 20, 20, 20, 20, 20, 20, 20, 20, 20, 20, 20, 20, 20, 20, 20, 20, 20, 20, 20, 20, 20, 20, 20]",powerlaw,40,0,0,364,248,"[126, 13, 12, 11, 11, 11, 10, 9, 9, 9, 8, 8, 7, 7, 7, 7, 7, 6, 6, 6, 6, 6, 5, 5, 5, 5, 5, 5, 4, 4, 4, 4, 4, 4, 4, 4, 4, 4, 4, 4, 4, 4, 3, 3, 3, 3, 3, 3, 3, 3, 3, 3, 3, 3, 3, 3, 3, 3, 2, 2, 2, 2, 2, 2, 2, 2, 2, 2, 2, 2, 2, 2, 2, 2, 2, 2, 2, 2, 2, 2, 2, 2, 2, 2, 2, 2, 2, 2, 2, 2, 2, 2, 2, 2, 2, 2, 2, 2, 2, 2, 2, 2, 2, 2, 2, 2, 2, 2, 2, 2, 2, 2, 2, 2, 2, 2, 1, 1, 1, 1, 1, 1, 1, 1, 1, 1, 1, 1, 1, 1, 1, 1, 1, 1, 1, 1, 1, 1, 1, 1, 1, 1, 1, 1, 1, 1, 1, 1, 1, 1, 1, 1, 1, 1, 1, 1, 1, 1, 1, 1, 1, 1, 1, 1, 1, 1, 1, 1, 1, 1, 1, 1, 1, 1, 1, 1, 1, 1, 1, 1, 1, 1, 1, 1, 1, 1, 1, 1, 1, 1, 1, 1, 1, 1, 1, 1, 1, 1, 1, 1]",2.9823165049992895,2.9980670486663965,2.9472115179996763,3.0747075499994025,0.04092471029062443,"[2.960004, 3.074708, 3.009896, 3.006364, 2.978582, 3.045512, 2.978009, 2.982317, 2.947212]",0.20110436899994966,0.20137969166666558,0.1999823659998583,0.20264073999987886,0.0008436850187584196,"[0.199982, 0.201104, 0.200887, 0.202641, 0.201651, 0.200791, 0.201812, 0.202451, 0.201098]",14.829695246452035,14.544022677776631,15.37489335435496,41,optimal,nan,53.74835205078125,34.93088626861572,969.0150233034066,969.0057140668899,9.606906283963482e-06,0.003972183495596603,0.003144697887234627,0.999946875,0.9560185185185185,0.5434210526315789,0.6929530201342281,9,2,1e-07,1e-05,1000,20.0,20.0,20.0,0.0,20.0,1.0,126.0,2.197802197802198,6.770929749684307,1.0
primary,x86_64,none,0.3.0,2.4.4,32,1,many_tiny,800,8000,0.05,0,0.997622027534418,40,"[20, 20, 20, 20, 20, 20, 20, 20, 20, 20, 20, 20, 20, 20, 20, 20, 20, 20, 20, 20, 20, 20, 20, 20, 20, 20, 20, 20, 20, 20, 20, 20, 20, 20, 20, 20, 20, 20, 20, 20]",powerlaw,40,0,0,2,1,"[799, 1]",2.3694636740001442,2.3715995021110654,2.3565090550000605,2.393942342999253,0.012400042899989186,"[2.359075, 2.377189, 2.36553, 2.37299, 2.369464, 2.393942, 2.386042, 2.356509, 2.363654]",2.4022596519998842,2.4053733678889935,2.395877909999399,2.4208765090006636,0.007506488669083169,"[2.401394, 2.398933, 2.410385, 2.420877, 2.408079, 2.408502, 2.402053, 2.40226, 2.395878]",0.9863478629496036,0.9734115086988993,0.999192126196386,33,optimal,nan,53.74835205078125,92.62353515625,898.0185069857217,898.0185069429418,4.7638107627522887e-11,6.125325093933598e-06,4.864606750469901e-06,1.0,0.4493421052631579,0.8986842105263158,0.5991228070175438,9,2,1e-07,1e-05,1000,20.0,20.0,20.0,0.0,20.0,1.0,799.0,400.0,399.0,400.0
primary,x86_64,none,0.3.0,2.4.4,32,1,many_tiny,800,8000,0.1,0,0.997622027534418,40,"[20, 20, 20, 20, 20, 20, 20, 20, 20, 20, 20, 20, 20, 20, 20, 20, 20, 20, 20, 20, 20, 20, 20, 20, 20, 20, 20, 20, 20, 20, 20, 20, 20, 20, 20, 20, 20, 20, 20, 20]",powerlaw,40,0,0,42,20,"[734, 3, 3, 3, 3, 2, 2, 2, 2, 2, 2, 2, 2, 2, 2, 2, 2, 2, 2, 2, 2, 2, 1, 1, 1, 1, 1, 1, 1, 1, 1, 1, 1, 1, 1, 1, 1, 1, 1, 1, 1, 1]",2.350741575000029,2.3497150346665876,2.3406363109997983,2.3577596650002306,0.005326021375923546,"[2.340636, 2.353098, 2.343533, 2.35776, 2.34727, 2.35297, 2.34842, 2.350742, 2.353006]",2.139205586000571,2.1379989013332508,2.1309158779995414,2.143095259999427,0.004068479525049194,"[2.141319, 2.139983, 2.140887, 2.139206, 2.138329, 2.13328, 2.134975, 2.130916, 2.143095]",1.0988853013398037,1.0921755811267224,1.1064536565439858,33,optimal,nan,53.74835205078125,80.46539688110352,914.0670782971656,914.06661804905,5.035167839591133e-07,0.0007846703439844602,0.0006358987354031755,0.999996875,0.9811616954474097,0.8223684210526315,0.8947745168217608,9,2,1e-07,1e-05,1000,20.0,20.0,20.0,0.0,20.0,1.0,734.0,19.047619047619047,111.65869602987924,2.0
primary,x86_64,none,0.3.0,2.4.4,32,1,many_tiny,800,8000,0.15,0,0.997622027534418,40,"[20, 20, 20, 20, 20, 20, 20, 20, 20, 20, 20, 20, 20, 20, 20, 20, 20, 20, 20, 20, 20, 20, 20, 20, 20, 20, 20, 20, 20, 20, 20, 20, 20, 20, 20, 20, 20, 20, 20, 20]",powerlaw,40,0,0,123,49,"[541, 7, 6, 6, 6, 5, 5, 5, 5, 5, 4, 4, 4, 4, 4, 4, 4, 3, 3, 3, 3, 3, 3, 3, 3, 3, 3, 3, 3, 3, 3, 3, 3, 3, 3, 2, 2, 2, 2, 2, 2, 2, 2, 2, 2, 2, 2, 2, 2, 2, 2, 2, 2, 2, 2, 2, 2, 2, 2, 2, 2, 2, 2, 2, 2, 2, 2, 2, 2, 2, 2, 2, 2, 2, 1, 1, 1, 1, 1, 1, 1, 1, 1, 1, 1, 1, 1, 1, 1, 1, 1, 1, 1, 1, 1, 1, 1, 1, 1, 1, 1, 1, 1, 1, 1, 1, 1, 1, 1, 1, 1, 1, 1, 1, 1, 1, 1, 1, 1, 1, 1, 1, 1]",2.3404052490004688,2.3462354263334015,2.330951973000083,2.37504837600045,0.01626588465228823,"[2.346603, 2.34623, 2.375048, 2.371401, 2.336668, 2.340405, 2.337052, 2.331759, 2.330952]",1.3529608999997436,1.35253388000001,1.3457373710007232,1.3589769669997622,0.0043760016760415864,"[1.358977, 1.352961, 1.357405, 1.35158, 1.354883, 1.351294, 1.346774, 1.353194, 1.345737]",1.7298395312095955,1.7152255186091692,1.7648676682243771,33,optimal,nan,53.74835205078125,50.43443775177002,927.2571123304608,927.2539844411076,3.373270813040928e-06,0.002648639954897475,0.002183031702364908,0.999990625,0.9867768595041322,0.7855263157894737,0.8747252747252748,9,2,1e-07,1e-05,1000,20.0,20.0,20.0,0.0,20.0,1.0,541.0,6.504065040650406,48.4087229228386,2.0
primary,x86_64,none,0.3.0,2.4.4,32,1,many_tiny,800,8000,0.2,0,0.997622027534418,40,"[20, 20, 20, 20, 20, 20, 20, 20, 20, 20, 20, 20, 20, 20, 20, 20, 20, 20, 20, 20, 20, 20, 20, 20, 20, 20, 20, 20, 20, 20, 20, 20, 20, 20, 20, 20, 20, 20, 20, 20]",powerlaw,40,0,0,171,73,"[370, 13, 12, 11, 10, 10, 9, 7, 7, 7, 7, 6, 6, 6, 6, 6, 6, 5, 5, 5, 5, 5, 5, 5, 5, 5, 4, 4, 4, 4, 4, 4, 4, 4, 4, 4, 3, 3, 3, 3, 3, 3, 3, 3, 3, 3, 3, 3, 3, 3, 3, 3, 3, 3, 3, 2, 2, 2, 2, 2, 2, 2, 2, 2, 2, 2, 2, 2, 2, 2, 2, 2, 2, 2, 2, 2, 2, 2, 2, 2, 2, 2, 2, 2, 2, 2, 2, 2, 2, 2, 2, 2, 2, 2, 2, 2, 2, 2, 1, 1, 1, 1, 1, 1, 1, 1, 1, 1, 1, 1, 1, 1, 1, 1, 1, 1, 1, 1, 1, 1, 1, 1, 1, 1, 1, 1, 1, 1, 1, 1, 1, 1, 1, 1, 1, 1, 1, 1, 1, 1, 1, 1, 1, 1, 1, 1, 1, 1, 1, 1, 1, 1, 1, 1, 1, 1, 1, 1, 1, 1, 1, 1, 1, 1, 1, 1, 1, 1, 1, 1, 1]",2.255996490999678,2.2559952792223865,2.2480319770002097,2.264623460000621,0.005818484547563102,"[2.248032, 2.251535, 2.256294, 2.250451, 2.252953, 2.262089, 2.255996, 2.264623, 2.261984]",0.664364678000311,0.6652331245556221,0.6618380890004119,0.6763813870002195,0.00440204327229262,"[0.661838, 0.66292, 0.662153, 0.676381, 0.666146, 0.664365, 0.663697, 0.66496, 0.664639]",3.3957201002769475,3.3236159660902675,3.421718238400165,32,optimal,nan,53.74835205078125,37.61025810241699,937.6388579703437,937.6354432596671,3.6418186464215942e-06,0.001571957027529696,0.00126336376057472,0.99996875,0.9780033840947546,0.7605263157894737,0.8556624722427831,9,2,1e-07,1e-05,1000,20.0,20.0,20.0,0.0,20.0,1.0,370.0,4.678362573099415,28.106450732126056,2.0
primary,x86_64,none,0.3.0,2.4.4,32,1,many_tiny,800,8000,0.25,0,0.997622027534418,40,"[20, 20, 20, 20, 20, 20, 20, 20, 20, 20, 20, 20, 20, 20, 20, 20, 20, 20, 20, 20, 20, 20, 20, 20, 20, 20, 20, 20, 20, 20, 20, 20, 20, 20, 20, 20, 20, 20, 20, 20]",powerlaw,40,0,0,233,114,"[223, 15, 13, 11, 11, 10, 9, 9, 9, 8, 8, 8, 7, 7, 7, 7, 6, 6, 6, 6, 6, 6, 6, 6, 5, 5, 5, 5, 5, 5, 5, 5, 5, 5, 5, 4, 4, 4, 4, 4, 4, 4, 4, 4, 4, 4, 4, 4, 3, 3, 3, 3, 3, 3, 3, 3, 3, 3, 3, 3, 3, 3, 3, 3, 3, 3, 3, 3, 3, 3, 3, 3, 3, 3, 3, 2, 2, 2, 2, 2, 2, 2, 2, 2, 2, 2, 2, 2, 2, 2, 2, 2, 2, 2, 2, 2, 2, 2, 2, 2, 2, 2, 2, 2, 2, 2, 2, 2, 2, 2, 2, 2, 2, 2, 2, 2, 2, 2, 2, 1, 1, 1, 1, 1, 1, 1, 1, 1, 1, 1, 1, 1, 1, 1, 1, 1, 1, 1, 1, 1, 1, 1, 1, 1, 1, 1, 1, 1, 1, 1, 1, 1, 1, 1, 1, 1, 1, 1, 1, 1, 1, 1, 1, 1, 1, 1, 1, 1, 1, 1, 1, 1, 1, 1, 1, 1, 1, 1, 1, 1, 1, 1, 1, 1, 1, 1, 1, 1, 1, 1, 1, 1, 1, 1, 1, 1, 1, 1, 1, 1]",2.2669839589998446,2.2694683632222827,2.2462334920001013,2.297301835000326,0.016208569470496252,"[2.278108, 2.266984, 2.2745, 2.266868, 2.284701, 2.297302, 2.246233, 2.259648, 2.250872]",0.31205101999967155,0.31207793211120183,0.3113790050001626,0.31357908100017085,0.0006890909216684022,"[0.312432, 0.313579, 0.311457, 0.312094, 0.311379, 0.311874, 0.312051, 0.312393, 0.311442]",7.264786248743012,7.163212178681261,7.377831511148693,32,optimal,nan,53.74835205078125,35.665761947631836,947.4848682014014,947.4807872166119,4.307176743806034e-06,0.0021473159719587465,0.0017441045730236338,0.999959375,0.972875226039783,0.7078947368421052,0.8194973343488196,9,2,1e-07,1e-05,1000,20.0,20.0,20.0,0.0,20.0,1.0,223.0,3.4334763948497855,14.598080137767097,2.0
primary,x86_64,none,0.3.0,2.4.4,32,1,many_tiny,800,8000,0.3,0,0.997622027534418,40,"[20, 20, 20, 20, 20, 20, 20, 20, 20, 20, 20, 20, 20, 20, 20, 20, 20, 20, 20, 20, 20, 20, 20, 20, 20, 20, 20, 20, 20, 20, 20, 20, 20, 20, 20, 20, 20, 20, 20, 20]",powerlaw,40,0,0,288,153,"[76, 13, 13, 13, 12, 12, 11, 11, 11, 11, 11, 10, 10, 9, 9, 9, 8, 8, 8, 7, 7, 7, 7, 7, 7, 7, 6, 6, 6, 6, 6, 6, 6, 5, 5, 5, 5, 5, 5, 5, 5, 5, 5, 5, 4, 4, 4, 4, 4, 4, 4, 4, 4, 4, 4, 4, 4, 4, 3, 3, 3, 3, 3, 3, 3, 3, 3, 3, 3, 3, 3, 3, 3, 3, 3, 3, 3, 3, 3, 3, 3, 3, 3, 3, 2, 2, 2, 2, 2, 2, 2, 2, 2, 2, 2, 2, 2, 2, 2, 2, 2, 2, 2, 2, 2, 2, 2, 2, 2, 2, 2, 2, 2, 2, 2, 2, 2, 2, 2, 2, 2, 2, 2, 2, 2, 2, 2, 2, 2, 2, 2, 2, 2, 2, 2, 1, 1, 1, 1, 1, 1, 1, 1, 1, 1, 1, 1, 1, 1, 1, 1, 1, 1, 1, 1, 1, 1, 1, 1, 1, 1, 1, 1, 1, 1, 1, 1, 1, 1, 1, 1, 1, 1, 1, 1, 1, 1, 1, 1, 1, 1, 1, 1, 1, 1, 1, 1, 1, 1, 1, 1, 1, 1, 1, 1, 1, 1, 1, 1, 1]",2.323675640000147,2.323750274110959,2.3117004719997567,2.333485084000131,0.006538000942430003,"[2.327737, 2.333485, 2.330922, 2.321993, 2.320414, 2.324529, 2.3117, 2.323676, 2.319296]",0.1344266640007845,0.13470805511102904,0.13365016599982482,0.1377048129998002,0.0011757770917868496,"[0.13365, 0.134311, 0.137705, 0.134127, 0.134499, 0.134595, 0.134893, 0.134164, 0.134427]",17.285823889720167,16.78736147009699,17.459649724663937,33,optimal,nan,53.74835205078125,34.708876609802246,956.1681430746808,956.1512240007723,1.7694663884121966e-05,0.011311827218174145,0.009083250410422919,0.99996875,0.9784735812133072,0.6578947368421053,0.7867820613690008,9,2,1e-07,1e-05,1000,20.0,20.0,20.0,0.0,20.0,1.0,76.0,2.7777777777777777,5.025551993513368,1.0
primary,x86_64,none,0.3.0,2.4.4,32,1,many_tiny,800,8000,0.35,0,0.997622027534418,40,"[20, 20, 20, 20, 20, 20, 20, 20, 20, 20, 20, 20, 20, 20, 20, 20, 20, 20, 20, 20, 20, 20, 20, 20, 20, 20, 20, 20, 20, 20, 20, 20, 20, 20, 20, 20, 20, 20, 20, 20]",powerlaw,40,0,0,332,198,"[46, 13, 12, 12, 12, 12, 11, 11, 11, 11, 10, 10, 10, 10, 9, 9, 8, 8, 8, 7, 7, 7, 7, 7, 7, 7, 6, 6, 6, 6, 6, 6, 6, 6, 5, 5, 5, 5, 5, 5, 5, 4, 4, 4, 4, 4, 4, 4, 4, 4, 4, 4, 4, 4, 4, 4, 3, 3, 3, 3, 3, 3, 3, 3, 3, 3, 3, 3, 3, 3, 3, 3, 3, 3, 3, 3, 3, 2, 2, 2, 2, 2, 2, 2, 2, 2, 2, 2, 2, 2, 2, 2, 2, 2, 2, 2, 2, 2, 2, 2, 2, 2, 2, 2, 2, 2, 2, 2, 2, 2, 2, 2, 2, 2, 2, 2, 2, 2, 2, 2, 2, 2, 2, 2, 2, 2, 2, 2, 2, 2, 2, 2, 2, 2, 1, 1, 1, 1, 1, 1, 1, 1, 1, 1, 1, 1, 1, 1, 1, 1, 1, 1, 1, 1, 1, 1, 1, 1, 1, 1, 1, 1, 1, 1, 1, 1, 1, 1, 1, 1, 1, 1, 1, 1, 1, 1, 1, 1, 1, 1, 1, 1, 1, 1, 1, 1, 1, 1, 1, 1, 1, 1, 1, 1, 1, 1, 1, 1, 1, 1]",2.317206145000455,2.318429200777751,2.3144598660001066,2.32584145599958,0.003512841837434151,"[2.31446, 2.321885, 2.316737, 2.315769, 2.317206, 2.319397, 2.318019, 2.316547, 2.325841]",0.10670666300029552,0.10699306733345616,0.1063944020006602,0.1084460649999528,0.0006503041951319801,"[0.108446, 0.106502, 0.106394, 0.107611, 0.106676, 0.106707, 0.106683, 0.106891, 0.107027]",21.71566498142705,21.342036393861907,21.86056232531057,33,optimal,nan,53.74835205078125,34.638304710388184,962.5056362726798,962.4884614669097,1.7843849555616318e-05,0.010931744081143897,0.008952501752471411,0.999978125,0.9829424307036247,0.6065789473684211,0.7502034174125305,9,2,1e-07,1e-05,1000,20.0,20.0,20.0,0.0,20.0,1.0,46.0,2.4096385542168677,3.397504912195579,1.0
primary,x86_64,none,0.3.0,2.4.4,32,1,many_tiny,800,8000,0.4,0,0.997622027534418,40,"[20, 20, 20, 20, 20, 20, 20, 20, 20, 20, 20, 20, 20, 20, 20, 20, 20, 20, 20, 20, 20, 20, 20, 20, 20, 20, 20, 20, 20, 20, 20, 20, 20, 20, 20, 20, 20, 20, 20, 20]",powerlaw,40,0,0,379,248,"[35, 13, 12, 11, 11, 11, 11, 11, 10, 10, 10, 9, 9, 8, 8, 7, 7, 7, 7, 7, 7, 7, 7, 6, 6, 6, 6, 6, 6, 6, 6, 5, 5, 5, 5, 5, 4, 4, 4, 4, 4, 4, 4, 4, 4, 4, 4, 4, 4, 4, 4, 4, 4, 4, 3, 3, 3, 3, 3, 3, 3, 3, 3, 3, 3, 3, 3, 3, 3, 3, 3, 3, 2, 2, 2, 2, 2, 2, 2, 2, 2, 2, 2, 2, 2, 2, 2, 2, 2, 2, 2, 2, 2, 2, 2, 2, 2, 2, 2, 2, 2, 2, 2, 2, 2, 2, 2, 2, 2, 2, 2, 2, 2, 2, 2, 2, 2, 2, 2, 2, 2, 2, 2, 2, 2, 2, 2, 2, 2, 2, 2, 1, 1, 1, 1, 1, 1, 1, 1, 1, 1, 1, 1, 1, 1, 1, 1, 1, 1, 1, 1, 1, 1, 1, 1, 1, 1, 1, 1, 1, 1, 1, 1, 1, 1, 1, 1, 1, 1, 1, 1, 1, 1, 1, 1, 1, 1, 1, 1, 1, 1, 1, 1, 1, 1, 1, 1, 1, 1, 1, 1, 1, 1, 1, 1, 1, 1, 1, 1, 1]",2.3379592020000928,2.3377547211110947,2.33137561500007,2.3415412799995465,0.0033513767226923336,"[2.336, 2.337697, 2.341541, 2.34114, 2.337959, 2.339767, 2.331376, 2.334375, 2.339937]",0.09890488800010644,0.09892678711124366,0.09844421300022077,0.09991172300033213,0.0004428478662747753,"[0.098602, 0.098623, 0.098923, 0.098444, 0.098905, 0.09866, 0.099066, 0.099205, 0.099912]",23.638459627976896,23.334355018502883,23.785463956061037,33,optimal,nan,53.74835205078125,34.62334060668945,969.0447761192249,969.0256222044977,1.976576851682633e-05,0.012017713236332571,0.009577292521415896,0.9999875,0.9880952380952381,0.5460526315789473,0.7033898305084746,9,2,1e-07,1e-05,1000,20.0,20.0,20.0,0.0,20.0,1.0,35.0,2.1108179419525066,2.709966773125806,1.0
primary,x86_64,none,0.3.0,2.4.4,32,1,one_giant,100,200,0.05,0,0.98,1,[100],powerlaw,1,0,0,1,0,[100],0.01821207300054084,0.01820930266664315,0.0181645809998372,0.018247691999931703,3.150272032345109e-05,"[0.018244, 0.018201, 0.018242, 0.018248, 0.018166, 0.018194, 0.018165, 0.018212, 0.018212]",0.01902300199981255,0.019014954888815636,0.01894701499986695,0.019058621000112907,3.457875636899235e-05,"[0.018987, 0.019059, 0.019015, 0.019049, 0.019037, 0.019023, 0.019024, 0.018993, 0.018947]",0.9573711342048064,0.9530899953217805,0.9630905976513895,33,optimal,nan,0.9413604736328125,1.4787569046020508,105.75637921824723,105.75637921824723,0.0,0.0,0.0,1.0,0.03730394234845273,0.8888888888888888,0.07160292921074043,9,2,1e-07,1e-05,1000,100.0,100.0,100.0,0.0,100.0,100.0,100.0,100.0,0.0,100.0
primary,x86_64,none,0.3.0,2.4.4,32,1,one_giant,100,200,0.1,0,0.98,1,[100],powerlaw,1,0,0,1,0,[100],0.036738782000611536,0.03674445455564839,0.03666516900011629,0.03680764500040823,5.029888543631183e-05,"[0.036709, 0.036665, 0.036808, 0.03677, 0.036701, 0.036717, 0.036739, 0.036787, 0.036804]",0.03762213700065331,0.0376205535556235,0.03749746999983472,0.037789545999658,9.158010221739297e-05,"[0.037661, 0.03779, 0.037708, 0.037622, 0.037537, 0.037644, 0.037497, 0.037568, 0.037559]",0.9765203396068003,0.9702463480362562,0.9816034255263213,67,optimal,nan,0.9413604736328125,1.4787569046020508,112.12348419176632,112.12348419176632,0.0,0.0,0.0,1.0,0.07532956685499058,0.8080808080808081,0.13781223083548663,9,2,1e-07,1e-05,1000,100.0,100.0,100.0,0.0,100.0,100.0,100.0,100.0,0.0,100.0
primary,x86_64,none,0.3.0,2.4.4,32,1,one_giant,100,200,0.15,0,0.98,1,[100],powerlaw,1,0,0,1,0,[100],0.04019384000002901,0.04022339033336822,0.03994925400002103,0.040402805000667286,0.00013443255799848398,"[0.040163, 0.040314, 0.040403, 0.040158, 0.040346, 0.039949, 0.040194, 0.04029, 0.040194]",0.041049886999644514,0.04103788211088815,0.040869415999623016,0.04120779799995944,0.00010793294424280144,"[0.040869, 0.04116, 0.041065, 0.041208, 0.040948, 0.041029, 0.041076, 0.040936, 0.04105]",0.9791461789012254,0.9694585961632881,0.9885828806812401,73,optimal,nan,0.9413604736328125,1.4788427352905273,115.1335331568158,115.1335331568158,0.0,0.0,0.0,1.0,0.16141732283464566,0.8282828282828283,0.2701812191103789,9,2,1e-07,1e-05,1000,100.0,100.0,100.0,0.0,100.0,100.0,100.0,100.0,0.0,100.0
primary,x86_64,none,0.3.0,2.4.4,32,1,one_giant,100,200,0.2,0,0.98,1,[100],powerlaw,1,0,0,3,2,"[98, 1, 1]",0.047600248999515316,0.04754919511085771,0.04733310600022378,0.04763111900047079,9.653909096561867e-05,"[0.047631, 0.047616, 0.04751, 0.047616, 0.047534, 0.0476, 0.047489, 0.047614, 0.047333]",0.04724524500034022,0.04719907200008796,0.0469139870001527,0.04741028000080405,0.0001892508450200508,"[0.047054, 0.047204, 0.047309, 0.046914, 0.047359, 0.047245, 0.047365, 0.046931, 0.04741]",1.0075140683294697,0.9983722095592146,1.0152861022090438,87,optimal,nan,0.9413604736328125,1.4305267333984375,118.16029157226272,118.16029155034441,1.8549641703070228e-10,3.250069284393975e-06,2.7950220305479973e-06,1.0,0.33476394849785407,0.7878787878787878,0.46987951807228917,9,2,1e-07,1e-05,1000,100.0,100.0,100.0,0.0,100.0,1.0,98.0,33.333333333333336,45.726238516730064,1.0
primary,x86_64,none,0.3.0,2.4.4,32,1,one_giant,100,200,0.25,0,0.98,1,[100],powerlaw,1,0,0,9,8,"[92, 1, 1, 1, 1, 1, 1, 1, 1]",0.048241393999887805,0.04852014666681094,0.04790063700056635,0.050275247000172385,0.0007713551361021111,"[0.048241, 0.048372, 0.048146, 0.048042, 0.050275, 0.049299, 0.048106, 0.047901, 0.048298]",0.04334613500031992,0.04329917055555496,0.04313004499999806,0.04346011699999508,0.00010944357905727715,"[0.043354, 0.04313, 0.043183, 0.04336, 0.043394, 0.04321, 0.043346, 0.04346, 0.043255]",1.1129341520191305,1.1021745983926314,1.1656664629071136,89,optimal,nan,0.9413604736328125,1.2920780181884766,118.82017043107817,118.82016985698728,4.831594571013869e-09,8.04671841592719e-05,6.390378466270764e-05,1.0,0.45161290322580644,0.7070707070707071,0.5511811023622047,9,2,1e-07,1e-05,1000,100.0,100.0,100.0,0.0,100.0,1.0,92.0,11.11111111111111,28.598540927989255,1.0
primary,x86_64,none,0.3.0,2.4.4,32,1,one_giant,100,200,0.3,0,0.98,1,[100],powerlaw,1,0,0,14,9,"[78, 6, 3, 2, 2, 1, 1, 1, 1, 1, 1, 1, 1, 1]",0.05744419599977846,0.05750738699993639,0.05728984599954856,0.05773864799994044,0.0001449531980152146,"[0.057436, 0.057614, 0.057676, 0.057538, 0.057739, 0.057431, 0.057444, 0.05729, 0.057399]",0.04160673299975315,0.04162441111131759,0.04146425700037071,0.04176820700013195,9.361173232564503e-05,"[0.041768, 0.041607, 0.04155, 0.041698, 0.041558, 0.041697, 0.041604, 0.041673, 0.041464]",1.3806466371709423,1.3716137252280802,1.3924920443992095,106,optimal,nan,0.9413604736328125,1.0021486282348633,121.06037921458577,121.06037651740868,2.2279602114987095e-08,0.00012902149278420927,0.00011611556663866438,0.9998,0.6728971962616822,0.7272727272727273,0.6990291262135923,9,2,1e-07,1e-05,1000,100.0,100.0,100.0,0.0,100.0,1.0,78.0,7.142857142857143,19.697197563022378,1.0
primary,x86_64,none,0.3.0,2.4.4,32,1,one_giant,100,200,0.35,0,0.98,1,[100],powerlaw,1,0,0,29,20,"[56, 7, 4, 3, 2, 2, 2, 2, 2, 1, 1, 1, 1, 1, 1, 1, 1, 1, 1, 1, 1, 1, 1, 1, 1, 1, 1, 1, 1]",0.04843848699965747,0.048462496777776524,0.04825089299993124,0.048700880999604124,0.00012846186073117353,"[0.048251, 0.048411, 0.048399, 0.048479, 0.0486, 0.048402, 0.048701, 0.048438, 0.048481]",0.02324505899923679,0.0232408378886046,0.023039656000037212,0.02337922499918932,0.00012806693048122763,"[0.023367, 0.023312, 0.023379, 0.023245, 0.023363, 0.023222, 0.023065, 0.02304, 0.023175]",2.0838186300687758,2.0638362906214534,2.1137850755899077,89,optimal,nan,0.9413604736328125,0.75543212890625,120.75134459744255,120.75134392734675,5.5493858333721985e-09,0.0001706140069477058,0.00014448083556299604,0.9998,0.75,0.6060606060606061,0.670391061452514,9,2,1e-07,1e-05,1000,100.0,100.0,100.0,0.0,100.0,1.0,56.0,3.4482758620689653,10.008913981862063,1.0
primary,x86_64,none,0.3.0,2.4.4,32,1,one_giant,100,200,0.4,0,0.98,1,[100],powerlaw,1,0,0,35,23,"[46, 5, 4, 3, 3, 3, 3, 2, 2, 2, 2, 2, 1, 1, 1, 1, 1, 1, 1, 1, 1, 1, 1, 1, 1, 1, 1, 1, 1, 1, 1, 1, 1, 1, 1]",0.04840524299925164,0.04840801299966794,0.048272263999933784,0.048627268000018375,0.00010734432659696419,"[0.048272, 0.048627, 0.048424, 0.048368, 0.048357, 0.048493, 0.048405, 0.048292, 0.048433]",0.017651664999903005,0.017662614777893597,0.017600611000489153,0.017733589000272332,4.70703129529599e-05,"[0.017642, 0.01764, 0.017601, 0.017692, 0.017652, 0.017653, 0.017732, 0.017734, 0.017618]",2.742247997541174,2.722080905291787,2.7628170407644905,90,optimal,nan,0.9413604736328125,0.735107421875,121.6395127772348,121.63951275172131,2.0974670032895984e-10,2.2366922351343965e-05,2.0587565032159344e-05,1.0,0.8059701492537313,0.5454545454545454,0.6506024096385541,9,2,1e-07,1e-05,1000,100.0,100.0,100.0,0.0,100.0,1.0,46.0,2.857142857142857,7.464747080751754,1.0
primary,x86_64,none,0.3.0,2.4.4,32,1,one_giant,100,500,0.05,0,0.98,1,[100],powerlaw,1,0,0,1,0,[100],0.024866919000487542,0.024883936777668068,0.024768371999925876,0.024995148000016343,6.163144626693124e-05,"[0.024768, 0.024867, 0.024865, 0.024861, 0.024859, 0.024903, 0.024918, 0.02492, 0.024995]",0.025731276999977126,0.025739191889139573,0.025694470000416914,0.025823887000115064,4.0746577977568305e-05,"[0.025694, 0.025713, 0.025716, 0.025767, 0.025749, 0.025699, 0.025731, 0.025759, 0.025824]",0.9664082742768517,0.9591264088096232,0.9727831708383468,45,optimal,nan,0.9413604736328125,1.4787569046020508,112.14298720804098,112.14298720804098,0.0,0.0,0.0,1.0,0.0555205047318612,0.8888888888888888,0.10451306413301663,9,2,1e-07,1e-05,1000,100.0,100.0,100.0,0.0,100.0,100.0,100.0,100.0,0.0,100.0
primary,x86_64,none,0.3.0,2.4.4,32,1,one_giant,100,500,0.1,0,0.98,1,[100],powerlaw,1,0,0,1,0,[100],0.03664379800011375,0.03665567088895235,0.03649063500051852,0.03693468699930236,0.00013326397952474335,"[0.036532, 0.036644, 0.036658, 0.036589, 0.036711, 0.036491, 0.036753, 0.036588, 0.036935]",0.03756870899997011,0.03756699355583098,0.03736924100030592,0.0377396800004135,0.00010274837539704704,"[0.037512, 0.037572, 0.03774, 0.037667, 0.037369, 0.037589, 0.037524, 0.037569, 0.037562]",0.975380814926137,0.966903667442827,0.9883713452729745,67,optimal,nan,0.9413604736328125,1.4787569046020508,115.34764892864743,115.34764892864743,0.0,0.0,0.0,1.0,0.1794871794871795,0.8484848484848485,0.2962962962962963,9,2,1e-07,1e-05,1000,100.0,100.0,100.0,0.0,100.0,100.0,100.0,100.0,0.0,100.0
primary,x86_64,none,0.3.0,2.4.4,32,1,one_giant,100,500,0.15,0,0.98,1,[100],powerlaw,1,0,0,4,3,"[97, 1, 1, 1]",0.04499648999990313,0.04501047333330158,0.04471866099993349,0.045305188999918755,0.00021359820390310697,"[0.044719, 0.044996, 0.045233, 0.044854, 0.045089, 0.045192, 0.044731, 0.044975, 0.045305]",0.04439452599945071,0.04447011788892673,0.04432566199920984,0.044948998000108986,0.00019874252011375926,"[0.044447, 0.044365, 0.044395, 0.044326, 0.044949, 0.044617, 0.044349, 0.04438, 0.044404]",1.0135594194757227,0.9948755921060812,1.0220984178584038,83,optimal,nan,0.9413604736328125,1.40679931640625,116.62502835265258,116.6250282644758,7.56070779561354e-10,1.0190017447814226e-05,9.416959614251769e-06,1.0,0.45930232558139533,0.797979797979798,0.5830258302583026,9,2,1e-07,1e-05,1000,100.0,100.0,100.0,0.0,100.0,1.0,97.0,25.0,41.569219381653056,1.0
primary,x86_64,none,0.3.0,2.4.4,32,1,one_giant,100,500,0.2,0,0.98,1,[100],powerlaw,1,0,0,12,6,"[81, 4, 3, 2, 2, 2, 1, 1, 1, 1, 1, 1]",0.05088552300003357,0.050883280333133975,0.05078697699991608,0.050967446999493404,6.04197834259401e-05,"[0.050967, 0.05081, 0.050863, 0.050925, 0.05095, 0.050861, 0.050787, 0.050886, 0.050902]",0.03912289200070518,0.03913054266700379,0.03905521500018949,0.039245183000275574,6.576430283900904e-05,"[0.039062, 0.039123, 0.039055, 0.039192, 0.039073, 0.039098, 0.039183, 0.039245, 0.039143]",1.3006585249146811,1.294094538928751,1.3050100223298249,94,optimal,nan,0.9413604736328125,1.0601654052734375,118.94760225456766,118.94760164212875,5.148812574983233e-09,8.130537841549712e-05,7.296133051533585e-05,1.0,0.7037037037037037,0.7676767676767676,0.7342995169082125,9,2,1e-07,1e-05,1000,100.0,100.0,100.0,0.0,100.0,1.0,81.0,8.333333333333334,21.9291789378647,1.5
primary,x86_64,none,0.3.0,2.4.4,32,1,one_giant,100,500,0.25,0,0.98,1,[100],powerlaw,1,0,0,22,11,"[61, 5, 3, 3, 3, 3, 3, 2, 2, 2, 2, 1, 1, 1, 1, 1, 1, 1, 1, 1, 1, 1]",0.04696029200022167,0.046982719222291455,0.046860558999469504,0.04710870500002784,9.891286957851827e-05,"[0.04696, 0.047021, 0.047103, 0.047109, 0.047087, 0.046914, 0.0469, 0.04689, 0.046861]",0.02426139300041541,0.02430479566676998,0.024210339000092063,0.024549908000153664,0.00010891064994983425,"[0.024213, 0.02421, 0.024311, 0.02424, 0.024317, 0.024247, 0.02455, 0.024261, 0.024393]",1.9355975149249511,1.9087875603923319,1.9458093915929349,87,optimal,nan,0.9413604736328125,0.7663087844848633,118.91155211546051,118.91154866268673,2.9036487380884084e-08,0.0003212302638244263,0.0002927238068799584,0.9998,0.8352941176470589,0.7171717171717171,0.7717391304347826,9,2,1e-07,1e-05,1000,100.0,100.0,100.0,0.0,100.0,1.0,61.0,4.545454545454546,12.364638996778723,1.5
primary,x86_64,none,0.3.0,2.4.4,32,1,one_giant,100,500,0.3,0,0.98,1,[100],powerlaw,1,0,0,29,14,"[29, 10, 7, 5, 5, 4, 4, 3, 3, 3, 3, 3, 3, 2, 2, 1, 1, 1, 1, 1, 1, 1, 1, 1, 1, 1, 1, 1, 1]",0.047172820000014326,0.04725804233334606,0.04712295300032565,0.0474601480000274,0.00012053895094385662,"[0.04735, 0.047173, 0.047359, 0.047123, 0.047347, 0.047166, 0.04746, 0.047172, 0.047173]",0.013652822000040032,0.013661528555530822,0.01359345599939843,0.013852289000169549,7.684073059041082e-05,"[0.013593, 0.013664, 0.013852, 0.013656, 0.013595, 0.013672, 0.013629, 0.01364, 0.013653]",3.4551699274974808,3.40181705707619,3.491396742824468,88,optimal,nan,0.9413604736328125,0.7111892700195312,120.6518576336215,120.6518575343837,8.225137269144963e-10,4.189180199991316e-05,3.7428270490353885e-05,1.0,0.9166666666666666,0.6666666666666666,0.7719298245614035,9,2,1e-07,1e-05,1000,100.0,100.0,100.0,0.0,100.0,1.0,29.0,3.4482758620689653,5.262660969093893,2.0
primary,x86_64,none,0.3.0,2.4.4,32,1,one_giant,100,500,0.35,0,0.98,1,[100],powerlaw,1,0,0,34,19,"[23, 14, 7, 6, 6, 4, 3, 3, 3, 2, 2, 2, 2, 2, 2, 1, 1, 1, 1, 1, 1, 1, 1, 1, 1, 1, 1, 1, 1, 1, 1, 1, 1, 1]",0.049006020000888384,0.049055226667001586,0.04890747300032672,0.04923517000042921,0.00010331972735262768,"[0.049128, 0.049006, 0.049005, 0.049143, 0.049106, 0.048907, 0.048998, 0.049235, 0.048969]",0.011780441999690083,0.011786905888988662,0.011746010000024398,0.011830309000288253,3.251629611211548e-05,"[0.011805, 0.011827, 0.011763, 0.011751, 0.011812, 0.011767, 0.01178, 0.011746, 0.01183]",4.159947479235297,4.134082465566627,4.191650611597209,91,optimal,nan,0.9413604736328125,0.7074441909790039,121.16148923995743,121.16148924270378,2.266683223294424e-11,8.126741055075604e-06,7.578305427533075e-06,1.0,0.9264705882352942,0.6363636363636364,0.7544910179640718,9,2,1e-07,1e-05,1000,100.0,100.0,100.0,0.0,100.0,1.0,23.0,2.9411764705882355,4.331425362942375,1.0
primary,x86_64,none,0.3.0,2.4.4,32,1,one_giant,100,500,0.4,0,0.98,1,[100],powerlaw,1,0,0,40,24,"[16, 15, 9, 5, 3, 3, 3, 3, 3, 3, 3, 2, 2, 2, 2, 2, 1, 1, 1, 1, 1, 1, 1, 1, 1, 1, 1, 1, 1, 1, 1, 1, 1, 1, 1, 1, 1, 1, 1, 1]",0.04187031600031332,0.04191253122250297,0.041819261999989976,0.04208759300036036,9.123365864144004e-05,"[0.041999, 0.04187, 0.041857, 0.041819, 0.041853, 0.041834, 0.041909, 0.042088, 0.041984]",0.010638253999786684,0.010639441444254771,0.010602635000395821,0.010675060999346897,2.342494119284135e-05,"[0.010637, 0.010638, 0.010637, 0.010648, 0.010603, 0.010607, 0.010675, 0.010645, 0.010664]",3.93582593545453,3.91747288400024,3.969540873451659,78,optimal,nan,0.9413604736328125,0.707118034362793,122.36384103377543,122.36384054408094,4.0019541860814515e-09,0.00010703816098699137,9.628199822126568e-05,1.0,0.967741935483871,0.6060606060606061,0.7453416149068324,9,2,1e-07,1e-05,1000,100.0,100.0,100.0,0.0,100.0,1.0,16.0,2.5,3.331666249791536,1.0
primary,x86_64,none,0.3.0,2.4.4,32,1,one_giant,100,1000,0.05,0,0.98,1,[100],powerlaw,1,0,0,1,0,[100],0.029478411999662057,0.02950809466670358,0.02943923100065149,0.029603079000480648,6.648918752630157e-05,"[0.02952, 0.029439, 0.029478, 0.029459, 0.029445, 0.029589, 0.029603, 0.029458, 0.029581]",0.030522052999913285,0.030504507222051162,0.030400947999623895,0.030594478999773855,7.530237232210371e-05,"[0.030577, 0.030522, 0.030401, 0.030549, 0.030485, 0.030412, 0.030429, 0.030571, 0.030594]",0.965806985517842,0.9622399845694085,0.9737551276640084,54,optimal,nan,0.9413604736328125,1.4787569046020508,113.03232301262588,113.03232301262588,0.0,0.0,0.0,1.0,0.09100418410041841,0.8787878787878788,0.16492890995260662,9,2,1e-07,1e-05,1000,100.0,100.0,100.0,0.0,100.0,100.0,100.0,100.0,0.0,100.0
primary,x86_64,none,0.3.0,2.4.4,32,1,one_giant,100,1000,0.1,0,0.98,1,[100],powerlaw,1,0,0,2,1,"[99, 1]",0.03957288000037806,0.039601771333461024,0.03952895000020362,0.03974266500063095,8.588307619886742e-05,"[0.039603, 0.039529, 0.039538, 0.039534, 0.039737, 0.039631, 0.039573, 0.039529, 0.039743]",0.040563092000411416,0.04054251266683827,0.040325632000531186,0.04074831200068729,0.00013233638468903463,"[0.040748, 0.040643, 0.040563, 0.040636, 0.040449, 0.040418, 0.040326, 0.040611, 0.040489]",0.9755883501182969,0.9700757665627203,0.9855435123771263,74,optimal,nan,0.9413604736328125,1.4545412063598633,115.34731584463064,115.34731567908189,1.4352198309654374e-09,1.9188936043516847e-05,1.819261126273794e-05,1.0,0.43005181347150256,0.8383838383838383,0.5684931506849313,9,2,1e-07,1e-05,1000,100.0,100.0,100.0,0.0,100.0,1.0,99.0,50.0,49.0,50.0
primary,x86_64,none,0.3.0,2.4.4,32,1,one_giant,100,1000,0.15,0,0.98,1,[100],powerlaw,1,0,0,9,4,"[80, 9, 3, 2, 2, 1, 1, 1, 1]",0.044298355000137235,0.04425495233337844,0.044013402000018687,0.04440283699932479,0.00012000759144472213,"[0.044171, 0.044298, 0.044228, 0.044302, 0.044342, 0.044355, 0.044181, 0.044013, 0.044403]",0.030905552999684005,0.030914259999917704,0.030836689999887312,0.03100410000024567,6.948265121638423e-05,"[0.030837, 0.030851, 0.030906, 0.030967, 0.030846, 0.031004, 0.030999, 0.030856, 0.030963]",1.4333461368767666,1.4195994078096101,1.439935252437504,82,optimal,nan,0.9413604736328125,1.0399446487426758,117.4807285127762,117.48072854342873,2.609153840943616e-10,1.5209961571560626e-05,1.458114751072131e-05,1.0,0.7339449541284404,0.8080808080808081,0.7692307692307693,9,2,1e-07,1e-05,1000,100.0,100.0,100.0,0.0,100.0,1.0,80.0,11.11111111111111,24.47422428435654,2.0
primary,x86_64,none,0.3.0,2.4.4,32,1,one_giant,100,1000,0.2,0,0.98,1,[100],powerlaw,1,0,0,17,7,"[59, 6, 6, 4, 4, 4, 3, 3, 2, 2, 1, 1, 1, 1, 1, 1, 1]",0.04587628299941571,0.04594435544448869,0.04577179999978398,0.04629302699959226,0.00016007721978976896,"[0.045841, 0.045875, 0.046021, 0.046013, 0.045805, 0.046293, 0.046003, 0.045876, 0.045772]",0.023215377999804332,0.023143083888903168,0.0230052250008157,0.02323437399991235,0.00010052093563648248,"[0.023005, 0.023116, 0.023221, 0.023228, 0.023234, 0.023031, 0.023219, 0.023017, 0.023215]",1.9761161330133143,1.9700035817602253,2.0122831660177565,85,optimal,nan,0.9413604736328125,0.7600936889648438,118.47132314908092,118.47132305957761,7.554849576092934e-10,4.9808015615639134e-05,4.4086271320372444e-05,1.0,0.8636363636363636,0.7676767676767676,0.8128342245989305,9,2,1e-07,1e-05,1000,100.0,100.0,100.0,0.0,100.0,1.0,59.0,5.882352941176471,13.38516453980994,2.0
primary,x86_64,none,0.3.0,2.4.4,32,1,one_giant,100,1000,0.25,0,0.98,1,[100],powerlaw,1,0,0,23,8,"[21, 16, 9, 7, 6, 5, 4, 4, 4, 3, 3, 3, 3, 2, 2, 1, 1, 1, 1, 1, 1, 1, 1]",0.03924162299972522,0.039260751110911464,0.03916326000035042,0.03944940099972882,9.146965632484186e-05,"[0.039351, 0.039214, 0.039163, 0.039449, 0.039175, 0.039242, 0.039259, 0.039288, 0.039205]",0.01142306300062046,0.011437046666792917,0.011400504000448564,0.011508549000609491,3.5933375121191925e-05,"[0.011418, 0.011421, 0.011485, 0.011509, 0.011423, 0.011424, 0.011441, 0.011401, 0.011412]",3.4352977828795797,3.4029711302681456,3.460320789166571,73,optimal,nan,0.9413604736328125,0.7074909210205078,119.91382582209201,119.91382524535275,4.809614318734548e-09,0.0001275562421602372,0.00011682806111393824,1.0,0.9367088607594937,0.7474747474747475,0.8314606741573033,9,2,1e-07,1e-05,1000,100.0,100.0,100.0,0.0,100.0,1.0,21.0,4.3478260869565215,4.9043786616360245,3.0
primary,x86_64,none,0.3.0,2.4.4,32,1,one_giant,100,1000,0.3,0,0.98,1,[100],powerlaw,1,0,0,30,12,"[16, 10, 9, 7, 6, 6, 5, 4, 3, 3, 3, 3, 3, 2, 2, 2, 2, 2, 1, 1, 1, 1, 1, 1, 1, 1, 1, 1, 1, 1]",0.04669314999955532,0.046698162777829566,0.04654829900027835,0.04693654700076877,0.00011582575511603762,"[0.046592, 0.046766, 0.046548, 0.046937, 0.046693, 0.046728, 0.046642, 0.046753, 0.046625]",0.009947243000169692,0.009970988777644784,0.009927058999892324,0.010064785000395204,4.643371075204e-05,"[0.00998, 0.009944, 0.009931, 0.009947, 0.009992, 0.009938, 0.009927, 0.010015, 0.010065]",4.694079555386228,4.624867694486328,4.728142242458504,87,optimal,nan,0.9413604736328125,0.7021818161010742,121.67449941552145,121.67449941636869,6.96314306888819e-12,1.1023798896905856e-05,1.0754738336438327e-05,1.0,0.971830985915493,0.696969696969697,0.811764705882353,9,2,1e-07,1e-05,1000,100.0,100.0,100.0,0.0,100.0,1.0,16.0,3.3333333333333335,3.3796778281697537,2.0
primary,x86_64,none,0.3.0,2.4.4,32,1,one_giant,100,1000,0.35,0,0.98,1,[100],powerlaw,1,0,0,37,22,"[18, 16, 7, 5, 5, 4, 3, 3, 3, 3, 3, 2, 2, 2, 2, 1, 1, 1, 1, 1, 1, 1, 1, 1, 1, 1, 1, 1, 1, 1, 1, 1, 1, 1, 1, 1, 1]",0.040399245000116935,0.040417318444370826,0.04026270500071405,0.04068657199968584,0.00012138227055307826,"[0.040494, 0.040447, 0.040399, 0.040687, 0.040379, 0.040402, 0.040315, 0.040371, 0.040263]",0.010327179999876535,0.010331005777617166,0.01029987199945026,0.010374672000580176,2.305922267335971e-05,"[0.010375, 0.01035, 0.010345, 0.010316, 0.010327, 0.010307, 0.0103, 0.010333, 0.010326]",3.9119338484077866,3.880865341907914,3.950201711424901,76,optimal,nan,0.9413604736328125,0.7044248580932617,122.36414230084344,122.36414226621622,2.829850277312118e-10,2.843617957169753e-05,2.706615702468051e-05,1.0,0.9841269841269841,0.6262626262626263,0.7654320987654321,9,2,1e-07,1e-05,1000,100.0,100.0,100.0,0.0,100.0,1.0,18.0,2.7027027027027026,3.7043791825123047,1.0
primary,x86_64,none,0.3.0,2.4.4,32,1,one_giant,100,1000,0.4,0,0.98,1,[100],powerlaw,1,0,0,39,23,"[16, 9, 9, 7, 5, 5, 4, 3, 3, 3, 3, 2, 2, 2, 2, 2, 1, 1, 1, 1, 1, 1, 1, 1, 1, 1, 1, 1, 1, 1, 1, 1, 1, 1, 1, 1, 1, 1, 1]",0.04551890499988076,0.045563362777708484,0.04544172999976581,0.04577773700020771,0.0001076674628756259,"[0.045686, 0.04561, 0.045511, 0.045778, 0.045494, 0.045531, 0.045519, 0.0455, 0.045442]",0.008786057999714103,0.008788828555427446,0.00876231199981703,0.008843048999551684,2.5179674429561867e-05,"[0.008766, 0.008803, 0.008843, 0.008779, 0.008762, 0.008769, 0.008786, 0.008804, 0.008787]",5.180810893959719,5.138694810135008,5.224390206735804,86,optimal,nan,0.9413604736328125,0.7020769119262695,123.04014163356766,123.04014163407857,4.152373704530563e-12,5.783778914275617e-06,5.410248827228605e-06,1.0,1.0,0.6161616161616161,0.7625,9,2,1e-07,1e-05,1000,100.0,100.0,100.0,0.0,100.0,1.0,16.0,2.5641025641025643,3.0195505846185697,1.0
primary,x86_64,none,0.3.0,2.4.4,32,1,one_giant,200,400,0.05,0,0.99,1,[200],powerlaw,1,0,0,1,0,[200],0.04964835200007656,0.049623682888927254,0.04932896700029232,0.04982763600037288,0.00015168938579346525,"[0.049648, 0.049669, 0.049828, 0.049709, 0.049768, 0.04962, 0.049329, 0.049477, 0.049565]",0.05174750799960748,0.05163946322227275,0.05116335300044739,0.05203008700027567,0.0002927715880971599,"[0.051163, 0.051848, 0.05203, 0.051556, 0.051918, 0.05134, 0.051748, 0.05139, 0.051761]",0.9594346456345909,0.9480854221910289,0.9738930910164776,22,optimal,nan,3.385162353515625,5.8297576904296875,173.99612008549414,173.99612008549414,0.0,0.0,0.0,1.0,0.03364919744730226,0.8743718592964824,0.06480446927374302,9,2,1e-07,1e-05,1000,200.0,200.0,200.0,0.0,200.0,200.0,200.0,200.0,0.0,200.0
primary,x86_64,none,0.3.0,2.4.4,32,1,one_giant,200,400,0.1,0,0.99,1,[200],powerlaw,1,0,0,1,0,[200],0.0889339059995109,0.08984826244432043,0.0887047549995259,0.09248513500006084,0.0015621745046551325,"[0.089503, 0.092389, 0.092485, 0.090356, 0.088711, 0.088705, 0.088781, 0.088771, 0.088934]",0.09093926399964403,0.09095601833339767,0.0906602479999492,0.0914676150005107,0.00027706741836052063,"[0.090683, 0.090939, 0.090684, 0.091196, 0.091111, 0.090803, 0.09066, 0.09106, 0.091468]",0.9779483810189955,0.9697941178310009,1.0201288551528411,40,optimal,nan,3.385162353515625,5.829843521118164,181.40298007533758,181.40298007533758,0.0,0.0,0.0,1.0,0.17667044167610418,0.7839195979899497,0.2883548983364141,9,2,1e-07,1e-05,1000,200.0,200.0,200.0,0.0,200.0,200.0,200.0,200.0,0.0,200.0
primary,x86_64,none,0.3.0,2.4.4,32,1,one_giant,200,400,0.15,0,0.99,1,[200],powerlaw,1,0,0,31,23,"[158, 7, 2, 2, 2, 2, 2, 2, 1, 1, 1, 1, 1, 1, 1, 1, 1, 1, 1, 1, 1, 1, 1, 1, 1, 1, 1, 1, 1, 1, 1]",0.09383035200062295,0.09385014088891491,0.09343141800036392,0.09414617600032216,0.00023327737049987497,"[0.09383, 0.094082, 0.093688, 0.094089, 0.094146, 0.093904, 0.093678, 0.093802, 0.093431]",0.06633711399990716,0.06635650688864796,0.06621007299963821,0.0664819659996283,9.247287515171228e-05,"[0.066337, 0.066452, 0.066277, 0.066411, 0.066311, 0.066436, 0.066482, 0.06621, 0.066293]",1.4144473032208527,1.4053648473765998,1.4219313124883066,43,optimal,nan,3.385162353515625,3.9970827102661133,183.81357269446636,183.8135724567004,1.2935168841140718e-09,7.047840766638558e-05,5.0184595740191884e-05,1.0,0.591304347826087,0.6834170854271356,0.634032634032634,9,2,1e-07,1e-05,1000,200.0,200.0,200.0,0.0,200.0,1.0,158.0,6.451612903225806,27.690499954336758,1.0
primary,x86_64,none,0.3.0,2.4.4,32,1,one_giant,200,400,0.2,0,0.99,1,[200],powerlaw,1,0,0,69,48,"[79, 8, 6, 6, 6, 5, 4, 3, 3, 3, 3, 3, 3, 3, 3, 3, 3, 2, 2, 2, 2, 1, 1, 1, 1, 1, 1, 1, 1, 1, 1, 1, 1, 1, 1, 1, 1, 1, 1, 1, 1, 1, 1, 1, 1, 1, 1, 1, 1, 1, 1, 1, 1, 1, 1, 1, 1, 1, 1, 1, 1, 1, 1, 1, 1, 1, 1, 1, 1]",0.09208857599969633,0.09210876033325298,0.09192828999948688,0.09243645600054151,0.00017038951345824425,"[0.092211, 0.091986, 0.092241, 0.09194, 0.092169, 0.091928, 0.092089, 0.091978, 0.092436]",0.027531232000001182,0.02751988699997633,0.027468305000184046,0.027571601000090595,3.964234766637078e-05,"[0.027549, 0.027468, 0.027541, 0.027572, 0.027475, 0.027478, 0.027503, 0.027531, 0.027562]",3.3448766840398707,3.334165832415202,3.3652042235559185,42,optimal,nan,3.385162353515625,2.4540252685546875,186.7657591441742,186.76575830197623,4.5093810610404614e-09,0.0002465956015809262,0.00018062498934865858,0.99995,0.8478260869565217,0.5879396984924623,0.6943620178041543,9,2,1e-07,1e-05,1000,200.0,200.0,200.0,0.0,200.0,1.0,79.0,2.898550724637681,9.347005918406778,1.0
primary,x86_64,none,0.3.0,2.4.4,32,1,one_giant,200,400,0.25,0,0.99,1,[200],powerlaw,1,0,0,102,71,"[23, 11, 7, 6, 6, 6, 5, 4, 4, 3, 3, 3, 3, 3, 3, 3, 3, 3, 3, 3, 3, 3, 2, 2, 2, 2, 2, 2, 2, 2, 2, 1, 1, 1, 1, 1, 1, 1, 1, 1, 1, 1, 1, 1, 1, 1, 1, 1, 1, 1, 1, 1, 1, 1, 1, 1, 1, 1, 1, 1, 1, 1, 1, 1, 1, 1, 1, 1, 1, 1, 1, 1, 1, 1, 1, 1, 1, 1, 1, 1, 1, 1, 1, 1, 1, 1, 1, 1, 1, 1, 1, 1, 1, 1, 1, 1, 1, 1, 1, 1, 1, 1]",0.09886808899955213,0.09894091022235646,0.0987184880004861,0.09924327700082358,0.00018670900656107036,"[0.099243, 0.098868, 0.099121, 0.09912, 0.098811, 0.098718, 0.0988, 0.098777, 0.099009]",0.01588970499960851,0.015913187444514025,0.015865959000620933,0.015977566000401566,3.873226257184646e-05,"[0.015866, 0.015951, 0.01589, 0.015887, 0.015889, 0.015885, 0.015922, 0.015951, 0.015978]",6.222147547861211,6.1785686254092145,6.255107365204939,45,optimal,nan,3.385162353515625,2.3456926345825195,189.32208050774398,189.32208045954374,2.5459383704851813e-10,5.952648136298144e-05,4.379670232309978e-05,1.0,0.9591836734693877,0.4723618090452261,0.632996632996633,9,2,1e-07,1e-05,1000,200.0,200.0,200.0,0.0,200.0,1.0,23.0,1.9607843137254901,2.611894243975955,1.0
primary,x86_64,none,0.3.0,2.4.4,32,1,one_giant,200,400,0.3,0,0.99,1,[200],powerlaw,1,0,0,125,95,"[19, 6, 6, 6, 6, 4, 3, 3, 3, 3, 3, 3, 3, 3, 3, 3, 2, 2, 2, 2, 2, 2, 2, 2, 2, 2, 2, 2, 2, 2, 1, 1, 1, 1, 1, 1, 1, 1, 1, 1, 1, 1, 1, 1, 1, 1, 1, 1, 1, 1, 1, 1, 1, 1, 1, 1, 1, 1, 1, 1, 1, 1, 1, 1, 1, 1, 1, 1, 1, 1, 1, 1, 1, 1, 1, 1, 1, 1, 1, 1, 1, 1, 1, 1, 1, 1, 1, 1, 1, 1, 1, 1, 1, 1, 1, 1, 1, 1, 1, 1, 1, 1, 1, 1, 1, 1, 1, 1, 1, 1, 1, 1, 1, 1, 1, 1, 1, 1, 1, 1, 1, 1, 1, 1, 1]",0.10047332600061054,0.10045749500012688,0.10015512700010731,0.10065735900025174,0.00015300857180903667,"[0.100546, 0.100155, 0.100473, 0.100597, 0.100528, 0.100395, 0.100448, 0.100318, 0.100657]",0.013266947999909462,0.013295179333403616,0.013237265000498155,0.013471164000293356,7.235929708205059e-05,"[0.013252, 0.013267, 0.013325, 0.013263, 0.013313, 0.013471, 0.013282, 0.013246, 0.013237]",7.573205683876669,7.434778984052623,7.604090346190374,46,optimal,nan,3.385162353515625,2.349140167236328,187.67999615182973,187.67999614286927,4.7743263386769063e-11,2.3794288399076047e-05,1.720933182409775e-05,1.0,1.0,0.3768844221105528,0.5474452554744526,9,2,1e-07,1e-05,1000,200.0,200.0,200.0,0.0,200.0,1.0,19.0,1.6,1.8804254837669057,1.0
primary,x86_64,none,0.3.0,2.4.4,32,1,one_giant,200,400,0.35,0,0.99,1,[200],powerlaw,1,0,0,140,116,"[19, 6, 5, 5, 3, 3, 3, 3, 3, 3, 3, 3, 3, 2, 2, 2, 2, 2, 2, 2, 2, 2, 2, 2, 1, 1, 1, 1, 1, 1, 1, 1, 1, 1, 1, 1, 1, 1, 1, 1, 1, 1, 1, 1, 1, 1, 1, 1, 1, 1, 1, 1, 1, 1, 1, 1, 1, 1, 1, 1, 1, 1, 1, 1, 1, 1, 1, 1, 1, 1, 1, 1, 1, 1, 1, 1, 1, 1, 1, 1, 1, 1, 1, 1, 1, 1, 1, 1, 1, 1, 1, 1, 1, 1, 1, 1, 1, 1, 1, 1, 1, 1, 1, 1, 1, 1, 1, 1, 1, 1, 1, 1, 1, 1, 1, 1, 1, 1, 1, 1, 1, 1, 1, 1, 1, 1, 1, 1, 1, 1, 1, 1, 1, 1, 1, 1, 1, 1, 1, 1]",0.09894170200004737,0.09896373344448268,0.09861044400076935,0.09933707500022138,0.00026392126034915426,"[0.099291, 0.098942, 0.09922, 0.098721, 0.099337, 0.098754, 0.098832, 0.09861, 0.098967]",0.012059457999384904,0.012092835222069375,0.012022651999359368,0.012344411999947624,9.966901250128006e-05,"[0.012059, 0.012113, 0.012048, 0.012023, 0.012109, 0.012037, 0.012071, 0.012344, 0.012031]",8.204489953453457,7.98826578383707,8.262492751642032,45,optimal,nan,3.385162353515625,2.3498153686523438,190.41878316061735,190.41878302857756,6.934178704035824e-10,0.00010517853730684923,7.521919115555494e-05,1.0,1.0,0.3015075376884422,0.4633204633204633,9,2,1e-07,1e-05,1000,200.0,200.0,200.0,0.0,200.0,1.0,19.0,1.4285714285714286,1.6951310827647232,1.0
primary,x86_64,none,0.3.0,2.4.4,32,1,one_giant,200,400,0.4,0,0.99,1,[200],powerlaw,1,0,0,160,148,"[19, 5, 4, 4, 3, 3, 3, 3, 2, 2, 2, 2, 1, 1, 1, 1, 1, 1, 1, 1, 1, 1, 1, 1, 1, 1, 1, 1, 1, 1, 1, 1, 1, 1, 1, 1, 1, 1, 1, 1, 1, 1, 1, 1, 1, 1, 1, 1, 1, 1, 1, 1, 1, 1, 1, 1, 1, 1, 1, 1, 1, 1, 1, 1, 1, 1, 1, 1, 1, 1, 1, 1, 1, 1, 1, 1, 1, 1, 1, 1, 1, 1, 1, 1, 1, 1, 1, 1, 1, 1, 1, 1, 1, 1, 1, 1, 1, 1, 1, 1, 1, 1, 1, 1, 1, 1, 1, 1, 1, 1, 1, 1, 1, 1, 1, 1, 1, 1, 1, 1, 1, 1, 1, 1, 1, 1, 1, 1, 1, 1, 1, 1, 1, 1, 1, 1, 1, 1, 1, 1, 1, 1, 1, 1, 1, 1, 1, 1, 1, 1, 1, 1, 1, 1, 1, 1, 1, 1, 1, 1]",0.1022246009997616,0.10219043344427013,0.10199189000013575,0.10259741599929839,0.00019014128655286738,"[0.102227, 0.102308, 0.102227, 0.101999, 0.102089, 0.102225, 0.102597, 0.10205, 0.101992]",0.009361901000374928,0.009362692777762681,0.00934171700009756,0.009408206000443897,1.922732661209705e-05,"[0.009345, 0.009363, 0.009408, 0.009363, 0.009342, 0.009369, 0.009362, 0.009354, 0.009358]",10.919214056596806,10.840737330296932,10.982715061720123,46,optimal,nan,3.385162353515625,2.3507156372070312,190.7241348276324,190.7241347756608,2.7249632183468844e-10,6.590495695266152e-05,4.9675977160486554e-05,1.0,1.0,0.20100502512562815,0.3347280334728034,9,2,1e-07,1e-05,1000,200.0,200.0,200.0,0.0,200.0,1.0,19.0,1.25,1.51657508881031,1.0
primary,x86_64,none,0.3.0,2.4.4,32,1,one_giant,200,1000,0.05,0,0.99,1,[200],powerlaw,1,0,0,1,0,[200],0.07350487599978806,0.07350448066659333,0.07319142800042755,0.07417807900037587,0.00029188781017135205,"[0.073584, 0.073314, 0.073505, 0.073218, 0.073191, 0.073463, 0.074178, 0.073545, 0.073542]",0.07551854700068361,0.07562105044467494,0.07535113599988108,0.07603502500023751,0.00027354848707860025,"[0.075638, 0.076035, 0.075519, 0.075351, 0.075377, 0.075481, 0.075357, 0.075813, 0.076018]",0.9733354112218641,0.9626014853049489,0.9844321258871657,33,optimal,nan,3.385162353515625,5.829800605773926,179.02076355446533,179.02076355446533,0.0,0.0,0.0,1.0,0.09052631578947369,0.864321608040201,0.16388756550738448,9,2,1e-07,1e-05,1000,200.0,200.0,200.0,0.0,200.0,200.0,200.0,200.0,0.0,200.0
primary,x86_64,none,0.3.0,2.4.4,32,1,one_giant,200,1000,0.1,0,0.99,1,[200],powerlaw,1,0,0,21,10,"[165, 4, 3, 3, 3, 2, 2, 2, 2, 2, 2, 1, 1, 1, 1, 1, 1, 1, 1, 1, 1]",0.08770267199997761,0.0876658656666728,0.0874580869995043,0.0878463359995294,0.00014466143051022513,"[0.087795, 0.087482, 0.087703, 0.087633, 0.087538, 0.087749, 0.087846, 0.087458, 0.087789]",0.06804327300051227,0.06802928933343032,0.06790198399994551,0.06817625099938596,9.687601423526271e-05,"[0.068043, 0.068048, 0.067919, 0.068001, 0.068154, 0.067949, 0.067902, 0.068072, 0.068176]",1.2889249463252206,1.2828233544301522,1.2937226694230304,40,optimal,nan,3.385162353515625,4.2720489501953125,183.03180906932704,183.03180818214298,4.847157782492081e-09,0.0001267415592684576,9.55211208197675e-05,1.0,0.6830357142857143,0.7688442211055276,0.7234042553191489,9,2,1e-07,1e-05,1000,200.0,200.0,200.0,0.0,200.0,1.0,165.0,9.523809523809524,34.77631795129313,2.0
primary,x86_64,none,0.3.0,2.4.4,32,1,one_giant,200,1000,0.15,0,0.99,1,[200],powerlaw,1,0,0,57,31,"[63, 12, 9, 9, 8, 8, 6, 5, 5, 4, 4, 3, 3, 3, 3, 3, 3, 2, 2, 2, 2, 2, 2, 2, 2, 2, 1, 1, 1, 1, 1, 1, 1, 1, 1, 1, 1, 1, 1, 1, 1, 1, 1, 1, 1, 1, 1, 1, 1, 1, 1, 1, 1, 1, 1, 1, 1]",0.08943970000018453,0.0894131837778534,0.08909063300052367,0.08965935200012609,0.00019176984453978736,"[0.089531, 0.08944, 0.089292, 0.089091, 0.089659, 0.089264, 0.089628, 0.089281, 0.089532]",0.023552573000415578,0.02359280955564221,0.02345758800038311,0.023746103999656043,0.00011072447149357361,"[0.023724, 0.023725, 0.023526, 0.023581, 0.023746, 0.023547, 0.023553, 0.023477, 0.023458]",3.797449221306156,3.7518000006154324,3.822189732322938,41,optimal,nan,3.385162353515625,2.4079723358154297,185.77889810456915,185.7788979782214,6.800973857839504e-10,0.0001222568110103156,9.523568614085863e-05,1.0,0.9655172413793104,0.7035175879396985,0.8139534883720931,9,2,1e-07,1e-05,1000,200.0,200.0,200.0,0.0,200.0,1.0,63.0,3.508771929824561,8.31427182835053,1.0
primary,x86_64,none,0.3.0,2.4.4,32,1,one_giant,200,1000,0.2,0,0.99,1,[200],powerlaw,1,0,0,76,40,"[43, 8, 8, 6, 6, 5, 5, 4, 4, 4, 4, 3, 3, 3, 3, 3, 3, 3, 3, 3, 3, 3, 3, 3, 2, 2, 2, 2, 2, 2, 2, 2, 2, 2, 2, 2, 1, 1, 1, 1, 1, 1, 1, 1, 1, 1, 1, 1, 1, 1, 1, 1, 1, 1, 1, 1, 1, 1, 1, 1, 1, 1, 1, 1, 1, 1, 1, 1, 1, 1, 1, 1, 1, 1, 1, 1]",0.09535129300002154,0.09544245133343389,0.0952290000004723,0.0956967980000627,0.00017716501340599085,"[0.095697, 0.095349, 0.095504, 0.095229, 0.095285, 0.095659, 0.095609, 0.095299, 0.095351]",0.021859475999917777,0.0218538034444767,0.021787050999591884,0.021909343000515946,3.986213489078107e-05,"[0.021909, 0.02189, 0.021859, 0.021787, 0.021859, 0.021826, 0.02189, 0.021849, 0.021813]",4.36201183415285,4.346501855314864,4.392370403954867,44,optimal,nan,3.385162353515625,2.395014762878418,185.9835617261129,185.98356123151405,2.6593686354532337e-09,0.00015341557910175663,0.00011504058572877554,1.0,0.968503937007874,0.6180904522613065,0.754601226993865,9,2,1e-07,1e-05,1000,200.0,200.0,200.0,0.0,200.0,1.0,43.0,2.6315789473684212,4.922670716248388,1.0
primary,x86_64,none,0.3.0,2.4.4,32,1,one_giant,200,1000,0.25,0,0.99,1,[200],powerlaw,1,0,0,105,70,"[19, 12, 6, 6, 6, 4, 4, 4, 4, 3, 3, 3, 3, 3, 3, 3, 3, 3, 3, 3, 3, 3, 2, 2, 2, 2, 2, 2, 2, 2, 2, 2, 2, 2, 2, 1, 1, 1, 1, 1, 1, 1, 1, 1, 1, 1, 1, 1, 1, 1, 1, 1, 1, 1, 1, 1, 1, 1, 1, 1, 1, 1, 1, 1, 1, 1, 1, 1, 1, 1, 1, 1, 1, 1, 1, 1, 1, 1, 1, 1, 1, 1, 1, 1, 1, 1, 1, 1, 1, 1, 1, 1, 1, 1, 1, 1, 1, 1, 1, 1, 1, 1, 1, 1, 1]",0.09177394299968,0.09184267466662277,0.09144505899985234,0.0924756399999751,0.00028621647258211705,"[0.092476, 0.091722, 0.091951, 0.091707, 0.091774, 0.091672, 0.091976, 0.091445, 0.091862]",0.01602743300009024,0.01604497844467308,0.01597044200025266,0.016232836000199313,7.78290670453576e-05,"[0.015998, 0.016002, 0.01597, 0.016233, 0.015995, 0.016067, 0.016049, 0.016027, 0.016063]",5.726053760397144,5.633338438134257,5.790424585525691,42,optimal,nan,3.385162353515625,2.3480424880981445,188.19913690681733,188.19913677542817,6.981390004825074e-10,9.965074439172161e-05,7.606337357516267e-05,1.0,1.0,0.47738693467336685,0.6462585034013606,9,2,1e-07,1e-05,1000,200.0,200.0,200.0,0.0,200.0,1.0,19.0,1.9047619047619047,2.2573638629997874,1.0
primary,x86_64,none,0.3.0,2.4.4,32,1,one_giant,200,1000,0.3,0,0.99,1,[200],powerlaw,1,0,0,127,97,"[19, 6, 6, 6, 6, 4, 4, 3, 3, 3, 3, 3, 3, 2, 2, 2, 2, 2, 2, 2, 2, 2, 2, 2, 2, 2, 2, 2, 2, 2, 1, 1, 1, 1, 1, 1, 1, 1, 1, 1, 1, 1, 1, 1, 1, 1, 1, 1, 1, 1, 1, 1, 1, 1, 1, 1, 1, 1, 1, 1, 1, 1, 1, 1, 1, 1, 1, 1, 1, 1, 1, 1, 1, 1, 1, 1, 1, 1, 1, 1, 1, 1, 1, 1, 1, 1, 1, 1, 1, 1, 1, 1, 1, 1, 1, 1, 1, 1, 1, 1, 1, 1, 1, 1, 1, 1, 1, 1, 1, 1, 1, 1, 1, 1, 1, 1, 1, 1, 1, 1, 1, 1, 1, 1, 1, 1, 1]",0.09619071799988888,0.09625390955564701,0.09597344200028601,0.09667395199994644,0.00022261085508927156,"[0.096385, 0.096191, 0.096104, 0.095973, 0.09607, 0.09649, 0.096674, 0.096168, 0.09623]",0.013219456000115315,0.013222886110977723,0.013176713000575546,0.01326932299980399,3.335280711850838e-05,"[0.013242, 0.013242, 0.013219, 0.013262, 0.013269, 0.013177, 0.013216, 0.013189, 0.01319]",7.276450558861861,7.232730863639667,7.336727452113726,44,optimal,nan,3.385162353515625,2.3496789932250977,189.00745074498212,189.00745059369402,8.004346125108516e-10,0.00010862960576096814,8.275380351384992e-05,1.0,1.0,0.36683417085427134,0.5367647058823529,9,2,1e-07,1e-05,1000,200.0,200.0,200.0,0.0,200.0,1.0,19.0,1.5748031496062993,1.863531847192821,1.0
primary,x86_64,none,0.3.0,2.4.4,32,1,one_giant,200,1000,0.35,0,0.99,1,[200],powerlaw,1,0,0,145,126,"[19, 6, 5, 5, 4, 4, 3, 3, 3, 3, 3, 2, 2, 2, 2, 2, 2, 2, 2, 1, 1, 1, 1, 1, 1, 1, 1, 1, 1, 1, 1, 1, 1, 1, 1, 1, 1, 1, 1, 1, 1, 1, 1, 1, 1, 1, 1, 1, 1, 1, 1, 1, 1, 1, 1, 1, 1, 1, 1, 1, 1, 1, 1, 1, 1, 1, 1, 1, 1, 1, 1, 1, 1, 1, 1, 1, 1, 1, 1, 1, 1, 1, 1, 1, 1, 1, 1, 1, 1, 1, 1, 1, 1, 1, 1, 1, 1, 1, 1, 1, 1, 1, 1, 1, 1, 1, 1, 1, 1, 1, 1, 1, 1, 1, 1, 1, 1, 1, 1, 1, 1, 1, 1, 1, 1, 1, 1, 1, 1, 1, 1, 1, 1, 1, 1, 1, 1, 1, 1, 1, 1, 1, 1, 1, 1]",0.09438720199977979,0.09445210811110075,0.09426372199959587,0.09472677099984139,0.00014008557788994,"[0.094574, 0.094369, 0.094539, 0.094375, 0.094264, 0.094387, 0.094463, 0.094371, 0.094727]",0.01099088400042092,0.010985343777873722,0.010936269000012544,0.01102887799970631,2.8253019531420594e-05,"[0.01101, 0.011029, 0.010991, 0.010958, 0.010974, 0.010973, 0.010936, 0.010993, 0.011004]",8.58777164750033,8.546991090309099,8.661708211432321,43,optimal,nan,3.385162353515625,2.348954200744629,190.4394264483004,190.43942626062668,9.85477238722008e-10,0.00012725394559703895,9.879507981740834e-05,1.0,1.0,0.27638190954773867,0.43307086614173224,9,2,1e-07,1e-05,1000,200.0,200.0,200.0,0.0,200.0,1.0,19.0,1.3793103448275863,1.6736042687904666,1.0
primary,x86_64,none,0.3.0,2.4.4,32,1,one_giant,200,1000,0.4,0,0.99,1,[200],powerlaw,1,0,0,160,146,"[18, 5, 4, 4, 4, 3, 2, 2, 2, 2, 2, 2, 2, 2, 1, 1, 1, 1, 1, 1, 1, 1, 1, 1, 1, 1, 1, 1, 1, 1, 1, 1, 1, 1, 1, 1, 1, 1, 1, 1, 1, 1, 1, 1, 1, 1, 1, 1, 1, 1, 1, 1, 1, 1, 1, 1, 1, 1, 1, 1, 1, 1, 1, 1, 1, 1, 1, 1, 1, 1, 1, 1, 1, 1, 1, 1, 1, 1, 1, 1, 1, 1, 1, 1, 1, 1, 1, 1, 1, 1, 1, 1, 1, 1, 1, 1, 1, 1, 1, 1, 1, 1, 1, 1, 1, 1, 1, 1, 1, 1, 1, 1, 1, 1, 1, 1, 1, 1, 1, 1, 1, 1, 1, 1, 1, 1, 1, 1, 1, 1, 1, 1, 1, 1, 1, 1, 1, 1, 1, 1, 1, 1, 1, 1, 1, 1, 1, 1, 1, 1, 1, 1, 1, 1, 1, 1, 1, 1, 1, 1]",0.09297074700043595,0.09289594700011447,0.09252194500004407,0.09311678599988227,0.00018268037485233185,"[0.092971, 0.093117, 0.09303, 0.092696, 0.092919, 0.092981, 0.092857, 0.092522, 0.092971]",0.009506753000096069,0.009508468000098623,0.00947825700040994,0.009561369000039122,2.565868560252754e-05,"[0.009487, 0.009561, 0.009516, 0.009532, 0.009478, 0.009507, 0.009509, 0.009494, 0.009493]",9.779442781304663,9.676642016395927,9.824252074601366,42,optimal,nan,3.385162353515625,2.349287986755371,191.30101034783752,191.30101017813402,8.871019403830418e-10,0.000123080235950368,9.607262629318485e-05,1.0,1.0,0.20100502512562815,0.3347280334728034,9,2,1e-07,1e-05,1000,200.0,200.0,200.0,0.0,200.0,1.0,18.0,1.25,1.4448183276799889,1.0
primary,x86_64,none,0.3.0,2.4.4,32,1,one_giant,200,2000,0.05,0,0.99,1,[200],powerlaw,1,0,0,1,0,[200],0.07773762200031342,0.07774500955555494,0.07759514499957731,0.07799408000028052,0.00012420817891071743,"[0.077738, 0.077786, 0.077765, 0.077595, 0.077994, 0.077676, 0.077858, 0.077651, 0.077643]",0.07959694199962541,0.07974786144455316,0.07955419900008565,0.08012291800059756,0.00022547965181611625,"[0.080034, 0.079583, 0.079589, 0.079597, 0.079559, 0.079554, 0.079756, 0.080123, 0.079937]",0.9766408111592938,0.9684513112590158,0.9803892312484543,35,optimal,nan,3.385162353515625,5.829800605773926,179.44102902000455,179.44102902000455,0.0,0.0,0.0,1.0,0.2933104631217839,0.8592964824120602,0.4373401534526854,9,2,1e-07,1e-05,1000,200.0,200.0,200.0,0.0,200.0,200.0,200.0,200.0,0.0,200.0
primary,x86_64,none,0.3.0,2.4.4,32,1,one_giant,200,2000,0.1,0,0.99,1,[200],powerlaw,1,0,0,38,13,"[108, 12, 8, 6, 5, 4, 3, 3, 3, 3, 3, 3, 2, 2, 2, 2, 2, 2, 2, 2, 2, 2, 2, 2, 2, 1, 1, 1, 1, 1, 1, 1, 1, 1, 1, 1, 1, 1]",0.08150850299989543,0.08154504577770341,0.08120217799933016,0.08179701799963368,0.00019030698978347732,"[0.08149, 0.081785, 0.081509, 0.081536, 0.08143, 0.081797, 0.081454, 0.081703, 0.081202]",0.03734905999954208,0.037374917222122245,0.03730512999936764,0.03756040100051905,7.892183680404596e-05,"[0.037349, 0.037424, 0.03736, 0.037305, 0.037323, 0.037394, 0.037324, 0.037335, 0.03756]",2.1823441607605325,2.161909240484627,2.192647981685635,37,optimal,nan,3.385162353515625,2.570283889770508,182.1490262388402,182.14902431443426,1.0565008168781082e-08,0.0004233997705008971,0.00033029096684739225,0.99995,0.9011627906976745,0.7788944723618091,0.8355795148247978,9,2,1e-07,1e-05,1000,200.0,200.0,200.0,0.0,200.0,1.0,108.0,5.2631578947368425,17.025807362456863,2.0
primary,x86_64,none,0.3.0,2.4.4,32,1,one_giant,200,2000,0.15,0,0.99,1,[200],powerlaw,1,0,0,62,30,"[37, 12, 12, 9, 8, 8, 6, 6, 6, 5, 5, 4, 4, 4, 3, 3, 3, 3, 3, 3, 3, 3, 2, 2, 2, 2, 2, 2, 2, 2, 2, 2, 1, 1, 1, 1, 1, 1, 1, 1, 1, 1, 1, 1, 1, 1, 1, 1, 1, 1, 1, 1, 1, 1, 1, 1, 1, 1, 1, 1, 1, 1]",0.08341887799997494,0.08338497366680207,0.08311374100048852,0.08363378000012744,0.00016609743786199642,"[0.083217, 0.083419, 0.083114, 0.083634, 0.083322, 0.083485, 0.083286, 0.083558, 0.083431]",0.019708080000782502,0.01970517733348566,0.019635654000012437,0.019786441999713134,4.4461166775016696e-05,"[0.019645, 0.019721, 0.019725, 0.019703, 0.019708, 0.019636, 0.019706, 0.019786, 0.019716]",4.23272475028835,4.200539996109129,4.2592816108938605,38,optimal,nan,3.385162353515625,2.377033233642578,185.3243703077503,185.32437010210143,1.1096699683872369e-09,0.00012570793775523725,9.833617966973841e-05,1.0,1.0,0.6934673366834171,0.8189910979228486,9,2,1e-07,1e-05,1000,200.0,200.0,200.0,0.0,200.0,1.0,37.0,3.225806451612903,5.030293247524184,2.0
primary,x86_64,none,0.3.0,2.4.4,32,1,one_giant,200,2000,0.2,0,0.99,1,[200],powerlaw,1,0,0,80,50,"[37, 11, 9, 9, 8, 6, 5, 4, 4, 4, 4, 4, 3, 3, 3, 3, 3, 3, 3, 3, 3, 2, 2, 2, 2, 2, 2, 2, 2, 2, 1, 1, 1, 1, 1, 1, 1, 1, 1, 1, 1, 1, 1, 1, 1, 1, 1, 1, 1, 1, 1, 1, 1, 1, 1, 1, 1, 1, 1, 1, 1, 1, 1, 1, 1, 1, 1, 1, 1, 1, 1, 1, 1, 1, 1, 1, 1, 1, 1, 1]",0.08567000800030655,0.08556143577758728,0.08525088999977015,0.0857400589993631,0.00019234808690380399,"[0.08559, 0.08574, 0.085688, 0.08572, 0.085359, 0.085703, 0.085251, 0.08567, 0.085332]",0.018667999999706808,0.018654411777687428,0.01858132600045792,0.018694119999963732,3.3117791849691396e-05,"[0.018694, 0.018645, 0.018581, 0.018668, 0.01868, 0.01867, 0.018668, 0.018632, 0.01865]",4.589136918880011,4.560305058485532,4.614313262533046,40,optimal,nan,3.385162353515625,2.3784122467041016,187.04274957979095,187.04274884238038,3.94247077285373e-09,0.0002872737687049376,0.00022109848810037775,1.0,1.0,0.6030150753768844,0.7523510971786833,9,2,1e-07,1e-05,1000,200.0,200.0,200.0,0.0,200.0,1.0,37.0,2.5,4.364630568559039,1.0
primary,x86_64,none,0.3.0,2.4.4,32,1,one_giant,200,2000,0.25,0,0.99,1,[200],powerlaw,1,0,0,102,67,"[19, 12, 7, 6, 6, 6, 4, 4, 4, 3, 3, 3, 3, 3, 3, 3, 3, 3, 3, 3, 3, 3, 2, 2, 2, 2, 2, 2, 2, 2, 2, 2, 2, 2, 2, 1, 1, 1, 1, 1, 1, 1, 1, 1, 1, 1, 1, 1, 1, 1, 1, 1, 1, 1, 1, 1, 1, 1, 1, 1, 1, 1, 1, 1, 1, 1, 1, 1, 1, 1, 1, 1, 1, 1, 1, 1, 1, 1, 1, 1, 1, 1, 1, 1, 1, 1, 1, 1, 1, 1, 1, 1, 1, 1, 1, 1, 1, 1, 1, 1, 1, 1]",0.08932097300021269,0.08930962711110624,0.08898140299970692,0.08980895500008046,0.0002507500618929096,"[0.089338, 0.089809, 0.089455, 0.089402, 0.089234, 0.089265, 0.088981, 0.089321, 0.088981]",0.016215026999816473,0.016193260111018997,0.01607017599963001,0.01625777100070991,6.408700215737687e-05,"[0.016156, 0.016248, 0.01623, 0.016215, 0.016251, 0.01607, 0.016179, 0.016132, 0.016258]",5.5085306365030196,5.473161295962496,5.588548314725873,41,optimal,nan,3.385162353515625,2.3476572036743164,188.7027915805907,188.70279113674087,2.352110631196897e-09,0.00019097101922646575,0.0001495592699327275,1.0,1.0,0.49246231155778897,0.6599326599326599,9,2,1e-07,1e-05,1000,200.0,200.0,200.0,0.0,200.0,1.0,19.0,1.9607843137254901,2.3302005662538203,1.0
primary,x86_64,none,0.3.0,2.4.4,32,1,one_giant,200,2000,0.3,0,0.99,1,[200],powerlaw,1,0,0,126,96,"[19, 6, 6, 6, 5, 4, 3, 3, 3, 3, 3, 3, 3, 3, 3, 3, 2, 2, 2, 2, 2, 2, 2, 2, 2, 2, 2, 2, 2, 2, 1, 1, 1, 1, 1, 1, 1, 1, 1, 1, 1, 1, 1, 1, 1, 1, 1, 1, 1, 1, 1, 1, 1, 1, 1, 1, 1, 1, 1, 1, 1, 1, 1, 1, 1, 1, 1, 1, 1, 1, 1, 1, 1, 1, 1, 1, 1, 1, 1, 1, 1, 1, 1, 1, 1, 1, 1, 1, 1, 1, 1, 1, 1, 1, 1, 1, 1, 1, 1, 1, 1, 1, 1, 1, 1, 1, 1, 1, 1, 1, 1, 1, 1, 1, 1, 1, 1, 1, 1, 1, 1, 1, 1, 1, 1, 1]",0.08933878200059553,0.08928878355578086,0.08903245800047443,0.08961067499967612,0.0002112754383189893,"[0.089339, 0.089611, 0.08934, 0.089444, 0.089222, 0.0895, 0.089032, 0.089057, 0.089053]",0.013378554999690095,0.013386470555411102,0.013270510000438662,0.013474727000357234,5.8807650506711866e-05,"[0.013456, 0.013475, 0.013375, 0.013379, 0.013271, 0.013411, 0.013362, 0.013379, 0.013373]",6.677760191789397,6.607366368024677,6.752617269171569,41,optimal,nan,3.385162353515625,2.350033760070801,189.0859337191749,189.08593344588118,1.4453413667519138e-09,0.00015841747167880116,0.00012551546856418692,1.0,1.0,0.37185929648241206,0.5421245421245421,9,2,1e-07,1e-05,1000,200.0,200.0,200.0,0.0,200.0,1.0,19.0,1.5873015873015872,1.8570750225028148,1.0
primary,x86_64,none,0.3.0,2.4.4,32,1,one_giant,200,2000,0.35,0,0.99,1,[200],powerlaw,1,0,0,142,121,"[19, 6, 6, 5, 5, 4, 3, 3, 3, 3, 2, 2, 2, 2, 2, 2, 2, 2, 2, 2, 2, 1, 1, 1, 1, 1, 1, 1, 1, 1, 1, 1, 1, 1, 1, 1, 1, 1, 1, 1, 1, 1, 1, 1, 1, 1, 1, 1, 1, 1, 1, 1, 1, 1, 1, 1, 1, 1, 1, 1, 1, 1, 1, 1, 1, 1, 1, 1, 1, 1, 1, 1, 1, 1, 1, 1, 1, 1, 1, 1, 1, 1, 1, 1, 1, 1, 1, 1, 1, 1, 1, 1, 1, 1, 1, 1, 1, 1, 1, 1, 1, 1, 1, 1, 1, 1, 1, 1, 1, 1, 1, 1, 1, 1, 1, 1, 1, 1, 1, 1, 1, 1, 1, 1, 1, 1, 1, 1, 1, 1, 1, 1, 1, 1, 1, 1, 1, 1, 1, 1, 1, 1]",0.06390314200052671,0.06387768122234168,0.06370961100037675,0.06405630500012194,0.00010319533920408106,"[0.063868, 0.064056, 0.063934, 0.063932, 0.06371, 0.063903, 0.063759, 0.063914, 0.063824]",0.011317393999888736,0.011322274777638894,0.011233094000090205,0.011412378000386525,5.3205732640765305e-05,"[0.011233, 0.01134, 0.011345, 0.011371, 0.01131, 0.011303, 0.011269, 0.011317, 0.011412]",5.646453768522591,5.582500947499196,5.70246318597597,29,optimal,nan,3.385162353515625,2.3496389389038086,190.10869098057506,190.10869052907313,2.3749673431613853e-09,0.00019066231449565985,0.00015079007405044106,1.0,1.0,0.2914572864321608,0.45136186770428016,9,2,1e-07,1e-05,1000,200.0,200.0,200.0,0.0,200.0,1.0,19.0,1.408450704225352,1.7163461418244987,1.0
primary,x86_64,none,0.3.0,2.4.4,32,1,one_giant,200,2000,0.4,0,0.99,1,[200],powerlaw,1,0,0,155,140,"[19, 6, 4, 4, 4, 3, 3, 3, 2, 2, 2, 2, 2, 2, 2, 1, 1, 1, 1, 1, 1, 1, 1, 1, 1, 1, 1, 1, 1, 1, 1, 1, 1, 1, 1, 1, 1, 1, 1, 1, 1, 1, 1, 1, 1, 1, 1, 1, 1, 1, 1, 1, 1, 1, 1, 1, 1, 1, 1, 1, 1, 1, 1, 1, 1, 1, 1, 1, 1, 1, 1, 1, 1, 1, 1, 1, 1, 1, 1, 1, 1, 1, 1, 1, 1, 1, 1, 1, 1, 1, 1, 1, 1, 1, 1, 1, 1, 1, 1, 1, 1, 1, 1, 1, 1, 1, 1, 1, 1, 1, 1, 1, 1, 1, 1, 1, 1, 1, 1, 1, 1, 1, 1, 1, 1, 1, 1, 1, 1, 1, 1, 1, 1, 1, 1, 1, 1, 1, 1, 1, 1, 1, 1, 1, 1, 1, 1, 1, 1, 1, 1, 1, 1, 1, 1]",0.08802087399999436,0.08803406577771966,0.08779291100017872,0.08823696299987205,0.00013272936084592757,"[0.087952, 0.088237, 0.087938, 0.088134, 0.088093, 0.088001, 0.087793, 0.088021, 0.088138]",0.010121776999767462,0.010132067111044307,0.010045788999377692,0.010303435000423633,8.131086664088234e-05,"[0.01006, 0.010125, 0.010122, 0.010077, 0.010094, 0.010208, 0.010046, 0.010153, 0.010303]",8.69618783362018,8.520741965817132,8.78347763479186,40,optimal,nan,3.385162353515625,2.3501930236816406,191.03379159811223,191.03379118563169,2.1592020043620075e-09,0.0001820967945797558,0.00014242829734706358,1.0,1.0,0.22613065326633167,0.36885245901639346,9,2,1e-07,1e-05,1000,200.0,200.0,200.0,0.0,200.0,1.0,19.0,1.2903225806451613,1.5697451691092181,1.0
primary,x86_64,none,0.3.0,2.4.4,32,1,one_giant,400,800,0.05,0,0.995,1,[400],powerlaw,1,0,0,2,1,"[399, 1]",0.31859317799990094,0.31871204044445123,0.31814319000022806,0.3198351000000912,0.0005026031776990138,"[0.318504, 0.318885, 0.318888, 0.318889, 0.318296, 0.318375, 0.318593, 0.318143, 0.319835]",0.33677675899980386,0.3373081443331911,0.33548378399973444,0.3405713869997271,0.0019082610973677199,"[0.340571, 0.335918, 0.337013, 0.336333, 0.336777, 0.335684, 0.340332, 0.337661, 0.335484]",0.9460070194454436,0.9341453866777216,0.9533548721399433,28,optimal,nan,13.45904541015625,23.132043838500977,155.36433154730673,155.3642825439904,3.154090506634351e-07,0.0012647342051412824,0.000577030138190226,1.0,0.2222222222222222,0.7268170426065163,0.3403755868544601,9,2,1e-07,1e-05,1000,400.0,400.0,400.0,0.0,400.0,1.0,399.0,200.0,199.0,200.0
primary,x86_64,none,0.3.0,2.4.4,32,1,one_giant,400,800,0.1,0,0.995,1,[400],powerlaw,1,0,0,182,131,"[147, 6, 6, 4, 4, 4, 3, 3, 3, 3, 3, 3, 3, 3, 2, 2, 2, 2, 2, 2, 2, 2, 2, 2, 2, 2, 2, 2, 2, 2, 2, 2, 2, 2, 2, 2, 2, 2, 2, 2, 2, 2, 2, 2, 2, 2, 2, 2, 2, 2, 2, 1, 1, 1, 1, 1, 1, 1, 1, 1, 1, 1, 1, 1, 1, 1, 1, 1, 1, 1, 1, 1, 1, 1, 1, 1, 1, 1, 1, 1, 1, 1, 1, 1, 1, 1, 1, 1, 1, 1, 1, 1, 1, 1, 1, 1, 1, 1, 1, 1, 1, 1, 1, 1, 1, 1, 1, 1, 1, 1, 1, 1, 1, 1, 1, 1, 1, 1, 1, 1, 1, 1, 1, 1, 1, 1, 1, 1, 1, 1, 1, 1, 1, 1, 1, 1, 1, 1, 1, 1, 1, 1, 1, 1, 1, 1, 1, 1, 1, 1, 1, 1, 1, 1, 1, 1, 1, 1, 1, 1, 1, 1, 1, 1, 1, 1, 1, 1, 1, 1, 1, 1, 1, 1, 1, 1, 1, 1, 1, 1, 1, 1]",0.28607645299962314,0.28642499299995605,0.28324829200028034,0.2900563000002876,0.001840319786815888,"[0.28574, 0.286902, 0.283248, 0.290056, 0.285707, 0.286076, 0.286395, 0.28582, 0.28788]",0.05655253700024332,0.05653037366674754,0.056226027999400685,0.05685529899983521,0.00022129388504191856,"[0.056266, 0.056338, 0.056226, 0.056735, 0.056855, 0.056737, 0.056553, 0.056503, 0.056561]",5.05859627479475,4.9819154411816795,5.1587549453676385,25,optimal,nan,13.45904541015625,9.275897026062012,160.41695562128484,160.4168319280722,7.710731833171512e-07,0.005159952522030498,0.002420894479752915,1.0,0.8468468468468469,0.47117794486215536,0.6054750402576489,9,2,1e-07,1e-05,1000,400.0,400.0,400.0,0.0,400.0,1.0,147.0,2.197802197802198,10.792976735730377,1.0
primary,x86_64,none,0.3.0,2.4.4,32,1,one_giant,400,800,0.15,0,0.995,1,[400],powerlaw,1,0,0,322,312,"[40, 28, 5, 3, 2, 2, 2, 2, 2, 2, 1, 1, 1, 1, 1, 1, 1, 1, 1, 1, 1, 1, 1, 1, 1, 1, 1, 1, 1, 1, 1, 1, 1, 1, 1, 1, 1, 1, 1, 1, 1, 1, 1, 1, 1, 1, 1, 1, 1, 1, 1, 1, 1, 1, 1, 1, 1, 1, 1, 1, 1, 1, 1, 1, 1, 1, 1, 1, 1, 1, 1, 1, 1, 1, 1, 1, 1, 1, 1, 1, 1, 1, 1, 1, 1, 1, 1, 1, 1, 1, 1, 1, 1, 1, 1, 1, 1, 1, 1, 1, 1, 1, 1, 1, 1, 1, 1, 1, 1, 1, 1, 1, 1, 1, 1, 1, 1, 1, 1, 1, 1, 1, 1, 1, 1, 1, 1, 1, 1, 1, 1, 1, 1, 1, 1, 1, 1, 1, 1, 1, 1, 1, 1, 1, 1, 1, 1, 1, 1, 1, 1, 1, 1, 1, 1, 1, 1, 1, 1, 1, 1, 1, 1, 1, 1, 1, 1, 1, 1, 1, 1, 1, 1, 1, 1, 1, 1, 1, 1, 1, 1, 1, 1, 1, 1, 1, 1, 1, 1, 1, 1, 1, 1, 1, 1, 1, 1, 1, 1, 1]",0.2875962050002272,0.28785081633335113,0.2857273859999623,0.2894127819999994,0.0012664953730018348,"[0.285727, 0.287596, 0.287401, 0.289413, 0.286424, 0.289159, 0.288426, 0.287476, 0.289034]",0.017331094999462948,0.017336635666348837,0.01724085899968486,0.01740470799995819,5.943645150844634e-05,"[0.017394, 0.017399, 0.017329, 0.017263, 0.017405, 0.017331, 0.017304, 0.017241, 0.017364]",16.594231640247727,16.416672201604797,16.786447937732657,25,optimal,nan,13.45904541015625,8.873515129089355,160.47497132866621,160.47486309926785,6.744316416959398e-07,0.00585450891808037,0.0027151408073790933,0.9999875,0.9487179487179487,0.18546365914786966,0.31027253668763094,9,2,1e-07,1e-05,1000,400.0,400.0,400.0,0.0,400.0,1.0,40.0,1.2422360248447204,2.6475733586878922,1.0
primary,x86_64,none,0.3.0,2.4.4,32,1,one_giant,400,800,0.2,0,0.995,1,[400],powerlaw,1,0,0,342,341,"[59, 1, 1, 1, 1, 1, 1, 1, 1, 1, 1, 1, 1, 1, 1, 1, 1, 1, 1, 1, 1, 1, 1, 1, 1, 1, 1, 1, 1, 1, 1, 1, 1, 1, 1, 1, 1, 1, 1, 1, 1, 1, 1, 1, 1, 1, 1, 1, 1, 1, 1, 1, 1, 1, 1, 1, 1, 1, 1, 1, 1, 1, 1, 1, 1, 1, 1, 1, 1, 1, 1, 1, 1, 1, 1, 1, 1, 1, 1, 1, 1, 1, 1, 1, 1, 1, 1, 1, 1, 1, 1, 1, 1, 1, 1, 1, 1, 1, 1, 1, 1, 1, 1, 1, 1, 1, 1, 1, 1, 1, 1, 1, 1, 1, 1, 1, 1, 1, 1, 1, 1, 1, 1, 1, 1, 1, 1, 1, 1, 1, 1, 1, 1, 1, 1, 1, 1, 1, 1, 1, 1, 1, 1, 1, 1, 1, 1, 1, 1, 1, 1, 1, 1, 1, 1, 1, 1, 1, 1, 1, 1, 1, 1, 1, 1, 1, 1, 1, 1, 1, 1, 1, 1, 1, 1, 1, 1, 1, 1, 1, 1, 1, 1, 1, 1, 1, 1, 1, 1, 1, 1, 1, 1, 1, 1, 1, 1, 1, 1, 1]",0.32218597200062504,0.32149773100011064,0.3192473910003173,0.32318924500032153,0.0013612490790908265,"[0.319247, 0.322447, 0.32225, 0.320892, 0.320412, 0.323189, 0.320124, 0.322186, 0.322732]",0.020562941000207502,0.02060502344425509,0.020401465999384527,0.020868077999693924,0.00015028123339335745,"[0.020563, 0.020517, 0.020868, 0.020483, 0.020401, 0.020762, 0.020679, 0.0205, 0.020671]",15.668282664302438,15.298361018441648,15.84147163787502,28,optimal,nan,13.45904541015625,8.9409761428833,161.7798944872697,161.7798359074803,3.6209560886301714e-07,0.00411435524786441,0.001866753939281824,0.9999875,1.0,0.14536340852130325,0.2538293216630197,9,2,1e-07,1e-05,1000,400.0,400.0,400.0,0.0,400.0,1.0,59.0,1.1695906432748537,3.1316922459997785,1.0
primary,x86_64,none,0.3.0,2.4.4,32,1,one_giant,400,800,0.25,0,0.995,1,[400],powerlaw,1,0,0,343,341,"[31, 28, 1, 1, 1, 1, 1, 1, 1, 1, 1, 1, 1, 1, 1, 1, 1, 1, 1, 1, 1, 1, 1, 1, 1, 1, 1, 1, 1, 1, 1, 1, 1, 1, 1, 1, 1, 1, 1, 1, 1, 1, 1, 1, 1, 1, 1, 1, 1, 1, 1, 1, 1, 1, 1, 1, 1, 1, 1, 1, 1, 1, 1, 1, 1, 1, 1, 1, 1, 1, 1, 1, 1, 1, 1, 1, 1, 1, 1, 1, 1, 1, 1, 1, 1, 1, 1, 1, 1, 1, 1, 1, 1, 1, 1, 1, 1, 1, 1, 1, 1, 1, 1, 1, 1, 1, 1, 1, 1, 1, 1, 1, 1, 1, 1, 1, 1, 1, 1, 1, 1, 1, 1, 1, 1, 1, 1, 1, 1, 1, 1, 1, 1, 1, 1, 1, 1, 1, 1, 1, 1, 1, 1, 1, 1, 1, 1, 1, 1, 1, 1, 1, 1, 1, 1, 1, 1, 1, 1, 1, 1, 1, 1, 1, 1, 1, 1, 1, 1, 1, 1, 1, 1, 1, 1, 1, 1, 1, 1, 1, 1, 1, 1, 1, 1, 1, 1, 1, 1, 1, 1, 1, 1, 1, 1, 1, 1, 1, 1, 1]",0.2894852119998177,0.2893956369999715,0.2882622879997143,0.29090048099988053,0.0007936659207669247,"[0.289866, 0.288519, 0.288262, 0.289485, 0.289795, 0.289661, 0.288998, 0.289073, 0.2909]",0.01344267099921126,0.013473276333166318,0.013287133000631002,0.013788175999252417,0.0001484022256371417,"[0.013788, 0.013593, 0.013498, 0.013381, 0.013403, 0.013502, 0.013443, 0.013363, 0.013287]",21.534798554305397,20.906484513640066,21.893397242735944,25,optimal,nan,13.45904541015625,8.863547325134277,163.2826814794408,163.28257969208718,6.233811982150745e-07,0.006259018534338523,0.0028833360595806865,1.0,1.0,0.14285714285714285,0.25,9,2,1e-07,1e-05,1000,400.0,400.0,400.0,0.0,400.0,1.0,31.0,1.1661807580174928,2.1729369739343496,1.0
primary,x86_64,none,0.3.0,2.4.4,32,1,one_giant,400,800,0.3,0,0.995,1,[400],powerlaw,1,0,0,343,341,"[31, 28, 1, 1, 1, 1, 1, 1, 1, 1, 1, 1, 1, 1, 1, 1, 1, 1, 1, 1, 1, 1, 1, 1, 1, 1, 1, 1, 1, 1, 1, 1, 1, 1, 1, 1, 1, 1, 1, 1, 1, 1, 1, 1, 1, 1, 1, 1, 1, 1, 1, 1, 1, 1, 1, 1, 1, 1, 1, 1, 1, 1, 1, 1, 1, 1, 1, 1, 1, 1, 1, 1, 1, 1, 1, 1, 1, 1, 1, 1, 1, 1, 1, 1, 1, 1, 1, 1, 1, 1, 1, 1, 1, 1, 1, 1, 1, 1, 1, 1, 1, 1, 1, 1, 1, 1, 1, 1, 1, 1, 1, 1, 1, 1, 1, 1, 1, 1, 1, 1, 1, 1, 1, 1, 1, 1, 1, 1, 1, 1, 1, 1, 1, 1, 1, 1, 1, 1, 1, 1, 1, 1, 1, 1, 1, 1, 1, 1, 1, 1, 1, 1, 1, 1, 1, 1, 1, 1, 1, 1, 1, 1, 1, 1, 1, 1, 1, 1, 1, 1, 1, 1, 1, 1, 1, 1, 1, 1, 1, 1, 1, 1, 1, 1, 1, 1, 1, 1, 1, 1, 1, 1, 1, 1, 1, 1, 1, 1, 1, 1]",0.28857573900040734,0.2907292464445466,0.2862557440003002,0.30341942899940477,0.00554998831758047,"[0.288106, 0.295863, 0.303419, 0.287602, 0.288576, 0.288591, 0.286256, 0.291032, 0.287118]",0.012996243999623402,0.013018274999922141,0.012843081999562855,0.013410612999905425,0.00016640164166515314,"[0.013031, 0.012996, 0.013001, 0.01286, 0.013091, 0.013411, 0.012963, 0.012969, 0.012843]",22.204549176575135,21.345463030088105,23.62512588565053,25,optimal,nan,13.45904541015625,8.864689826965332,162.65887199484,162.65875959104028,6.91040078874025e-07,0.006502640530061221,0.002985420150846599,1.0,1.0,0.14285714285714285,0.25,9,2,1e-07,1e-05,1000,400.0,400.0,400.0,0.0,400.0,1.0,31.0,1.1661807580174928,2.1729369739343496,1.0
primary,x86_64,none,0.3.0,2.4.4,32,1,one_giant,400,800,0.35,0,0.995,1,[400],powerlaw,1,0,0,348,346,"[31, 23, 1, 1, 1, 1, 1, 1, 1, 1, 1, 1, 1, 1, 1, 1, 1, 1, 1, 1, 1, 1, 1, 1, 1, 1, 1, 1, 1, 1, 1, 1, 1, 1, 1, 1, 1, 1, 1, 1, 1, 1, 1, 1, 1, 1, 1, 1, 1, 1, 1, 1, 1, 1, 1, 1, 1, 1, 1, 1, 1, 1, 1, 1, 1, 1, 1, 1, 1, 1, 1, 1, 1, 1, 1, 1, 1, 1, 1, 1, 1, 1, 1, 1, 1, 1, 1, 1, 1, 1, 1, 1, 1, 1, 1, 1, 1, 1, 1, 1, 1, 1, 1, 1, 1, 1, 1, 1, 1, 1, 1, 1, 1, 1, 1, 1, 1, 1, 1, 1, 1, 1, 1, 1, 1, 1, 1, 1, 1, 1, 1, 1, 1, 1, 1, 1, 1, 1, 1, 1, 1, 1, 1, 1, 1, 1, 1, 1, 1, 1, 1, 1, 1, 1, 1, 1, 1, 1, 1, 1, 1, 1, 1, 1, 1, 1, 1, 1, 1, 1, 1, 1, 1, 1, 1, 1, 1, 1, 1, 1, 1, 1, 1, 1, 1, 1, 1, 1, 1, 1, 1, 1, 1, 1, 1, 1, 1, 1, 1, 1]",0.2865513840006315,0.2867666827778521,0.2855172420004237,0.2890471009995963,0.0011551845511962662,"[0.287703, 0.286551, 0.287462, 0.289047, 0.285825, 0.286379, 0.286858, 0.285558, 0.285517]",0.012587811000230431,0.012636094666656087,0.012536756999907084,0.012865640000200074,9.959917902308837e-05,"[0.012866, 0.012689, 0.012661, 0.01257, 0.012588, 0.012654, 0.012574, 0.012587, 0.012537]",22.764194981588613,22.192230001459986,23.05597061518689,25,optimal,nan,13.45904541015625,8.860069274902344,164.83948800805024,164.8393810447034,6.488939521114648e-07,0.007072892181531287,0.003220034484939901,1.0,1.0,0.13032581453634084,0.23059866962305986,9,2,1e-07,1e-05,1000,400.0,400.0,400.0,0.0,400.0,1.0,31.0,1.1494252873563218,1.9886386242229515,1.0
primary,x86_64,none,0.3.0,2.4.4,32,1,one_giant,400,800,0.4,0,0.995,1,[400],powerlaw,1,0,0,351,349,"[31, 20, 1, 1, 1, 1, 1, 1, 1, 1, 1, 1, 1, 1, 1, 1, 1, 1, 1, 1, 1, 1, 1, 1, 1, 1, 1, 1, 1, 1, 1, 1, 1, 1, 1, 1, 1, 1, 1, 1, 1, 1, 1, 1, 1, 1, 1, 1, 1, 1, 1, 1, 1, 1, 1, 1, 1, 1, 1, 1, 1, 1, 1, 1, 1, 1, 1, 1, 1, 1, 1, 1, 1, 1, 1, 1, 1, 1, 1, 1, 1, 1, 1, 1, 1, 1, 1, 1, 1, 1, 1, 1, 1, 1, 1, 1, 1, 1, 1, 1, 1, 1, 1, 1, 1, 1, 1, 1, 1, 1, 1, 1, 1, 1, 1, 1, 1, 1, 1, 1, 1, 1, 1, 1, 1, 1, 1, 1, 1, 1, 1, 1, 1, 1, 1, 1, 1, 1, 1, 1, 1, 1, 1, 1, 1, 1, 1, 1, 1, 1, 1, 1, 1, 1, 1, 1, 1, 1, 1, 1, 1, 1, 1, 1, 1, 1, 1, 1, 1, 1, 1, 1, 1, 1, 1, 1, 1, 1, 1, 1, 1, 1, 1, 1, 1, 1, 1, 1, 1, 1, 1, 1, 1, 1, 1, 1, 1, 1, 1, 1]",0.3073589120003817,0.30717105388895205,0.286860085000626,0.331243932999314,0.015670065447300527,"[0.28686, 0.288529, 0.298623, 0.310528, 0.307359, 0.330135, 0.303582, 0.331244, 0.307679]",0.013170776999686495,0.013306394333388502,0.012657861999286979,0.014542116000484384,0.000635001494825486,"[0.013402, 0.01309, 0.01329, 0.014542, 0.014085, 0.013171, 0.012768, 0.012658, 0.012752]",23.336429734380726,19.72615848966347,26.169027045639545,25,optimal,nan,13.45904541015625,8.858548164367676,165.57937250680578,165.57926795309785,6.314416243094365e-07,0.008261189317722906,0.003702808409430156,1.0,1.0,0.12280701754385964,0.21875,9,2,1e-07,1e-05,1000,400.0,400.0,400.0,0.0,400.0,1.0,31.0,1.1396011396011396,1.8902656200689507,1.0
primary,x86_64,none,0.3.0,2.4.4,32,1,one_giant,400,2000,0.05,0,0.995,1,[400],powerlaw,1,0,0,56,21,"[291, 5, 4, 4, 4, 4, 3, 3, 3, 3, 3, 3, 3, 3, 3, 2, 2, 2, 2, 2, 2, 2, 2, 2, 2, 2, 2, 2, 2, 2, 2, 2, 2, 2, 2, 1, 1, 1, 1, 1, 1, 1, 1, 1, 1, 1, 1, 1, 1, 1, 1, 1, 1, 1, 1, 1]",0.34620635700048297,0.34741015266637176,0.33270194599936076,0.36015363199931016,0.009500477854127672,"[0.350053, 0.332702, 0.356986, 0.346206, 0.357794, 0.360154, 0.343446, 0.339688, 0.339662]",0.16849999599980947,0.16871331555527527,0.16748128800009,0.1719966109994857,0.0013994322380419804,"[0.167481, 0.168087, 0.167591, 0.169095, 0.167705, 0.1685, 0.171997, 0.169408, 0.168557]",2.054637182311117,1.934351753014224,2.150411167121647,28,optimal,nan,13.45904541015625,14.045628547668457,156.43684519473365,156.4367745394783,4.5165354270915074e-07,0.0029485583712753893,0.0014371624588818432,1.0,0.7611548556430446,0.7268170426065163,0.7435897435897436,9,2,1e-07,1e-05,1000,400.0,400.0,400.0,0.0,400.0,1.0,291.0,7.142857142857143,38.28811293125759,2.0
primary,x86_64,none,0.3.0,2.4.4,32,1,one_giant,400,2000,0.1,0,0.995,1,[400],powerlaw,1,0,0,213,149,"[37, 28, 11, 11, 9, 8, 7, 6, 5, 4, 4, 4, 3, 3, 3, 3, 3, 3, 3, 3, 3, 3, 3, 3, 3, 2, 2, 2, 2, 2, 2, 2, 2, 2, 2, 2, 2, 2, 2, 2, 2, 2, 2, 2, 2, 2, 2, 2, 2, 2, 2, 2, 2, 2, 2, 2, 2, 2, 2, 2, 2, 2, 2, 2, 1, 1, 1, 1, 1, 1, 1, 1, 1, 1, 1, 1, 1, 1, 1, 1, 1, 1, 1, 1, 1, 1, 1, 1, 1, 1, 1, 1, 1, 1, 1, 1, 1, 1, 1, 1, 1, 1, 1, 1, 1, 1, 1, 1, 1, 1, 1, 1, 1, 1, 1, 1, 1, 1, 1, 1, 1, 1, 1, 1, 1, 1, 1, 1, 1, 1, 1, 1, 1, 1, 1, 1, 1, 1, 1, 1, 1, 1, 1, 1, 1, 1, 1, 1, 1, 1, 1, 1, 1, 1, 1, 1, 1, 1, 1, 1, 1, 1, 1, 1, 1, 1, 1, 1, 1, 1, 1, 1, 1, 1, 1, 1, 1, 1, 1, 1, 1, 1, 1, 1, 1, 1, 1, 1, 1, 1, 1, 1, 1, 1, 1, 1, 1, 1, 1, 1]",0.3008786049995251,0.3041869652219652,0.2879357900001196,0.3199692869993669,0.012979416843026103,"[0.300879, 0.319969, 0.319257, 0.319423, 0.307836, 0.288995, 0.287936, 0.294701, 0.298687]",0.02963632799946936,0.02964384799997788,0.02949028900002304,0.029825110000274435,9.436105965426273e-05,"[0.029825, 0.029634, 0.029728, 0.029636, 0.029642, 0.02949, 0.029564, 0.029614, 0.029661]",10.15235777539351,9.65414008523255,10.849988177434168,25,optimal,nan,13.45904541015625,8.87016773223877,159.55210734729283,159.55200669146473,6.30864924191571e-07,0.004356445704592371,0.0020786925190192673,1.0,0.9893048128342246,0.46365914786967416,0.6313993174061433,9,2,1e-07,1e-05,1000,400.0,400.0,400.0,0.0,400.0,1.0,37.0,1.8779342723004695,3.3348538488010186,1.0
primary,x86_64,none,0.3.0,2.4.4,32,1,one_giant,400,2000,0.15,0,0.995,1,[400],powerlaw,1,0,0,339,334,"[31, 28, 3, 2, 2, 1, 1, 1, 1, 1, 1, 1, 1, 1, 1, 1, 1, 1, 1, 1, 1, 1, 1, 1, 1, 1, 1, 1, 1, 1, 1, 1, 1, 1, 1, 1, 1, 1, 1, 1, 1, 1, 1, 1, 1, 1, 1, 1, 1, 1, 1, 1, 1, 1, 1, 1, 1, 1, 1, 1, 1, 1, 1, 1, 1, 1, 1, 1, 1, 1, 1, 1, 1, 1, 1, 1, 1, 1, 1, 1, 1, 1, 1, 1, 1, 1, 1, 1, 1, 1, 1, 1, 1, 1, 1, 1, 1, 1, 1, 1, 1, 1, 1, 1, 1, 1, 1, 1, 1, 1, 1, 1, 1, 1, 1, 1, 1, 1, 1, 1, 1, 1, 1, 1, 1, 1, 1, 1, 1, 1, 1, 1, 1, 1, 1, 1, 1, 1, 1, 1, 1, 1, 1, 1, 1, 1, 1, 1, 1, 1, 1, 1, 1, 1, 1, 1, 1, 1, 1, 1, 1, 1, 1, 1, 1, 1, 1, 1, 1, 1, 1, 1, 1, 1, 1, 1, 1, 1, 1, 1, 1, 1, 1, 1, 1, 1, 1, 1, 1, 1, 1, 1, 1, 1, 1, 1, 1, 1, 1, 1]",0.2889853699998639,0.2904506363333389,0.2856585389999964,0.3000201859995286,0.005051054070381693,"[0.285659, 0.287183, 0.288985, 0.286171, 0.294288, 0.30002, 0.289827, 0.286335, 0.295587]",0.01423341600002459,0.014349244555584542,0.013956773999780125,0.01498854300007224,0.00036339472085473296,"[0.014635, 0.014233, 0.014172, 0.014045, 0.014676, 0.014989, 0.014477, 0.013957, 0.01396]",20.303303858986812,19.05845945123683,21.496384909883552,25,optimal,nan,13.45904541015625,8.863990783691406,161.21882097313943,161.21874008392388,5.017355608049462e-07,0.004065520324283867,0.001952341302832777,1.0,1.0,0.15288220551378445,0.26521739130434785,9,2,1e-07,1e-05,1000,400.0,400.0,400.0,0.0,400.0,1.0,31.0,1.1799410029498525,2.1887508046862996,1.0
primary,x86_64,none,0.3.0,2.4.4,32,1,one_giant,400,2000,0.2,0,0.995,1,[400],powerlaw,1,0,0,343,341,"[31, 28, 1, 1, 1, 1, 1, 1, 1, 1, 1, 1, 1, 1, 1, 1, 1, 1, 1, 1, 1, 1, 1, 1, 1, 1, 1, 1, 1, 1, 1, 1, 1, 1, 1, 1, 1, 1, 1, 1, 1, 1, 1, 1, 1, 1, 1, 1, 1, 1, 1, 1, 1, 1, 1, 1, 1, 1, 1, 1, 1, 1, 1, 1, 1, 1, 1, 1, 1, 1, 1, 1, 1, 1, 1, 1, 1, 1, 1, 1, 1, 1, 1, 1, 1, 1, 1, 1, 1, 1, 1, 1, 1, 1, 1, 1, 1, 1, 1, 1, 1, 1, 1, 1, 1, 1, 1, 1, 1, 1, 1, 1, 1, 1, 1, 1, 1, 1, 1, 1, 1, 1, 1, 1, 1, 1, 1, 1, 1, 1, 1, 1, 1, 1, 1, 1, 1, 1, 1, 1, 1, 1, 1, 1, 1, 1, 1, 1, 1, 1, 1, 1, 1, 1, 1, 1, 1, 1, 1, 1, 1, 1, 1, 1, 1, 1, 1, 1, 1, 1, 1, 1, 1, 1, 1, 1, 1, 1, 1, 1, 1, 1, 1, 1, 1, 1, 1, 1, 1, 1, 1, 1, 1, 1, 1, 1, 1, 1, 1, 1]",0.27427822000026936,0.2748689703333487,0.2734447309994721,0.27737352500025736,0.0013604051804540426,"[0.273445, 0.274504, 0.277374, 0.276287, 0.276015, 0.274278, 0.274259, 0.274116, 0.273543]",0.012985558000764286,0.013002444444484555,0.012894135999886203,0.013133972000105132,7.688155436713756e-05,"[0.013134, 0.013071, 0.012942, 0.012957, 0.012894, 0.013059, 0.012986, 0.013034, 0.012945]",21.12178929731986,20.81965234867893,21.511602251031423,24,optimal,nan,13.45904541015625,8.863503456115723,163.52062824718712,163.52051147608665,7.141062367309825e-07,0.004281463379975925,0.0020871128552248995,1.0,1.0,0.14285714285714285,0.25,9,2,1e-07,1e-05,1000,400.0,400.0,400.0,0.0,400.0,1.0,31.0,1.1661807580174928,2.1729369739343496,1.0
primary,x86_64,none,0.3.0,2.4.4,32,1,one_giant,400,2000,0.25,0,0.995,1,[400],powerlaw,1,0,0,343,341,"[31, 28, 1, 1, 1, 1, 1, 1, 1, 1, 1, 1, 1, 1, 1, 1, 1, 1, 1, 1, 1, 1, 1, 1, 1, 1, 1, 1, 1, 1, 1, 1, 1, 1, 1, 1, 1, 1, 1, 1, 1, 1, 1, 1, 1, 1, 1, 1, 1, 1, 1, 1, 1, 1, 1, 1, 1, 1, 1, 1, 1, 1, 1, 1, 1, 1, 1, 1, 1, 1, 1, 1, 1, 1, 1, 1, 1, 1, 1, 1, 1, 1, 1, 1, 1, 1, 1, 1, 1, 1, 1, 1, 1, 1, 1, 1, 1, 1, 1, 1, 1, 1, 1, 1, 1, 1, 1, 1, 1, 1, 1, 1, 1, 1, 1, 1, 1, 1, 1, 1, 1, 1, 1, 1, 1, 1, 1, 1, 1, 1, 1, 1, 1, 1, 1, 1, 1, 1, 1, 1, 1, 1, 1, 1, 1, 1, 1, 1, 1, 1, 1, 1, 1, 1, 1, 1, 1, 1, 1, 1, 1, 1, 1, 1, 1, 1, 1, 1, 1, 1, 1, 1, 1, 1, 1, 1, 1, 1, 1, 1, 1, 1, 1, 1, 1, 1, 1, 1, 1, 1, 1, 1, 1, 1, 1, 1, 1, 1, 1, 1]",0.2723037320001822,0.2727790503331562,0.27081366399943363,0.2759808169994358,0.001903037273203403,"[0.272304, 0.271308, 0.27489, 0.270814, 0.271375, 0.270956, 0.272967, 0.274417, 0.275981]",0.01324439100062591,0.013237794889088642,0.01306273299996974,0.013443858000755426,0.00011636518813083865,"[0.013261, 0.013244, 0.013333, 0.013132, 0.013063, 0.013186, 0.013162, 0.013444, 0.013314]",20.559928500095893,20.14404376959473,21.127341192694907,24,optimal,nan,13.45904541015625,8.864081382751465,165.6236858953467,165.62358364221382,6.173823045989862e-07,0.004038224630491083,0.0019786304324410915,1.0,1.0,0.14285714285714285,0.25,9,2,1e-07,1e-05,1000,400.0,400.0,400.0,0.0,400.0,1.0,31.0,1.1661807580174928,2.1729369739343496,1.0
primary,x86_64,none,0.3.0,2.4.4,32,1,one_giant,400,2000,0.3,0,0.995,1,[400],powerlaw,1,0,0,343,341,"[31, 28, 1, 1, 1, 1, 1, 1, 1, 1, 1, 1, 1, 1, 1, 1, 1, 1, 1, 1, 1, 1, 1, 1, 1, 1, 1, 1, 1, 1, 1, 1, 1, 1, 1, 1, 1, 1, 1, 1, 1, 1, 1, 1, 1, 1, 1, 1, 1, 1, 1, 1, 1, 1, 1, 1, 1, 1, 1, 1, 1, 1, 1, 1, 1, 1, 1, 1, 1, 1, 1, 1, 1, 1, 1, 1, 1, 1, 1, 1, 1, 1, 1, 1, 1, 1, 1, 1, 1, 1, 1, 1, 1, 1, 1, 1, 1, 1, 1, 1, 1, 1, 1, 1, 1, 1, 1, 1, 1, 1, 1, 1, 1, 1, 1, 1, 1, 1, 1, 1, 1, 1, 1, 1, 1, 1, 1, 1, 1, 1, 1, 1, 1, 1, 1, 1, 1, 1, 1, 1, 1, 1, 1, 1, 1, 1, 1, 1, 1, 1, 1, 1, 1, 1, 1, 1, 1, 1, 1, 1, 1, 1, 1, 1, 1, 1, 1, 1, 1, 1, 1, 1, 1, 1, 1, 1, 1, 1, 1, 1, 1, 1, 1, 1, 1, 1, 1, 1, 1, 1, 1, 1, 1, 1, 1, 1, 1, 1, 1, 1]",0.2861536500004149,0.28640984533346153,0.2851990580002166,0.28825518200028455,0.0010707476438910008,"[0.286106, 0.288255, 0.285228, 0.286154, 0.287836, 0.285645, 0.28675, 0.286516, 0.285199]",0.012713666000308876,0.012739522777842972,0.012596123000548687,0.012960625999767217,0.0001113345122264963,"[0.012961, 0.012786, 0.012661, 0.01267, 0.012855, 0.012692, 0.012714, 0.012596, 0.012721]",22.507563907488436,22.005037257100007,22.8844369007613,25,optimal,nan,13.45904541015625,8.863626480102539,164.05207694485273,164.0520034357287,4.4808408040161173e-07,0.0032276396593267087,0.0015826351564665346,1.0,1.0,0.14285714285714285,0.25,9,2,1e-07,1e-05,1000,400.0,400.0,400.0,0.0,400.0,1.0,31.0,1.1661807580174928,2.1729369739343496,1.0
primary,x86_64,none,0.3.0,2.4.4,32,1,one_giant,400,2000,0.35,0,0.995,1,[400],powerlaw,1,0,0,343,341,"[31, 28, 1, 1, 1, 1, 1, 1, 1, 1, 1, 1, 1, 1, 1, 1, 1, 1, 1, 1, 1, 1, 1, 1, 1, 1, 1, 1, 1, 1, 1, 1, 1, 1, 1, 1, 1, 1, 1, 1, 1, 1, 1, 1, 1, 1, 1, 1, 1, 1, 1, 1, 1, 1, 1, 1, 1, 1, 1, 1, 1, 1, 1, 1, 1, 1, 1, 1, 1, 1, 1, 1, 1, 1, 1, 1, 1, 1, 1, 1, 1, 1, 1, 1, 1, 1, 1, 1, 1, 1, 1, 1, 1, 1, 1, 1, 1, 1, 1, 1, 1, 1, 1, 1, 1, 1, 1, 1, 1, 1, 1, 1, 1, 1, 1, 1, 1, 1, 1, 1, 1, 1, 1, 1, 1, 1, 1, 1, 1, 1, 1, 1, 1, 1, 1, 1, 1, 1, 1, 1, 1, 1, 1, 1, 1, 1, 1, 1, 1, 1, 1, 1, 1, 1, 1, 1, 1, 1, 1, 1, 1, 1, 1, 1, 1, 1, 1, 1, 1, 1, 1, 1, 1, 1, 1, 1, 1, 1, 1, 1, 1, 1, 1, 1, 1, 1, 1, 1, 1, 1, 1, 1, 1, 1, 1, 1, 1, 1, 1, 1]",0.2825204989994745,0.28294238755552215,0.28140799299944774,0.2859719950001818,0.0013820669410623259,"[0.282626, 0.28252, 0.282483, 0.285972, 0.281408, 0.283867, 0.281886, 0.283658, 0.282061]",0.012673296999309969,0.012659313666719955,0.012540319999970961,0.01273741200020595,7.260940258609259e-05,"[0.012727, 0.012695, 0.012733, 0.012641, 0.012622, 0.012565, 0.012737, 0.012673, 0.01254]",22.29258092940275,22.093027452899985,22.804202364919234,25,optimal,nan,13.45904541015625,8.863454818725586,165.53884315699318,165.53876924029936,4.465217492889486e-07,0.004220039342455628,0.0020198613365600324,1.0,1.0,0.14285714285714285,0.25,9,2,1e-07,1e-05,1000,400.0,400.0,400.0,0.0,400.0,1.0,31.0,1.1661807580174928,2.1729369739343496,1.0
primary,x86_64,none,0.3.0,2.4.4,32,1,one_giant,400,2000,0.4,0,0.995,1,[400],powerlaw,1,0,0,343,341,"[31, 28, 1, 1, 1, 1, 1, 1, 1, 1, 1, 1, 1, 1, 1, 1, 1, 1, 1, 1, 1, 1, 1, 1, 1, 1, 1, 1, 1, 1, 1, 1, 1, 1, 1, 1, 1, 1, 1, 1, 1, 1, 1, 1, 1, 1, 1, 1, 1, 1, 1, 1, 1, 1, 1, 1, 1, 1, 1, 1, 1, 1, 1, 1, 1, 1, 1, 1, 1, 1, 1, 1, 1, 1, 1, 1, 1, 1, 1, 1, 1, 1, 1, 1, 1, 1, 1, 1, 1, 1, 1, 1, 1, 1, 1, 1, 1, 1, 1, 1, 1, 1, 1, 1, 1, 1, 1, 1, 1, 1, 1, 1, 1, 1, 1, 1, 1, 1, 1, 1, 1, 1, 1, 1, 1, 1, 1, 1, 1, 1, 1, 1, 1, 1, 1, 1, 1, 1, 1, 1, 1, 1, 1, 1, 1, 1, 1, 1, 1, 1, 1, 1, 1, 1, 1, 1, 1, 1, 1, 1, 1, 1, 1, 1, 1, 1, 1, 1, 1, 1, 1, 1, 1, 1, 1, 1, 1, 1, 1, 1, 1, 1, 1, 1, 1, 1, 1, 1, 1, 1, 1, 1, 1, 1, 1, 1, 1, 1, 1, 1]",0.2697581550000905,0.26974351122225926,0.2682870830003594,0.27173145599954296,0.0010425579494154436,"[0.268938, 0.270164, 0.271731, 0.269758, 0.270137, 0.268287, 0.270498, 0.268761, 0.269417]",0.012359848999949463,0.012413937222138176,0.012318292999225378,0.012575937999827147,9.467425594663655e-05,"[0.01255, 0.012576, 0.012449, 0.01236, 0.012342, 0.012318, 0.01235, 0.012431, 0.012349]",21.82536008337913,21.333365591023664,22.059181090807833,24,optimal,nan,13.45904541015625,8.863595008850098,166.23196453924635,166.2318447232084,7.207761652190422e-07,0.00498957123649868,0.0023977504037429303,1.0,1.0,0.14285714285714285,0.25,9,2,1e-07,1e-05,1000,400.0,400.0,400.0,0.0,400.0,1.0,31.0,1.1661807580174928,2.1729369739343496,1.0
primary,x86_64,none,0.3.0,2.4.4,32,1,one_giant,400,4000,0.05,0,0.995,1,[400],powerlaw,1,0,0,86,25,"[152, 11, 9, 9, 8, 7, 7, 6, 6, 6, 5, 5, 5, 5, 4, 4, 4, 4, 4, 4, 4, 4, 4, 4, 4, 4, 4, 4, 3, 3, 3, 3, 3, 3, 3, 3, 3, 3, 3, 3, 2, 2, 2, 2, 2, 2, 2, 2, 2, 2, 2, 2, 2, 2, 2, 2, 2, 2, 2, 2, 2, 1, 1, 1, 1, 1, 1, 1, 1, 1, 1, 1, 1, 1, 1, 1, 1, 1, 1, 1, 1, 1, 1, 1, 1, 1]",0.3026987570001438,0.30308463099997124,0.30124905699994997,0.30570263999925373,0.0015045420162257408,"[0.301986, 0.30396, 0.302394, 0.304848, 0.302699, 0.3033, 0.301624, 0.301249, 0.305703]",0.07574295999984315,0.07571960911081987,0.07533333899937134,0.07610746299997118,0.00024442812404622293,"[0.075333, 0.075368, 0.075856, 0.075688, 0.075693, 0.075743, 0.075882, 0.075806, 0.076107]",3.996394608829265,3.9582065296285602,4.057999340793919,27,optimal,nan,13.45904541015625,9.296951293945312,155.9389130980741,155.93881284406186,6.429056753493783e-07,0.0031748653096920765,0.001581606238069247,0.9999375,0.9274447949526814,0.7368421052631579,0.8212290502793296,9,2,1e-07,1e-05,1000,400.0,400.0,400.0,0.0,400.0,1.0,152.0,4.651162790697675,16.116413301900806,2.0
primary,x86_64,none,0.3.0,2.4.4,32,1,one_giant,400,4000,0.1,0,0.995,1,[400],powerlaw,1,0,0,213,149,"[59, 11, 10, 9, 8, 8, 7, 6, 5, 4, 4, 4, 3, 3, 3, 3, 3, 3, 3, 3, 3, 3, 3, 3, 2, 2, 2, 2, 2, 2, 2, 2, 2, 2, 2, 2, 2, 2, 2, 2, 2, 2, 2, 2, 2, 2, 2, 2, 2, 2, 2, 2, 2, 2, 2, 2, 2, 2, 2, 2, 2, 2, 2, 2, 1, 1, 1, 1, 1, 1, 1, 1, 1, 1, 1, 1, 1, 1, 1, 1, 1, 1, 1, 1, 1, 1, 1, 1, 1, 1, 1, 1, 1, 1, 1, 1, 1, 1, 1, 1, 1, 1, 1, 1, 1, 1, 1, 1, 1, 1, 1, 1, 1, 1, 1, 1, 1, 1, 1, 1, 1, 1, 1, 1, 1, 1, 1, 1, 1, 1, 1, 1, 1, 1, 1, 1, 1, 1, 1, 1, 1, 1, 1, 1, 1, 1, 1, 1, 1, 1, 1, 1, 1, 1, 1, 1, 1, 1, 1, 1, 1, 1, 1, 1, 1, 1, 1, 1, 1, 1, 1, 1, 1, 1, 1, 1, 1, 1, 1, 1, 1, 1, 1, 1, 1, 1, 1, 1, 1, 1, 1, 1, 1, 1, 1, 1, 1, 1, 1, 1]",0.2807929749997129,0.2809863735556064,0.2797350850005387,0.2839227120002761,0.0013476687235609089,"[0.279735, 0.280793, 0.279817, 0.281114, 0.280286, 0.281786, 0.283923, 0.281618, 0.279806]",0.03983647000040946,0.039886073222179325,0.03964412700042885,0.0403933159996086,0.00024643144914437585,"[0.039682, 0.039836, 0.039644, 0.039696, 0.039728, 0.039924, 0.039936, 0.040133, 0.040393]",7.04864098141293,6.925281524380153,7.1617849472938255,25,optimal,nan,13.45904541015625,8.942623138427734,159.8993827607175,159.8992935698076,5.5779395977369e-07,0.0030554510758773468,0.0015056702689802892,1.0,1.0,0.46616541353383456,0.635897435897436,9,2,1e-07,1e-05,1000,400.0,400.0,400.0,0.0,400.0,1.0,59.0,1.8779342723004695,4.187409190987796,1.0
primary,x86_64,none,0.3.0,2.4.4,32,1,one_giant,400,4000,0.15,0,0.995,1,[400],powerlaw,1,0,0,341,337,"[31, 28, 2, 2, 1, 1, 1, 1, 1, 1, 1, 1, 1, 1, 1, 1, 1, 1, 1, 1, 1, 1, 1, 1, 1, 1, 1, 1, 1, 1, 1, 1, 1, 1, 1, 1, 1, 1, 1, 1, 1, 1, 1, 1, 1, 1, 1, 1, 1, 1, 1, 1, 1, 1, 1, 1, 1, 1, 1, 1, 1, 1, 1, 1, 1, 1, 1, 1, 1, 1, 1, 1, 1, 1, 1, 1, 1, 1, 1, 1, 1, 1, 1, 1, 1, 1, 1, 1, 1, 1, 1, 1, 1, 1, 1, 1, 1, 1, 1, 1, 1, 1, 1, 1, 1, 1, 1, 1, 1, 1, 1, 1, 1, 1, 1, 1, 1, 1, 1, 1, 1, 1, 1, 1, 1, 1, 1, 1, 1, 1, 1, 1, 1, 1, 1, 1, 1, 1, 1, 1, 1, 1, 1, 1, 1, 1, 1, 1, 1, 1, 1, 1, 1, 1, 1, 1, 1, 1, 1, 1, 1, 1, 1, 1, 1, 1, 1, 1, 1, 1, 1, 1, 1, 1, 1, 1, 1, 1, 1, 1, 1, 1, 1, 1, 1, 1, 1, 1, 1, 1, 1, 1, 1, 1, 1, 1, 1, 1, 1, 1]",0.2706082710001283,0.2707280564444672,0.2690255919997071,0.27304462199936097,0.0011243270681015238,"[0.269026, 0.271312, 0.270556, 0.270326, 0.270928, 0.269664, 0.271088, 0.273045, 0.270608]",0.013345311999728438,0.013355074999809504,0.013261013999908755,0.013524596000024758,8.188935805126904e-05,"[0.013396, 0.013525, 0.013345, 0.013284, 0.013261, 0.013294, 0.013345, 0.013324, 0.013421]",20.277403106471763,19.891580643090162,20.590025921188207,24,optimal,nan,13.45904541015625,8.863945007324219,162.29470145635273,162.29458996356516,6.86977372441193e-07,0.004059410842136568,0.0019892901229192415,1.0,1.0,0.14786967418546365,0.2576419213973799,9,2,1e-07,1e-05,1000,400.0,400.0,400.0,0.0,400.0,1.0,31.0,1.1730205278592376,2.1801502469521115,1.0
primary,x86_64,none,0.3.0,2.4.4,32,1,one_giant,400,4000,0.2,0,0.995,1,[400],powerlaw,1,0,0,343,341,"[31, 28, 1, 1, 1, 1, 1, 1, 1, 1, 1, 1, 1, 1, 1, 1, 1, 1, 1, 1, 1, 1, 1, 1, 1, 1, 1, 1, 1, 1, 1, 1, 1, 1, 1, 1, 1, 1, 1, 1, 1, 1, 1, 1, 1, 1, 1, 1, 1, 1, 1, 1, 1, 1, 1, 1, 1, 1, 1, 1, 1, 1, 1, 1, 1, 1, 1, 1, 1, 1, 1, 1, 1, 1, 1, 1, 1, 1, 1, 1, 1, 1, 1, 1, 1, 1, 1, 1, 1, 1, 1, 1, 1, 1, 1, 1, 1, 1, 1, 1, 1, 1, 1, 1, 1, 1, 1, 1, 1, 1, 1, 1, 1, 1, 1, 1, 1, 1, 1, 1, 1, 1, 1, 1, 1, 1, 1, 1, 1, 1, 1, 1, 1, 1, 1, 1, 1, 1, 1, 1, 1, 1, 1, 1, 1, 1, 1, 1, 1, 1, 1, 1, 1, 1, 1, 1, 1, 1, 1, 1, 1, 1, 1, 1, 1, 1, 1, 1, 1, 1, 1, 1, 1, 1, 1, 1, 1, 1, 1, 1, 1, 1, 1, 1, 1, 1, 1, 1, 1, 1, 1, 1, 1, 1, 1, 1, 1, 1, 1, 1]",0.272638564000772,0.2725861908889379,0.27045867099968746,0.2740965760003746,0.000991108313425756,"[0.27228, 0.27316, 0.272954, 0.274097, 0.270459, 0.2725, 0.273085, 0.272103, 0.272639]",0.012716041000203404,0.01271986677784298,0.0126329300001089,0.012799152000297909,4.887003927375272e-05,"[0.012678, 0.012799, 0.012767, 0.012721, 0.012633, 0.012705, 0.012709, 0.01275, 0.012716]",21.440522564877774,21.130983599022212,21.696991592450193,24,optimal,nan,13.45904541015625,8.865030288696289,162.59624848964,162.59613708995388,6.851307281322821e-07,0.0037178426737281,0.0018366592332187401,1.0,1.0,0.14285714285714285,0.25,9,2,1e-07,1e-05,1000,400.0,400.0,400.0,0.0,400.0,1.0,31.0,1.1661807580174928,2.1729369739343496,1.0
primary,x86_64,none,0.3.0,2.4.4,32,1,one_giant,400,4000,0.25,0,0.995,1,[400],powerlaw,1,0,0,343,341,"[31, 28, 1, 1, 1, 1, 1, 1, 1, 1, 1, 1, 1, 1, 1, 1, 1, 1, 1, 1, 1, 1, 1, 1, 1, 1, 1, 1, 1, 1, 1, 1, 1, 1, 1, 1, 1, 1, 1, 1, 1, 1, 1, 1, 1, 1, 1, 1, 1, 1, 1, 1, 1, 1, 1, 1, 1, 1, 1, 1, 1, 1, 1, 1, 1, 1, 1, 1, 1, 1, 1, 1, 1, 1, 1, 1, 1, 1, 1, 1, 1, 1, 1, 1, 1, 1, 1, 1, 1, 1, 1, 1, 1, 1, 1, 1, 1, 1, 1, 1, 1, 1, 1, 1, 1, 1, 1, 1, 1, 1, 1, 1, 1, 1, 1, 1, 1, 1, 1, 1, 1, 1, 1, 1, 1, 1, 1, 1, 1, 1, 1, 1, 1, 1, 1, 1, 1, 1, 1, 1, 1, 1, 1, 1, 1, 1, 1, 1, 1, 1, 1, 1, 1, 1, 1, 1, 1, 1, 1, 1, 1, 1, 1, 1, 1, 1, 1, 1, 1, 1, 1, 1, 1, 1, 1, 1, 1, 1, 1, 1, 1, 1, 1, 1, 1, 1, 1, 1, 1, 1, 1, 1, 1, 1, 1, 1, 1, 1, 1, 1]",0.2730458109999745,0.27332311333308706,0.27121498699943913,0.2750998499996058,0.001281860359258834,"[0.272241, 0.273046, 0.273024, 0.272662, 0.2751, 0.271215, 0.273308, 0.274326, 0.274986]",0.01287751399922854,0.01287382022221411,0.012822898000194982,0.012932130000081088,3.7795873764495897e-05,"[0.012932, 0.012848, 0.012887, 0.012823, 0.012878, 0.012841, 0.012885, 0.012925, 0.012847]",21.20330143041056,20.972182231213154,21.45379694944331,24,optimal,nan,13.45904541015625,8.863823890686035,163.69245618507924,163.69235022301612,6.47324046484725e-07,0.003606293117071502,0.0017864464548905184,1.0,1.0,0.14285714285714285,0.25,9,2,1e-07,1e-05,1000,400.0,400.0,400.0,0.0,400.0,1.0,31.0,1.1661807580174928,2.1729369739343496,1.0
primary,x86_64,none,0.3.0,2.4.4,32,1,one_giant,400,4000,0.3,0,0.995,1,[400],powerlaw,1,0,0,343,341,"[31, 28, 1, 1, 1, 1, 1, 1, 1, 1, 1, 1, 1, 1, 1, 1, 1, 1, 1, 1, 1, 1, 1, 1, 1, 1, 1, 1, 1, 1, 1, 1, 1, 1, 1, 1, 1, 1, 1, 1, 1, 1, 1, 1, 1, 1, 1, 1, 1, 1, 1, 1, 1, 1, 1, 1, 1, 1, 1, 1, 1, 1, 1, 1, 1, 1, 1, 1, 1, 1, 1, 1, 1, 1, 1, 1, 1, 1, 1, 1, 1, 1, 1, 1, 1, 1, 1, 1, 1, 1, 1, 1, 1, 1, 1, 1, 1, 1, 1, 1, 1, 1, 1, 1, 1, 1, 1, 1, 1, 1, 1, 1, 1, 1, 1, 1, 1, 1, 1, 1, 1, 1, 1, 1, 1, 1, 1, 1, 1, 1, 1, 1, 1, 1, 1, 1, 1, 1, 1, 1, 1, 1, 1, 1, 1, 1, 1, 1, 1, 1, 1, 1, 1, 1, 1, 1, 1, 1, 1, 1, 1, 1, 1, 1, 1, 1, 1, 1, 1, 1, 1, 1, 1, 1, 1, 1, 1, 1, 1, 1, 1, 1, 1, 1, 1, 1, 1, 1, 1, 1, 1, 1, 1, 1, 1, 1, 1, 1, 1, 1]",0.27122448599948257,0.2713527155556221,0.2700110610003321,0.2734352500001478,0.0010536799208132979,"[0.271164, 0.271224, 0.2704, 0.270011, 0.271433, 0.273435, 0.271609, 0.270528, 0.272369]",0.012638866000088456,0.012652982222385213,0.01257237800018629,0.012764721000166901,7.334308423441215e-05,"[0.012756, 0.012639, 0.012588, 0.012591, 0.012707, 0.012765, 0.012653, 0.012572, 0.012606]",21.45955863426231,21.152915210352162,21.748888714298612,24,optimal,nan,13.45904541015625,8.86362361907959,164.8342331596441,164.83423291237602,1.5001014746564718e-09,0.0002403914810660268,0.00011912032647311175,1.0,1.0,0.14285714285714285,0.25,9,2,1e-07,1e-05,1000,400.0,400.0,400.0,0.0,400.0,1.0,31.0,1.1661807580174928,2.1729369739343496,1.0
primary,x86_64,none,0.3.0,2.4.4,32,1,one_giant,400,4000,0.35,0,0.995,1,[400],powerlaw,1,0,0,343,341,"[31, 28, 1, 1, 1, 1, 1, 1, 1, 1, 1, 1, 1, 1, 1, 1, 1, 1, 1, 1, 1, 1, 1, 1, 1, 1, 1, 1, 1, 1, 1, 1, 1, 1, 1, 1, 1, 1, 1, 1, 1, 1, 1, 1, 1, 1, 1, 1, 1, 1, 1, 1, 1, 1, 1, 1, 1, 1, 1, 1, 1, 1, 1, 1, 1, 1, 1, 1, 1, 1, 1, 1, 1, 1, 1, 1, 1, 1, 1, 1, 1, 1, 1, 1, 1, 1, 1, 1, 1, 1, 1, 1, 1, 1, 1, 1, 1, 1, 1, 1, 1, 1, 1, 1, 1, 1, 1, 1, 1, 1, 1, 1, 1, 1, 1, 1, 1, 1, 1, 1, 1, 1, 1, 1, 1, 1, 1, 1, 1, 1, 1, 1, 1, 1, 1, 1, 1, 1, 1, 1, 1, 1, 1, 1, 1, 1, 1, 1, 1, 1, 1, 1, 1, 1, 1, 1, 1, 1, 1, 1, 1, 1, 1, 1, 1, 1, 1, 1, 1, 1, 1, 1, 1, 1, 1, 1, 1, 1, 1, 1, 1, 1, 1, 1, 1, 1, 1, 1, 1, 1, 1, 1, 1, 1, 1, 1, 1, 1, 1, 1]",0.2701345420000507,0.2703621085553702,0.2685862950002047,0.2736620249997941,0.0017661638002155373,"[0.273662, 0.268586, 0.26865, 0.268789, 0.269452, 0.270135, 0.270226, 0.271826, 0.271932]",0.012964188000296417,0.013301382777980406,0.012697044000560709,0.01479976200062083,0.0007843649378004601,"[0.012799, 0.013083, 0.0148, 0.012805, 0.014431, 0.013432, 0.012697, 0.012702, 0.012964]",20.836981228124298,18.14801447407991,21.553207580261123,24,optimal,nan,13.45904541015625,8.863635063171387,166.98708063645012,166.98698244243366,5.880336136485543e-07,0.004289406781709637,0.002091502578204725,1.0,1.0,0.14285714285714285,0.25,9,2,1e-07,1e-05,1000,400.0,400.0,400.0,0.0,400.0,1.0,31.0,1.1661807580174928,2.1729369739343496,1.0
primary,x86_64,none,0.3.0,2.4.4,32,1,one_giant,400,4000,0.4,0,0.995,1,[400],powerlaw,1,0,0,345,343,"[31, 26, 1, 1, 1, 1, 1, 1, 1, 1, 1, 1, 1, 1, 1, 1, 1, 1, 1, 1, 1, 1, 1, 1, 1, 1, 1, 1, 1, 1, 1, 1, 1, 1, 1, 1, 1, 1, 1, 1, 1, 1, 1, 1, 1, 1, 1, 1, 1, 1, 1, 1, 1, 1, 1, 1, 1, 1, 1, 1, 1, 1, 1, 1, 1, 1, 1, 1, 1, 1, 1, 1, 1, 1, 1, 1, 1, 1, 1, 1, 1, 1, 1, 1, 1, 1, 1, 1, 1, 1, 1, 1, 1, 1, 1, 1, 1, 1, 1, 1, 1, 1, 1, 1, 1, 1, 1, 1, 1, 1, 1, 1, 1, 1, 1, 1, 1, 1, 1, 1, 1, 1, 1, 1, 1, 1, 1, 1, 1, 1, 1, 1, 1, 1, 1, 1, 1, 1, 1, 1, 1, 1, 1, 1, 1, 1, 1, 1, 1, 1, 1, 1, 1, 1, 1, 1, 1, 1, 1, 1, 1, 1, 1, 1, 1, 1, 1, 1, 1, 1, 1, 1, 1, 1, 1, 1, 1, 1, 1, 1, 1, 1, 1, 1, 1, 1, 1, 1, 1, 1, 1, 1, 1, 1, 1, 1, 1, 1, 1, 1]",0.2693176760003553,0.2697675337777683,0.267727874999764,0.27217195899993385,0.0014188164413042115,"[0.268716, 0.270804, 0.269318, 0.272172, 0.268883, 0.271179, 0.267728, 0.27023, 0.268878]",0.012309982999795466,0.0123417763334146,0.01229098600015277,0.012429900999450183,5.30506015715226e-05,"[0.012368, 0.012376, 0.012309, 0.012403, 0.012292, 0.012297, 0.012291, 0.01231, 0.01243]",21.87798927137674,21.539019096902425,22.144029697580887,24,optimal,nan,13.45904541015625,8.86187744140625,166.26599826951843,166.26589586994507,6.158780173362557e-07,0.0035555181089019783,0.0017634655694468463,1.0,1.0,0.13784461152882205,0.24229074889867838,9,2,1e-07,1e-05,1000,400.0,400.0,400.0,0.0,400.0,1.0,31.0,1.1594202898550725,2.096395722723882,1.0
primary,x86_64,none,0.3.0,2.4.4,32,1,one_giant,800,1600,0.05,0,0.9975,1,[800],powerlaw,1,0,0,419,337,"[245, 12, 7, 7, 6, 6, 5, 5, 5, 5, 4, 4, 4, 4, 4, 3, 3, 3, 3, 3, 3, 2, 2, 2, 2, 2, 2, 2, 2, 2, 2, 2, 2, 2, 2, 2, 2, 2, 2, 2, 2, 2, 2, 2, 2, 2, 2, 2, 2, 2, 2, 2, 2, 2, 2, 2, 2, 2, 2, 2, 2, 2, 2, 2, 2, 2, 2, 2, 2, 2, 2, 2, 2, 2, 2, 2, 2, 2, 2, 2, 2, 2, 1, 1, 1, 1, 1, 1, 1, 1, 1, 1, 1, 1, 1, 1, 1, 1, 1, 1, 1, 1, 1, 1, 1, 1, 1, 1, 1, 1, 1, 1, 1, 1, 1, 1, 1, 1, 1, 1, 1, 1, 1, 1, 1, 1, 1, 1, 1, 1, 1, 1, 1, 1, 1, 1, 1, 1, 1, 1, 1, 1, 1, 1, 1, 1, 1, 1, 1, 1, 1, 1, 1, 1, 1, 1, 1, 1, 1, 1, 1, 1, 1, 1, 1, 1, 1, 1, 1, 1, 1, 1, 1, 1, 1, 1, 1, 1, 1, 1, 1, 1, 1, 1, 1, 1, 1, 1, 1, 1, 1, 1, 1, 1, 1, 1, 1, 1, 1, 1]",1.6040995089997523,1.6043864540001271,1.5974541800005682,1.6123987959999795,0.004306837296919886,"[1.6041, 1.607381, 1.605629, 1.602596, 1.602694, 1.606636, 1.597454, 1.612399, 1.60059]",0.1484808579998571,0.14860433800004103,0.14742178200049239,0.1502155110001695,0.0009494569711468667,"[0.147422, 0.147871, 0.148026, 0.150216, 0.148793, 0.148481, 0.148871, 0.149897, 0.147862]",10.803409480576251,10.634415642994188,10.937317227616976,22,optimal,nan,53.74835205078125,35.912346839904785,21.0197017519336,21.016250011666852,0.00016421452157046063,0.0248806661790959,0.008162116372677941,0.9999625,0.7493540051679587,0.36295369211514394,0.48903878583473864,9,2,1e-07,1e-05,1000,800.0,800.0,800.0,0.0,800.0,1.0,245.0,1.909307875894988,11.929241834171526,1.0
primary,x86_64,none,0.3.0,2.4.4,32,1,one_giant,800,1600,0.1,0,0.9975,1,[800],powerlaw,1,0,0,736,735,"[65, 1, 1, 1, 1, 1, 1, 1, 1, 1, 1, 1, 1, 1, 1, 1, 1, 1, 1, 1, 1, 1, 1, 1, 1, 1, 1, 1, 1, 1, 1, 1, 1, 1, 1, 1, 1, 1, 1, 1, 1, 1, 1, 1, 1, 1, 1, 1, 1, 1, 1, 1, 1, 1, 1, 1, 1, 1, 1, 1, 1, 1, 1, 1, 1, 1, 1, 1, 1, 1, 1, 1, 1, 1, 1, 1, 1, 1, 1, 1, 1, 1, 1, 1, 1, 1, 1, 1, 1, 1, 1, 1, 1, 1, 1, 1, 1, 1, 1, 1, 1, 1, 1, 1, 1, 1, 1, 1, 1, 1, 1, 1, 1, 1, 1, 1, 1, 1, 1, 1, 1, 1, 1, 1, 1, 1, 1, 1, 1, 1, 1, 1, 1, 1, 1, 1, 1, 1, 1, 1, 1, 1, 1, 1, 1, 1, 1, 1, 1, 1, 1, 1, 1, 1, 1, 1, 1, 1, 1, 1, 1, 1, 1, 1, 1, 1, 1, 1, 1, 1, 1, 1, 1, 1, 1, 1, 1, 1, 1, 1, 1, 1, 1, 1, 1, 1, 1, 1, 1, 1, 1, 1, 1, 1, 1, 1, 1, 1, 1, 1]",1.6146986439998727,1.6178807546665566,1.6117161259999193,1.63873919299931,0.008258358082040593,"[1.638739, 1.62021, 1.611716, 1.618806, 1.614699, 1.613425, 1.613797, 1.614447, 1.615088]",0.03603828399991471,0.03612970599998436,0.03569752699968376,0.036496584000815346,0.0002706758916338524,"[0.035698, 0.035956, 0.036158, 0.036392, 0.035937, 0.03603, 0.036461, 0.036038, 0.036497]",44.80509238463446,44.16073915202346,45.906238631427534,22,optimal,nan,53.74835205078125,34.75804138183594,23.281049207123488,23.278113463332396,0.00012610014973867524,0.019285728862088458,0.006510619271106821,1.0,0.96875,0.07759699624530664,0.1436848203939745,9,2,1e-07,1e-05,1000,800.0,800.0,800.0,0.0,800.0,1.0,65.0,1.0869565217391304,2.3574681237784274,1.0
primary,x86_64,none,0.3.0,2.4.4,32,1,one_giant,800,1600,0.15,0,0.9975,1,[800],powerlaw,1,0,0,738,737,"[63, 1, 1, 1, 1, 1, 1, 1, 1, 1, 1, 1, 1, 1, 1, 1, 1, 1, 1, 1, 1, 1, 1, 1, 1, 1, 1, 1, 1, 1, 1, 1, 1, 1, 1, 1, 1, 1, 1, 1, 1, 1, 1, 1, 1, 1, 1, 1, 1, 1, 1, 1, 1, 1, 1, 1, 1, 1, 1, 1, 1, 1, 1, 1, 1, 1, 1, 1, 1, 1, 1, 1, 1, 1, 1, 1, 1, 1, 1, 1, 1, 1, 1, 1, 1, 1, 1, 1, 1, 1, 1, 1, 1, 1, 1, 1, 1, 1, 1, 1, 1, 1, 1, 1, 1, 1, 1, 1, 1, 1, 1, 1, 1, 1, 1, 1, 1, 1, 1, 1, 1, 1, 1, 1, 1, 1, 1, 1, 1, 1, 1, 1, 1, 1, 1, 1, 1, 1, 1, 1, 1, 1, 1, 1, 1, 1, 1, 1, 1, 1, 1, 1, 1, 1, 1, 1, 1, 1, 1, 1, 1, 1, 1, 1, 1, 1, 1, 1, 1, 1, 1, 1, 1, 1, 1, 1, 1, 1, 1, 1, 1, 1, 1, 1, 1, 1, 1, 1, 1, 1, 1, 1, 1, 1, 1, 1, 1, 1, 1, 1]",1.6607673170001362,1.664522246666719,1.6171302760003528,1.6998997230002715,0.025622498255256254,"[1.61713, 1.660767, 1.6999, 1.646941, 1.67859, 1.659313, 1.649476, 1.674335, 1.694248]",0.036872959999527666,0.03704525144449791,0.03371710300052655,0.041175755000040226,0.002336482566419756,"[0.033717, 0.035429, 0.034596, 0.036627, 0.037253, 0.038747, 0.03899, 0.041176, 0.036873]",45.04024946794102,39.27384636902888,50.41654150932613,22,optimal,nan,53.74835205078125,34.74889373779297,23.920799365497054,23.91711570377147,0.00015399408980029097,0.02536519298318396,0.008393953878822804,1.0,1.0,0.07759699624530664,0.1440185830429733,9,2,1e-07,1e-05,1000,800.0,800.0,800.0,0.0,800.0,1.0,63.0,1.084010840108401,2.280704773850651,1.0
primary,x86_64,none,0.3.0,2.4.4,32,1,one_giant,800,1600,0.2,0,0.9975,1,[800],powerlaw,1,0,0,738,737,"[63, 1, 1, 1, 1, 1, 1, 1, 1, 1, 1, 1, 1, 1, 1, 1, 1, 1, 1, 1, 1, 1, 1, 1, 1, 1, 1, 1, 1, 1, 1, 1, 1, 1, 1, 1, 1, 1, 1, 1, 1, 1, 1, 1, 1, 1, 1, 1, 1, 1, 1, 1, 1, 1, 1, 1, 1, 1, 1, 1, 1, 1, 1, 1, 1, 1, 1, 1, 1, 1, 1, 1, 1, 1, 1, 1, 1, 1, 1, 1, 1, 1, 1, 1, 1, 1, 1, 1, 1, 1, 1, 1, 1, 1, 1, 1, 1, 1, 1, 1, 1, 1, 1, 1, 1, 1, 1, 1, 1, 1, 1, 1, 1, 1, 1, 1, 1, 1, 1, 1, 1, 1, 1, 1, 1, 1, 1, 1, 1, 1, 1, 1, 1, 1, 1, 1, 1, 1, 1, 1, 1, 1, 1, 1, 1, 1, 1, 1, 1, 1, 1, 1, 1, 1, 1, 1, 1, 1, 1, 1, 1, 1, 1, 1, 1, 1, 1, 1, 1, 1, 1, 1, 1, 1, 1, 1, 1, 1, 1, 1, 1, 1, 1, 1, 1, 1, 1, 1, 1, 1, 1, 1, 1, 1, 1, 1, 1, 1, 1, 1]",1.609522079999806,1.6175658054444284,1.59280125100031,1.657472584000061,0.023866491042303904,"[1.657473, 1.652681, 1.597675, 1.622125, 1.592801, 1.602588, 1.609522, 1.598543, 1.624684]",0.03275063600085559,0.032791532111332344,0.03165831500064087,0.03477736599961645,0.0008695792447495936,"[0.031658, 0.033191, 0.032349, 0.032751, 0.032529, 0.032886, 0.034777, 0.032812, 0.03217]",49.1447579814254,45.79993927711134,52.355047448561564,22,optimal,nan,53.74835205078125,34.74882888793945,25.51350797826858,25.509832308527916,0.0001440675952439274,0.02599254139107865,0.008577617955406557,1.0,1.0,0.07759699624530664,0.1440185830429733,9,2,1e-07,1e-05,1000,800.0,800.0,800.0,0.0,800.0,1.0,63.0,1.084010840108401,2.280704773850651,1.0
primary,x86_64,none,0.3.0,2.4.4,32,1,one_giant,800,1600,0.25,0,0.9975,1,[800],powerlaw,1,0,0,738,737,"[63, 1, 1, 1, 1, 1, 1, 1, 1, 1, 1, 1, 1, 1, 1, 1, 1, 1, 1, 1, 1, 1, 1, 1, 1, 1, 1, 1, 1, 1, 1, 1, 1, 1, 1, 1, 1, 1, 1, 1, 1, 1, 1, 1, 1, 1, 1, 1, 1, 1, 1, 1, 1, 1, 1, 1, 1, 1, 1, 1, 1, 1, 1, 1, 1, 1, 1, 1, 1, 1, 1, 1, 1, 1, 1, 1, 1, 1, 1, 1, 1, 1, 1, 1, 1, 1, 1, 1, 1, 1, 1, 1, 1, 1, 1, 1, 1, 1, 1, 1, 1, 1, 1, 1, 1, 1, 1, 1, 1, 1, 1, 1, 1, 1, 1, 1, 1, 1, 1, 1, 1, 1, 1, 1, 1, 1, 1, 1, 1, 1, 1, 1, 1, 1, 1, 1, 1, 1, 1, 1, 1, 1, 1, 1, 1, 1, 1, 1, 1, 1, 1, 1, 1, 1, 1, 1, 1, 1, 1, 1, 1, 1, 1, 1, 1, 1, 1, 1, 1, 1, 1, 1, 1, 1, 1, 1, 1, 1, 1, 1, 1, 1, 1, 1, 1, 1, 1, 1, 1, 1, 1, 1, 1, 1, 1, 1, 1, 1, 1, 1]",1.6636858170004416,1.6670611834446794,1.6529846270004782,1.693215271000554,0.01146472291150884,"[1.693215, 1.667007, 1.665853, 1.675477, 1.662794, 1.661658, 1.652985, 1.660877, 1.663686]",0.03277200899992749,0.0328344082221924,0.0323350799999389,0.03373966300023312,0.00045507361268880405,"[0.032592, 0.03288, 0.03374, 0.032886, 0.032379, 0.032772, 0.032335, 0.033337, 0.032589]",50.765450998262644,48.99232772387374,52.36465383737271,23,optimal,nan,53.74835205078125,34.75031852722168,26.268144523138403,26.265299696876582,0.00010829947502821819,0.019767412231596726,0.006641804948224291,1.0,1.0,0.07759699624530664,0.1440185830429733,9,2,1e-07,1e-05,1000,800.0,800.0,800.0,0.0,800.0,1.0,63.0,1.084010840108401,2.280704773850651,1.0
primary,x86_64,none,0.3.0,2.4.4,32,1,one_giant,800,1600,0.3,0,0.9975,1,[800],powerlaw,1,0,0,738,737,"[63, 1, 1, 1, 1, 1, 1, 1, 1, 1, 1, 1, 1, 1, 1, 1, 1, 1, 1, 1, 1, 1, 1, 1, 1, 1, 1, 1, 1, 1, 1, 1, 1, 1, 1, 1, 1, 1, 1, 1, 1, 1, 1, 1, 1, 1, 1, 1, 1, 1, 1, 1, 1, 1, 1, 1, 1, 1, 1, 1, 1, 1, 1, 1, 1, 1, 1, 1, 1, 1, 1, 1, 1, 1, 1, 1, 1, 1, 1, 1, 1, 1, 1, 1, 1, 1, 1, 1, 1, 1, 1, 1, 1, 1, 1, 1, 1, 1, 1, 1, 1, 1, 1, 1, 1, 1, 1, 1, 1, 1, 1, 1, 1, 1, 1, 1, 1, 1, 1, 1, 1, 1, 1, 1, 1, 1, 1, 1, 1, 1, 1, 1, 1, 1, 1, 1, 1, 1, 1, 1, 1, 1, 1, 1, 1, 1, 1, 1, 1, 1, 1, 1, 1, 1, 1, 1, 1, 1, 1, 1, 1, 1, 1, 1, 1, 1, 1, 1, 1, 1, 1, 1, 1, 1, 1, 1, 1, 1, 1, 1, 1, 1, 1, 1, 1, 1, 1, 1, 1, 1, 1, 1, 1, 1, 1, 1, 1, 1, 1, 1]",1.702438316999178,1.7040225732219672,1.6671017170001505,1.7913865059999807,0.04069229426618206,"[1.671182, 1.673257, 1.667102, 1.671567, 1.706616, 1.717142, 1.702438, 1.791387, 1.735512]",0.03292042199973366,0.033120813222416876,0.03259866300049907,0.03466813600061869,0.0006346979305596387,"[0.032599, 0.03292, 0.033134, 0.032683, 0.033335, 0.032866, 0.032669, 0.033214, 0.034668]",51.71374525554233,48.087434437501905,54.952760055605815,23,optimal,nan,53.74835205078125,34.748902320861816,28.06261020708041,28.05984157349285,9.865916132285497e-05,0.020938512850884994,0.0069906204321675165,1.0,1.0,0.07759699624530664,0.1440185830429733,9,2,1e-07,1e-05,1000,800.0,800.0,800.0,0.0,800.0,1.0,63.0,1.084010840108401,2.280704773850651,1.0
primary,x86_64,none,0.3.0,2.4.4,32,1,one_giant,800,1600,0.35,0,0.9975,1,[800],powerlaw,1,0,0,738,737,"[63, 1, 1, 1, 1, 1, 1, 1, 1, 1, 1, 1, 1, 1, 1, 1, 1, 1, 1, 1, 1, 1, 1, 1, 1, 1, 1, 1, 1, 1, 1, 1, 1, 1, 1, 1, 1, 1, 1, 1, 1, 1, 1, 1, 1, 1, 1, 1, 1, 1, 1, 1, 1, 1, 1, 1, 1, 1, 1, 1, 1, 1, 1, 1, 1, 1, 1, 1, 1, 1, 1, 1, 1, 1, 1, 1, 1, 1, 1, 1, 1, 1, 1, 1, 1, 1, 1, 1, 1, 1, 1, 1, 1, 1, 1, 1, 1, 1, 1, 1, 1, 1, 1, 1, 1, 1, 1, 1, 1, 1, 1, 1, 1, 1, 1, 1, 1, 1, 1, 1, 1, 1, 1, 1, 1, 1, 1, 1, 1, 1, 1, 1, 1, 1, 1, 1, 1, 1, 1, 1, 1, 1, 1, 1, 1, 1, 1, 1, 1, 1, 1, 1, 1, 1, 1, 1, 1, 1, 1, 1, 1, 1, 1, 1, 1, 1, 1, 1, 1, 1, 1, 1, 1, 1, 1, 1, 1, 1, 1, 1, 1, 1, 1, 1, 1, 1, 1, 1, 1, 1, 1, 1, 1, 1, 1, 1, 1, 1, 1, 1]",1.325604172000567,1.3261433341111923,1.3145740999998452,1.3405642220004665,0.007157204935729409,"[1.327207, 1.323581, 1.322358, 1.331232, 1.322123, 1.328046, 1.314574, 1.340564, 1.325604]",0.03252505099953851,0.03243349611077267,0.03156214599948726,0.03301659499993548,0.0004309613417116777,"[0.031562, 0.032525, 0.032857, 0.032625, 0.032226, 0.033017, 0.032166, 0.032613, 0.03231]",40.7564056400519,39.81555638921622,42.47379826524612,18,optimal,nan,53.74835205078125,34.74886608123779,27.251893377804937,27.24924611060012,9.714067085606378e-05,0.019162120885222844,0.0064122544388209215,1.0,1.0,0.07759699624530664,0.1440185830429733,9,2,1e-07,1e-05,1000,800.0,800.0,800.0,0.0,800.0,1.0,63.0,1.084010840108401,2.280704773850651,1.0
primary,x86_64,none,0.3.0,2.4.4,32,1,one_giant,800,1600,0.4,0,0.9975,1,[800],powerlaw,1,0,0,738,737,"[63, 1, 1, 1, 1, 1, 1, 1, 1, 1, 1, 1, 1, 1, 1, 1, 1, 1, 1, 1, 1, 1, 1, 1, 1, 1, 1, 1, 1, 1, 1, 1, 1, 1, 1, 1, 1, 1, 1, 1, 1, 1, 1, 1, 1, 1, 1, 1, 1, 1, 1, 1, 1, 1, 1, 1, 1, 1, 1, 1, 1, 1, 1, 1, 1, 1, 1, 1, 1, 1, 1, 1, 1, 1, 1, 1, 1, 1, 1, 1, 1, 1, 1, 1, 1, 1, 1, 1, 1, 1, 1, 1, 1, 1, 1, 1, 1, 1, 1, 1, 1, 1, 1, 1, 1, 1, 1, 1, 1, 1, 1, 1, 1, 1, 1, 1, 1, 1, 1, 1, 1, 1, 1, 1, 1, 1, 1, 1, 1, 1, 1, 1, 1, 1, 1, 1, 1, 1, 1, 1, 1, 1, 1, 1, 1, 1, 1, 1, 1, 1, 1, 1, 1, 1, 1, 1, 1, 1, 1, 1, 1, 1, 1, 1, 1, 1, 1, 1, 1, 1, 1, 1, 1, 1, 1, 1, 1, 1, 1, 1, 1, 1, 1, 1, 1, 1, 1, 1, 1, 1, 1, 1, 1, 1, 1, 1, 1, 1, 1, 1]",1.7449368010002217,1.7462482434445217,1.732306241000515,1.7654629270000441,0.010415340446789734,"[1.765463, 1.743279, 1.752159, 1.753039, 1.732306, 1.744937, 1.732843, 1.742047, 1.750161]",0.03384770899992873,0.03429215755537977,0.03294179499971506,0.038828455999464495,0.0018177114997693206,"[0.03394, 0.033437, 0.033435, 0.032942, 0.035092, 0.033047, 0.03406, 0.033848, 0.038828]",51.55258221476367,44.61434781296496,53.593403972531405,24,optimal,nan,53.74835205078125,34.74885940551758,29.456139988068163,29.45353614194039,8.839739792204994e-05,0.018560700486609072,0.006269209773089951,1.0,1.0,0.07759699624530664,0.1440185830429733,9,2,1e-07,1e-05,1000,800.0,800.0,800.0,0.0,800.0,1.0,63.0,1.084010840108401,2.280704773850651,1.0
primary,x86_64,none,0.3.0,2.4.4,32,1,one_giant,800,4000,0.05,0,0.9975,1,[800],powerlaw,1,0,0,494,362,"[90, 12, 10, 8, 7, 7, 7, 6, 5, 5, 4, 4, 4, 4, 4, 4, 4, 4, 4, 3, 3, 3, 3, 3, 3, 3, 3, 3, 3, 3, 3, 3, 3, 3, 3, 3, 3, 3, 2, 2, 2, 2, 2, 2, 2, 2, 2, 2, 2, 2, 2, 2, 2, 2, 2, 2, 2, 2, 2, 2, 2, 2, 2, 2, 2, 2, 2, 2, 2, 2, 2, 2, 2, 2, 2, 2, 2, 2, 2, 2, 2, 2, 2, 2, 2, 2, 2, 2, 2, 2, 2, 2, 2, 2, 2, 2, 2, 2, 2, 2, 2, 2, 2, 2, 2, 2, 2, 2, 2, 2, 2, 2, 2, 2, 2, 2, 2, 2, 2, 2, 2, 2, 2, 2, 2, 2, 2, 2, 2, 2, 2, 2, 1, 1, 1, 1, 1, 1, 1, 1, 1, 1, 1, 1, 1, 1, 1, 1, 1, 1, 1, 1, 1, 1, 1, 1, 1, 1, 1, 1, 1, 1, 1, 1, 1, 1, 1, 1, 1, 1, 1, 1, 1, 1, 1, 1, 1, 1, 1, 1, 1, 1, 1, 1, 1, 1, 1, 1, 1, 1, 1, 1, 1, 1, 1, 1, 1, 1, 1, 1]",1.6005628410002828,1.6028296696668904,1.5945906999995714,1.6164276120007344,0.0076877109403712725,"[1.613599, 1.616428, 1.597704, 1.604925, 1.59983, 1.600563, 1.595134, 1.602693, 1.594591]",0.07143305899990082,0.07185600322231443,0.07104837199949543,0.07446306300062133,0.001150400622220757,"[0.071048, 0.071069, 0.071323, 0.073032, 0.074463, 0.071731, 0.071433, 0.071448, 0.071156]",22.406472065021113,21.414519303164656,22.751085866009905,22,optimal,nan,53.74835205078125,34.784369468688965,22.051100509716683,22.05104973215066,2.3027225331235257e-06,0.0023507751217861916,0.0008228650159417231,0.99999375,0.9672131147540983,0.3692115143929912,0.5344202898550724,9,2,1e-07,1e-05,1000,800.0,800.0,800.0,0.0,800.0,1.0,90.0,1.6194331983805668,4.123216935520058,1.0
primary,x86_64,none,0.3.0,2.4.4,32,1,one_giant,800,4000,0.1,0,0.9975,1,[800],powerlaw,1,0,0,738,737,"[63, 1, 1, 1, 1, 1, 1, 1, 1, 1, 1, 1, 1, 1, 1, 1, 1, 1, 1, 1, 1, 1, 1, 1, 1, 1, 1, 1, 1, 1, 1, 1, 1, 1, 1, 1, 1, 1, 1, 1, 1, 1, 1, 1, 1, 1, 1, 1, 1, 1, 1, 1, 1, 1, 1, 1, 1, 1, 1, 1, 1, 1, 1, 1, 1, 1, 1, 1, 1, 1, 1, 1, 1, 1, 1, 1, 1, 1, 1, 1, 1, 1, 1, 1, 1, 1, 1, 1, 1, 1, 1, 1, 1, 1, 1, 1, 1, 1, 1, 1, 1, 1, 1, 1, 1, 1, 1, 1, 1, 1, 1, 1, 1, 1, 1, 1, 1, 1, 1, 1, 1, 1, 1, 1, 1, 1, 1, 1, 1, 1, 1, 1, 1, 1, 1, 1, 1, 1, 1, 1, 1, 1, 1, 1, 1, 1, 1, 1, 1, 1, 1, 1, 1, 1, 1, 1, 1, 1, 1, 1, 1, 1, 1, 1, 1, 1, 1, 1, 1, 1, 1, 1, 1, 1, 1, 1, 1, 1, 1, 1, 1, 1, 1, 1, 1, 1, 1, 1, 1, 1, 1, 1, 1, 1, 1, 1, 1, 1, 1, 1]",1.6148532890001661,1.613370865444267,1.6038896969994312,1.6236737790004554,0.006455331640665765,"[1.617182, 1.619138, 1.60389, 1.615515, 1.611433, 1.623674, 1.605604, 1.614853, 1.60905]",0.03383227599988459,0.03431379433338103,0.03312464199916576,0.03564529199957178,0.0009119147303879782,"[0.033125, 0.035381, 0.033684, 0.034965, 0.033482, 0.035645, 0.033817, 0.034894, 0.033832]",47.73114551931638,44.9958355515421,49.01709666904015,22,optimal,nan,53.74835205078125,34.74877452850342,23.53851514375633,23.538494346417245,8.835450732311378e-07,0.0022113037385869116,0.0007692887257282248,1.0,1.0,0.07759699624530664,0.1440185830429733,9,2,1e-07,1e-05,1000,800.0,800.0,800.0,0.0,800.0,1.0,63.0,1.084010840108401,2.280704773850651,1.0
primary,x86_64,none,0.3.0,2.4.4,32,1,one_giant,800,4000,0.15,0,0.9975,1,[800],powerlaw,1,0,0,738,737,"[63, 1, 1, 1, 1, 1, 1, 1, 1, 1, 1, 1, 1, 1, 1, 1, 1, 1, 1, 1, 1, 1, 1, 1, 1, 1, 1, 1, 1, 1, 1, 1, 1, 1, 1, 1, 1, 1, 1, 1, 1, 1, 1, 1, 1, 1, 1, 1, 1, 1, 1, 1, 1, 1, 1, 1, 1, 1, 1, 1, 1, 1, 1, 1, 1, 1, 1, 1, 1, 1, 1, 1, 1, 1, 1, 1, 1, 1, 1, 1, 1, 1, 1, 1, 1, 1, 1, 1, 1, 1, 1, 1, 1, 1, 1, 1, 1, 1, 1, 1, 1, 1, 1, 1, 1, 1, 1, 1, 1, 1, 1, 1, 1, 1, 1, 1, 1, 1, 1, 1, 1, 1, 1, 1, 1, 1, 1, 1, 1, 1, 1, 1, 1, 1, 1, 1, 1, 1, 1, 1, 1, 1, 1, 1, 1, 1, 1, 1, 1, 1, 1, 1, 1, 1, 1, 1, 1, 1, 1, 1, 1, 1, 1, 1, 1, 1, 1, 1, 1, 1, 1, 1, 1, 1, 1, 1, 1, 1, 1, 1, 1, 1, 1, 1, 1, 1, 1, 1, 1, 1, 1, 1, 1, 1, 1, 1, 1, 1, 1, 1]",1.6832361890001266,1.6832627014444168,1.6785581940002885,1.6888746949998676,0.003949898637304107,"[1.681941, 1.678558, 1.688875, 1.686297, 1.678647, 1.688242, 1.683236, 1.683994, 1.679575]",0.03372541899989301,0.03384217077756249,0.032899054999688815,0.03495546799967997,0.0007582745854779891,"[0.033725, 0.032899, 0.034557, 0.033514, 0.034409, 0.033095, 0.034393, 0.033032, 0.034955]",49.910015617759015,48.01990332429983,51.33505187355206,23,optimal,nan,53.74835205078125,34.748756408691406,25.88036274800829,25.880350358665464,4.787159650246496e-07,0.0012975167939486276,0.000447075029712188,1.0,1.0,0.07759699624530664,0.1440185830429733,9,2,1e-07,1e-05,1000,800.0,800.0,800.0,0.0,800.0,1.0,63.0,1.084010840108401,2.280704773850651,1.0
primary,x86_64,none,0.3.0,2.4.4,32,1,one_giant,800,4000,0.2,0,0.9975,1,[800],powerlaw,1,0,0,738,737,"[63, 1, 1, 1, 1, 1, 1, 1, 1, 1, 1, 1, 1, 1, 1, 1, 1, 1, 1, 1, 1, 1, 1, 1, 1, 1, 1, 1, 1, 1, 1, 1, 1, 1, 1, 1, 1, 1, 1, 1, 1, 1, 1, 1, 1, 1, 1, 1, 1, 1, 1, 1, 1, 1, 1, 1, 1, 1, 1, 1, 1, 1, 1, 1, 1, 1, 1, 1, 1, 1, 1, 1, 1, 1, 1, 1, 1, 1, 1, 1, 1, 1, 1, 1, 1, 1, 1, 1, 1, 1, 1, 1, 1, 1, 1, 1, 1, 1, 1, 1, 1, 1, 1, 1, 1, 1, 1, 1, 1, 1, 1, 1, 1, 1, 1, 1, 1, 1, 1, 1, 1, 1, 1, 1, 1, 1, 1, 1, 1, 1, 1, 1, 1, 1, 1, 1, 1, 1, 1, 1, 1, 1, 1, 1, 1, 1, 1, 1, 1, 1, 1, 1, 1, 1, 1, 1, 1, 1, 1, 1, 1, 1, 1, 1, 1, 1, 1, 1, 1, 1, 1, 1, 1, 1, 1, 1, 1, 1, 1, 1, 1, 1, 1, 1, 1, 1, 1, 1, 1, 1, 1, 1, 1, 1, 1, 1, 1, 1, 1, 1]",1.6224022369997328,1.6228987884444197,1.6085261850003008,1.634452197000428,0.006949555778426662,"[1.619212, 1.622229, 1.608526, 1.624191, 1.634452, 1.627501, 1.621838, 1.622402, 1.625737]",0.03332411100018362,0.03386868788887417,0.03238495200002944,0.0365488319994256,0.001438473264243318,"[0.033207, 0.034332, 0.036549, 0.035738, 0.032621, 0.033324, 0.032385, 0.033875, 0.032787]",48.68553693722822,44.010330754908395,50.46949573984059,22,optimal,nan,53.74835205078125,34.74919414520264,26.45702310379388,26.453779535012814,0.0001225976470724331,0.015074330398163305,0.005288017403038385,1.0,1.0,0.07759699624530664,0.1440185830429733,9,2,1e-07,1e-05,1000,800.0,800.0,800.0,0.0,800.0,1.0,63.0,1.084010840108401,2.280704773850651,1.0
primary,x86_64,none,0.3.0,2.4.4,32,1,one_giant,800,4000,0.25,0,0.9975,1,[800],powerlaw,1,0,0,738,737,"[63, 1, 1, 1, 1, 1, 1, 1, 1, 1, 1, 1, 1, 1, 1, 1, 1, 1, 1, 1, 1, 1, 1, 1, 1, 1, 1, 1, 1, 1, 1, 1, 1, 1, 1, 1, 1, 1, 1, 1, 1, 1, 1, 1, 1, 1, 1, 1, 1, 1, 1, 1, 1, 1, 1, 1, 1, 1, 1, 1, 1, 1, 1, 1, 1, 1, 1, 1, 1, 1, 1, 1, 1, 1, 1, 1, 1, 1, 1, 1, 1, 1, 1, 1, 1, 1, 1, 1, 1, 1, 1, 1, 1, 1, 1, 1, 1, 1, 1, 1, 1, 1, 1, 1, 1, 1, 1, 1, 1, 1, 1, 1, 1, 1, 1, 1, 1, 1, 1, 1, 1, 1, 1, 1, 1, 1, 1, 1, 1, 1, 1, 1, 1, 1, 1, 1, 1, 1, 1, 1, 1, 1, 1, 1, 1, 1, 1, 1, 1, 1, 1, 1, 1, 1, 1, 1, 1, 1, 1, 1, 1, 1, 1, 1, 1, 1, 1, 1, 1, 1, 1, 1, 1, 1, 1, 1, 1, 1, 1, 1, 1, 1, 1, 1, 1, 1, 1, 1, 1, 1, 1, 1, 1, 1, 1, 1, 1, 1, 1, 1]",1.3240418229997886,1.3236931462220634,1.3151607669997247,1.3362508870004604,0.0058777634825923665,"[1.325798, 1.315161, 1.322492, 1.320786, 1.318603, 1.324095, 1.32601, 1.336251, 1.324042]",0.03317213599984825,0.03322318966679126,0.0326283490003334,0.03399493899996742,0.00043393922576570154,"[0.033082, 0.032685, 0.033623, 0.033214, 0.033494, 0.032628, 0.033115, 0.033995, 0.033172]",39.91427694031658,38.68695769687909,40.953677643536494,18,optimal,nan,53.74835205078125,34.74880504608154,26.43511782284827,26.433206369726122,7.230734264008007e-05,0.011593371115058204,0.004057179421090963,1.0,1.0,0.07759699624530664,0.1440185830429733,9,2,1e-07,1e-05,1000,800.0,800.0,800.0,0.0,800.0,1.0,63.0,1.084010840108401,2.280704773850651,1.0
primary,x86_64,none,0.3.0,2.4.4,32,1,one_giant,800,4000,0.3,0,0.9975,1,[800],powerlaw,1,0,0,738,737,"[63, 1, 1, 1, 1, 1, 1, 1, 1, 1, 1, 1, 1, 1, 1, 1, 1, 1, 1, 1, 1, 1, 1, 1, 1, 1, 1, 1, 1, 1, 1, 1, 1, 1, 1, 1, 1, 1, 1, 1, 1, 1, 1, 1, 1, 1, 1, 1, 1, 1, 1, 1, 1, 1, 1, 1, 1, 1, 1, 1, 1, 1, 1, 1, 1, 1, 1, 1, 1, 1, 1, 1, 1, 1, 1, 1, 1, 1, 1, 1, 1, 1, 1, 1, 1, 1, 1, 1, 1, 1, 1, 1, 1, 1, 1, 1, 1, 1, 1, 1, 1, 1, 1, 1, 1, 1, 1, 1, 1, 1, 1, 1, 1, 1, 1, 1, 1, 1, 1, 1, 1, 1, 1, 1, 1, 1, 1, 1, 1, 1, 1, 1, 1, 1, 1, 1, 1, 1, 1, 1, 1, 1, 1, 1, 1, 1, 1, 1, 1, 1, 1, 1, 1, 1, 1, 1, 1, 1, 1, 1, 1, 1, 1, 1, 1, 1, 1, 1, 1, 1, 1, 1, 1, 1, 1, 1, 1, 1, 1, 1, 1, 1, 1, 1, 1, 1, 1, 1, 1, 1, 1, 1, 1, 1, 1, 1, 1, 1, 1, 1]",1.3194517109996013,1.318226939999982,1.31252971899994,1.3244467109998368,0.004017948148848284,"[1.321657, 1.320714, 1.315475, 1.319452, 1.31253, 1.32015, 1.313407, 1.324447, 1.316212]",0.033523578999847814,0.03366249333309194,0.032426507999844034,0.035119317999487976,0.0008462026954494542,"[0.032427, 0.033524, 0.034085, 0.033061, 0.035119, 0.033389, 0.034593, 0.032924, 0.033841]",39.358915436970236,37.3734398549276,40.84456799992793,18,optimal,nan,53.74835205078125,34.74885368347168,28.833425039796587,28.831561745811335,6.462270724620987e-05,0.011312367770739407,0.003969209107923274,1.0,1.0,0.07759699624530664,0.1440185830429733,9,2,1e-07,1e-05,1000,800.0,800.0,800.0,0.0,800.0,1.0,63.0,1.084010840108401,2.280704773850651,1.0
primary,x86_64,none,0.3.0,2.4.4,32,1,one_giant,800,4000,0.35,0,0.9975,1,[800],powerlaw,1,0,0,738,737,"[63, 1, 1, 1, 1, 1, 1, 1, 1, 1, 1, 1, 1, 1, 1, 1, 1, 1, 1, 1, 1, 1, 1, 1, 1, 1, 1, 1, 1, 1, 1, 1, 1, 1, 1, 1, 1, 1, 1, 1, 1, 1, 1, 1, 1, 1, 1, 1, 1, 1, 1, 1, 1, 1, 1, 1, 1, 1, 1, 1, 1, 1, 1, 1, 1, 1, 1, 1, 1, 1, 1, 1, 1, 1, 1, 1, 1, 1, 1, 1, 1, 1, 1, 1, 1, 1, 1, 1, 1, 1, 1, 1, 1, 1, 1, 1, 1, 1, 1, 1, 1, 1, 1, 1, 1, 1, 1, 1, 1, 1, 1, 1, 1, 1, 1, 1, 1, 1, 1, 1, 1, 1, 1, 1, 1, 1, 1, 1, 1, 1, 1, 1, 1, 1, 1, 1, 1, 1, 1, 1, 1, 1, 1, 1, 1, 1, 1, 1, 1, 1, 1, 1, 1, 1, 1, 1, 1, 1, 1, 1, 1, 1, 1, 1, 1, 1, 1, 1, 1, 1, 1, 1, 1, 1, 1, 1, 1, 1, 1, 1, 1, 1, 1, 1, 1, 1, 1, 1, 1, 1, 1, 1, 1, 1, 1, 1, 1, 1, 1, 1]",1.3209809780000796,1.3163888754443178,1.299149989000398,1.3252517159999115,0.008584243034637135,"[1.323446, 1.322064, 1.308969, 1.325252, 1.320981, 1.321138, 1.29915, 1.315838, 1.310663]",0.032546426000408246,0.03276700111119782,0.031595393999850785,0.03387976999965758,0.0008105337705765457,"[0.031595, 0.032448, 0.033576, 0.032546, 0.033709, 0.032966, 0.032063, 0.03212, 0.03388]",40.58758949395887,38.34589163425632,41.94445924637529,18,optimal,nan,53.74835205078125,34.74872589111328,29.148126914232694,29.146534978762883,5.4615360859910555e-05,0.01370799686981039,0.004671222867825069,1.0,1.0,0.07759699624530664,0.1440185830429733,9,2,1e-07,1e-05,1000,800.0,800.0,800.0,0.0,800.0,1.0,63.0,1.084010840108401,2.280704773850651,1.0
primary,x86_64,none,0.3.0,2.4.4,32,1,one_giant,800,4000,0.4,0,0.9975,1,[800],powerlaw,1,0,0,738,737,"[63, 1, 1, 1, 1, 1, 1, 1, 1, 1, 1, 1, 1, 1, 1, 1, 1, 1, 1, 1, 1, 1, 1, 1, 1, 1, 1, 1, 1, 1, 1, 1, 1, 1, 1, 1, 1, 1, 1, 1, 1, 1, 1, 1, 1, 1, 1, 1, 1, 1, 1, 1, 1, 1, 1, 1, 1, 1, 1, 1, 1, 1, 1, 1, 1, 1, 1, 1, 1, 1, 1, 1, 1, 1, 1, 1, 1, 1, 1, 1, 1, 1, 1, 1, 1, 1, 1, 1, 1, 1, 1, 1, 1, 1, 1, 1, 1, 1, 1, 1, 1, 1, 1, 1, 1, 1, 1, 1, 1, 1, 1, 1, 1, 1, 1, 1, 1, 1, 1, 1, 1, 1, 1, 1, 1, 1, 1, 1, 1, 1, 1, 1, 1, 1, 1, 1, 1, 1, 1, 1, 1, 1, 1, 1, 1, 1, 1, 1, 1, 1, 1, 1, 1, 1, 1, 1, 1, 1, 1, 1, 1, 1, 1, 1, 1, 1, 1, 1, 1, 1, 1, 1, 1, 1, 1, 1, 1, 1, 1, 1, 1, 1, 1, 1, 1, 1, 1, 1, 1, 1, 1, 1, 1, 1, 1, 1, 1, 1, 1, 1]",1.3164597320001121,1.333128847777617,1.2810756449998735,1.4261216739996598,0.04770644103928312,"[1.315192, 1.313259, 1.31646, 1.281076, 1.348519, 1.283007, 1.426122, 1.388421, 1.326104]",0.03248231199995644,0.03262109511110288,0.03213799300010578,0.03332173699982377,0.0004472079278900837,"[0.032203, 0.033299, 0.032258, 0.032871, 0.032473, 0.033322, 0.032482, 0.032544, 0.032138]",40.52851077847777,38.445644205362065,44.37494506875292,17,optimal,nan,53.74835205078125,34.748756408691406,30.74603413555087,30.74430153723956,5.635192830632359e-05,0.011722512264559892,0.004083986260907777,1.0,1.0,0.07759699624530664,0.1440185830429733,9,2,1e-07,1e-05,1000,800.0,800.0,800.0,0.0,800.0,1.0,63.0,1.084010840108401,2.280704773850651,1.0
primary,x86_64,none,0.3.0,2.4.4,32,1,one_giant,800,8000,0.05,0,0.9975,1,[800],powerlaw,1,0,0,495,362,"[78, 9, 8, 7, 7, 6, 6, 6, 6, 6, 6, 6, 5, 5, 4, 4, 4, 4, 4, 4, 4, 4, 4, 4, 4, 4, 3, 3, 3, 3, 3, 3, 3, 3, 3, 3, 3, 3, 3, 3, 3, 2, 2, 2, 2, 2, 2, 2, 2, 2, 2, 2, 2, 2, 2, 2, 2, 2, 2, 2, 2, 2, 2, 2, 2, 2, 2, 2, 2, 2, 2, 2, 2, 2, 2, 2, 2, 2, 2, 2, 2, 2, 2, 2, 2, 2, 2, 2, 2, 2, 2, 2, 2, 2, 2, 2, 2, 2, 2, 2, 2, 2, 2, 2, 2, 2, 2, 2, 2, 2, 2, 2, 2, 2, 2, 2, 2, 2, 2, 2, 2, 2, 2, 2, 2, 2, 2, 2, 2, 2, 2, 2, 2, 1, 1, 1, 1, 1, 1, 1, 1, 1, 1, 1, 1, 1, 1, 1, 1, 1, 1, 1, 1, 1, 1, 1, 1, 1, 1, 1, 1, 1, 1, 1, 1, 1, 1, 1, 1, 1, 1, 1, 1, 1, 1, 1, 1, 1, 1, 1, 1, 1, 1, 1, 1, 1, 1, 1, 1, 1, 1, 1, 1, 1, 1, 1, 1, 1, 1, 1]",1.609533126000315,1.6122210589999466,1.5962863569993715,1.633536890999494,0.010521528146740493,"[1.607525, 1.609533, 1.596286, 1.633537, 1.616424, 1.611391, 1.606263, 1.620984, 1.608045]",0.0694657019994338,0.06956015844429607,0.06888154700027371,0.07071237299987843,0.0006321742860315182,"[0.068882, 0.069244, 0.069618, 0.068882, 0.070712, 0.06978, 0.069466, 0.070334, 0.069125]",23.170184417245704,22.574357064811217,23.715159750883686,22,optimal,nan,53.74835205078125,34.737690925598145,21.914373666009737,21.91434884604903,1.1325881855173065e-06,0.002908228509830746,0.001028164840766876,1.0,1.0,0.3804755944931164,0.5512239347234814,9,2,1e-07,1e-05,1000,800.0,800.0,800.0,0.0,800.0,1.0,78.0,1.6161616161616161,3.5937855191592325,1.0
primary,x86_64,none,0.3.0,2.4.4,32,1,one_giant,800,8000,0.1,0,0.9975,1,[800],powerlaw,1,0,0,738,737,"[63, 1, 1, 1, 1, 1, 1, 1, 1, 1, 1, 1, 1, 1, 1, 1, 1, 1, 1, 1, 1, 1, 1, 1, 1, 1, 1, 1, 1, 1, 1, 1, 1, 1, 1, 1, 1, 1, 1, 1, 1, 1, 1, 1, 1, 1, 1, 1, 1, 1, 1, 1, 1, 1, 1, 1, 1, 1, 1, 1, 1, 1, 1, 1, 1, 1, 1, 1, 1, 1, 1, 1, 1, 1, 1, 1, 1, 1, 1, 1, 1, 1, 1, 1, 1, 1, 1, 1, 1, 1, 1, 1, 1, 1, 1, 1, 1, 1, 1, 1, 1, 1, 1, 1, 1, 1, 1, 1, 1, 1, 1, 1, 1, 1, 1, 1, 1, 1, 1, 1, 1, 1, 1, 1, 1, 1, 1, 1, 1, 1, 1, 1, 1, 1, 1, 1, 1, 1, 1, 1, 1, 1, 1, 1, 1, 1, 1, 1, 1, 1, 1, 1, 1, 1, 1, 1, 1, 1, 1, 1, 1, 1, 1, 1, 1, 1, 1, 1, 1, 1, 1, 1, 1, 1, 1, 1, 1, 1, 1, 1, 1, 1, 1, 1, 1, 1, 1, 1, 1, 1, 1, 1, 1, 1, 1, 1, 1, 1, 1, 1]",1.5632947210006023,1.564845600555398,1.5352410469995448,1.5873614089996408,0.01941963148575849,"[1.535241, 1.538107, 1.581671, 1.577444, 1.559995, 1.556239, 1.584258, 1.587361, 1.563295]",0.03754973500053893,0.037272960111295106,0.03358294499957992,0.041574701000172354,0.002902643168414821,"[0.033583, 0.034375, 0.035079, 0.041575, 0.039166, 0.03755, 0.040611, 0.038596, 0.034923]",41.63264323911115,36.9272901564146,47.26689124552646,21,optimal,nan,53.74835205078125,34.74882411956787,24.232972250665192,24.23292951688734,1.7634558984843572e-06,0.002324437974121407,0.0008258295363103491,1.0,1.0,0.07759699624530664,0.1440185830429733,9,2,1e-07,1e-05,1000,800.0,800.0,800.0,0.0,800.0,1.0,63.0,1.084010840108401,2.280704773850651,1.0
primary,x86_64,none,0.3.0,2.4.4,32,1,one_giant,800,8000,0.15,0,0.9975,1,[800],powerlaw,1,0,0,738,737,"[63, 1, 1, 1, 1, 1, 1, 1, 1, 1, 1, 1, 1, 1, 1, 1, 1, 1, 1, 1, 1, 1, 1, 1, 1, 1, 1, 1, 1, 1, 1, 1, 1, 1, 1, 1, 1, 1, 1, 1, 1, 1, 1, 1, 1, 1, 1, 1, 1, 1, 1, 1, 1, 1, 1, 1, 1, 1, 1, 1, 1, 1, 1, 1, 1, 1, 1, 1, 1, 1, 1, 1, 1, 1, 1, 1, 1, 1, 1, 1, 1, 1, 1, 1, 1, 1, 1, 1, 1, 1, 1, 1, 1, 1, 1, 1, 1, 1, 1, 1, 1, 1, 1, 1, 1, 1, 1, 1, 1, 1, 1, 1, 1, 1, 1, 1, 1, 1, 1, 1, 1, 1, 1, 1, 1, 1, 1, 1, 1, 1, 1, 1, 1, 1, 1, 1, 1, 1, 1, 1, 1, 1, 1, 1, 1, 1, 1, 1, 1, 1, 1, 1, 1, 1, 1, 1, 1, 1, 1, 1, 1, 1, 1, 1, 1, 1, 1, 1, 1, 1, 1, 1, 1, 1, 1, 1, 1, 1, 1, 1, 1, 1, 1, 1, 1, 1, 1, 1, 1, 1, 1, 1, 1, 1, 1, 1, 1, 1, 1, 1]",1.4846190999996907,1.4816640281110773,1.4597675989998606,1.5106887779993485,0.018026125212522757,"[1.472004, 1.462801, 1.459768, 1.490353, 1.484619, 1.486907, 1.510689, 1.502715, 1.465121]",0.033406037000531796,0.03332543244454832,0.03232914999989589,0.03393438900002366,0.000478005105324886,"[0.032329, 0.033256, 0.033025, 0.033799, 0.033569, 0.033406, 0.033107, 0.033503, 0.033934]",44.44164089191594,43.01735325185442,46.728379125470774,20,optimal,nan,53.74835205078125,34.749032974243164,25.889486391799483,25.889447373836994,1.5070968152444697e-06,0.0014601767305570945,0.000519323412306958,1.0,1.0,0.07759699624530664,0.1440185830429733,9,2,1e-07,1e-05,1000,800.0,800.0,800.0,0.0,800.0,1.0,63.0,1.084010840108401,2.280704773850651,1.0
primary,x86_64,none,0.3.0,2.4.4,32,1,one_giant,800,8000,0.2,0,0.9975,1,[800],powerlaw,1,0,0,738,737,"[63, 1, 1, 1, 1, 1, 1, 1, 1, 1, 1, 1, 1, 1, 1, 1, 1, 1, 1, 1, 1, 1, 1, 1, 1, 1, 1, 1, 1, 1, 1, 1, 1, 1, 1, 1, 1, 1, 1, 1, 1, 1, 1, 1, 1, 1, 1, 1, 1, 1, 1, 1, 1, 1, 1, 1, 1, 1, 1, 1, 1, 1, 1, 1, 1, 1, 1, 1, 1, 1, 1, 1, 1, 1, 1, 1, 1, 1, 1, 1, 1, 1, 1, 1, 1, 1, 1, 1, 1, 1, 1, 1, 1, 1, 1, 1, 1, 1, 1, 1, 1, 1, 1, 1, 1, 1, 1, 1, 1, 1, 1, 1, 1, 1, 1, 1, 1, 1, 1, 1, 1, 1, 1, 1, 1, 1, 1, 1, 1, 1, 1, 1, 1, 1, 1, 1, 1, 1, 1, 1, 1, 1, 1, 1, 1, 1, 1, 1, 1, 1, 1, 1, 1, 1, 1, 1, 1, 1, 1, 1, 1, 1, 1, 1, 1, 1, 1, 1, 1, 1, 1, 1, 1, 1, 1, 1, 1, 1, 1, 1, 1, 1, 1, 1, 1, 1, 1, 1, 1, 1, 1, 1, 1, 1, 1, 1, 1, 1, 1, 1]",1.2786488559995632,1.2755505178888091,1.2436910129999887,1.3074956410000595,0.0219134549250652,"[1.274663, 1.278649, 1.260937, 1.24977, 1.307496, 1.279389, 1.243691, 1.280113, 1.305248]",0.03347608800049784,0.03480745444459091,0.032720961999984866,0.03888308000023244,0.0025533842583650816,"[0.038883, 0.038659, 0.036695, 0.032861, 0.033848, 0.032726, 0.033476, 0.032721, 0.033399]",38.195886448277584,31.985403753832106,39.95896089487419,17,optimal,nan,53.74835205078125,34.7488431930542,26.54775078673172,26.545338239530565,9.087576648335587e-05,0.011979227752393573,0.004234316337688652,1.0,1.0,0.07759699624530664,0.1440185830429733,9,2,1e-07,1e-05,1000,800.0,800.0,800.0,0.0,800.0,1.0,63.0,1.084010840108401,2.280704773850651,1.0
primary,x86_64,none,0.3.0,2.4.4,32,1,one_giant,800,8000,0.25,0,0.9975,1,[800],powerlaw,1,0,0,738,737,"[63, 1, 1, 1, 1, 1, 1, 1, 1, 1, 1, 1, 1, 1, 1, 1, 1, 1, 1, 1, 1, 1, 1, 1, 1, 1, 1, 1, 1, 1, 1, 1, 1, 1, 1, 1, 1, 1, 1, 1, 1, 1, 1, 1, 1, 1, 1, 1, 1, 1, 1, 1, 1, 1, 1, 1, 1, 1, 1, 1, 1, 1, 1, 1, 1, 1, 1, 1, 1, 1, 1, 1, 1, 1, 1, 1, 1, 1, 1, 1, 1, 1, 1, 1, 1, 1, 1, 1, 1, 1, 1, 1, 1, 1, 1, 1, 1, 1, 1, 1, 1, 1, 1, 1, 1, 1, 1, 1, 1, 1, 1, 1, 1, 1, 1, 1, 1, 1, 1, 1, 1, 1, 1, 1, 1, 1, 1, 1, 1, 1, 1, 1, 1, 1, 1, 1, 1, 1, 1, 1, 1, 1, 1, 1, 1, 1, 1, 1, 1, 1, 1, 1, 1, 1, 1, 1, 1, 1, 1, 1, 1, 1, 1, 1, 1, 1, 1, 1, 1, 1, 1, 1, 1, 1, 1, 1, 1, 1, 1, 1, 1, 1, 1, 1, 1, 1, 1, 1, 1, 1, 1, 1, 1, 1, 1, 1, 1, 1, 1, 1]",1.3240514520002762,1.339345134555313,1.2997104899995975,1.3985252060001585,0.03823393203207304,"[1.384171, 1.378669, 1.398525, 1.340814, 1.29971, 1.310593, 1.300558, 1.317014, 1.324051]",0.03603117100010422,0.036510051555524115,0.03397000899985869,0.04340315399986139,0.0027826759700596477,"[0.036469, 0.043403, 0.037058, 0.036031, 0.03582, 0.035531, 0.034073, 0.036234, 0.03397]",36.74738886494825,29.94507012102734,41.16940934593147,18,optimal,nan,53.74835205078125,34.748891830444336,28.109590772451725,28.1078124670629,6.3263296972931e-05,0.009436754900723265,0.003375618940704123,1.0,1.0,0.07759699624530664,0.1440185830429733,9,2,1e-07,1e-05,1000,800.0,800.0,800.0,0.0,800.0,1.0,63.0,1.084010840108401,2.280704773850651,1.0
primary,x86_64,none,0.3.0,2.4.4,32,1,one_giant,800,8000,0.3,0,0.9975,1,[800],powerlaw,1,0,0,738,737,"[63, 1, 1, 1, 1, 1, 1, 1, 1, 1, 1, 1, 1, 1, 1, 1, 1, 1, 1, 1, 1, 1, 1, 1, 1, 1, 1, 1, 1, 1, 1, 1, 1, 1, 1, 1, 1, 1, 1, 1, 1, 1, 1, 1, 1, 1, 1, 1, 1, 1, 1, 1, 1, 1, 1, 1, 1, 1, 1, 1, 1, 1, 1, 1, 1, 1, 1, 1, 1, 1, 1, 1, 1, 1, 1, 1, 1, 1, 1, 1, 1, 1, 1, 1, 1, 1, 1, 1, 1, 1, 1, 1, 1, 1, 1, 1, 1, 1, 1, 1, 1, 1, 1, 1, 1, 1, 1, 1, 1, 1, 1, 1, 1, 1, 1, 1, 1, 1, 1, 1, 1, 1, 1, 1, 1, 1, 1, 1, 1, 1, 1, 1, 1, 1, 1, 1, 1, 1, 1, 1, 1, 1, 1, 1, 1, 1, 1, 1, 1, 1, 1, 1, 1, 1, 1, 1, 1, 1, 1, 1, 1, 1, 1, 1, 1, 1, 1, 1, 1, 1, 1, 1, 1, 1, 1, 1, 1, 1, 1, 1, 1, 1, 1, 1, 1, 1, 1, 1, 1, 1, 1, 1, 1, 1, 1, 1, 1, 1, 1, 1]",1.1861874409996744,1.192561159888909,1.1720252550003352,1.2181983909995324,0.01658538049554749,"[1.179345, 1.178781, 1.202993, 1.218198, 1.193595, 1.216217, 1.185709, 1.172025, 1.186187]",0.037156738000703626,0.037657516888733276,0.035295041999233945,0.04196176499954163,0.0020803470583138175,"[0.035733, 0.036162, 0.038904, 0.035295, 0.036795, 0.037157, 0.039068, 0.037842, 0.041962]",31.923885271554568,27.9307902089709,34.51471713862736,16,optimal,nan,53.74835205078125,34.74880027770996,29.142403182753107,29.142066468596774,1.1554097107967595e-05,0.0044914856426174765,0.0015935889325454048,1.0,1.0,0.07759699624530664,0.1440185830429733,9,2,1e-07,1e-05,1000,800.0,800.0,800.0,0.0,800.0,1.0,63.0,1.084010840108401,2.280704773850651,1.0
primary,x86_64,none,0.3.0,2.4.4,32,1,one_giant,800,8000,0.35,0,0.9975,1,[800],powerlaw,1,0,0,738,737,"[63, 1, 1, 1, 1, 1, 1, 1, 1, 1, 1, 1, 1, 1, 1, 1, 1, 1, 1, 1, 1, 1, 1, 1, 1, 1, 1, 1, 1, 1, 1, 1, 1, 1, 1, 1, 1, 1, 1, 1, 1, 1, 1, 1, 1, 1, 1, 1, 1, 1, 1, 1, 1, 1, 1, 1, 1, 1, 1, 1, 1, 1, 1, 1, 1, 1, 1, 1, 1, 1, 1, 1, 1, 1, 1, 1, 1, 1, 1, 1, 1, 1, 1, 1, 1, 1, 1, 1, 1, 1, 1, 1, 1, 1, 1, 1, 1, 1, 1, 1, 1, 1, 1, 1, 1, 1, 1, 1, 1, 1, 1, 1, 1, 1, 1, 1, 1, 1, 1, 1, 1, 1, 1, 1, 1, 1, 1, 1, 1, 1, 1, 1, 1, 1, 1, 1, 1, 1, 1, 1, 1, 1, 1, 1, 1, 1, 1, 1, 1, 1, 1, 1, 1, 1, 1, 1, 1, 1, 1, 1, 1, 1, 1, 1, 1, 1, 1, 1, 1, 1, 1, 1, 1, 1, 1, 1, 1, 1, 1, 1, 1, 1, 1, 1, 1, 1, 1, 1, 1, 1, 1, 1, 1, 1, 1, 1, 1, 1, 1, 1]",1.1134091579997403,1.111611709555493,1.0924104690002423,1.1287254049993862,0.013563101179855637,"[1.11823, 1.100489, 1.127089, 1.113409, 1.120228, 1.128725, 1.110309, 1.09241, 1.093616]",0.0379759789993841,0.0377358792222569,0.0350967619997391,0.04027697800029273,0.0014443986254076677,"[0.035097, 0.038354, 0.038426, 0.038503, 0.037081, 0.037976, 0.037195, 0.040277, 0.036715]",29.318774323574324,27.12245365062649,32.16038576458355,15,optimal,nan,53.74835205078125,34.748952865600586,30.906680936972656,30.904812190258507,6.0464166888679135e-05,0.010256910271784214,0.003636211982359603,1.0,1.0,0.07759699624530664,0.1440185830429733,9,2,1e-07,1e-05,1000,800.0,800.0,800.0,0.0,800.0,1.0,63.0,1.084010840108401,2.280704773850651,1.0
primary,x86_64,none,0.3.0,2.4.4,32,1,one_giant,800,8000,0.4,0,0.9975,1,[800],powerlaw,1,0,0,738,737,"[63, 1, 1, 1, 1, 1, 1, 1, 1, 1, 1, 1, 1, 1, 1, 1, 1, 1, 1, 1, 1, 1, 1, 1, 1, 1, 1, 1, 1, 1, 1, 1, 1, 1, 1, 1, 1, 1, 1, 1, 1, 1, 1, 1, 1, 1, 1, 1, 1, 1, 1, 1, 1, 1, 1, 1, 1, 1, 1, 1, 1, 1, 1, 1, 1, 1, 1, 1, 1, 1, 1, 1, 1, 1, 1, 1, 1, 1, 1, 1, 1, 1, 1, 1, 1, 1, 1, 1, 1, 1, 1, 1, 1, 1, 1, 1, 1, 1, 1, 1, 1, 1, 1, 1, 1, 1, 1, 1, 1, 1, 1, 1, 1, 1, 1, 1, 1, 1, 1, 1, 1, 1, 1, 1, 1, 1, 1, 1, 1, 1, 1, 1, 1, 1, 1, 1, 1, 1, 1, 1, 1, 1, 1, 1, 1, 1, 1, 1, 1, 1, 1, 1, 1, 1, 1, 1, 1, 1, 1, 1, 1, 1, 1, 1, 1, 1, 1, 1, 1, 1, 1, 1, 1, 1, 1, 1, 1, 1, 1, 1, 1, 1, 1, 1, 1, 1, 1, 1, 1, 1, 1, 1, 1, 1, 1, 1, 1, 1, 1, 1]",1.2714514569997846,1.3022766884443828,1.264656503999504,1.4050031870001476,0.058330274890276,"[1.268655, 1.26727, 1.264657, 1.266712, 1.271451, 1.405003, 1.296405, 1.277821, 1.402516]",0.03990416400029062,0.03902146799999981,0.035171563000403694,0.04437437000069622,0.0033721927849485436,"[0.03653, 0.040814, 0.042142, 0.044374, 0.04105, 0.039904, 0.035808, 0.0354, 0.035172]",31.862626090613617,28.499706113679178,39.94713533157515,17,optimal,nan,53.74835205078125,34.74884510040283,30.460587368117217,30.458884817017907,5.589357416962023e-05,0.009322484916962637,0.0033291821739214146,1.0,1.0,0.07759699624530664,0.1440185830429733,9,2,1e-07,1e-05,1000,800.0,800.0,800.0,0.0,800.0,1.0,63.0,1.084010840108401,2.280704773850651,1.0
