F_max,blas_threads,ceiling,cubic_gain,f1_computed,headroom,lambda,max_block,max_frac_of_p,n_blocks,n_over_p,oracle_F_max,p,regime,rtol,seed,support_f1,tol,true_n_blocks
1.0,8,1.0,1.0,True,0.0,0.02,100,1.0,1,2,0.2,100,balanced,1e-05,0,0.047580860732424485,1e-07,5
1.0,8,1.0,1.0,True,0.0,0.04,100,1.0,1,2,0.2,100,balanced,1e-05,0,0.0618705035971223,1e-07,5
1.0,8,1.0,1.0,True,0.0,0.06,100,1.0,1,2,0.2,100,balanced,1e-05,0,0.07608178792201617,1e-07,5
1.0,8,1.0,1.0,True,0.0,0.08,100,1.0,1,2,0.2,100,balanced,1e-05,0,0.10045074050225371,1e-07,5
1.0,8,1.0,1.0,True,0.0,0.1,100,1.0,1,2,0.2,100,balanced,1e-05,0,0.1347517730496454,1e-07,5
1.0,8,1.0,1.0,True,0.0,0.12000000000000001,100,1.0,1,2,0.2,100,balanced,1e-05,0,0.18046971569839307,1e-07,5
1.0,8,1.0,1.0,True,0.0,0.13999999999999999,100,1.0,1,2,0.2,100,balanced,1e-05,0,0.2380165289256198,1e-07,5
0.99999896939091,8,1.0306101521283646,1.0306090899721736,True,1.0306090899581122e-06,0.16,99,0.99,2,2,0.2,100,balanced,1e-05,0,0.30701754385964913,1e-07,5
0.9999978750395774,8,1.062482469039261,1.0624802113060645,True,2.124960422622557e-06,0.18,98,0.98,3,2,0.2,100,balanced,1e-05,0,0.3953488372093023,1e-07,5
0.99999671296276,8,1.0956826815299674,1.09567907998019,True,3.287037239951829e-06,0.19999999999999998,97,0.97,4,2,0.2,100,balanced,1e-05,0,0.47183098591549294,1e-07,5
0.999949692495378,8,1.5721886123234432,1.572109519437562,True,5.0307504621982524e-05,0.22,86,0.86,12,2,0.2,100,balanced,1e-05,0,0.5627705627705628,1e-07,5
0.9995949360436857,8,2.190422160062909,2.189534898996755,True,0.00040506395631434433,0.24,77,0.77,15,2,0.2,100,balanced,1e-05,0,0.6220095693779903,1e-07,5
0.9991166470719075,8,3.180337879096275,3.177528518318452,True,0.0008833529280924957,0.26,68,0.68,19,2,0.2,100,balanced,1e-05,0,0.6631578947368421,1e-07,5
0.9981870047543582,8,6.3506579281613575,6.3391442155309035,True,0.0018129952456418241,0.28,54,0.54,29,2,0.2,100,balanced,1e-05,0,0.6477272727272727,1e-07,5
0.9952713594841484,8,13.497462477054313,13.433637829124127,True,0.004728640515851645,0.30000000000000004,42,0.42,36,2,0.2,100,balanced,1e-05,0,0.6545454545454547,1e-07,5
0.9752749975225449,8,50.80526342529086,49.54910316123278,True,0.024725002477455127,0.32,27,0.27,43,2,0.2,100,balanced,1e-05,0,0.6538461538461537,1e-07,5
0.7826994434137291,8,296.2962962962963,231.9109461966605,True,0.2173005565862709,0.34,15,0.15,50,2,0.2,100,balanced,1e-05,0,0.6486486486486487,1e-07,5
0.783790060380864,8,296.2962962962963,232.2340919647004,True,0.21620993961913604,0.36000000000000004,15,0.15,51,2,0.2,100,balanced,1e-05,0,0.6438356164383561,1e-07,5
0.788183092013078,8,296.2962962962963,233.53573096683792,True,0.211816907986922,0.38,15,0.15,53,2,0.2,100,balanced,1e-05,0,0.6249999999999999,1e-07,5
0.7651979921918572,8,364.4314868804665,278.8622420524261,True,0.23480200780814275,0.4,14,0.14,56,2,0.2,100,balanced,1e-05,0,0.5957446808510638,1e-07,5
0.8350578210590384,8,364.4314868804665,304.32136335970785,True,0.16494217894096164,0.42000000000000004,14,0.14,59,2,0.2,100,balanced,1e-05,0,0.5652173913043478,1e-07,5
0.8474366893143916,8,364.4314868804665,308.83261272390365,True,0.15256331068560836,0.44,14,0.14,62,2,0.2,100,balanced,1e-05,0,0.5373134328358209,1e-07,5
0.875,8,364.4314868804665,318.8775510204082,True,0.125,0.46,14,0.14,65,2,0.2,100,balanced,1e-05,0,0.5076923076923078,1e-07,5
0.8800513149454778,8,364.4314868804665,320.7184092366902,True,0.11994868505452216,0.48000000000000004,14,0.14,66,2,0.2,100,balanced,1e-05,0,0.49612403100775193,1e-07,5
0.8886010362694301,8,364.4314868804665,323.8341968911917,True,0.1113989637305699,0.5,14,0.14,69,2,0.2,100,balanced,1e-05,0,0.4603174603174603,1e-07,5
1.0,8,1.0,1.0,True,0.0,0.02,100,1.0,1,2,0.2,100,balanced,1e-05,1,0.04808211777417612,1e-07,5
1.0,8,1.0,1.0,True,0.0,0.04,100,1.0,1,2,0.2,100,balanced,1e-05,1,0.061349693251533735,1e-07,5
1.0,8,1.0,1.0,True,0.0,0.06,100,1.0,1,2,0.2,100,balanced,1e-05,1,0.07748184019370459,1e-07,5
1.0,8,1.0,1.0,True,0.0,0.08,100,1.0,1,2,0.2,100,balanced,1e-05,1,0.09673202614379084,1e-07,5
1.0,8,1.0,1.0,True,0.0,0.1,100,1.0,1,2,0.2,100,balanced,1e-05,1,0.1303964757709251,1e-07,5
1.0,8,1.0,1.0,True,0.0,0.12000000000000001,100,1.0,1,2,0.2,100,balanced,1e-05,1,0.16528925619834708,1e-07,5
1.0,8,1.0,1.0,True,0.0,0.13999999999999999,100,1.0,1,2,0.2,100,balanced,1e-05,1,0.2172523961661342,1e-07,5
1.0,8,1.0,1.0,True,0.0,0.16,100,1.0,1,2,0.2,100,balanced,1e-05,1,0.2956521739130435,1e-07,5
0.99999896939091,8,1.0306101521283646,1.0306090899721736,True,1.0306090899581122e-06,0.18,99,0.99,2,2,0.2,100,balanced,1e-05,1,0.3884057971014493,1e-07,5
0.999983838283377,8,1.2432290637117598,1.2432089709959346,True,1.61617166229977e-05,0.19999999999999998,93,0.93,7,2,0.2,100,balanced,1e-05,1,0.49242424242424243,1e-07,5
0.999912274190392,8,1.6871828096317891,1.6870348001538575,True,8.772580960803023e-05,0.22,84,0.84,13,2,0.2,100,balanced,1e-05,1,0.5610859728506787,1e-07,5
0.999653091850999,8,2.5705817483554703,2.569689992599293,True,0.00034690814900095734,0.24,73,0.73,18,2,0.2,100,balanced,1e-05,1,0.6294416243654823,1e-07,5
0.9987987010129634,8,4.405655098884929,4.400362589877406,True,0.0012012989870365809,0.26,61,0.61,25,2,0.2,100,balanced,1e-05,1,0.670391061452514,1e-07,5
0.997160088069179,8,8.0,7.977280704553432,True,0.002839911930821004,0.28,50,0.5,30,2,0.2,100,balanced,1e-05,1,0.6941176470588235,1e-07,5
0.9934460658290184,8,18.22423093745444,18.104790527573595,True,0.006553934170981601,0.30000000000000004,38,0.38,38,2,0.2,100,balanced,1e-05,1,0.675,1e-07,5
0.9191988950276243,8,93.91435011269722,86.32596685082873,True,0.08080110497237569,0.32,22,0.22,43,2,0.2,100,balanced,1e-05,1,0.6928104575163399,1e-07,5
0.9162049861495845,8,107.9796998164345,98.93153937475267,True,0.08379501385041555,0.34,21,0.21,50,2,0.2,100,balanced,1e-05,1,0.6438356164383561,1e-07,5
0.8912422037422038,8,145.79384749963552,129.93762993762994,True,0.10875779625779625,0.36000000000000004,19,0.19,52,2,0.2,100,balanced,1e-05,1,0.6433566433566433,1e-07,5
0.5979238754325259,8,578.7037037037037,346.02076124567475,True,0.4020761245674741,0.38,12,0.12,54,2,0.2,100,balanced,1e-05,1,0.6382978723404256,1e-07,5
0.5979238754325259,8,578.7037037037037,346.02076124567475,True,0.4020761245674741,0.4,12,0.12,54,2,0.2,100,balanced,1e-05,1,0.6382978723404256,1e-07,5
0.7526132404181185,8,578.7037037037037,435.54006968641113,True,0.2473867595818815,0.42000000000000004,12,0.12,61,2,0.2,100,balanced,1e-05,1,0.5671641791044776,1e-07,5
0.6954102920723226,8,1000.0,695.4102920723227,True,0.30458970792767737,0.44,10,0.1,67,2,0.2,100,balanced,1e-05,1,0.515625,1e-07,5
0.7163323782234957,8,1000.0,716.3323782234957,True,0.2836676217765043,0.46,10,0.1,72,2,0.2,100,balanced,1e-05,1,0.4552845528455284,1e-07,5
0.7163323782234957,8,1000.0,716.3323782234957,True,0.2836676217765043,0.48000000000000004,10,0.1,72,2,0.2,100,balanced,1e-05,1,0.4552845528455284,1e-07,5
0.7077669902912621,8,1371.7421124828531,970.8737864077669,True,0.2922330097087379,0.5,9,0.09,75,2,0.2,100,balanced,1e-05,1,0.4166666666666667,1e-07,5
1.0,8,1.0,1.0,True,0.0,0.02,100,1.0,1,2,0.2,100,balanced,1e-05,2,0.047252455534908415,1e-07,5
1.0,8,1.0,1.0,True,0.0,0.04,100,1.0,1,2,0.2,100,balanced,1e-05,2,0.06077940650697176,1e-07,5
1.0,8,1.0,1.0,True,0.0,0.06,100,1.0,1,2,0.2,100,balanced,1e-05,2,0.07898586055582643,1e-07,5
1.0,8,1.0,1.0,True,0.0,0.08,100,1.0,1,2,0.2,100,balanced,1e-05,2,0.10723860589812333,1e-07,5
1.0,8,1.0,1.0,True,0.0,0.1,100,1.0,1,2,0.2,100,balanced,1e-05,2,0.1344232515894641,1e-07,5
1.0,8,1.0,1.0,True,0.0,0.12000000000000001,100,1.0,1,2,0.2,100,balanced,1e-05,2,0.17617866004962776,1e-07,5
1.0,8,1.0,1.0,True,0.0,0.13999999999999999,100,1.0,1,2,0.2,100,balanced,1e-05,2,0.23140495867768596,1e-07,5
0.99999896939091,8,1.0306101521283646,1.0306090899721736,True,1.0306090899581122e-06,0.16,99,0.99,2,2,0.2,100,balanced,1e-05,2,0.3105022831050228,1e-07,5
0.99999671296276,8,1.0956826815299674,1.09567907998019,True,3.287037239951829e-06,0.18,97,0.97,4,2,0.2,100,balanced,1e-05,2,0.38505747126436785,1e-07,5
0.9999941682801091,8,1.166350779997084,1.1663439781660407,True,5.8317198908808265e-06,0.19999999999999998,95,0.95,6,2,0.2,100,balanced,1e-05,2,0.4571428571428572,1e-07,5
0.9999591247669326,8,1.5721886123234432,1.5721243487474885,True,4.087523306739449e-05,0.22,86,0.86,13,2,0.2,100,balanced,1e-05,2,0.5535714285714286,1e-07,5
0.99978434281435,8,2.3703703703703702,2.369859182967348,True,0.0002156571856499756,0.24,75,0.75,19,2,0.2,100,balanced,1e-05,2,0.635897435897436,1e-07,5
0.9940674057226473,8,8.0,7.952539245781178,True,0.00593259427735271,0.26,50,0.5,27,2,0.2,100,balanced,1e-05,2,0.6818181818181818,1e-07,5
0.9919375248562855,8,18.22423093745444,18.0772985285079,True,0.008062475143714498,0.28,38,0.38,36,2,0.2,100,balanced,1e-05,2,0.6951219512195121,1e-07,5
0.5033015407190022,8,364.4314868804665,183.41892883345562,True,0.49669845928099776,0.30000000000000004,14,0.14,41,2,0.2,100,balanced,1e-05,2,0.7096774193548387,1e-07,5
0.6922300706357215,8,364.4314868804665,252.27043390514632,True,0.3077699293642785,0.32,14,0.14,44,2,0.2,100,balanced,1e-05,2,0.6973684210526315,1e-07,5
0.6473187978786094,8,455.1661356395084,294.6375957572186,True,0.35268120212139065,0.34,13,0.13,47,2,0.2,100,balanced,1e-05,2,0.6891891891891893,1e-07,5
0.5248422712933754,8,751.3148009015778,394.3217665615142,True,0.47515772870662465,0.36000000000000004,11,0.11,48,2,0.2,100,balanced,1e-05,2,0.6938775510204082,1e-07,5
0.5495458298926507,8,751.3148009015778,412.8819157720892,True,0.45045417010734934,0.38,11,0.11,51,2,0.2,100,balanced,1e-05,2,0.6805555555555556,1e-07,5
0.4109357384441939,8,1371.7421124828531,563.6978579481398,True,0.5890642615558062,0.4,9,0.09,55,2,0.2,100,balanced,1e-05,2,0.6428571428571429,1e-07,5
0.4283196239717979,8,1371.7421124828531,587.5440658049354,True,0.5716803760282021,0.42000000000000004,9,0.09,58,2,0.2,100,balanced,1e-05,2,0.6131386861313868,1e-07,5
0.4328978622327791,8,1371.7421124828531,593.8242280285035,True,0.567102137767221,0.44,9,0.09,59,2,0.2,100,balanced,1e-05,2,0.6029411764705882,1e-07,5
0.5995065789473685,8,1371.7421124828531,822.3684210526316,True,0.4004934210526315,0.46,9,0.09,64,2,0.2,100,balanced,1e-05,2,0.549618320610687,1e-07,5
0.6146711635750421,8,1371.7421124828531,843.1703204047218,True,0.38532883642495785,0.48000000000000004,9,0.09,67,2,0.2,100,balanced,1e-05,2,0.515625,1e-07,5
0.6474245115452931,8,1371.7421124828531,888.0994671403197,True,0.3525754884547069,0.5,9,0.09,68,2,0.2,100,balanced,1e-05,2,0.5039370078740157,1e-07,5
1.0,8,1.0,1.0,True,0.0,0.02,100,1.0,1,5,0.2,100,balanced,1e-05,0,0.052823315118397086,1e-07,5
1.0,8,1.0,1.0,True,0.0,0.04,100,1.0,1,5,0.2,100,balanced,1e-05,0,0.08,1e-07,5
1.0,8,1.0,1.0,True,0.0,0.06,100,1.0,1,5,0.2,100,balanced,1e-05,0,0.12429378531073447,1e-07,5
1.0,8,1.0,1.0,True,0.0,0.08,100,1.0,1,5,0.2,100,balanced,1e-05,0,0.2026315789473684,1e-07,5
1.0,8,1.0,1.0,True,0.0,0.1,100,1.0,1,5,0.2,100,balanced,1e-05,0,0.3239740820734341,1e-07,5
0.9999901389531074,8,1.0956826815299674,1.0956718769516656,True,9.861046892600811e-06,0.12000000000000001,97,0.97,3,5,0.2,100,balanced,1e-05,0,0.48813559322033895,1e-07,5
0.9999855525429933,8,1.2039721449004557,1.2039547505646548,True,1.4447457006738773e-05,0.13999999999999999,94,0.94,6,5,0.2,100,balanced,1e-05,0,0.6311111111111111,1e-07,5
0.9995986116685949,8,1.6871828096317891,1.6865055941390557,True,0.0004013883314051281,0.16,84,0.84,10,5,0.2,100,balanced,1e-05,0,0.673170731707317,1e-07,5
0.9966177104850975,8,5.694241982507289,5.674982407554537,True,0.0033822895149024923,0.18,56,0.56,21,5,0.2,100,balanced,1e-05,0,0.7322404371584699,1e-07,5
0.9920804993943911,8,11.739293764087153,11.646324420013045,True,0.007919500605608865,0.19999999999999998,44,0.44,27,5,0.2,100,balanced,1e-05,0,0.7674418604651163,1e-07,5
0.8358303249097473,8,107.9796998164345,90.25270758122744,True,0.1641696750902527,0.22,21,0.21,34,5,0.2,100,balanced,1e-05,0,0.773006134969325,1e-07,5
0.72871551468407,8,203.5416242621616,148.3239394838327,True,0.27128448531592997,0.24,17,0.17,37,5,0.2,100,balanced,1e-05,0,0.7625,1e-07,5
0.7466565349544073,8,203.5416242621616,151.9756838905775,True,0.2533434650455927,0.26,17,0.17,38,5,0.2,100,balanced,1e-05,0,0.7643312101910827,1e-07,5
0.7591161928306551,8,203.5416242621616,154.51174289245984,True,0.24088380716934488,0.28,17,0.17,40,5,0.2,100,balanced,1e-05,0,0.7483870967741936,1e-07,5
0.8006844850065189,8,203.5416242621616,162.97262059973923,True,0.1993155149934811,0.30000000000000004,17,0.17,43,5,0.2,100,balanced,1e-05,0,0.7236842105263158,1e-07,5
0.6880641925777332,8,364.4314868804665,250.75225677031094,True,0.3119358074222668,0.32,14,0.14,45,5,0.2,100,balanced,1e-05,0,0.72,1e-07,5
0.7428262046561992,8,364.4314868804665,270.7092582566324,True,0.2571737953438008,0.34,14,0.14,51,5,0.2,100,balanced,1e-05,0,0.6666666666666666,1e-07,5
0.7452471482889734,8,364.4314868804665,271.59152634437805,True,0.2547528517110266,0.36000000000000004,14,0.14,53,5,0.2,100,balanced,1e-05,0,0.647887323943662,1e-07,5
0.7601108033240997,8,364.4314868804665,277.0083102493075,True,0.23988919667590025,0.38,14,0.14,56,5,0.2,100,balanced,1e-05,0,0.6187050359712231,1e-07,5
0.6033544877606528,8,751.3148009015778,453.30915684496824,True,0.3966455122393472,0.4,11,0.11,58,5,0.2,100,balanced,1e-05,0,0.6131386861313868,1e-07,5
0.5850722311396469,8,1371.7421124828531,802.5682182985554,True,0.4149277688603531,0.42000000000000004,9,0.09,64,5,0.2,100,balanced,1e-05,0,0.549618320610687,1e-07,5
0.661524500907441,8,1371.7421124828531,907.4410163339383,True,0.33847549909255903,0.44,9,0.09,65,5,0.2,100,balanced,1e-05,0,0.5384615384615384,1e-07,5
0.6651459854014599,8,1371.7421124828531,912.4087591240876,True,0.33485401459854014,0.46,9,0.09,66,5,0.2,100,balanced,1e-05,0,0.5271317829457365,1e-07,5
0.6916508538899431,8,1371.7421124828531,948.7666034155598,True,0.3083491461100569,0.48000000000000004,9,0.09,71,5,0.2,100,balanced,1e-05,0,0.46774193548387094,1e-07,5
0.699616122840691,8,1371.7421124828531,959.6928982725528,True,0.30038387715930903,0.5,9,0.09,73,5,0.2,100,balanced,1e-05,0,0.4426229508196721,1e-07,5
1.0,8,1.0,1.0,True,0.0,0.02,100,1.0,1,5,0.2,100,balanced,1e-05,1,0.0534467051320984,1e-07,5
1.0,8,1.0,1.0,True,0.0,0.04,100,1.0,1,5,0.2,100,balanced,1e-05,1,0.07879377431906615,1e-07,5
1.0,8,1.0,1.0,True,0.0,0.06,100,1.0,1,5,0.2,100,balanced,1e-05,1,0.12063492063492062,1e-07,5
1.0,8,1.0,1.0,True,0.0,0.08,100,1.0,1,5,0.2,100,balanced,1e-05,1,0.20266666666666666,1e-07,5
1.0,8,1.0,1.0,True,0.0,0.1,100,1.0,1,5,0.2,100,balanced,1e-05,1,0.3122362869198312,1e-07,5
0.9999801724298804,8,1.166350779997084,1.1663276540952097,True,1.9827570119645976e-05,0.12000000000000001,95,0.95,4,5,0.2,100,balanced,1e-05,1,0.48684210526315785,1e-07,5
0.9999721334621386,8,1.3270149727099372,1.3269779933969574,True,2.7866537861354068e-05,0.13999999999999999,91,0.91,8,5,0.2,100,balanced,1e-05,1,0.6050420168067229,1e-07,5
0.9990785518648204,8,3.180337879096275,3.177407362688341,True,0.0009214481351795811,0.16,68,0.68,17,5,0.2,100,balanced,1e-05,1,0.6829268292682926,1e-07,5
0.9951589458383366,8,6.3506579281613575,6.319914049168931,True,0.004841054161663361,0.18,54,0.54,20,5,0.2,100,balanced,1e-05,1,0.7486631016042781,1e-07,5
0.9960728070043702,8,7.538578676376356,7.508973223001487,True,0.003927192995629825,0.19999999999999998,51,0.51,23,5,0.2,100,balanced,1e-05,1,0.7752808988764045,1e-07,5
0.978546683325761,8,14.509365795621074,14.198091776465244,True,0.021453316674238998,0.22,41,0.41,26,5,0.2,100,balanced,1e-05,1,0.783625730994152,1e-07,5
0.8861550872239589,8,56.89576695493855,50.418473328627606,True,0.11384491277604114,0.24,26,0.26,31,5,0.2,100,balanced,1e-05,1,0.7757575757575758,1e-07,5
0.5538958417440453,8,364.4314868804665,201.85708518368995,True,0.44610415825595473,0.26,14,0.14,40,5,0.2,100,balanced,1e-05,1,0.7612903225806452,1e-07,5
0.5559157212317666,8,364.4314868804665,202.5931928687196,True,0.4440842787682334,0.28,14,0.14,41,5,0.2,100,balanced,1e-05,1,0.7532467532467533,1e-07,5
0.4343994778067885,8,751.3148009015778,326.37075718015666,True,0.5656005221932114,0.30000000000000004,11,0.11,44,5,0.2,100,balanced,1e-05,1,0.7417218543046357,1e-07,5
0.5068545316070069,8,751.3148009015778,380.8073115003808,True,0.4931454683929931,0.32,11,0.11,46,5,0.2,100,balanced,1e-05,1,0.7248322147651006,1e-07,5
0.5223704866562009,8,751.3148009015778,392.4646781789639,True,0.4776295133437991,0.34,11,0.11,50,5,0.2,100,balanced,1e-05,1,0.6896551724137931,1e-07,5
0.5248422712933754,8,751.3148009015778,394.3217665615142,True,0.47515772870662465,0.36000000000000004,11,0.11,52,5,0.2,100,balanced,1e-05,1,0.6713286713286714,1e-07,5
0.501002004008016,8,1000.0,501.00200400801606,True,0.498997995991984,0.38,10,0.1,57,5,0.2,100,balanced,1e-05,1,0.6231884057971014,1e-07,5
0.5025125628140703,8,1000.0,502.51256281407035,True,0.4974874371859297,0.4,10,0.1,58,5,0.2,100,balanced,1e-05,1,0.6131386861313868,1e-07,5
0.5117707267144319,8,1000.0,511.77072671443193,True,0.4882292732855681,0.42000000000000004,10,0.1,60,5,0.2,100,balanced,1e-05,1,0.5925925925925926,1e-07,5
0.5959475566150179,8,1000.0,595.9475566150179,True,0.40405244338498214,0.44,10,0.1,63,5,0.2,100,balanced,1e-05,1,0.5606060606060607,1e-07,5
0.651890482398957,8,1000.0,651.8904823989569,True,0.34810951760104303,0.46,10,0.1,65,5,0.2,100,balanced,1e-05,1,0.5384615384615384,1e-07,5
0.6729475100942126,8,1000.0,672.9475100942127,True,0.3270524899057874,0.48000000000000004,10,0.1,68,5,0.2,100,balanced,1e-05,1,0.5039370078740157,1e-07,5
0.7225433526011561,8,1000.0,722.543352601156,True,0.2774566473988439,0.5,10,0.1,71,5,0.2,100,balanced,1e-05,1,0.46774193548387094,1e-07,5
1.0,8,1.0,1.0,True,0.0,0.02,100,1.0,1,5,0.2,100,balanced,1e-05,2,0.05239110569600974,1e-07,5
1.0,8,1.0,1.0,True,0.0,0.04,100,1.0,1,5,0.2,100,balanced,1e-05,2,0.0784688995215311,1e-07,5
1.0,8,1.0,1.0,True,0.0,0.06,100,1.0,1,5,0.2,100,balanced,1e-05,2,0.12660256410256412,1e-07,5
1.0,8,1.0,1.0,True,0.0,0.08,100,1.0,1,5,0.2,100,balanced,1e-05,2,0.19680851063829788,1e-07,5
0.99999896939091,8,1.0306101521283646,1.0306090899721736,True,1.0306090899581122e-06,0.1,99,0.99,2,5,0.2,100,balanced,1e-05,2,0.3067226890756303,1e-07,5
0.9999978750395774,8,1.062482469039261,1.0624802113060645,True,2.124960422622557e-06,0.12000000000000001,98,0.98,3,5,0.2,100,balanced,1e-05,2,0.4355828220858895,1e-07,5
0.9999954788977553,8,1.1302806712962963,1.130275561181816,True,4.5211022446922655e-06,0.13999999999999999,96,0.96,5,5,0.2,100,balanced,1e-05,2,0.5714285714285715,1e-07,5
0.9794023998736908,8,6.716954264258415,6.578601126256513,True,0.02059760012630918,0.16,53,0.53,15,5,0.2,100,balanced,1e-05,2,0.6834170854271358,1e-07,5
0.9529801053964623,8,21.43347050754458,20.425670983291802,True,0.047019894603537726,0.18,36,0.36,25,5,0.2,100,balanced,1e-05,2,0.7513812154696132,1e-07,5
0.8566137050394775,8,56.89576695493855,48.73769373233259,True,0.14338629496052246,0.19999999999999998,26,0.26,28,5,0.2,100,balanced,1e-05,2,0.7586206896551725,1e-07,5
0.7785130400934216,8,125.0,97.31413001167769,True,0.2214869599065784,0.22,20,0.2,31,5,0.2,100,balanced,1e-05,2,0.7904191616766467,1e-07,5
0.48584697036709423,8,455.1661356395084,221.14108801415304,True,0.5141530296329058,0.24,13,0.13,35,5,0.2,100,balanced,1e-05,2,0.8074534161490684,1e-07,5
0.525598086124402,8,455.1661356395084,239.23444976076556,True,0.47440191387559805,0.26,13,0.13,39,5,0.2,100,balanced,1e-05,2,0.7770700636942676,1e-07,5
0.5355923939541687,8,455.1661356395084,243.78352023403218,True,0.4644076060458313,0.28,13,0.13,41,5,0.2,100,balanced,1e-05,2,0.7612903225806452,1e-07,5
0.41105620753551575,8,751.3148009015778,308.83261272390365,True,0.5889437924644843,0.30000000000000004,11,0.11,43,5,0.2,100,balanced,1e-05,2,0.7499999999999999,1e-07,5
0.46932299012693934,8,751.3148009015778,352.60930888575456,True,0.5306770098730607,0.32,11,0.11,46,5,0.2,100,balanced,1e-05,2,0.7248322147651006,1e-07,5
0.5150928792569659,8,751.3148009015778,386.9969040247678,True,0.4849071207430341,0.34,11,0.11,49,5,0.2,100,balanced,1e-05,2,0.6986301369863014,1e-07,5
0.5223704866562009,8,751.3148009015778,392.4646781789639,True,0.4776295133437991,0.36000000000000004,11,0.11,51,5,0.2,100,balanced,1e-05,2,0.6805555555555556,1e-07,5
0.5223704866562009,8,751.3148009015778,392.4646781789639,True,0.4776295133437991,0.38,11,0.11,51,5,0.2,100,balanced,1e-05,2,0.6805555555555556,1e-07,5
0.528594122319301,8,751.3148009015778,397.1405877680699,True,0.47140587768069897,0.4,11,0.11,54,5,0.2,100,balanced,1e-05,2,0.6524822695035462,1e-07,5
0.528594122319301,8,751.3148009015778,397.1405877680699,True,0.47140587768069897,0.42000000000000004,11,0.11,54,5,0.2,100,balanced,1e-05,2,0.6524822695035462,1e-07,5
0.5324,8,751.3148009015778,400.0,True,0.4676,0.44,11,0.11,55,5,0.2,100,balanced,1e-05,2,0.6428571428571429,1e-07,5
0.4752851711026616,8,1000.0,475.2851711026616,True,0.5247148288973384,0.46,10,0.1,60,5,0.2,100,balanced,1e-05,2,0.5925925925925926,1e-07,5
0.5834305717619603,8,1000.0,583.4305717619603,True,0.41656942823803966,0.48000000000000004,10,0.1,64,5,0.2,100,balanced,1e-05,2,0.549618320610687,1e-07,5
0.6067961165048543,8,1000.0,606.7961165048544,True,0.3932038834951457,0.5,10,0.1,68,5,0.2,100,balanced,1e-05,2,0.5039370078740157,1e-07,5
1.0,8,1.0,1.0,True,0.0,0.02,100,1.0,1,10,0.2,100,balanced,1e-05,0,0.06335493160547156,1e-07,5
1.0,8,1.0,1.0,True,0.0,0.04,100,1.0,1,10,0.2,100,balanced,1e-05,0,0.11965811965811966,1e-07,5
1.0,8,1.0,1.0,True,0.0,0.06,100,1.0,1,10,0.2,100,balanced,1e-05,0,0.23154848046309695,1e-07,5
1.0,8,1.0,1.0,True,0.0,0.08,100,1.0,1,10,0.2,100,balanced,1e-05,0,0.44637681159420295,1e-07,5
0.9999451333260178,8,1.3717421124828533,1.37166684955558,True,5.486667398224565e-05,0.1,90,0.9,8,10,0.2,100,balanced,1e-05,0,0.6820276497695852,1e-07,5
0.9994373593398349,8,2.5705817483554703,2.5691354345435675,True,0.0005626406601650924,0.12000000000000001,73,0.73,16,10,0.2,100,balanced,1e-05,0,0.7717391304347826,1e-07,5
0.9021122708966878,8,45.55393586005831,41.09476452699926,True,0.09788772910331223,0.13999999999999999,28,0.28,26,10,0.2,100,balanced,1e-05,0,0.7790697674418604,1e-07,5
0.8464228934817171,8,93.91435011269722,79.4912559618442,True,0.15357710651828294,0.16,22,0.22,30,10,0.2,100,balanced,1e-05,0,0.7976190476190476,1e-07,5
0.7147221414023858,8,203.5416242621616,145.47570555717195,True,0.28527785859761423,0.18,17,0.17,33,10,0.2,100,balanced,1e-05,0,0.8048780487804877,1e-07,5
0.5324769752787203,8,455.1661356395084,242.3654871546292,True,0.4675230247212797,0.19999999999999998,13,0.13,36,10,0.2,100,balanced,1e-05,0,0.8050314465408805,1e-07,5
0.4072827417380661,8,751.3148009015778,305.99755201958385,True,0.5927172582619339,0.22,11,0.11,37,10,0.2,100,balanced,1e-05,0,0.7974683544303798,1e-07,5
0.4072827417380661,8,751.3148009015778,305.99755201958385,True,0.5927172582619339,0.24,11,0.11,37,10,0.2,100,balanced,1e-05,0,0.7974683544303798,1e-07,5
0.43102331606217614,8,751.3148009015778,323.8341968911917,True,0.5689766839378239,0.26,11,0.11,39,10,0.2,100,balanced,1e-05,0,0.782051282051282,1e-07,5
0.43102331606217614,8,751.3148009015778,323.8341968911917,True,0.5689766839378239,0.28,11,0.11,39,10,0.2,100,balanced,1e-05,0,0.782051282051282,1e-07,5
0.5375605815831987,8,751.3148009015778,403.8772213247173,True,0.46243941841680125,0.30000000000000004,11,0.11,46,10,0.2,100,balanced,1e-05,0,0.7248322147651006,1e-07,5
0.5620777027027027,8,751.3148009015778,422.2972972972973,True,0.43792229729729726,0.32,11,0.11,48,10,0.2,100,balanced,1e-05,0,0.707482993197279,1e-07,5
0.5649405772495756,8,751.3148009015778,424.44821731748726,True,0.4350594227504244,0.34,11,0.11,50,10,0.2,100,balanced,1e-05,0,0.6896551724137931,1e-07,5
0.5707547169811321,8,751.3148009015778,428.8164665523156,True,0.4292452830188679,0.36000000000000004,11,0.11,52,10,0.2,100,balanced,1e-05,0,0.6713286713286714,1e-07,5
0.5812227074235807,8,751.3148009015778,436.68122270742356,True,0.41877729257641927,0.38,11,0.11,55,10,0.2,100,balanced,1e-05,0,0.6428571428571429,1e-07,5
0.5827495621716288,8,751.3148009015778,437.82837127845886,True,0.41725043782837123,0.4,11,0.11,56,10,0.2,100,balanced,1e-05,0,0.6330935251798561,1e-07,5
0.6000901713255185,8,751.3148009015778,450.8566275924256,True,0.39990982867448155,0.42000000000000004,11,0.11,58,10,0.2,100,balanced,1e-05,0,0.6131386861313868,1e-07,5
0.7094882729211087,8,751.3148009015778,533.0490405117271,True,0.2905117270788913,0.44,11,0.11,61,10,0.2,100,balanced,1e-05,0,0.582089552238806,1e-07,5
0.704225352112676,8,1000.0,704.2253521126761,True,0.295774647887324,0.46,10,0.1,65,10,0.2,100,balanced,1e-05,0,0.5384615384615384,1e-07,5
0.7352941176470589,8,1000.0,735.2941176470588,True,0.2647058823529411,0.48000000000000004,10,0.1,66,10,0.2,100,balanced,1e-05,0,0.5271317829457365,1e-07,5
0.7727975270479135,8,1000.0,772.7975270479135,True,0.2272024729520865,0.5,10,0.1,72,10,0.2,100,balanced,1e-05,0,0.4552845528455284,1e-07,5
1.0,8,1.0,1.0,True,0.0,0.02,100,1.0,1,10,0.2,100,balanced,1e-05,1,0.061833688699360345,1e-07,5
1.0,8,1.0,1.0,True,0.0,0.04,100,1.0,1,10,0.2,100,balanced,1e-05,1,0.11265646731571625,1e-07,5
1.0,8,1.0,1.0,True,0.0,0.06,100,1.0,1,10,0.2,100,balanced,1e-05,1,0.22807017543859648,1e-07,5
1.0,8,1.0,1.0,True,0.0,0.08,100,1.0,1,10,0.2,100,balanced,1e-05,1,0.42613636363636365,1e-07,5
0.9999559795862668,8,1.467411720510894,1.4673471244398402,True,4.402041373319232e-05,0.1,88,0.88,10,10,0.2,100,balanced,1e-05,1,0.6607142857142858,1e-07,5
0.9980608736182076,8,4.405655098884929,4.397111976853602,True,0.0019391263817923887,0.12000000000000001,61,0.61,18,10,0.2,100,balanced,1e-05,1,0.7684210526315788,1e-07,5
0.9838587778017707,8,10.973936899862826,10.796804145972793,True,0.016141222198229332,0.13999999999999999,45,0.45,21,10,0.2,100,balanced,1e-05,1,0.7978142076502732,1e-07,5
0.9334430496019596,8,41.00209110664644,38.27311696264544,True,0.06655695039804044,0.16,29,0.29,26,10,0.2,100,balanced,1e-05,1,0.8160919540229885,1e-07,5
0.9366694830632153,8,41.00209110664644,38.40540748137338,True,0.06333051693678471,0.18,29,0.29,27,10,0.2,100,balanced,1e-05,1,0.8187134502923976,1e-07,5
0.9375336357346045,8,41.00209110664644,38.440839547935724,True,0.062466364265395535,0.19999999999999998,29,0.29,29,10,0.2,100,balanced,1e-05,1,0.8095238095238095,1e-07,5
0.9379663102838243,8,41.00209110664644,38.45858010922237,True,0.06203368971617573,0.22,29,0.29,31,10,0.2,100,balanced,1e-05,1,0.7951807228915663,1e-07,5
0.5453100158982512,8,364.4314868804665,198.7281399046105,True,0.45468998410174877,0.24,14,0.14,36,10,0.2,100,balanced,1e-05,1,0.7924528301886793,1e-07,5
0.5719049604001667,8,364.4314868804665,208.42017507294707,True,0.4280950395998333,0.26,14,0.14,38,10,0.2,100,balanced,1e-05,1,0.7770700636942676,1e-07,5
0.41960907944514503,8,751.3148009015778,315.2585119798235,True,0.580390920554855,0.28,11,0.11,43,10,0.2,100,balanced,1e-05,1,0.7499999999999999,1e-07,5
0.4624739402362752,8,751.3148009015778,347.46351633078524,True,0.5375260597637248,0.30000000000000004,11,0.11,46,10,0.2,100,balanced,1e-05,1,0.7248322147651006,1e-07,5
0.47332859174964437,8,751.3148009015778,355.6187766714082,True,0.5266714082503556,0.32,11,0.11,48,10,0.2,100,balanced,1e-05,1,0.707482993197279,1e-07,5
0.5138996138996139,8,751.3148009015778,386.1003861003861,True,0.4861003861003861,0.34,11,0.11,50,10,0.2,100,balanced,1e-05,1,0.6896551724137931,1e-07,5
0.5187061574434918,8,751.3148009015778,389.7116134060795,True,0.4812938425565082,0.36000000000000004,11,0.11,52,10,0.2,100,balanced,1e-05,1,0.6713286713286714,1e-07,5
0.5298566878980892,8,751.3148009015778,398.0891719745223,True,0.47014331210191085,0.38,11,0.11,54,10,0.2,100,balanced,1e-05,1,0.6524822695035462,1e-07,5
0.5298566878980892,8,751.3148009015778,398.0891719745223,True,0.47014331210191085,0.4,11,0.11,54,10,0.2,100,balanced,1e-05,1,0.6524822695035462,1e-07,5
0.471253534401508,8,1000.0,471.25353440150803,True,0.5287464655984919,0.42000000000000004,10,0.1,59,10,0.2,100,balanced,1e-05,1,0.6029411764705882,1e-07,5
0.5213764337851929,8,1000.0,521.376433785193,True,0.47862356621480706,0.44,10,0.1,61,10,0.2,100,balanced,1e-05,1,0.582089552238806,1e-07,5
0.6090133982947625,8,1000.0,609.0133982947625,True,0.39098660170523747,0.46,10,0.1,64,10,0.2,100,balanced,1e-05,1,0.549618320610687,1e-07,5
0.6112469437652812,8,1000.0,611.2469437652812,True,0.3887530562347188,0.48000000000000004,10,0.1,65,10,0.2,100,balanced,1e-05,1,0.5384615384615384,1e-07,5
0.6756756756756757,8,1000.0,675.6756756756756,True,0.32432432432432434,0.5,10,0.1,69,10,0.2,100,balanced,1e-05,1,0.49206349206349204,1e-07,5
1.0,8,1.0,1.0,True,0.0,0.02,100,1.0,1,10,0.2,100,balanced,1e-05,2,0.06428313470566992,1e-07,5
1.0,8,1.0,1.0,True,0.0,0.04,100,1.0,1,10,0.2,100,balanced,1e-05,2,0.12500000000000003,1e-07,5
1.0,8,1.0,1.0,True,0.0,0.06,100,1.0,1,10,0.2,100,balanced,1e-05,2,0.243161094224924,1e-07,5
1.0,8,1.0,1.0,True,0.0,0.08,100,1.0,1,10,0.2,100,balanced,1e-05,2,0.4497041420118343,1e-07,5
0.9997094681542604,8,1.3270149727099372,1.3266294326005916,True,0.00029053184573957225,0.1,91,0.91,5,10,0.2,100,balanced,1e-05,2,0.6636363636363636,1e-07,5
0.9990686812804938,8,3.47830926343323,3.475069848903963,True,0.0009313187195062467,0.12000000000000001,66,0.66,18,10,0.2,100,balanced,1e-05,2,0.7446808510638299,1e-07,5
0.9947877276536599,8,10.273691131749816,10.220141855568956,True,0.005212272346340141,0.13999999999999999,46,0.46,25,10,0.2,100,balanced,1e-05,2,0.7885714285714286,1e-07,5
0.6866023075111843,8,171.46776406035664,117.73016246762421,True,0.31339769248881566,0.16,18,0.18,29,10,0.2,100,balanced,1e-05,2,0.8214285714285715,1e-07,5
0.5049687154950313,8,364.4314868804665,184.0264998159735,True,0.4950312845049687,0.18,14,0.14,31,10,0.2,100,balanced,1e-05,2,0.8363636363636364,1e-07,5
0.4578991246352647,8,455.1661356395084,208.42017507294707,True,0.5421008753647353,0.19999999999999998,13,0.13,33,10,0.2,100,balanced,1e-05,2,0.8271604938271605,1e-07,5
0.45847245409015025,8,455.1661356395084,208.6811352253756,True,0.5415275459098498,0.22,13,0.13,34,10,0.2,100,balanced,1e-05,2,0.8198757763975156,1e-07,5
0.36686879823594265,8,751.3148009015778,275.63395810363835,True,0.6331312017640573,0.24,11,0.11,37,10,0.2,100,balanced,1e-05,2,0.7974683544303798,1e-07,5
0.3686980609418283,8,751.3148009015778,277.0083102493075,True,0.6313019390581718,0.26,11,0.11,38,10,0.2,100,balanced,1e-05,2,0.7898089171974523,1e-07,5
0.45210597826086957,8,751.3148009015778,339.67391304347825,True,0.5478940217391304,0.28,11,0.11,41,10,0.2,100,balanced,1e-05,2,0.7662337662337663,1e-07,5
0.45210597826086957,8,751.3148009015778,339.67391304347825,True,0.5478940217391304,0.30000000000000004,11,0.11,41,10,0.2,100,balanced,1e-05,2,0.7662337662337663,1e-07,5
0.4723207948899929,8,751.3148009015778,354.86160397444996,True,0.5276792051100071,0.32,11,0.11,47,10,0.2,100,balanced,1e-05,2,0.7162162162162162,1e-07,5
0.5115295926210607,8,751.3148009015778,384.3197540353574,True,0.4884704073789393,0.34,11,0.11,48,10,0.2,100,balanced,1e-05,2,0.707482993197279,1e-07,5
0.5187061574434918,8,751.3148009015778,389.7116134060795,True,0.4812938425565082,0.36000000000000004,11,0.11,50,10,0.2,100,balanced,1e-05,2,0.6896551724137931,1e-07,5
0.52360346184107,8,751.3148009015778,393.3910306845004,True,0.47639653815893,0.38,11,0.11,52,10,0.2,100,balanced,1e-05,2,0.6713286713286714,1e-07,5
0.5248422712933754,8,751.3148009015778,394.3217665615142,True,0.47515772870662465,0.4,11,0.11,53,10,0.2,100,balanced,1e-05,2,0.6619718309859155,1e-07,5
0.4570383912248629,8,1000.0,457.0383912248629,True,0.5429616087751371,0.42000000000000004,10,0.1,55,10,0.2,100,balanced,1e-05,2,0.6428571428571429,1e-07,5
0.4646840148698885,8,1000.0,464.6840148698885,True,0.5353159851301115,0.44,10,0.1,56,10,0.2,100,balanced,1e-05,2,0.6330935251798561,1e-07,5
0.4793863854266539,8,1000.0,479.3863854266539,True,0.5206136145733461,0.46,10,0.1,60,10,0.2,100,balanced,1e-05,2,0.5925925925925926,1e-07,5
0.49067713444553485,8,1000.0,490.6771344455348,True,0.5093228655544652,0.48000000000000004,10,0.1,66,10,0.2,100,balanced,1e-05,2,0.5271317829457365,1e-07,5
0.5267341040462428,8,1371.7421124828531,722.543352601156,True,0.47326589595375723,0.5,9,0.09,70,10,0.2,100,balanced,1e-05,2,0.4799999999999999,1e-07,5
1.0,8,1.0,1.0,True,0.0,0.02,200,1.0,1,2,0.2,200,balanced,1e-05,0,0.02835995325282431,1e-07,5
1.0,8,1.0,1.0,True,0.0,0.04,200,1.0,1,2,0.2,200,balanced,1e-05,0,0.044004944375772556,1e-07,5
1.0,8,1.0,1.0,True,0.0,0.06,200,1.0,1,2,0.2,200,balanced,1e-05,0,0.06860995439222685,1e-07,5
1.0,8,1.0,1.0,True,0.0,0.08,200,1.0,1,2,0.2,200,balanced,1e-05,0,0.11041322314049586,1e-07,5
1.0,8,1.0,1.0,True,0.0,0.1,200,1.0,1,2,0.2,200,balanced,1e-05,0,0.1785123966942149,1e-07,5
1.0,8,1.0,1.0,True,0.0,0.12000000000000001,200,1.0,1,2,0.2,200,balanced,1e-05,0,0.2774869109947644,1e-07,5
0.9999997423475283,8,1.0306101521283646,1.0306098865891116,True,2.5765247169129424e-07,0.13999999999999999,198,0.99,3,2,0.2,200,balanced,1e-05,0,0.3979328165374677,1e-07,5
0.9999991782386641,8,1.0956826815299674,1.0956817811403035,True,8.217613358674214e-07,0.16,194,0.97,7,2,0.2,200,balanced,1e-05,0,0.5268630849220104,1e-07,5
0.9999916526956335,8,1.284211391468727,1.2842006717653713,True,8.347304366496111e-06,0.18,184,0.92,13,2,0.2,200,balanced,1e-05,0,0.6008230452674898,1e-07,5
0.9999738017919574,8,1.5999324828492238,1.599890567485184,True,2.6198208042615967e-05,0.19999999999999998,171,0.855,22,2,0.2,200,balanced,1e-05,0,0.6713947990543736,1e-07,5
0.999856021388859,8,2.624133830825372,2.6237560116809617,True,0.00014397861114101573,0.22,145,0.725,33,2,0.2,200,balanced,1e-05,0,0.6905370843989771,1e-07,5
0.9995101092238008,8,4.994964451462369,4.992517464450155,True,0.0004898907761992088,0.24,117,0.585,48,2,0.2,200,balanced,1e-05,0,0.7292817679558011,1e-07,5
0.9969612511658567,8,10.973936899862826,10.940589861902405,True,0.0030387488341433455,0.26,90,0.45,57,2,0.2,200,balanced,1e-05,0,0.7398843930635838,1e-07,5
0.9979850295015718,8,15.053411385271366,15.02307920542934,True,0.002014970498428248,0.28,81,0.405,72,2,0.2,200,balanced,1e-05,0,0.7116564417177914,1e-07,5
0.9965177228359188,8,26.59901650136486,26.50639135361514,True,0.0034822771640812267,0.30000000000000004,67,0.335,85,2,0.2,200,balanced,1e-05,0,0.68370607028754,1e-07,5
0.7053681612505142,8,145.79384749963552,102.83833813245577,True,0.29463183874948584,0.32,38,0.19,90,2,0.2,200,balanced,1e-05,0,0.6688311688311689,1e-07,5
0.7893003454092699,8,203.5416242621616,160.65547433528798,True,0.21069965459073015,0.34,34,0.17,97,2,0.2,200,balanced,1e-05,0,0.6511627906976744,1e-07,5
0.7968646059692226,8,222.61179285972673,177.39145860126834,True,0.2031353940307774,0.36000000000000004,33,0.165,104,2,0.2,200,balanced,1e-05,0,0.6279863481228669,1e-07,5
0.7653632720172644,8,268.53747776174015,205.5287226389888,True,0.2346367279827356,0.38,31,0.155,109,2,0.2,200,balanced,1e-05,0,0.6111111111111112,1e-07,5
0.7484614958141598,8,296.2962962962963,221.7663691301214,True,0.25153850418584023,0.4,30,0.15,115,2,0.2,200,balanced,1e-05,0,0.5886524822695035,1e-07,5
0.7492091681003386,8,296.2962962962963,221.98790165935955,True,0.25079083189966145,0.42000000000000004,30,0.15,119,2,0.2,200,balanced,1e-05,0,0.5683453237410072,1e-07,5
0.7494587242547049,8,296.2962962962963,222.06184422361628,True,0.25054127574529506,0.44,30,0.15,121,2,0.2,200,balanced,1e-05,0,0.5599999999999999,1e-07,5
0.7311728024943038,8,328.0167288531715,239.8369109005876,True,0.26882719750569617,0.46,29,0.145,125,2,0.2,200,balanced,1e-05,0,0.5407407407407407,1e-07,5
0.7438834293459844,8,364.4314868804665,271.09454422229754,True,0.2561165706540156,0.48000000000000004,28,0.14,129,2,0.2,200,balanced,1e-05,0,0.518796992481203,1e-07,5
0.570063164893617,8,1166.3507799970841,664.8936170212766,True,0.42993683510638303,0.5,19,0.095,132,2,0.2,200,balanced,1e-05,0,0.5095057034220531,1e-07,5
1.0,8,1.0,1.0,True,0.0,0.02,200,1.0,1,2,0.2,200,balanced,1e-05,1,0.029733959311424103,1e-07,5
1.0,8,1.0,1.0,True,0.0,0.04,200,1.0,1,2,0.2,200,balanced,1e-05,1,0.04520192663949611,1e-07,5
1.0,8,1.0,1.0,True,0.0,0.06,200,1.0,1,2,0.2,200,balanced,1e-05,1,0.07037773359840954,1e-07,5
1.0,8,1.0,1.0,True,0.0,0.08,200,1.0,1,2,0.2,200,balanced,1e-05,1,0.11129189716889033,1e-07,5
1.0,8,1.0,1.0,True,0.0,0.1,200,1.0,1,2,0.2,200,balanced,1e-05,1,0.177683765203596,1e-07,5
1.0,8,1.0,1.0,True,0.0,0.12000000000000001,200,1.0,1,2,0.2,200,balanced,1e-05,1,0.26831275720164605,1e-07,5
0.9999998731061087,8,1.0151512594410654,1.0151511306245717,True,1.2689389128350825e-07,0.13999999999999999,199,0.995,2,2,0.2,200,balanced,1e-05,1,0.369047619047619,1e-07,5
0.9999980220127377,8,1.1302806712962963,1.1302784356155255,True,1.977987262313796e-06,0.16,192,0.96,8,2,0.2,200,balanced,1e-05,1,0.4596651445966515,1e-07,5
0.9999965932446708,8,1.184962412251682,1.184958375374669,True,3.4067553291716735e-06,0.18,189,0.945,10,2,0.2,200,balanced,1e-05,1,0.5488029465930019,1e-07,5
0.9999876893271863,8,1.3491314376125365,1.3491148288968253,True,1.2310672813709012e-05,0.19999999999999998,181,0.905,15,2,0.2,200,balanced,1e-05,1,0.6075949367088608,1e-07,5
0.9999836753598539,8,1.518595966912831,1.518571176380144,True,1.632464014611479e-05,0.22,174,0.87,21,2,0.2,200,balanced,1e-05,1,0.6376146788990826,1e-07,5
0.9999625326676379,8,2.0672406187974706,2.0671631648061335,True,3.746733236209554e-05,0.24,157,0.785,33,2,0.2,200,balanced,1e-05,1,0.6549999999999999,1e-07,5
0.9999228881057062,8,2.467770911890707,2.4675806174010084,True,7.711189429382426e-05,0.26,148,0.74,40,2,0.2,200,balanced,1e-05,1,0.6684210526315789,1e-07,5
0.999902219887916,8,2.7939906848350566,2.793717488112732,True,9.778011208394499e-05,0.28,142,0.71,44,2,0.2,200,balanced,1e-05,1,0.6793478260869565,1e-07,5
0.9997626929680865,8,5.260129859455906,5.258881593651478,True,0.00023730703191349178,0.30000000000000004,115,0.575,64,2,0.2,200,balanced,1e-05,1,0.6763848396501457,1e-07,5
0.9997095760986165,8,6.716954264258415,6.715003500195574,True,0.000290423901383452,0.32,106,0.53,73,2,0.2,200,balanced,1e-05,1,0.6666666666666667,1e-07,5
0.9994495919022369,8,10.616119781679497,10.610276583384838,True,0.0005504080977630776,0.34,91,0.455,83,2,0.2,200,balanced,1e-05,1,0.6477987421383649,1e-07,5
0.998564044816384,8,16.225896937159128,16.202597276343397,True,0.0014359551836159445,0.36000000000000004,79,0.395,91,2,0.2,200,balanced,1e-05,1,0.6258064516129032,1e-07,5
0.9991399044921935,8,17.523377280503272,17.50830550242271,True,0.0008600955078065242,0.38,77,0.385,96,2,0.2,200,balanced,1e-05,1,0.6052631578947368,1e-07,5
0.998707947490986,8,24.352453053036598,24.320988404968777,True,0.0012920525090139856,0.4,69,0.345,105,2,0.2,200,balanced,1e-05,1,0.5802047781569966,1e-07,5
0.9830135262661214,8,64.0,62.91286568103177,True,0.016986473733878626,0.42000000000000004,50,0.25,113,2,0.2,200,balanced,1e-05,1,0.5633802816901409,1e-07,5
0.9850187933092256,8,72.33796296296296,71.25425298822523,True,0.014981206690774407,0.44,48,0.24,121,2,0.2,200,balanced,1e-05,1,0.5309090909090909,1e-07,5
0.9830529016098734,8,82.18952905399853,80.79665501848224,True,0.016947098390126647,0.46,46,0.23,124,2,0.2,200,balanced,1e-05,1,0.5220588235294117,1e-07,5
0.9807949154884171,8,93.91435011269722,92.11071708193248,True,0.01920508451158287,0.48000000000000004,44,0.22,128,2,0.2,200,balanced,1e-05,1,0.5,1e-07,5
0.9781110553692605,8,107.9796998164345,105.61613814590869,True,0.021888944630739537,0.5,42,0.21,132,2,0.2,200,balanced,1e-05,1,0.4924242424242424,1e-07,5
1.0,8,1.0,1.0,True,0.0,0.02,200,1.0,1,2,0.2,200,balanced,1e-05,2,0.02880468268638324,1e-07,5
1.0,8,1.0,1.0,True,0.0,0.04,200,1.0,1,2,0.2,200,balanced,1e-05,2,0.04163709486633547,1e-07,5
1.0,8,1.0,1.0,True,0.0,0.06,200,1.0,1,2,0.2,200,balanced,1e-05,2,0.0638811513463324,1e-07,5
1.0,8,1.0,1.0,True,0.0,0.08,200,1.0,1,2,0.2,200,balanced,1e-05,2,0.10143198090692125,1e-07,5
1.0,8,1.0,1.0,True,0.0,0.1,200,1.0,1,2,0.2,200,balanced,1e-05,2,0.1593006313744536,1e-07,5
1.0,8,1.0,1.0,True,0.0,0.12000000000000001,200,1.0,1,2,0.2,200,balanced,1e-05,2,0.24903325599381285,1e-07,5
1.0,8,1.0,1.0,True,0.0,0.13999999999999999,200,1.0,1,2,0.2,200,balanced,1e-05,2,0.36915887850467294,1e-07,5
0.9999998731061087,8,1.0151512594410654,1.0151511306245717,True,1.2689389128350825e-07,0.16,199,0.995,2,2,0.2,200,balanced,1e-05,2,0.46153846153846156,1e-07,5
0.9999988697206063,8,1.1302806712962963,1.1302793937633444,True,1.1302793937462141e-06,0.18,192,0.96,9,2,0.2,200,balanced,1e-05,2,0.5612052730696798,1e-07,5
0.9999885002634061,8,1.2432290637117598,1.2432147669050013,True,1.1499736593867382e-05,0.19999999999999998,186,0.93,12,2,0.2,200,balanced,1e-05,2,0.6160337552742616,1e-07,5
0.9999704511700758,8,1.5450825141659925,1.5450368587855623,True,2.95488299242308e-05,0.22,173,0.865,21,2,0.2,200,balanced,1e-05,2,0.6558139534883721,1e-07,5
0.9999200559827146,8,2.190422160062909,2.1902470489158823,True,7.99440172853938e-05,0.24,154,0.77,31,2,0.2,200,balanced,1e-05,2,0.681592039800995,1e-07,5
0.9998698095938559,8,2.853859899023302,2.8534883538439697,True,0.00013019040614414834,0.26,141,0.705,38,2,0.2,200,balanced,1e-05,2,0.6909090909090909,1e-07,5
0.9998746245110356,8,3.4004395918282335,3.4000132600517143,True,0.00012537548896440764,0.28,133,0.665,48,2,0.2,200,balanced,1e-05,2,0.6829268292682927,1e-07,5
0.9936416034177437,8,6.177467840488514,6.138189050084554,True,0.006358396582256343,0.30000000000000004,109,0.545,52,2,0.2,200,balanced,1e-05,2,0.6759002770083103,1e-07,5
0.9920170775158237,8,11.348016721302638,11.257426383467344,True,0.007982922484176314,0.32,89,0.445,61,2,0.2,200,balanced,1e-05,2,0.6936416184971098,1e-07,5
0.9942290792799485,8,18.22423093745444,18.11906034553048,True,0.005770920720051476,0.34,76,0.38,75,2,0.2,200,balanced,1e-05,2,0.6727272727272727,1e-07,5
0.9896972095784682,8,31.993985130795412,31.66435780724322,True,0.010302790421531816,0.36000000000000004,63,0.315,88,2,0.2,200,balanced,1e-05,2,0.6517571884984026,1e-07,5
0.9905172940467982,8,35.24524079107943,34.91102053640783,True,0.009482705953201775,0.38,61,0.305,92,2,0.2,200,balanced,1e-05,2,0.6363636363636364,1e-07,5
0.9842638741109929,8,56.89576695493855,56.000448003584026,True,0.01573612588900708,0.4,52,0.26,101,2,0.2,200,balanced,1e-05,2,0.6195286195286195,1e-07,5
0.9593576141803597,8,134.86404018948397,129.3828438349075,True,0.0406423858196403,0.42000000000000004,39,0.195,111,2,0.2,200,balanced,1e-05,2,0.5853658536585367,1e-07,5
0.9497597915479196,8,171.46776406035664,162.8531878511522,True,0.05024020845208044,0.44,36,0.18,115,2,0.2,200,balanced,1e-05,2,0.574468085106383,1e-07,5
0.9446714416189973,8,203.5416242621616,192.2799596212085,True,0.0553285583810027,0.46,34,0.17,121,2,0.2,200,balanced,1e-05,2,0.5527272727272727,1e-07,5
0.9448154380060995,8,222.61179285972673,210.32705857608582,True,0.05518456199390054,0.48000000000000004,33,0.165,128,2,0.2,200,balanced,1e-05,2,0.5149253731343283,1e-07,5
0.9420972740497122,8,268.53747776174015,252.98842577952058,True,0.05790272595028778,0.5,31,0.155,137,2,0.2,200,balanced,1e-05,2,0.46332046332046334,1e-07,5
1.0,8,1.0,1.0,True,0.0,0.02,200,1.0,1,5,0.2,200,balanced,1e-05,0,0.03607996099463676,1e-07,5
1.0,8,1.0,1.0,True,0.0,0.04,200,1.0,1,5,0.2,200,balanced,1e-05,0,0.07404291123264618,1e-07,5
1.0,8,1.0,1.0,True,0.0,0.06,200,1.0,1,5,0.2,200,balanced,1e-05,0,0.16498800959232615,1e-07,5
0.9999998731061087,8,1.0151512594410654,1.0151511306245717,True,1.2689389128350825e-07,0.08,199,0.995,2,5,0.2,200,balanced,1e-05,0,0.3228346456692913,1e-07,5
0.9999986718986775,8,1.062482469039261,1.0624810579548887,True,1.3281013224730742e-06,0.1,196,0.98,4,5,0.2,200,balanced,1e-05,0,0.5252854812398042,1e-07,5
0.9999775711929123,8,1.3491314376125365,1.3491011782037865,True,2.2428807087693237e-05,0.12000000000000001,181,0.905,12,5,0.2,200,balanced,1e-05,0,0.6737739872068229,1e-07,5
0.9996022739568462,8,2.624133830825372,2.623090144460132,True,0.000397726043153801,0.13999999999999999,145,0.725,24,5,0.2,200,balanced,1e-05,0,0.7630922693266833,1e-07,5
0.9993123794266632,8,4.5157914404302195,4.5126862893308815,True,0.0006876205733368224,0.16,121,0.605,35,5,0.2,200,balanced,1e-05,0,0.7904509283819628,1e-07,5
0.9703063098294594,8,17.523377280503272,17.00304354479452,True,0.029693690170540576,0.18,77,0.385,44,5,0.2,200,balanced,1e-05,0,0.8291316526610644,1e-07,5
0.834335638308292,8,93.91435011269722,78.35608924758566,True,0.16566436169170795,0.19999999999999998,44,0.22,52,5,0.2,200,balanced,1e-05,0,0.8333333333333334,1e-07,5
0.40497638621654714,8,863.837598531476,349.83382893125764,True,0.5950236137834528,0.22,21,0.105,63,5,0.2,200,balanced,1e-05,0,0.817910447761194,1e-07,5
0.46305,8,863.837598531476,400.0,True,0.53695,0.24,21,0.105,69,5,0.2,200,balanced,1e-05,0,0.8012232415902141,1e-07,5
0.4882433572332349,8,863.837598531476,421.76296921130324,True,0.511756642766765,0.26,21,0.105,74,5,0.2,200,balanced,1e-05,0,0.7850467289719627,1e-07,5
0.4584184876591731,8,1371.7421124828531,628.8319446627888,True,0.541581512340827,0.28,18,0.09,81,5,0.2,200,balanced,1e-05,0,0.7579617834394905,1e-07,5
0.4715394566623545,8,1371.7421124828531,646.8305304010349,True,0.5284605433376455,0.30000000000000004,18,0.09,90,5,0.2,200,balanced,1e-05,0,0.7213114754098361,1e-07,5
0.47430058555627846,8,1371.7421124828531,650.6180871828237,True,0.5256994144437215,0.32,18,0.09,95,5,0.2,200,balanced,1e-05,0,0.7000000000000001,1e-07,5
0.47873912329666723,8,1371.7421124828531,656.7066163191594,True,0.5212608767033328,0.34,18,0.09,100,5,0.2,200,balanced,1e-05,0,0.6779661016949152,1e-07,5
0.48738091258565935,8,1371.7421124828531,668.5609226140732,True,0.5126190874143406,0.36000000000000004,18,0.09,109,5,0.2,200,balanced,1e-05,0,0.6363636363636364,1e-07,5
0.44761297376093295,8,1628.3329940972928,728.862973760933,True,0.5523870262390671,0.38,17,0.085,115,5,0.2,200,balanced,1e-05,0,0.6071428571428571,1e-07,5
0.40410418310970797,8,1953.125,789.2659826361484,True,0.595895816890292,0.4,16,0.08,118,5,0.2,200,balanced,1e-05,0,0.592057761732852,1e-07,5
0.41491085899513774,8,1953.125,810.3727714748784,True,0.5850891410048622,0.42000000000000004,16,0.08,121,5,0.2,200,balanced,1e-05,0,0.5766423357664234,1e-07,5
0.4159220146222583,8,1953.125,812.3476848090983,True,0.5840779853777417,0.44,16,0.08,125,5,0.2,200,balanced,1e-05,0,0.5555555555555556,1e-07,5
0.3726810954063604,8,2370.3703703703704,883.3922261484099,True,0.6273189045936396,0.46,15,0.075,129,5,0.2,200,balanced,1e-05,0,0.5338345864661653,1e-07,5
0.3729281767955801,8,2370.3703703703704,883.9779005524862,True,0.6270718232044199,0.48000000000000004,15,0.075,130,5,0.2,200,balanced,1e-05,0,0.5283018867924528,1e-07,5
0.32705601907032184,8,2915.451895043732,953.5160905840286,True,0.6729439809296782,0.5,14,0.07,134,5,0.2,200,balanced,1e-05,0,0.5057471264367815,1e-07,5
1.0,8,1.0,1.0,True,0.0,0.02,200,1.0,1,5,0.2,200,balanced,1e-05,1,0.036216907784666866,1e-07,5
1.0,8,1.0,1.0,True,0.0,0.04,200,1.0,1,5,0.2,200,balanced,1e-05,1,0.07483277591973245,1e-07,5
1.0,8,1.0,1.0,True,0.0,0.06,200,1.0,1,5,0.2,200,balanced,1e-05,1,0.16044776119402984,1e-07,5
1.0,8,1.0,1.0,True,0.0,0.08,200,1.0,1,5,0.2,200,balanced,1e-05,1,0.3160865475070555,1e-07,5
0.9999988228187944,8,1.046384525647081,1.0463832938628834,True,1.1771812056249331e-06,0.1,197,0.985,3,5,0.2,200,balanced,1e-05,1,0.49552238805970156,1e-07,5
0.9999973571012464,8,1.1128024162278864,1.1127994752037675,True,2.6428987536242232e-06,0.12000000000000001,193,0.965,6,5,0.2,200,balanced,1e-05,1,0.6264591439688715,1e-07,5
0.9999862596403627,8,1.2634987068880421,1.2634813459614083,True,1.3740359637304245e-05,0.13999999999999999,185,0.925,11,5,0.2,200,balanced,1e-05,1,0.6781115879828327,1e-07,5
0.9999498046380515,8,1.5999324828492238,1.599852173659154,True,5.0195361948501827e-05,0.16,171,0.855,18,5,0.2,200,balanced,1e-05,1,0.7281323877068558,1e-07,5
0.9999346575756806,8,1.8472563740158452,1.8471356698060277,True,6.534242431943671e-05,0.18,163,0.815,24,5,0.2,200,balanced,1e-05,1,0.751269035532995,1e-07,5
0.9995041180209345,8,4.096,4.093968867413747,True,0.0004958819790654712,0.19999999999999998,125,0.625,37,5,0.2,200,balanced,1e-05,1,0.7762803234501349,1e-07,5
0.9978934135030741,8,7.764721183421155,7.748364126623766,True,0.002106586496925855,0.22,101,0.505,46,5,0.2,200,balanced,1e-05,1,0.784313725490196,1e-07,5
0.9974046748093496,8,9.945832509694078,9.92001984003968,True,0.0025953251906504216,0.24,93,0.465,55,5,0.2,200,balanced,1e-05,1,0.7790697674418605,1e-07,5
0.970077341523887,8,30.517578125,29.60441105724753,True,0.029922658476112973,0.26,64,0.32,63,5,0.2,200,balanced,1e-05,1,0.7724550898203594,1e-07,5
0.9676486828856335,8,33.56718472021752,32.48124208269724,True,0.03235131711436645,0.28,62,0.31,67,5,0.2,200,balanced,1e-05,1,0.7636363636363636,1e-07,5
0.96128491895354,8,41.00209110664644,39.41469182637828,True,0.03871508104646004,0.30000000000000004,58,0.29,74,5,0.2,200,balanced,1e-05,1,0.7430340557275542,1e-07,5
0.9302343361749302,8,82.18952905399853,76.45552200007646,True,0.06976566382506977,0.32,46,0.23,85,5,0.2,200,balanced,1e-05,1,0.7202572347266881,1e-07,5
0.9310351424253439,8,82.18952905399853,76.52133988866144,True,0.06896485757465609,0.34,46,0.23,92,5,0.2,200,balanced,1e-05,1,0.6907894736842104,1e-07,5
0.9366712579405053,8,87.79149519890261,82.23177024443393,True,0.06332874205949468,0.36000000000000004,45,0.225,102,5,0.2,200,balanced,1e-05,1,0.6484641638225256,1e-07,5
0.9404995355557849,8,87.79149519890261,82.56786046031583,True,0.059500464444215084,0.38,45,0.225,105,5,0.2,200,balanced,1e-05,1,0.6366782006920415,1e-07,5
0.9138201190849263,8,171.46776406035664,156.69069257286117,True,0.08617988091507367,0.4,36,0.18,116,5,0.2,200,balanced,1e-05,1,0.5878136200716846,1e-07,5
0.9141424036992045,8,171.46776406035664,156.7459539950625,True,0.08585759630079548,0.42000000000000004,36,0.18,119,5,0.2,200,balanced,1e-05,1,0.572463768115942,1e-07,5
0.9404474665496819,8,186.58892128279882,175.4770783066462,True,0.05955253345031808,0.44,35,0.175,127,5,0.2,200,balanced,1e-05,1,0.5298507462686567,1e-07,5
0.9418109129250505,8,186.58892128279882,175.73148229505315,True,0.05818908707494952,0.46,35,0.175,131,5,0.2,200,balanced,1e-05,1,0.5075757575757576,1e-07,5
0.6324955607157492,8,863.837598531476,546.3734462505122,True,0.3675044392842508,0.48000000000000004,21,0.105,134,5,0.2,200,balanced,1e-05,1,0.4980842911877395,1e-07,5
0.3800554016620499,8,2915.451895043732,1108.03324099723,True,0.6199445983379501,0.5,14,0.07,140,5,0.2,200,balanced,1e-05,1,0.47058823529411764,1e-07,5
1.0,8,1.0,1.0,True,0.0,0.02,200,1.0,1,5,0.2,200,balanced,1e-05,2,0.035359742838233905,1e-07,5
1.0,8,1.0,1.0,True,0.0,0.04,200,1.0,1,5,0.2,200,balanced,1e-05,2,0.07022361710474696,1e-07,5
1.0,8,1.0,1.0,True,0.0,0.06,200,1.0,1,5,0.2,200,balanced,1e-05,2,0.1456726649528706,1e-07,5
1.0,8,1.0,1.0,True,0.0,0.08,200,1.0,1,5,0.2,200,balanced,1e-05,2,0.2906875543951261,1e-07,5
1.0,8,1.0,1.0,True,0.0,0.1,200,1.0,1,5,0.2,200,balanced,1e-05,2,0.47337278106508873,1e-07,5
0.9999988228187944,8,1.046384525647081,1.0463832938628834,True,1.1771812056249331e-06,0.12000000000000001,197,0.985,3,5,0.2,200,balanced,1e-05,2,0.6153846153846154,1e-07,5
0.9999847706759054,8,1.2432290637117598,1.2432101301734246,True,1.5229324094589991e-05,0.13999999999999999,186,0.93,8,5,0.2,200,balanced,1e-05,2,0.6962305986696231,1e-07,5
0.9998781762944239,8,1.8816764231589207,1.8814471903643564,True,0.00012182370557611844,0.16,162,0.81,17,5,0.2,200,balanced,1e-05,2,0.7549019607843136,1e-07,5
0.9996296319888762,8,3.6413290851160673,3.6399804533049656,True,0.0003703680111237784,0.18,130,0.65,33,5,0.2,200,balanced,1e-05,2,0.7760416666666667,1e-07,5
0.9994646915406664,8,4.869046981434324,4.86644053939627,True,0.0005353084593335833,0.19999999999999998,118,0.59,40,5,0.2,200,balanced,1e-05,2,0.7859078590785907,1e-07,5
0.9993526992441519,8,5.694241982507289,5.69055609536803,True,0.0006473007558480681,0.22,112,0.56,44,5,0.2,200,balanced,1e-05,2,0.8022284122562675,1e-07,5
0.9936449812848761,8,12.577508898587546,12.497578594147384,True,0.006355018715123895,0.24,86,0.43,51,5,0.2,200,balanced,1e-05,2,0.8022922636103151,1e-07,5
0.9921261384781118,8,19.742167295125657,19.58672020370189,True,0.007873861521888181,0.26,74,0.37,60,5,0.2,200,balanced,1e-05,2,0.7833827893175075,1e-07,5
0.9913481966104969,8,24.352453053036598,24.14176041716962,True,0.00865180338950311,0.28,69,0.345,67,5,0.2,200,balanced,1e-05,2,0.7659574468085106,1e-07,5
0.9811549668874172,8,43.19817703692904,42.384105960264904,True,0.018845033112582787,0.30000000000000004,57,0.285,73,5,0.2,200,balanced,1e-05,2,0.7492260061919505,1e-07,5
0.9778328035099703,8,53.73563411406732,52.54446575414445,True,0.02216719649002974,0.32,53,0.265,79,5,0.2,200,balanced,1e-05,2,0.7381703470031545,1e-07,5
0.973287115935075,8,67.9988780185127,66.1824318734592,True,0.026712884064925002,0.34,49,0.245,83,5,0.2,200,balanced,1e-05,2,0.7243589743589745,1e-07,5
0.9481331116936257,8,134.86404018948397,127.86906208042964,True,0.051866888306374315,0.36000000000000004,39,0.195,93,5,0.2,200,balanced,1e-05,2,0.6821192052980133,1e-07,5
0.8968330423264496,8,268.53747776174015,240.83328315973267,True,0.10316695767355044,0.38,31,0.155,102,5,0.2,200,balanced,1e-05,2,0.6552901023890786,1e-07,5
0.871041980795175,8,364.4314868804665,317.4351241964923,True,0.12895801920482497,0.4,28,0.14,109,5,0.2,200,balanced,1e-05,2,0.6223776223776223,1e-07,5
0.876257384639949,8,364.4314868804665,319.3357815743254,True,0.12374261536005104,0.42000000000000004,28,0.14,118,5,0.2,200,balanced,1e-05,2,0.5776173285198557,1e-07,5
0.8813232696322467,8,364.4314868804665,321.18194957443393,True,0.11867673036775328,0.44,28,0.14,122,5,0.2,200,balanced,1e-05,2,0.5567765567765568,1e-07,5
0.8906334841628959,8,406.4421074023269,361.99095022624437,True,0.1093665158371041,0.46,27,0.135,130,5,0.2,200,balanced,1e-05,2,0.5132075471698113,1e-07,5
0.8665150842945873,8,512.0,443.6557231588287,True,0.13348491570541265,0.48000000000000004,25,0.125,134,5,0.2,200,balanced,1e-05,2,0.4980842911877395,1e-07,5
0.8782036870503597,8,512.0,449.64028776978415,True,0.12179631294964033,0.5,25,0.125,138,5,0.2,200,balanced,1e-05,2,0.47470817120622566,1e-07,5
1.0,8,1.0,1.0,True,0.0,0.02,200,1.0,1,10,0.2,200,balanced,1e-05,0,0.049480194762468746,1e-07,5
1.0,8,1.0,1.0,True,0.0,0.04,200,1.0,1,10,0.2,200,balanced,1e-05,0,0.1449511400651466,1e-07,5
0.9999998731061087,8,1.0151512594410654,1.0151511306245717,True,1.2689389128350825e-07,0.06,199,0.995,2,10,0.2,200,balanced,1e-05,0,0.375,1e-07,5
0.9999962813251869,8,1.062482469039261,1.0624785180124638,True,3.7186748130801917e-06,0.08,196,0.98,3,10,0.2,200,balanced,1e-05,0,0.6358381502890174,1e-07,5
0.9999348576070357,8,1.748903000592878,1.748789072866357,True,6.514239296429025e-05,0.1,166,0.83,17,10,0.2,200,balanced,1e-05,0,0.75,1e-07,5
0.9998328031357789,8,2.7357844366011026,2.7353270220221177,True,0.00016719686422106417,0.12000000000000001,143,0.715,28,10,0.2,200,balanced,1e-05,0,0.8082901554404145,1e-07,5
0.9991656551553024,8,4.869046981434324,4.864984517186774,True,0.0008343448446975765,0.13999999999999999,118,0.59,35,10,0.2,200,balanced,1e-05,0,0.8493150684931507,1e-07,5
0.5372955427795575,8,157.93733836100526,84.85902793983495,True,0.4627044572204425,0.16,37,0.185,46,10,0.2,200,balanced,1e-05,0,0.8603988603988604,1e-07,5
0.37543199210071587,8,657.5162324319882,246.85262898049865,True,0.6245680078992841,0.18,23,0.115,51,10,0.2,200,balanced,1e-05,0,0.8612716763005781,1e-07,5
0.37893982808022925,8,657.5162324319882,249.15908807773764,True,0.6210601719197708,0.19999999999999998,23,0.115,55,10,0.2,200,balanced,1e-05,0,0.8504398826979472,1e-07,5
0.4104689300593919,8,863.837598531476,354.5784948142895,True,0.5895310699406081,0.22,21,0.105,63,10,0.2,200,balanced,1e-05,0,0.8228228228228228,1e-07,5
0.4575592885375494,8,863.837598531476,395.25691699604744,True,0.5424407114624505,0.24,21,0.105,68,10,0.2,200,balanced,1e-05,0,0.8048780487804879,1e-07,5
0.43174415161385843,8,1371.7421124828531,592.2416345869115,True,0.5682558483861415,0.26,18,0.09,75,10,0.2,200,balanced,1e-05,0,0.7788161993769471,1e-07,5
0.43483447658813,8,1371.7421124828531,596.4807634953772,True,0.56516552341187,0.28,18,0.09,80,10,0.2,200,balanced,1e-05,0,0.759493670886076,1e-07,5
0.4630041282946967,8,1371.7421124828531,635.1222610352493,True,0.5369958717053033,0.30000000000000004,18,0.09,86,10,0.2,200,balanced,1e-05,0,0.7354838709677419,1e-07,5
0.47108239095315024,8,1371.7421124828531,646.2035541195477,True,0.5289176090468497,0.32,18,0.09,92,10,0.2,200,balanced,1e-05,0,0.7105263157894737,1e-07,5
0.4811087279326844,8,1371.7421124828531,659.9571027883187,True,0.5188912720673156,0.34,18,0.09,101,10,0.2,200,balanced,1e-05,0,0.6711864406779661,1e-07,5
0.486162054018006,8,1371.7421124828531,666.8889629876626,True,0.513837945981994,0.36000000000000004,18,0.09,107,10,0.2,200,balanced,1e-05,0,0.6435986159169551,1e-07,5
0.4893438496392012,8,1371.7421124828531,671.2535660345695,True,0.5106561503607988,0.38,18,0.09,113,10,0.2,200,balanced,1e-05,0,0.6170212765957447,1e-07,5
0.402674007078254,8,1953.125,786.4726700747149,True,0.597325992921746,0.4,16,0.08,117,10,0.2,200,balanced,1e-05,0,0.5971223021582733,1e-07,5
0.4151631867018042,8,1953.125,810.8655990269613,True,0.5848368132981958,0.42000000000000004,16,0.08,122,10,0.2,200,balanced,1e-05,0,0.5714285714285715,1e-07,5
0.4156687639537244,8,1953.125,811.8530545971179,True,0.5843312360462756,0.44,16,0.08,124,10,0.2,200,balanced,1e-05,0,0.5608856088560886,1e-07,5
0.4200164068908942,8,1953.125,820.3445447087777,True,0.5799835931091057,0.46,16,0.08,130,10,0.2,200,balanced,1e-05,0,0.5283018867924528,1e-07,5
0.4220939818631492,8,1953.125,824.4023083264633,True,0.5779060181368507,0.48000000000000004,16,0.08,131,10,0.2,200,balanced,1e-05,0,0.5227272727272727,1e-07,5
0.3384311790823878,8,2915.451895043732,986.6798223976319,True,0.6615688209176123,0.5,14,0.07,138,10,0.2,200,balanced,1e-05,0,0.4824902723735408,1e-07,5
1.0,8,1.0,1.0,True,0.0,0.02,200,1.0,1,10,0.2,200,balanced,1e-05,1,0.04977731202515064,1e-07,5
1.0,8,1.0,1.0,True,0.0,0.04,200,1.0,1,10,0.2,200,balanced,1e-05,1,0.14183266932270916,1e-07,5
1.0,8,1.0,1.0,True,0.0,0.06,200,1.0,1,10,0.2,200,balanced,1e-05,1,0.3628691983122363,1e-07,5
1.0,8,1.0,1.0,True,0.0,0.08,200,1.0,1,10,0.2,200,balanced,1e-05,1,0.5884413309982488,1e-07,5
0.9999755475906282,8,1.3491314376125365,1.3490984480983277,True,2.4452409371766848e-05,0.1,181,0.905,10,10,0.2,200,balanced,1e-05,1,0.7189542483660131,1e-07,5
0.999945101318107,8,1.657409688264027,1.6573186986567847,True,5.489868189301195e-05,0.12000000000000001,169,0.845,15,10,0.2,200,balanced,1e-05,1,0.774818401937046,1e-07,5
0.999790397808887,8,2.6791838134430725,2.6786222506453807,True,0.00020960219111298972,0.13999999999999999,144,0.72,25,10,0.2,200,balanced,1e-05,1,0.8093994778067884,1e-07,5
0.9890912468722242,8,11.739293764087153,11.611232706520287,True,0.010908753127775839,0.16,88,0.44,37,10,0.2,200,balanced,1e-05,1,0.8438356164383561,1e-07,5
0.9560782816762409,8,38.95237585147459,37.24152057128492,True,0.04392171832375913,0.18,59,0.295,45,10,0.2,200,balanced,1e-05,1,0.848314606741573,1e-07,5
0.9379799465429707,8,60.30862941101085,56.56828499101979,True,0.06202005345702932,0.19999999999999998,51,0.255,55,10,0.2,200,balanced,1e-05,1,0.8279883381924198,1e-07,5
0.9381789634491343,8,60.30862941101085,56.580287427860135,True,0.06182103655086568,0.22,51,0.255,58,10,0.2,200,balanced,1e-05,1,0.8200589970501475,1e-07,5
0.9355587156649952,8,64.0,59.87575780255969,True,0.06444128433500484,0.24,50,0.25,63,10,0.2,200,balanced,1e-05,1,0.8048048048048048,1e-07,5
0.9238894425856055,8,77.05421727362916,71.18957784580337,True,0.07611055741439454,0.26,47,0.235,67,10,0.2,200,balanced,1e-05,1,0.7963525835866262,1e-07,5
0.91973920438439,8,82.18952905399853,75.5929320608523,True,0.08026079561560995,0.28,46,0.23,71,10,0.2,200,balanced,1e-05,1,0.7815384615384615,1e-07,5
0.9259865291677766,8,82.18952905399853,76.10639674264623,True,0.07401347083222343,0.30000000000000004,46,0.23,77,10,0.2,200,balanced,1e-05,1,0.7586206896551724,1e-07,5
0.936409289438747,8,82.18952905399853,76.96303850076,True,0.06359071056125298,0.32,46,0.23,88,10,0.2,200,balanced,1e-05,1,0.7166123778501629,1e-07,5
0.8967889214767333,8,134.86404018948397,120.94457714752215,True,0.10321107852326672,0.34,39,0.195,97,10,0.2,200,balanced,1e-05,1,0.6778523489932886,1e-07,5
0.899570477720581,8,145.79384749963552,131.15184104396866,True,0.10042952227941904,0.36000000000000004,38,0.19,107,10,0.2,200,balanced,1e-05,1,0.6319444444444444,1e-07,5
0.9008109794135996,8,145.79384749963552,131.33269855862363,True,0.09918902058640044,0.38,38,0.19,110,10,0.2,200,balanced,1e-05,1,0.619718309859155,1e-07,5
0.5831575920245399,8,657.5162324319882,383.4355828220859,True,0.4168424079754601,0.4,23,0.115,115,10,0.2,200,balanced,1e-05,1,0.6000000000000001,1e-07,5
0.6530163160154573,8,657.5162324319882,429.36882782310005,True,0.3469836839845427,0.42000000000000004,23,0.115,120,10,0.2,200,balanced,1e-05,1,0.5745454545454545,1e-07,5
0.30852259950528443,8,2915.451895043732,899.4827973914998,True,0.6914774004947155,0.44,14,0.07,127,10,0.2,200,balanced,1e-05,1,0.5447761194029851,1e-07,5
0.34637717748043423,8,2915.451895043732,1009.845998485231,True,0.6536228225195657,0.46,14,0.07,134,10,0.2,200,balanced,1e-05,1,0.5057471264367815,1e-07,5
0.3571986461858891,8,2915.451895043732,1041.3954699297058,True,0.6428013538141109,0.48000000000000004,14,0.07,138,10,0.2,200,balanced,1e-05,1,0.4824902723735408,1e-07,5
0.35747785304846275,8,2915.451895043732,1042.2094841063054,True,0.6425221469515372,0.5,14,0.07,139,10,0.2,200,balanced,1e-05,1,0.4765625,1e-07,5
1.0,8,1.0,1.0,True,0.0,0.02,200,1.0,1,10,0.2,200,balanced,1e-05,2,0.047751389590702374,1e-07,5
1.0,8,1.0,1.0,True,0.0,0.04,200,1.0,1,10,0.2,200,balanced,1e-05,2,0.13231552162849872,1e-07,5
1.0,8,1.0,1.0,True,0.0,0.06,200,1.0,1,10,0.2,200,balanced,1e-05,2,0.337890625,1e-07,5
0.999992604196598,8,1.0956826815299674,1.0956745780762638,True,7.395803402032719e-06,0.08,194,0.97,3,10,0.2,200,balanced,1e-05,2,0.5865724381625441,1e-07,5
0.9999781688829531,8,1.284211391468727,1.2841833556995268,True,2.1831117046899884e-05,0.1,184,0.92,8,10,0.2,200,balanced,1e-05,2,0.708695652173913,1e-07,5
0.9999111407091753,8,1.953125,1.952951446697608,True,8.885929082469435e-05,0.12000000000000001,160,0.8,18,10,0.2,200,balanced,1e-05,2,0.7505938242280285,1e-07,5
0.9998605587847021,8,2.5184769636486184,2.5181257841601075,True,0.00013944121529785303,0.13999999999999999,147,0.735,24,10,0.2,200,balanced,1e-05,2,0.8092783505154639,1e-07,5
0.9913440214334959,8,7.538578676376356,7.473324900931737,True,0.00865597856650413,0.16,102,0.51,34,10,0.2,200,balanced,1e-05,2,0.8279569892473116,1e-07,5
0.9938079502069364,8,11.739293764087153,11.666603472564523,True,0.0061920497930636476,0.18,88,0.44,42,10,0.2,200,balanced,1e-05,2,0.8356545961002786,1e-07,5
0.9759985877528295,8,27.82647410746584,27.15859943102734,True,0.02400141224717045,0.19999999999999998,66,0.33,48,10,0.2,200,balanced,1e-05,2,0.8352272727272727,1e-07,5
0.9435671366889097,8,64.0,60.38829674809022,True,0.05643286331109032,0.22,50,0.25,54,10,0.2,200,balanced,1e-05,2,0.8218390804597702,1e-07,5
0.9555113896957652,8,64.0,61.152728940528974,True,0.04448861030423479,0.24,50,0.25,61,10,0.2,200,balanced,1e-05,2,0.8095238095238094,1e-07,5
0.9614201329067191,8,64.0,61.530888506030024,True,0.03857986709328087,0.26,50,0.25,64,10,0.2,200,balanced,1e-05,2,0.8012048192771085,1e-07,5
0.96282080659945,8,67.9988780185127,65.470734581642,True,0.03717919340054998,0.28,49,0.245,72,10,0.2,200,balanced,1e-05,2,0.7739938080495358,1e-07,5
0.6142481392355476,8,364.4314868804665,223.8513626951704,True,0.38575186076445245,0.30000000000000004,28,0.14,74,10,0.2,200,balanced,1e-05,2,0.7725856697819314,1e-07,5
0.39798023205844435,8,863.837598531476,343.7902879243661,True,0.6020197679415557,0.32,21,0.105,79,10,0.2,200,balanced,1e-05,2,0.759493670886076,1e-07,5
0.41735015772870665,8,863.837598531476,360.5227579990987,True,0.5826498422712934,0.34,21,0.105,87,10,0.2,200,balanced,1e-05,2,0.7272727272727272,1e-07,5
0.5503981932723166,8,863.837598531476,475.45465351242126,True,0.44960180672768335,0.36000000000000004,21,0.105,95,10,0.2,200,balanced,1e-05,2,0.6933333333333335,1e-07,5
0.34955414012738856,8,2915.451895043732,1019.108280254777,True,0.6504458598726115,0.38,14,0.07,108,10,0.2,200,balanced,1e-05,2,0.6411149825783972,1e-07,5
0.35470527404343327,8,2915.451895043732,1034.126163391934,True,0.6452947259565667,0.4,14,0.07,113,10,0.2,200,balanced,1e-05,2,0.6170212765957447,1e-07,5
0.3605781865965834,8,2915.451895043732,1051.2483574244416,True,0.6394218134034166,0.42000000000000004,14,0.07,120,10,0.2,200,balanced,1e-05,2,0.5818181818181819,1e-07,5
0.367828418230563,8,2915.451895043732,1072.3860589812332,True,0.632171581769437,0.44,14,0.07,123,10,0.2,200,balanced,1e-05,2,0.5661764705882353,1e-07,5
0.37568455640744797,8,2915.451895043732,1095.290251916758,True,0.624315443592552,0.46,14,0.07,126,10,0.2,200,balanced,1e-05,2,0.550185873605948,1e-07,5
0.4260869565217391,8,2915.451895043732,1242.2360248447205,True,0.5739130434782609,0.48000000000000004,14,0.07,133,10,0.2,200,balanced,1e-05,2,0.5114503816793893,1e-07,5
0.4490998363338789,8,2915.451895043732,1309.328968903437,True,0.550900163666121,0.5,14,0.07,138,10,0.2,200,balanced,1e-05,2,0.4824902723735408,1e-07,5
1.0,8,1.0,1.0,True,0.0,0.02,400,1.0,1,2,0.2,400,balanced,1e-05,0,0.019801443064069873,1e-07,5
1.0,8,1.0,1.0,True,0.0,0.04,400,1.0,1,2,0.2,400,balanced,1e-05,0,0.04443595620066208,1e-07,5
1.0,8,1.0,1.0,True,0.0,0.06,400,1.0,1,2,0.2,400,balanced,1e-05,0,0.10565308423256564,1e-07,5
0.9999999842572244,8,1.0075376568379952,1.007537640976556,True,1.5742775638649675e-08,0.08,399,0.9975,2,2,0.2,400,balanced,1e-05,0,0.24033677765021047,1e-07,5
0.9999998494391105,8,1.0706553754235508,1.0706552142247252,True,1.505608895335797e-07,0.1,391,0.9775,10,2,0.2,400,balanced,1e-05,0,0.4341085271317829,1e-07,5
0.9999976949394168,8,1.4185020901628298,1.4184988204295745,True,2.3050605831853588e-06,0.12000000000000001,356,0.89,35,2,0.2,400,balanced,1e-05,0,0.5998013902681231,1e-07,5
0.9999751562158843,8,2.169224674022304,2.169170782272804,True,2.484378411571342e-05,0.13999999999999999,309,0.7725,62,2,0.2,400,balanced,1e-05,0,0.6817640047675804,1e-07,5
0.9998544954062121,8,4.572238184175612,4.571572902515922,True,0.00014550459378792624,0.16,241,0.6025,96,2,0.2,400,balanced,1e-05,0,0.72630173564753,1e-07,5
0.999635337222198,8,8.371076205176648,8.368023585274475,True,0.00036466277780200507,0.18,197,0.4925,126,2,0.2,400,balanced,1e-05,0,0.7212643678160919,1e-07,5
0.9992723410772071,8,14.509365795621074,14.498807926135823,True,0.0007276589227929176,0.19999999999999998,164,0.41,149,2,0.2,400,balanced,1e-05,0,0.716012084592145,1e-07,5
0.9883933802599498,8,53.73563411406732,53.11194504241487,True,0.011606619740050172,0.22,106,0.265,166,2,0.2,400,balanced,1e-05,0,0.7138364779874213,1e-07,5
0.9838684510193851,8,107.9796998164345,106.2378199999336,True,0.016131548980614863,0.24,84,0.21,181,2,0.2,400,balanced,1e-05,0,0.6978998384491115,1e-07,5
0.8956265844554568,8,455.1661356395084,407.65889142260215,True,0.10437341554454316,0.26,52,0.13,199,2,0.2,400,balanced,1e-05,0,0.6633333333333333,1e-07,5
0.770777027027027,8,1078.9123215158718,831.6008316008316,True,0.229222972972973,0.28,39,0.0975,212,2,0.2,400,balanced,1e-05,0,0.6393162393162393,1e-07,5
0.3295778135446329,8,6010.518407212622,1980.9335149189055,True,0.6704221864553671,0.30000000000000004,22,0.055,229,2,0.2,400,balanced,1e-05,0,0.6031746031746031,1e-07,5
0.31728792654515553,8,6910.700788251808,2192.6819240783884,True,0.6827120734548444,0.32,21,0.0525,233,2,0.2,400,balanced,1e-05,0,0.5932504440497335,1e-07,5
0.319719671338811,8,6910.700788251808,2209.4869847407303,True,0.6802803286611889,0.34,21,0.0525,244,2,0.2,400,balanced,1e-05,0,0.5652173913043478,1e-07,5
0.35657631295241027,8,6910.700788251808,2464.192206992145,True,0.6434236870475898,0.36000000000000004,21,0.0525,257,2,0.2,400,balanced,1e-05,0,0.5306122448979592,1e-07,5
0.379829382331228,8,6910.700788251808,2624.887211877615,True,0.620170617668772,0.38,21,0.0525,269,2,0.2,400,balanced,1e-05,0,0.4971537001897533,1e-07,5
0.38067247615915817,8,6910.700788251808,2630.713581058862,True,0.6193275238408418,0.4,21,0.0525,273,2,0.2,400,balanced,1e-05,0,0.4856596558317399,1e-07,5
0.3823699421965318,8,6910.700788251808,2642.444260941371,True,0.6176300578034681,0.42000000000000004,21,0.0525,277,2,0.2,400,balanced,1e-05,0,0.47490347490347495,1e-07,5
0.4098875807736567,8,6910.700788251808,2832.6104275471366,True,0.5901124192263433,0.44,21,0.0525,288,2,0.2,400,balanced,1e-05,0,0.44181459566074954,1e-07,5
0.41032343819229067,8,6910.700788251808,2835.622507753655,True,0.5896765618077093,0.46,21,0.0525,290,2,0.2,400,balanced,1e-05,0,0.43564356435643564,1e-07,5
0.46010532591414943,8,6910.700788251808,3179.650238473768,True,0.5398946740858506,0.48000000000000004,21,0.0525,295,2,0.2,400,balanced,1e-05,0,0.41999999999999993,1e-07,5
0.46355991590749823,8,6910.700788251808,3203.52387626389,True,0.5364400840925018,0.5,21,0.0525,298,2,0.2,400,balanced,1e-05,0,0.4104627766599597,1e-07,5
1.0,8,1.0,1.0,True,0.0,0.02,400,1.0,1,2,0.2,400,balanced,1e-05,1,0.019729610903495277,1e-07,5
1.0,8,1.0,1.0,True,0.0,0.04,400,1.0,1,2,0.2,400,balanced,1e-05,1,0.045562913907284765,1e-07,5
1.0,8,1.0,1.0,True,0.0,0.06,400,1.0,1,2,0.2,400,balanced,1e-05,1,0.11559280600663525,1e-07,5
0.9999999842572244,8,1.0075376568379952,1.007537640976556,True,1.5742775638649675e-08,0.08,399,0.9975,2,2,0.2,400,balanced,1e-05,1,0.2782152230971129,1e-07,5
0.9999996092681062,8,1.0872543902950043,1.0872539654700373,True,3.9073189384009055e-07,0.1,389,0.9725,10,2,0.2,400,balanced,1e-05,1,0.47826086956521746,1e-07,5
0.9999938212551144,8,1.614049453113389,1.6140394803135856,True,6.178744885620979e-06,0.12000000000000001,341,0.8525,43,2,0.2,400,balanced,1e-05,1,0.6213592233009709,1e-07,5
0.9999522970345682,8,2.7357844366011026,2.7356539315706945,True,4.770296543177288e-05,0.13999999999999999,286,0.715,73,2,0.2,400,balanced,1e-05,1,0.690863579474343,1e-07,5
0.9999068373837854,8,4.62962962962963,4.629198321221229,True,9.316261621461486e-05,0.16,240,0.6,98,2,0.2,400,balanced,1e-05,1,0.7297668038408779,1e-07,5
0.9998890512535018,8,7.010372832439273,7.009595040361029,True,0.0001109487464981962,0.18,209,0.5225,129,2,0.2,400,balanced,1e-05,1,0.71976401179941,1e-07,5
0.9997616676428868,8,9.945832509694078,9.94346209598859,True,0.00023833235711323564,0.19999999999999998,186,0.465,145,2,0.2,400,balanced,1e-05,1,0.7125382262996942,1e-07,5
0.9062355418496932,8,62.11776946736924,56.2933304717557,True,0.09376445815030676,0.22,101,0.2525,166,2,0.2,400,balanced,1e-05,1,0.7015873015873016,1e-07,5
0.7264526503637754,8,863.837598531476,627.5371129370698,True,0.2735473496362246,0.24,42,0.105,189,2,0.2,400,balanced,1e-05,1,0.6831683168316832,1e-07,5
0.56214804154674,8,1780.8943428778139,1001.1262670504317,True,0.43785195845325997,0.26,33,0.0825,204,2,0.2,400,balanced,1e-05,1,0.6531302876480541,1e-07,5
0.5844745145236314,8,1780.8943428778139,1040.887356471392,True,0.4155254854763686,0.28,33,0.0825,220,2,0.2,400,balanced,1e-05,1,0.6156521739130434,1e-07,5
0.5221225247524752,8,2370.3703703703704,1237.6237623762377,True,0.4778774752475248,0.30000000000000004,30,0.075,236,2,0.2,400,balanced,1e-05,1,0.5796064400715564,1e-07,5
0.515619861887537,8,2915.451895043732,1503.264903462207,True,0.48438013811246305,0.32,28,0.07,253,2,0.2,400,balanced,1e-05,1,0.5387453874538746,1e-07,5
0.5247908199856562,8,2915.451895043732,1530.0023906287354,True,0.47520918001434376,0.34,28,0.07,267,2,0.2,400,balanced,1e-05,1,0.5,1e-07,5
0.531422484748717,8,2915.451895043732,1549.3366902294954,True,0.468577515251283,0.36000000000000004,28,0.07,276,2,0.2,400,balanced,1e-05,1,0.47398843930635837,1e-07,5
0.5047958555601149,8,3251.536859218615,1641.3623307345097,True,0.49520414443988514,0.38,27,0.0675,283,2,0.2,400,balanced,1e-05,1,0.453125,1e-07,5
0.5150999685962525,8,3251.536859218615,1674.866534073066,True,0.4849000314037475,0.4,27,0.0675,292,2,0.2,400,balanced,1e-05,1,0.4254473161033797,1e-07,5
0.48727474355420014,8,3641.3290851160673,1774.327696146382,True,0.5127252564457998,0.42000000000000004,26,0.065,295,2,0.2,400,balanced,1e-05,1,0.41600000000000004,1e-07,5
0.48824934718595475,8,3641.3290851160673,1777.87654869715,True,0.5117506528140452,0.44,26,0.065,298,2,0.2,400,balanced,1e-05,1,0.4064386317907444,1e-07,5
0.46290809978076675,8,4096.0,1896.0715767020206,True,0.5370919002192333,0.46,25,0.0625,304,2,0.2,400,balanced,1e-05,1,0.3869653767820774,1e-07,5
0.46756239152552515,8,4096.0,1915.135555688551,True,0.5324376084744749,0.48000000000000004,25,0.0625,306,2,0.2,400,balanced,1e-05,1,0.38036809815950917,1e-07,5
0.4723969040996493,8,4096.0,1934.9377191921635,True,0.5276030959003507,0.5,25,0.0625,309,2,0.2,400,balanced,1e-05,1,0.3703703703703704,1e-07,5
1.0,8,1.0,1.0,True,0.0,0.02,400,1.0,1,2,0.2,400,balanced,1e-05,2,0.018896486923839852,1e-07,5
1.0,8,1.0,1.0,True,0.0,0.04,400,1.0,1,2,0.2,400,balanced,1e-05,2,0.04008856776599464,1e-07,5
1.0,8,1.0,1.0,True,0.0,0.06,400,1.0,1,2,0.2,400,balanced,1e-05,2,0.09178610804851159,1e-07,5
1.0,8,1.0,1.0,True,0.0,0.08,400,1.0,1,2,0.2,400,balanced,1e-05,2,0.20181761203384518,1e-07,5
0.9999999682765242,8,1.0151512594410654,1.015151227236939,True,3.1723475846234805e-08,0.1,398,0.995,3,2,0.2,400,balanced,1e-05,2,0.35023041474654376,1e-07,5
0.9999998314199782,8,1.0789123215158718,1.0789121396328092,True,1.6858002183095522e-07,0.12000000000000001,390,0.975,11,2,0.2,400,balanced,1e-05,2,0.47520000000000007,1e-07,5
0.9999983082386746,8,1.2737989175853892,1.2737967626216442,True,1.6917613253619734e-06,0.13999999999999999,369,0.9225,25,2,0.2,400,balanced,1e-05,2,0.5536062378167641,1e-07,5
0.9999977988872641,8,1.467411720510894,1.4674084905722673,True,2.2011127358556593e-06,0.16,352,0.88,41,2,0.2,400,balanced,1e-05,2,0.5910577971646674,1e-07,5
0.9999945590174311,8,1.8136707244526342,1.8136608563018366,True,5.440982568938324e-06,0.18,328,0.82,57,2,0.2,400,balanced,1e-05,2,0.613744075829384,1e-07,5
0.9999857289337134,8,2.300658128421083,2.3006252955764297,True,1.4271066286597467e-05,0.19999999999999998,303,0.7575,77,2,0.2,400,balanced,1e-05,2,0.6302414231257942,1e-07,5
0.9999681335476408,8,3.0440566316295747,3.043959628343944,True,3.186645235919716e-05,0.22,276,0.69,93,2,0.2,400,balanced,1e-05,2,0.6296296296296297,1e-07,5
0.9999404760671041,8,4.1455478532571925,4.145301093944958,True,5.952393289587743e-05,0.24,249,0.6225,110,2,0.2,400,balanced,1e-05,2,0.626038781163435,1e-07,5
0.9999327285982903,8,4.994964451462369,4.994628433202229,True,6.727140170970092e-05,0.26,234,0.585,121,2,0.2,400,balanced,1e-05,2,0.6241134751773049,1e-07,5
0.9998653487503758,8,7.764721183421155,7.763675654010824,True,0.00013465124962419583,0.28,202,0.505,139,2,0.2,400,balanced,1e-05,2,0.6231454005934718,1e-07,5
0.9998780949993188,8,8.499859752314087,8.49882357690519,True,0.00012190500068121057,0.30000000000000004,196,0.49,156,2,0.2,400,balanced,1e-05,2,0.601526717557252,1e-07,5
0.9997553451760451,8,11.541444696733212,11.538621026612748,True,0.0002446548239548596,0.32,177,0.4425,175,2,0.2,400,balanced,1e-05,2,0.5763779527559055,1e-07,5
0.9996940993513564,8,15.335655566926837,15.330964379941541,True,0.0003059006486435534,0.34,161,0.4025,193,2,0.2,400,balanced,1e-05,2,0.5495934959349593,1e-07,5
0.9996524539595859,8,18.58870486393794,18.582244433166053,True,0.00034754604041409287,0.36000000000000004,151,0.3775,206,2,0.2,400,balanced,1e-05,2,0.5339966832504146,1e-07,5
0.9995350918253249,8,25.4427030327702,25.430874512144435,True,0.00046490817467514933,0.38,136,0.34,226,2,0.2,400,balanced,1e-05,2,0.5017182130584193,1e-07,5
0.9992996667338734,8,37.97861210722549,37.95201442176548,True,0.0007003332661266182,0.4,119,0.2975,244,2,0.2,400,balanced,1e-05,2,0.47686832740213525,1e-07,5
0.99928810035726,8,39.959715611698954,39.931268304431,True,0.0007118996427399882,0.42000000000000004,117,0.2925,248,2,0.2,400,balanced,1e-05,2,0.47037701974865354,1e-07,5
0.9988731112465195,8,49.419742723908115,49.364052171632636,True,0.0011268887534805483,0.44,109,0.2725,252,2,0.2,400,balanced,1e-05,2,0.46545454545454545,1e-07,5
0.998541754998374,8,65.95904973621533,65.86286528162549,True,0.0014582450016259463,0.46,99,0.2475,264,2,0.2,400,balanced,1e-05,2,0.4506517690875233,1e-07,5
0.9945643855059557,8,111.9297920379442,111.32138483802738,True,0.005435614494044283,0.48000000000000004,83,0.2075,271,2,0.2,400,balanced,1e-05,2,0.4452830188679245,1e-07,5
0.9944269899613677,8,116.07492636496859,115.4280396351031,True,0.005573010038632309,0.5,82,0.205,276,2,0.2,400,balanced,1e-05,2,0.4312977099236642,1e-07,5
1.0,8,1.0,1.0,True,0.0,0.02,400,1.0,1,5,0.2,400,balanced,1e-05,0,0.03119701593760597,1e-07,5
1.0,8,1.0,1.0,True,0.0,0.04,400,1.0,1,5,0.2,400,balanced,1e-05,0,0.1277695716395864,1e-07,5
0.9999995491082617,8,1.0306101521283646,1.0306096874347617,True,4.508917382795019e-07,0.06,396,0.99,3,5,0.2,400,balanced,1e-05,0,0.3911483253588517,1e-07,5
0.9999928893473519,8,1.3832370985745979,1.38322726285606,True,7.110652648134597e-06,0.08,359,0.8975,23,5,0.2,400,balanced,1e-05,0,0.6577319587628866,1e-07,5
0.9999164868170051,8,2.8237137421367846,2.8234779248143123,True,8.351318299493204e-05,0.1,283,0.7075,55,5,0.2,400,balanced,1e-05,0,0.7794486215538846,1e-07,5
0.9994136064624122,8,7.111970869367319,7.107800455610009,True,0.000586393537587826,0.12000000000000001,208,0.52,79,5,0.2,400,balanced,1e-05,0,0.8228882833787466,1e-07,5
0.9830330607011264,8,24.889620367176345,24.467319689234454,True,0.016966939298873607,0.13999999999999999,137,0.3425,104,5,0.2,400,balanced,1e-05,0,0.8166189111747851,1e-07,5
0.9823643995553387,8,65.95904973621533,64.7958222893579,True,0.01763560044466128,0.16,99,0.2475,126,5,0.2,400,balanced,1e-05,0,0.799405646359584,1e-07,5
0.9023952503918881,8,268.53747776174015,242.32694448441157,True,0.09760474960811194,0.18,62,0.155,145,5,0.2,400,balanced,1e-05,0,0.7753846153846154,1e-07,5
0.9099717740236761,8,296.2962962962963,269.6212663773855,True,0.09002822597632387,0.19999999999999998,60,0.15,162,5,0.2,400,balanced,1e-05,0,0.7424960505529226,1e-07,5
0.7433560550498296,8,928.5994109197487,690.2799948229,True,0.2566439449501704,0.22,41,0.1025,175,5,0.2,400,balanced,1e-05,0,0.7225806451612904,1e-07,5
0.736105999263894,8,1000.0,736.105999263894,True,0.263894000736106,0.24,40,0.1,184,5,0.2,400,balanced,1e-05,0,0.7037643207855973,1e-07,5
0.7849751217446538,8,1078.9123215158718,846.9193309337286,True,0.21502487825534622,0.26,39,0.0975,195,5,0.2,400,balanced,1e-05,0,0.6799999999999998,1e-07,5
0.778613389335074,8,1166.3507799970841,908.1363339671368,True,0.22138661066492604,0.28,38,0.095,209,5,0.2,400,balanced,1e-05,0,0.6484641638225256,1e-07,5
0.34797475013150975,8,6910.700788251808,2404.7493800255506,True,0.6520252498684902,0.30000000000000004,21,0.0525,227,5,0.2,400,balanced,1e-05,0,0.6091549295774648,1e-07,5
0.3521025017108965,8,6910.700788251808,2433.2750361189264,True,0.6478974982891035,0.32,21,0.0525,236,5,0.2,400,balanced,1e-05,0,0.5867620751341681,1e-07,5
0.35518140676536014,8,6910.700788251808,2454.5524277057607,True,0.6448185932346399,0.34,21,0.0525,249,5,0.2,400,balanced,1e-05,0,0.553113553113553,1e-07,5
0.35814834867352463,8,6910.700788251808,2475.0560754892103,True,0.6418516513264754,0.36000000000000004,21,0.0525,260,5,0.2,400,balanced,1e-05,0,0.5233644859813084,1e-07,5
0.370974202852107,8,6910.700788251808,2563.6917160711423,True,0.629025797147893,0.38,21,0.0525,269,5,0.2,400,balanced,1e-05,0,0.49809885931558934,1e-07,5
0.382654326088753,8,6910.700788251808,2644.40955292951,True,0.6173456739112471,0.4,21,0.0525,279,5,0.2,400,balanced,1e-05,0,0.4689922480620155,1e-07,5
0.3920829805249788,8,6910.700788251808,2709.56816257409,True,0.6079170194750212,0.42000000000000004,21,0.0525,281,5,0.2,400,balanced,1e-05,0,0.4630350194552529,1e-07,5
0.40696959043768677,8,6910.700788251808,2812.4450694322377,True,0.5930304095623132,0.44,21,0.0525,288,5,0.2,400,balanced,1e-05,0,0.44181459566074954,1e-07,5
0.42049582273883035,8,6910.700788251808,2905.9208136578277,True,0.5795041772611697,0.46,21,0.0525,291,5,0.2,400,balanced,1e-05,0,0.43253968253968256,1e-07,5
0.42594977462974887,8,6910.700788251808,2943.6114432894856,True,0.5740502253702511,0.48000000000000004,21,0.0525,295,5,0.2,400,balanced,1e-05,0,0.41999999999999993,1e-07,5
0.42878970275025463,8,6910.700788251808,2963.2373367904434,True,0.5712102972497454,0.5,21,0.0525,297,5,0.2,400,balanced,1e-05,0,0.41365461847389556,1e-07,5
1.0,8,1.0,1.0,True,0.0,0.02,400,1.0,1,5,0.2,400,balanced,1e-05,1,0.03164029975020816,1e-07,5
1.0,8,1.0,1.0,True,0.0,0.04,400,1.0,1,5,0.2,400,balanced,1e-05,1,0.14424293547026573,1e-07,5
0.9999998389671897,8,1.0306101521283646,1.0306099861663154,True,1.6103281030854788e-07,0.06,396,0.99,4,5,0.2,400,balanced,1e-05,1,0.4494845360824743,1e-07,5
0.9999961246702553,8,1.3053792885584974,1.3053742297833124,True,3.875329744662537e-06,0.08,366,0.915,20,5,0.2,400,balanced,1e-05,1,0.691304347826087,1e-07,5
0.9998385891414951,8,3.215674645274659,3.215155600469493,True,0.00016141085850485126,0.1,271,0.6775,54,5,0.2,400,balanced,1e-05,1,0.7876447876447876,1e-07,5
0.9995799839296239,8,7.215541645344177,7.212511001896665,True,0.0004200160703761169,0.12000000000000001,207,0.5175,83,5,0.2,400,balanced,1e-05,1,0.8183079056865465,1e-07,5
0.8481945393863847,8,151.7037037037037,128.67425308617155,True,0.15180546061361533,0.13999999999999999,75,0.1875,116,5,0.2,400,balanced,1e-05,1,0.809384164222874,1e-07,5
0.9395581766492583,8,194.81962442429278,183.04437109958187,True,0.060441823350741664,0.16,69,0.1725,131,5,0.2,400,balanced,1e-05,1,0.7939849624060149,1e-07,5
0.9267361454812846,8,244.140625,226.25394176789175,True,0.07326385451871542,0.18,64,0.16,147,5,0.2,400,balanced,1e-05,1,0.7673343605546995,1e-07,5
0.9159916882235698,8,296.2962962962963,271.4049446588355,True,0.0840083117764302,0.19999999999999998,60,0.15,165,5,0.2,400,balanced,1e-05,1,0.7385103011093502,1e-07,5
0.8884678276022582,8,429.88507291253853,381.93905684924147,True,0.11153217239774182,0.22,53,0.1325,185,5,0.2,400,balanced,1e-05,1,0.6972176759410802,1e-07,5
0.8842380640941792,8,455.1661356395084,402.4752226191075,True,0.11576193590582085,0.24,52,0.13,190,5,0.2,400,balanced,1e-05,1,0.6887417218543047,1e-07,5
0.4876110669652532,8,2370.3703703703704,1155.8188253991186,True,0.5123889330347469,0.26,30,0.075,198,5,0.2,400,balanced,1e-05,1,0.6733668341708543,1e-07,5
0.5088387169725981,8,2370.3703703703704,1206.1362180091214,True,0.4911612830274019,0.28,30,0.075,216,5,0.2,400,balanced,1e-05,1,0.6321243523316062,1e-07,5
0.5573675735931629,8,2370.3703703703704,1321.1675818504602,True,0.4426324264068371,0.30000000000000004,30,0.075,234,5,0.2,400,balanced,1e-05,1,0.5882352941176471,1e-07,5
0.535574684878563,8,2624.133830825372,1405.4196495234748,True,0.46442531512143703,0.32,29,0.0725,249,5,0.2,400,balanced,1e-05,1,0.5494505494505495,1e-07,5
0.5243395595471265,8,2915.451895043732,1528.6867625280656,True,0.4756604404528735,0.34,28,0.07,264,5,0.2,400,balanced,1e-05,1,0.5084745762711864,1e-07,5
0.5426141981411904,8,2915.451895043732,1581.9655922483687,True,0.4573858018588096,0.36000000000000004,28,0.07,274,5,0.2,400,balanced,1e-05,1,0.47984644913627644,1e-07,5
0.384369552585706,8,6910.700788251808,2656.2629700340335,True,0.615630447414294,0.38,21,0.0525,287,5,0.2,400,balanced,1e-05,1,0.44488188976377957,1e-07,5
0.39845968505292145,8,6910.700788251808,2753.6356595817915,True,0.6015403149470786,0.4,21,0.0525,294,5,0.2,400,balanced,1e-05,1,0.4231536926147704,1e-07,5
0.3988715651649582,8,6910.700788251808,2756.4820397967096,True,0.6011284348350419,0.42000000000000004,21,0.0525,296,5,0.2,400,balanced,1e-05,1,0.41683366733466937,1e-07,5
0.4002160760587727,8,6910.700788251808,2765.7735522904063,True,0.5997839239412273,0.44,21,0.0525,300,5,0.2,400,balanced,1e-05,1,0.4040404040404041,1e-07,5
0.4278388616834519,8,6910.700788251808,2956.6663586805876,True,0.5721611383165481,0.46,21,0.0525,306,5,0.2,400,balanced,1e-05,1,0.38445807770961143,1e-07,5
0.431547064305685,8,6910.700788251808,2982.2926374650515,True,0.568452935694315,0.48000000000000004,21,0.0525,310,5,0.2,400,balanced,1e-05,1,0.3711340206185567,1e-07,5
0.43227221807318894,8,6910.700788251808,2987.303958177745,True,0.5677277819268111,0.5,21,0.0525,314,5,0.2,400,balanced,1e-05,1,0.35758835758835755,1e-07,5
1.0,8,1.0,1.0,True,0.0,0.02,400,1.0,1,5,0.2,400,balanced,1e-05,2,0.028794145720649065,1e-07,5
1.0,8,1.0,1.0,True,0.0,0.04,400,1.0,1,5,0.2,400,balanced,1e-05,2,0.10815071732618634,1e-07,5
0.9999999842572244,8,1.0075376568379952,1.007537640976556,True,1.5742775638649675e-08,0.06,399,0.9975,2,5,0.2,400,balanced,1e-05,2,0.3352185089974293,1e-07,5
0.999999785826562,8,1.054392535876159,1.0543923100532846,True,2.1417343798457722e-07,0.08,393,0.9825,7,5,0.2,400,balanced,1e-05,2,0.5580985915492956,1e-07,5
0.9999987039490413,8,1.184962412251682,1.1849608764800115,True,1.2960509586656954e-06,0.1,378,0.945,17,5,0.2,400,balanced,1e-05,2,0.6601941747572815,1e-07,5
0.9999960991344689,8,1.4185020901628298,1.4184965567769205,True,3.900865531147879e-06,0.12000000000000001,356,0.89,32,5,0.2,400,balanced,1e-05,2,0.709832134292566,1e-07,5
0.9999901742887681,8,1.9349283007783158,1.934909288731578,True,9.825711231870038e-06,0.13999999999999999,321,0.8025,54,5,0.2,400,balanced,1e-05,2,0.7124681933842238,1e-07,5
0.9999778292239746,8,2.5705817483554703,2.5705247565632727,True,2.217077602539863e-05,0.16,292,0.73,75,5,0.2,400,balanced,1e-05,2,0.72,1e-07,5
0.9999741261881027,8,3.0440566316295747,3.043977870280883,True,2.587381189733673e-05,0.18,276,0.69,90,5,0.2,400,balanced,1e-05,2,0.7128987517337032,1e-07,5
0.9998698723624306,8,4.931469905512266,4.930828184983717,True,0.00013012763756936607,0.19999999999999998,235,0.5875,109,5,0.2,400,balanced,1e-05,2,0.7140825035561877,1e-07,5
0.9995992645818662,8,8.371076205176648,8.367721618453336,True,0.00040073541813379077,0.22,197,0.4925,128,5,0.2,400,balanced,1e-05,2,0.6950146627565982,1e-07,5
0.9995695000700388,8,11.739293764087153,11.734239998943918,True,0.00043049992996124775,0.24,176,0.44,143,5,0.2,400,balanced,1e-05,2,0.6807228915662651,1e-07,5
0.999702064333609,8,12.148767735302648,12.145148184091601,True,0.00029793566639102487,0.26,174,0.435,154,5,0.2,400,balanced,1e-05,2,0.6656394453004623,1e-07,5
0.9996940024479805,8,14.247154743022511,14.242795148547902,True,0.0003059975520195435,0.28,165,0.4125,165,5,0.2,400,balanced,1e-05,2,0.6593059936908517,1e-07,5
0.9995166410705129,8,21.43347050754458,21.42311044818486,True,0.0004833589294871432,0.30000000000000004,144,0.36,185,5,0.2,400,balanced,1e-05,2,0.6427406199021207,1e-07,5
0.9995717477612143,8,22.830879192186416,22.821101817058917,True,0.00042825223878573127,0.32,141,0.3525,202,5,0.2,400,balanced,1e-05,2,0.6107382550335572,1e-07,5
0.9989371363263448,8,37.97861210722549,37.93824602004088,True,0.0010628636736551567,0.34,119,0.2975,217,5,0.2,400,balanced,1e-05,2,0.5896551724137931,1e-07,5
0.9987758148793232,8,45.55393586005831,45.49816940959016,True,0.0012241851206767906,0.36000000000000004,112,0.28,226,5,0.2,400,balanced,1e-05,2,0.5744308231173381,1e-07,5
0.9960904702581008,8,79.56666007755263,79.25559185351585,True,0.003909529741899176,0.38,93,0.2325,247,5,0.2,400,balanced,1e-05,2,0.5226860254083485,1e-07,5
0.9934757150651039,8,111.9297920379442,111.19953018198498,True,0.006524284934896096,0.4,83,0.2075,255,5,0.2,400,balanced,1e-05,2,0.5036764705882354,1e-07,5
0.9912429922791717,8,151.7037037037037,150.37523319909212,True,0.008757007720828325,0.42000000000000004,75,0.1875,264,5,0.2,400,balanced,1e-05,2,0.48971962616822434,1e-07,5
0.9645829419500281,8,311.61900681179674,300.58237835806875,True,0.03541705804997186,0.44,59,0.1475,271,5,0.2,400,balanced,1e-05,2,0.47348484848484856,1e-07,5
0.9630975181155843,8,328.0167288531715,315.91209745888204,True,0.036902481884415694,0.46,58,0.145,276,5,0.2,400,balanced,1e-05,2,0.45889101338432126,1e-07,5
0.968144016831074,8,328.0167288531715,317.5674334596987,True,0.031855983168926016,0.48000000000000004,58,0.145,281,5,0.2,400,balanced,1e-05,2,0.44401544401544407,1e-07,5
0.9683458236140752,8,328.0167288531715,317.63362946051916,True,0.031654176385924826,0.5,58,0.145,284,5,0.2,400,balanced,1e-05,2,0.4349514563106796,1e-07,5
1.0,8,1.0,1.0,True,0.0,0.02,400,1.0,1,10,0.2,400,balanced,1e-05,0,0.05558524853019775,1e-07,5
1.0,8,1.0,1.0,True,0.0,0.04,400,1.0,1,10,0.2,400,balanced,1e-05,0,0.34804413239719156,1e-07,5
0.9999766995860546,8,1.518595966912831,1.5185605829981863,True,2.3300413945381848e-05,0.06,348,0.87,23,10,0.2,400,balanced,1e-05,0,0.6998939554612937,1e-07,5
0.9997993857524305,8,4.047238610201027,4.046426676472508,True,0.00020061424756945279,0.08,251,0.6275,57,10,0.2,400,balanced,1e-05,0,0.8314028314028314,1e-07,5
0.9957749637095347,8,18.962962962962962,18.882843756269693,True,0.004225036290465334,0.1,150,0.375,79,10,0.2,400,balanced,1e-05,0,0.8710124826629682,1e-07,5
0.6223522791221159,8,578.7037037037037,360.1575689364097,True,0.3776477208778841,0.12000000000000001,48,0.12,91,10,0.2,400,balanced,1e-05,0,0.8709219858156028,1e-07,5
0.7506821791721535,8,578.7037037037037,434.42255739129257,True,0.24931782082784648,0.13999999999999999,48,0.12,113,10,0.2,400,balanced,1e-05,0,0.8374816983894582,1e-07,5
0.38888003061419735,8,2624.133830825372,1020.4732444671216,True,0.6111199693858027,0.16,29,0.0725,134,10,0.2,400,balanced,1e-05,0,0.8036253776435046,1e-07,5
0.3208235981308411,8,3641.3290851160673,1168.2242990654206,True,0.6791764018691588,0.18,26,0.065,151,10,0.2,400,balanced,1e-05,0,0.772093023255814,1e-07,5
0.34136590055055493,8,4096.0,1398.234728655073,True,0.6586340994494451,0.19999999999999998,25,0.0625,165,10,0.2,400,balanced,1e-05,0,0.7460317460317459,1e-07,5
0.3451208198966294,8,4096.0,1413.614878296594,True,0.6548791801033707,0.22,25,0.0625,174,10,0.2,400,balanced,1e-05,0,0.7278582930756845,1e-07,5
0.29665480079972695,8,5260.129859455906,1560.4427756375871,True,0.703345199200273,0.24,23,0.0575,184,10,0.2,400,balanced,1e-05,0,0.707037643207856,1e-07,5
0.32268622340747927,8,6010.518407212622,1939.5114855445784,True,0.6773137765925208,0.26,22,0.055,196,10,0.2,400,balanced,1e-05,0,0.681135225375626,1e-07,5
0.3103344279874003,8,6910.700788251808,2144.6283761142013,True,0.6896655720125997,0.28,21,0.0525,210,10,0.2,400,balanced,1e-05,0,0.6495726495726496,1e-07,5
0.3461021003064504,8,6910.700788251808,2391.8080574033934,True,0.6538978996935496,0.30000000000000004,21,0.0525,223,10,0.2,400,balanced,1e-05,0,0.6188811188811189,1e-07,5
0.35298826040554965,8,6910.700788251808,2439.3962494282664,True,0.6470117395944504,0.32,21,0.0525,240,10,0.2,400,balanced,1e-05,0,0.5765765765765766,1e-07,5
0.3546916890080429,8,6910.700788251808,2451.1681348142474,True,0.6453083109919571,0.34,21,0.0525,249,10,0.2,400,balanced,1e-05,0,0.553113553113553,1e-07,5
0.35789921162467153,8,6910.700788251808,2473.3343638893184,True,0.6421007883753285,0.36000000000000004,21,0.0525,259,10,0.2,400,balanced,1e-05,0,0.5261194029850746,1e-07,5
0.37008471867007675,8,6910.700788251808,2557.544757033248,True,0.6299152813299232,0.38,21,0.0525,268,10,0.2,400,balanced,1e-05,0,0.5009487666034156,1e-07,5
0.38227524147610004,8,6910.700788251808,2641.789812598035,True,0.6177247585239,0.4,21,0.0525,277,10,0.2,400,balanced,1e-05,0,0.47490347490347495,1e-07,5
0.3915856236786469,8,6910.700788251808,2706.1310782241017,True,0.6084143763213531,0.42000000000000004,21,0.0525,281,10,0.2,400,balanced,1e-05,0,0.4630350194552529,1e-07,5
0.4198096101541251,8,6910.700788251808,2901.178603807797,True,0.5801903898458749,0.44,21,0.0525,287,10,0.2,400,balanced,1e-05,0,0.44488188976377957,1e-07,5
0.42384439359267734,8,6910.700788251808,2929.061784897025,True,0.5761556064073227,0.46,21,0.0525,291,10,0.2,400,balanced,1e-05,0,0.43253968253968256,1e-07,5
0.4583292091457983,8,6910.700788251808,3167.3760269226964,True,0.5416707908542018,0.48000000000000004,21,0.0525,294,10,0.2,400,balanced,1e-05,0,0.4231536926147704,1e-07,5
0.4583292091457983,8,6910.700788251808,3167.3760269226964,True,0.5416707908542018,0.5,21,0.0525,294,10,0.2,400,balanced,1e-05,0,0.4231536926147704,1e-07,5
1.0,8,1.0,1.0,True,0.0,0.02,400,1.0,1,10,0.2,400,balanced,1e-05,1,0.05948077555044364,1e-07,5
1.0,8,1.0,1.0,True,0.0,0.04,400,1.0,1,10,0.2,400,balanced,1e-05,1,0.40979689366786143,1e-07,5
0.9999964192539749,8,1.294737662176766,1.2947330260500285,True,3.5807460251335854e-06,0.06,367,0.9175,21,10,0.2,400,balanced,1e-05,1,0.7480045610034208,1e-07,5
0.999351542758711,8,3.9992481413494265,3.9966547999324566,True,0.0006484572412890355,0.08,252,0.63,51,10,0.2,400,balanced,1e-05,1,0.8401585204755614,1e-07,5
0.9964888910772182,8,17.18639857675137,17.12605525935805,True,0.003511108922781836,0.1,155,0.3875,84,10,0.2,400,balanced,1e-05,1,0.8595505617977529,1e-07,5
0.8893642239983419,8,233.0450614474283,207.26194023083798,True,0.11063577600165808,0.12000000000000001,65,0.1625,104,10,0.2,400,balanced,1e-05,1,0.8521739130434782,1e-07,5
0.3714324875879504,8,2624.133830825372,974.6885565471658,True,0.6285675124120496,0.13999999999999999,29,0.0725,124,10,0.2,400,balanced,1e-05,1,0.8226527570789866,1e-07,5
0.3788052932405567,8,2624.133830825372,994.0357852882704,True,0.6211947067594433,0.16,29,0.0725,134,10,0.2,400,balanced,1e-05,1,0.8048411497730711,1e-07,5
0.3922802001429593,8,2915.451895043732,1143.674052894925,True,0.6077197998570407,0.18,28,0.07,152,10,0.2,400,balanced,1e-05,1,0.771384136858476,1e-07,5
0.34500628140703515,8,3641.3290851160673,1256.2814070351758,True,0.6549937185929648,0.19999999999999998,26,0.065,167,10,0.2,400,balanced,1e-05,1,0.7420382165605096,1e-07,5
0.3755829046680448,8,4096.0,1538.3875775203114,True,0.6244170953319552,0.22,25,0.0625,182,10,0.2,400,balanced,1e-05,1,0.7112561174551387,1e-07,5
0.2952037704463543,8,6010.518407212622,1774.327696146382,True,0.7047962295536456,0.24,22,0.055,194,10,0.2,400,balanced,1e-05,1,0.6855241264559068,1e-07,5
0.3354334677419355,8,6010.518407212622,2016.1290322580646,True,0.6645665322580645,0.26,22,0.055,201,10,0.2,400,balanced,1e-05,1,0.6700336700336701,1e-07,5
0.34508685506870623,8,6010.518407212622,2074.1508944775733,True,0.6549131449312937,0.28,22,0.055,217,10,0.2,400,balanced,1e-05,1,0.6332179930795848,1e-07,5
0.3300427655024947,8,6910.700788251808,2280.8267997148964,True,0.6699572344975053,0.30000000000000004,21,0.0525,235,10,0.2,400,balanced,1e-05,1,0.5892857142857143,1e-07,5
0.3326030742709381,8,6910.700788251808,2298.520327539147,True,0.667396925729062,0.32,21,0.0525,248,10,0.2,400,balanced,1e-05,1,0.5557586837294333,1e-07,5
0.3413564319941025,8,6910.700788251808,2359.012163656469,True,0.6586435680058975,0.34,21,0.0525,264,10,0.2,400,balanced,1e-05,1,0.512241054613936,1e-07,5
0.3812366211098304,8,6910.700788251808,2634.612218014161,True,0.6187633788901696,0.36000000000000004,21,0.0525,275,10,0.2,400,balanced,1e-05,1,0.48076923076923084,1e-07,5
0.384561082966531,8,6910.700788251808,2657.586579187775,True,0.615438917033469,0.38,21,0.0525,286,10,0.2,400,balanced,1e-05,1,0.4479371316306483,1e-07,5
0.3868744255994653,8,6910.700788251808,2673.5733979446904,True,0.6131255744005347,0.4,21,0.0525,295,10,0.2,400,balanced,1e-05,1,0.41999999999999993,1e-07,5
0.3996978851963746,8,6910.700788251808,2762.192490289167,True,0.6003021148036254,0.42000000000000004,21,0.0525,297,10,0.2,400,balanced,1e-05,1,0.41365461847389556,1e-07,5
0.4210693825588797,8,6910.700788251808,2909.8845139583523,True,0.5789306174411203,0.44,21,0.0525,299,10,0.2,400,balanced,1e-05,1,0.407258064516129,1e-07,5
0.42175972310775117,8,6910.700788251808,2914.6552509336007,True,0.5782402768922488,0.46,21,0.0525,303,10,0.2,400,balanced,1e-05,1,0.39430894308943093,1e-07,5
0.4311853990129435,8,6910.700788251808,2979.793276841419,True,0.5688146009870565,0.48000000000000004,21,0.0525,309,10,0.2,400,balanced,1e-05,1,0.37448559670781895,1e-07,5
0.43178851174934724,8,6910.700788251808,2983.9612085042895,True,0.5682114882506528,0.5,21,0.0525,312,10,0.2,400,balanced,1e-05,1,0.36438923395445133,1e-07,5
1.0,8,1.0,1.0,True,0.0,0.02,400,1.0,1,10,0.2,400,balanced,1e-05,2,0.050104094378903535,1e-07,5
0.9999999842572244,8,1.0075376568379952,1.007537640976556,True,1.5742775638649675e-08,0.04,399,0.9975,2,10,0.2,400,balanced,1e-05,2,0.3018699910952805,1e-07,5
0.9999999355868696,8,1.0306101521283646,1.0306100857435385,True,6.441313038507701e-08,0.06,396,0.99,5,10,0.2,400,balanced,1e-05,2,0.6210826210826211,1e-07,5
0.9999980030883079,8,1.1944168551776841,1.1944144700327008,True,1.9969116921148e-06,0.08,377,0.9425,16,10,0.2,400,balanced,1e-05,2,0.7243367935409458,1e-07,5
0.9999888856524092,8,1.6427855698434264,1.642767311353586,True,1.1114347590823748e-05,0.1,339,0.8475,33,10,0.2,400,balanced,1e-05,2,0.7669172932330828,1e-07,5
0.9999695118689359,8,2.394232981090535,2.3941599854016093,True,3.04881310640992e-05,0.12000000000000001,299,0.7475,55,10,0.2,400,balanced,1e-05,2,0.7720685111989459,1e-07,5
0.9999179407056458,8,3.9520134180735575,3.951689118641192,True,8.205929435423087e-05,0.13999999999999999,253,0.6325,78,10,0.2,400,balanced,1e-05,2,0.7688098495212038,1e-07,5
0.9998703639285008,8,5.329341212653288,5.328650337794802,True,0.000129636071499184,0.16,229,0.5725,96,10,0.2,400,balanced,1e-05,2,0.7698863636363638,1e-07,5
0.9987689761008957,8,9.330806239976672,9.31931979449735,True,0.0012310238991043443,0.18,190,0.475,112,10,0.2,400,balanced,1e-05,2,0.7690058479532164,1e-07,5
0.997425951318082,8,16.537924950379765,16.49535552645958,True,0.0025740486819180175,0.19999999999999998,157,0.3925,131,10,0.2,400,balanced,1e-05,2,0.75,1e-07,5
0.990731759821254,8,39.959715611698954,39.589359369935345,True,0.009268240178745946,0.22,117,0.2925,145,10,0.2,400,balanced,1e-05,2,0.7342549923195083,1e-07,5
0.9894211094972554,8,64.0,63.322951007824344,True,0.010578890502744631,0.24,100,0.25,160,10,0.2,400,balanced,1e-05,2,0.7127158555729983,1e-07,5
0.9830907589068463,8,104.21331162222674,102.45114361089055,True,0.016909241093153726,0.26,85,0.2125,172,10,0.2,400,balanced,1e-05,2,0.7008000000000001,1e-07,5
0.9272440788463796,8,311.61900681179674,288.94687892222817,True,0.0727559211536204,0.28,59,0.1475,189,10,0.2,400,balanced,1e-05,2,0.6732348111658456,1e-07,5
0.9295651179631818,8,328.0167288531715,304.9129092502954,True,0.07043488203681825,0.30000000000000004,58,0.145,204,10,0.2,400,balanced,1e-05,2,0.6408094435075885,1e-07,5
0.8153243742014858,8,928.5994109197487,757.1097335920125,True,0.18467562579851415,0.32,41,0.1025,219,10,0.2,400,balanced,1e-05,2,0.614853195164076,1e-07,5
0.8009370527395966,8,1078.9123215158718,864.1408549593584,True,0.1990629472604034,0.34,39,0.0975,227,10,0.2,400,balanced,1e-05,2,0.5989492119089317,1e-07,5
0.798338797125205,8,1263.498706888042,1008.7000378262514,True,0.20166120287479505,0.36000000000000004,37,0.0925,241,10,0.2,400,balanced,1e-05,2,0.5673249551166967,1e-07,5
0.8031999238868451,8,1263.498706888042,1014.8420652036027,True,0.19680007611315486,0.38,37,0.0925,255,10,0.2,400,balanced,1e-05,2,0.5303867403314917,1e-07,5
0.8167994323862353,8,1263.498706888042,1032.0250266068952,True,0.1832005676137647,0.4,37,0.0925,265,10,0.2,400,balanced,1e-05,2,0.5028142589118199,1e-07,5
0.833904053208653,8,1263.498706888042,1053.6366928978302,True,0.16609594679134698,0.42000000000000004,37,0.0925,274,10,0.2,400,balanced,1e-05,2,0.47709923664122145,1e-07,5
0.8351414627712194,8,1263.498706888042,1055.2001582800237,True,0.16485853722878063,0.44,37,0.0925,277,10,0.2,400,balanced,1e-05,2,0.4683301343570057,1e-07,5
0.8358029172991882,8,1263.498706888042,1056.0359052207775,True,0.1641970827008118,0.46,37,0.0925,283,10,0.2,400,balanced,1e-05,2,0.45048543689320397,1e-07,5
0.8358029172991882,8,1263.498706888042,1056.0359052207775,True,0.1641970827008118,0.48000000000000004,37,0.0925,283,10,0.2,400,balanced,1e-05,2,0.45048543689320397,1e-07,5
0.8401280435215286,8,1263.498706888042,1061.5006966098322,True,0.1598719564784714,0.5,37,0.0925,286,10,0.2,400,balanced,1e-05,2,0.44140625,1e-07,5
1.0,8,1.0,1.0,True,0.0,0.02,800,1.0,1,2,0.2,800,balanced,1e-05,0,0.013769764863761011,1e-07,5
1.0,8,1.0,1.0,True,0.0,0.04,800,1.0,1,2,0.2,800,balanced,1e-05,0,0.04823490837553281,1e-07,5
0.999999996064306,8,1.0075376568379952,1.0075376528726352,True,3.935693992929146e-09,0.06,798,0.9975,3,2,0.2,800,balanced,1e-05,0,0.16649020645844362,1e-07,5
0.9999999372662906,8,1.0706553754235508,1.0706553082573675,True,6.273370944942513e-08,0.08,782,0.9775,17,2,0.2,800,balanced,1e-05,0,0.3791773778920309,1e-07,5
0.9999988331203106,8,1.551800254841366,1.5517984440771666,True,1.166879689429301e-06,0.1,691,0.86375,81,2,0.2,800,balanced,1e-05,0,0.5595539787126205,1e-07,5
0.9999859557648837,8,2.9628139135338523,2.9627723030786446,True,1.4044235116306147e-05,0.12000000000000001,557,0.69625,160,2,0.2,800,balanced,1e-05,0,0.6392009987515606,1e-07,5
0.9999706328618276,8,5.544401298221564,5.5442384750225555,True,2.9367138172364804e-05,0.13999999999999999,452,0.565,237,2,0.2,800,balanced,1e-05,0,0.6779661016949152,1e-07,5
0.9999290742728179,8,10.882993135998452,10.882221251796363,True,7.092572718214729e-05,0.16,361,0.45125,301,2,0.2,800,balanced,1e-05,0,0.6702047005307051,1e-07,5
0.9997159361938506,8,28.145094779980944,28.137099777233306,True,0.00028406380614942606,0.18,263,0.32875,367,2,0.2,800,balanced,1e-05,0,0.6452131938857603,1e-07,5
0.9886780211279699,8,82.18952905399853,81.25898094254704,True,0.011321978872030125,0.19999999999999998,184,0.23,400,2,0.2,800,balanced,1e-05,0,0.6240663900414938,1e-07,5
0.9351760017579389,8,406.4421074023269,380.0949049465788,True,0.06482399824206109,0.22,108,0.135,428,2,0.2,800,balanced,1e-05,0,0.614991482112436,1e-07,5
0.9153297479863718,8,636.533280620421,582.6378473352285,True,0.08467025201362821,0.24,93,0.11625,443,2,0.2,800,balanced,1e-05,0,0.6025974025974027,1e-07,5
0.845356454530667,8,1492.7113702623906,1261.8731916026281,True,0.154643545469333,0.26,70,0.0875,464,2,0.2,800,balanced,1e-05,0,0.5853227232537578,1e-07,5
0.7673072755938459,8,2492.952054494374,1912.860249120159,True,0.23269272440615407,0.28,59,0.07375,485,2,0.2,800,balanced,1e-05,0,0.5621621621621622,1e-07,5
0.36869160631871223,8,13026.663952778343,4802.821657723913,True,0.6313083936812878,0.30000000000000004,34,0.0425,499,2,0.2,800,balanced,1e-05,0,0.5474452554744526,1e-07,5
0.37601408235114037,8,13026.663952778343,4898.209092300627,True,0.6239859176488596,0.32,34,0.0425,521,2,0.2,800,balanced,1e-05,0,0.5176908752327746,1e-07,5
0.37724838270017086,8,13026.663952778343,4914.287908164245,True,0.6227516172998291,0.34,34,0.0425,536,2,0.2,800,balanced,1e-05,0,0.4966949952785646,1e-07,5
0.5070044632491422,8,13026.663952778343,6604.576765305333,True,0.49299553675085783,0.36000000000000004,34,0.0425,552,2,0.2,800,balanced,1e-05,0,0.47555129434324067,1e-07,5
0.36684491978609624,8,23323.615160349855,8556.14973262032,True,0.6331550802139038,0.38,28,0.035,565,2,0.2,800,balanced,1e-05,0,0.4563106796116505,1e-07,5
0.3682850719726202,8,23323.615160349855,8589.739287991142,True,0.6317149280273797,0.4,28,0.035,579,2,0.2,800,balanced,1e-05,0,0.43503937007874016,1e-07,5
0.3706355102316472,8,23323.615160349855,8644.56000540285,True,0.6293644897683528,0.42000000000000004,28,0.035,587,2,0.2,800,balanced,1e-05,0,0.4226190476190476,1e-07,5
0.3723328471115031,8,23323.615160349855,8684.148037586077,True,0.627667152888497,0.44,28,0.035,595,2,0.2,800,balanced,1e-05,0,0.41000000000000003,1e-07,5
0.373740125306456,8,23323.615160349855,8716.970852628712,True,0.6262598746935439,0.46,28,0.035,605,2,0.2,800,balanced,1e-05,0,0.393939393939394,1e-07,5
0.3792412411028954,8,23323.615160349855,8845.276760417386,True,0.6207587588971046,0.48000000000000004,28,0.035,613,2,0.2,800,balanced,1e-05,0,0.38085539714867617,1e-07,5
0.38109787854588384,8,23323.615160349855,8888.580257629943,True,0.6189021214541162,0.5,28,0.035,617,2,0.2,800,balanced,1e-05,0,0.37423312883435583,1e-07,5
1.0,8,1.0,1.0,True,0.0,0.02,800,1.0,1,2,0.2,800,balanced,1e-05,1,0.015394622723330443,1e-07,5
1.0,8,1.0,1.0,True,0.0,0.04,800,1.0,1,2,0.2,800,balanced,1e-05,1,0.05996633149824833,1e-07,5
0.9999999980395324,8,1.0037593945679353,1.0037593926000976,True,1.9604675660644943e-09,0.06,799,0.99875,2,2,0.2,800,balanced,1e-05,1,0.2025691699604743,1e-07,5
0.99999984555029,8,1.1802725928534683,1.1802724105607088,True,1.5444971002143149e-07,0.08,757,0.94625,40,2,0.2,800,balanced,1e-05,1,0.4038530146271852,1e-07,5
0.9999969814218398,8,2.028237117144891,2.028230994752626,True,3.0185781602076744e-06,0.1,632,0.79,123,2,0.2,800,balanced,1e-05,1,0.5355648535564853,1e-07,5
0.99999116015341,8,4.023147967602689,4.023112403591847,True,8.83984658994752e-06,0.12000000000000001,503,0.62875,223,2,0.2,800,balanced,1e-05,1,0.5990961910910265,1e-07,5
0.9999532342524863,8,7.8226666257402675,7.822300792887964,True,4.6765747513721756e-05,0.13999999999999999,403,0.50375,299,2,0.2,800,balanced,1e-05,1,0.6132756132756132,1e-07,5
0.9999101814903606,8,15.19365966208292,15.192294990216103,True,8.981850963940552e-05,0.16,323,0.40375,377,2,0.2,800,balanced,1e-05,1,0.6073717948717948,1e-07,5
0.9995033827653829,8,40.47642971327272,40.45632842068134,True,0.000496617234617136,0.18,233,0.29125,442,2,0.2,800,balanced,1e-05,1,0.5677530017152659,1e-07,5
0.9642682759850056,8,171.46776406035664,165.34092523748382,True,0.03573172401499436,0.19999999999999998,144,0.18,475,2,0.2,800,balanced,1e-05,1,0.5501330967169477,1e-07,5
0.9510322432018147,8,238.5068354102527,226.82769069917865,True,0.048967756798185325,0.22,129,0.16125,491,2,0.2,800,balanced,1e-05,1,0.5379061371841155,1e-07,5
0.9375360912981455,8,311.61900681179674,292.1540656205421,True,0.062463908701854476,0.24,118,0.1475,505,2,0.2,800,balanced,1e-05,1,0.5293040293040293,1e-07,5
0.9379921080034345,8,311.61900681179674,292.29616909333384,True,0.062007891996565534,0.26,118,0.1475,515,2,0.2,800,balanced,1e-05,1,0.5161887141535615,1e-07,5
0.9382564598663159,8,597.171599358507,560.3001107468187,True,0.061743540133684105,0.28,95,0.11875,528,2,0.2,800,balanced,1e-05,1,0.49953227315247895,1e-07,5
0.9457955327673544,8,597.171599358507,564.8022309688123,True,0.0542044672326456,0.30000000000000004,95,0.11875,539,2,0.2,800,balanced,1e-05,1,0.48628192999053926,1e-07,5
0.575502760470943,8,4931.469905512266,2838.0745438016897,True,0.42449723952905705,0.32,47,0.05875,550,2,0.2,800,balanced,1e-05,1,0.47373447946513847,1e-07,5
0.4255245436632527,8,13026.663952778343,5543.165233960548,True,0.5744754563367473,0.34,34,0.0425,561,2,0.2,800,balanced,1e-05,1,0.4613899613899614,1e-07,5
0.4283347863993025,8,13026.663952778343,5579.773321708805,True,0.5716652136006974,0.36000000000000004,34,0.0425,573,2,0.2,800,balanced,1e-05,1,0.44335937499999994,1e-07,5
0.4292329197973091,8,13026.663952778343,5591.4730036694045,True,0.570767080202691,0.38,34,0.0425,576,2,0.2,800,balanced,1e-05,1,0.43878550440744374,1e-07,5
0.2966727031921507,8,23323.615160349855,6919.479957834419,True,0.7033272968078492,0.4,28,0.035,582,2,0.2,800,balanced,1e-05,1,0.4299802761341222,1e-07,5
0.29902468261319676,8,23323.615160349855,6974.336620715959,True,0.7009753173868032,0.42000000000000004,28,0.035,589,2,0.2,800,balanced,1e-05,1,0.41906653426017876,1e-07,5
0.30081946994820075,8,23323.615160349855,7016.197549812262,True,0.6991805300517993,0.44,28,0.035,597,2,0.2,800,balanced,1e-05,1,0.40640640640640646,1e-07,5
0.31355520639908585,8,23323.615160349855,7313.240965576346,True,0.6864447936009141,0.46,28,0.035,602,2,0.2,800,balanced,1e-05,1,0.3987915407854985,1e-07,5
0.31403965551772484,8,23323.615160349855,7324.540070384252,True,0.6859603444822752,0.48000000000000004,28,0.035,608,2,0.2,800,balanced,1e-05,1,0.3890577507598784,1e-07,5
0.31420147138808574,8,23323.615160349855,7328.3142014713885,True,0.6857985286119143,0.5,28,0.035,612,2,0.2,800,balanced,1e-05,1,0.38250254323499494,1e-07,5
1.0,8,1.0,1.0,True,0.0,0.02,800,1.0,1,2,0.2,800,balanced,1e-05,2,0.01513680927402205,1e-07,5
1.0,8,1.0,1.0,True,0.0,0.04,800,1.0,1,2,0.2,800,balanced,1e-05,2,0.059125492712439276,1e-07,5
0.999999996064306,8,1.0075376568379952,1.0075376528726352,True,3.935693992929146e-09,0.06,798,0.9975,3,2,0.2,800,balanced,1e-05,2,0.19548149335042464,1e-07,5
0.9999996369665759,8,1.1991818104299339,1.1991813750868552,True,3.6303342410004547e-07,0.08,753,0.94125,39,2,0.2,800,balanced,1e-05,2,0.39494914065240266,1e-07,5
0.9999969107353123,8,2.117414198727023,2.1174076574741094,True,3.089264687727855e-06,0.1,623,0.77875,128,2,0.2,800,balanced,1e-05,2,0.542319749216301,1e-07,5
0.9999893582888373,8,4.351928193184812,4.3518818812219795,True,1.0641711162717726e-05,0.12000000000000001,490,0.6125,226,2,0.2,800,balanced,1e-05,2,0.6007702182284981,1e-07,5
0.9999787081319831,8,7.764721183421155,7.76455585800253,True,2.129186801691496e-05,0.13999999999999999,404,0.505,308,2,0.2,800,balanced,1e-05,2,0.6095238095238096,1e-07,5
0.9998546077317254,8,16.696942375688575,16.694514769363323,True,0.00014539226827459117,0.16,313,0.39125,372,2,0.2,800,balanced,1e-05,2,0.6065442936951317,1e-07,5
0.9997659098106675,8,28.797079076272944,28.79033796257976,True,0.00023409018933251424,0.18,261,0.32625,433,2,0.2,800,balanced,1e-05,2,0.5741056218057922,1e-07,5
0.9995148055167574,8,52.98234187539071,52.956635135403495,True,0.0004851944832425792,0.19999999999999998,213,0.26625,471,2,0.2,800,balanced,1e-05,2,0.5511111111111112,1e-07,5
0.9977872276532707,8,122.6852445354147,122.413770018955,True,0.0022127723467293414,0.22,161,0.20125,496,2,0.2,800,balanced,1e-05,2,0.5290909090909091,1e-07,5
0.9923275937256149,8,199.11696293741076,197.58925670163327,True,0.007672406274385146,0.24,137,0.17125,507,2,0.2,800,balanced,1e-05,2,0.5188592456301748,1e-07,5
0.9869446061731668,8,345.5854162954323,341.07366258488537,True,0.013055393826833184,0.26,114,0.1425,521,2,0.2,800,balanced,1e-05,2,0.5088536812674743,1e-07,5
0.7499368948668481,8,3077.3854244928625,2307.844869552675,True,0.2500631051331519,0.28,55,0.06875,531,2,0.2,800,balanced,1e-05,2,0.49812030075187974,1e-07,5
0.5871315058781827,8,6439.684556076823,3780.941690789862,True,0.41286849412181725,0.30000000000000004,43,0.05375,544,2,0.2,800,balanced,1e-05,2,0.4828897338403042,1e-07,5
0.5942404855152621,8,6439.684556076823,3826.721277168226,True,0.4057595144847379,0.32,43,0.05375,552,2,0.2,800,balanced,1e-05,2,0.4712643678160919,1e-07,5
0.5618590318425644,8,7428.79528735799,4173.935727911565,True,0.43814096815743564,0.34,41,0.05125,564,2,0.2,800,balanced,1e-05,2,0.45542635658914726,1e-07,5
0.5631260723915352,8,7428.79528735799,4183.348312770651,True,0.4368739276084648,0.36000000000000004,41,0.05125,570,2,0.2,800,balanced,1e-05,2,0.44682926829268294,1e-07,5
0.5641493680832952,8,7428.79528735799,4190.950166983171,True,0.4358506319167048,0.38,41,0.05125,576,2,0.2,800,balanced,1e-05,2,0.43768400392541706,1e-07,5
0.5651763895494727,8,7428.79528735799,4198.579699211126,True,0.4348236104505273,0.4,41,0.05125,582,2,0.2,800,balanced,1e-05,2,0.42843040473840077,1e-07,5
0.5662908977371699,8,7428.79528735799,4206.859152383613,True,0.4337091022628301,0.42000000000000004,41,0.05125,585,2,0.2,800,balanced,1e-05,2,0.4237623762376237,1e-07,5
0.5685331529539868,8,7428.79528735799,4223.516407371356,True,0.43146684704601324,0.44,41,0.05125,595,2,0.2,800,balanced,1e-05,2,0.40800000000000003,1e-07,5
0.5697457178758019,8,7428.79528735799,4232.524303948152,True,0.43025428212419814,0.46,41,0.05125,599,2,0.2,800,balanced,1e-05,2,0.40160642570281124,1e-07,5
0.5717307628496533,8,7428.79528735799,4247.270796695092,True,0.4282692371503467,0.48000000000000004,41,0.05125,601,2,0.2,800,balanced,1e-05,2,0.3983903420523139,1e-07,5
0.5740163907119299,8,7428.79528735799,4264.250258187028,True,0.4259836092880701,0.5,41,0.05125,606,2,0.2,800,balanced,1e-05,2,0.39029322548028317,1e-07,5
1.0,8,1.0,1.0,True,0.0,0.02,800,1.0,1,5,0.2,800,balanced,1e-05,0,0.028276390625630272,1e-07,5
1.0,8,1.0,1.0,True,0.0,0.04,800,1.0,1,5,0.2,800,balanced,1e-05,0,0.205,1e-07,5
0.999999558509255,8,1.208788027783738,1.208787494115011,True,4.414907449623584e-07,0.06,751,0.93875,35,5,0.2,800,balanced,1e-05,0,0.5612612612612612,1e-07,5
0.9999894857103812,8,2.557421799148733,2.5573949096752595,True,1.0514289618845929e-05,0.08,585,0.73125,113,5,0.2,800,balanced,1e-05,0,0.7320099255583126,1e-07,5
0.999801226458903,8,8.371076205176648,8.36941225671655,True,0.00019877354109698597,0.1,394,0.4925,197,5,0.2,800,balanced,1e-05,0,0.7678321678321678,1e-07,5
0.9993515981092383,8,21.211746717326836,21.197992980648966,True,0.0006484018907616518,0.12000000000000001,289,0.36125,254,5,0.2,800,balanced,1e-05,0,0.7670623145400592,1e-07,5
0.9834737377953929,8,167.94456517282381,165.169069252939,True,0.016526262204607067,0.13999999999999999,145,0.18125,302,5,0.2,800,balanced,1e-05,0,0.7480680061823801,1e-07,5
0.7325224091277384,8,1780.8943428778139,1304.5450144468168,True,0.26747759087226164,0.16,66,0.0825,348,5,0.2,800,balanced,1e-05,0,0.716346153846154,1e-07,5
0.4501404219188819,8,7428.79528735799,3344.0010450003265,True,0.5498595780811182,0.18,41,0.05125,396,5,0.2,800,balanced,1e-05,0,0.670558798999166,1e-07,5
0.47583573825271674,8,7428.79528735799,3534.886289888292,True,0.5241642617472833,0.19999999999999998,41,0.05125,413,5,0.2,800,balanced,1e-05,0,0.6536833192209992,1e-07,5
0.45310338467213873,8,13026.663952778343,5902.425527990408,True,0.5468966153278613,0.22,34,0.0425,435,5,0.2,800,balanced,1e-05,0,0.6293103448275862,1e-07,5
0.4620521019467695,8,13026.663952778343,6018.997460735446,True,0.5379478980532305,0.24,34,0.0425,450,5,0.2,800,balanced,1e-05,0,0.6113537117903931,1e-07,5
0.4690326738108308,8,13026.663952778343,6109.931024606793,True,0.5309673261891692,0.26,34,0.0425,461,5,0.2,800,balanced,1e-05,0,0.5978835978835979,1e-07,5
0.4727220244395266,8,13026.663952778343,6157.990955450784,True,0.5272779755604734,0.28,34,0.0425,477,5,0.2,800,balanced,1e-05,0,0.5778175313059034,1e-07,5
0.47978515625,8,13026.663952778343,6250.0,True,0.52021484375,0.30000000000000004,34,0.0425,498,5,0.2,800,balanced,1e-05,0,0.5505925250683683,1e-07,5
0.3473087997974876,8,23323.615160349855,8100.496788279594,True,0.6526912002025125,0.32,28,0.035,517,5,0.2,800,balanced,1e-05,0,0.5250463821892394,1e-07,5
0.35896261896196485,8,23323.615160349855,8372.305981620171,True,0.6410373810380352,0.34,28,0.035,537,5,0.2,800,balanced,1e-05,0,0.497164461247637,1e-07,5
0.36205304129832433,8,23323.615160349855,8444.38580287637,True,0.6379469587016757,0.36000000000000004,28,0.035,548,5,0.2,800,balanced,1e-05,0,0.4813753581661891,1e-07,5
0.3651242473636938,8,23323.615160349855,8516.01743122318,True,0.6348757526363062,0.38,28,0.035,563,5,0.2,800,balanced,1e-05,0,0.45930232558139533,1e-07,5
0.36865616498169484,8,23323.615160349855,8598.394518523495,True,0.6313438350183052,0.4,28,0.035,575,5,0.2,800,balanced,1e-05,0,0.4411764705882353,1e-07,5
0.3725224002172142,8,23323.615160349855,8688.569101276134,True,0.6274775997827857,0.42000000000000004,28,0.035,589,5,0.2,800,balanced,1e-05,0,0.4194831013916501,1e-07,5
0.37616093766064634,8,23323.615160349855,8773.432948353267,True,0.6238390623393537,0.44,28,0.035,599,5,0.2,800,balanced,1e-05,0,0.4036144578313253,1e-07,5
0.37732476193750214,8,23323.615160349855,8800.577537900925,True,0.6226752380624978,0.46,28,0.035,605,5,0.2,800,balanced,1e-05,0,0.393939393939394,1e-07,5
0.3792412411028954,8,23323.615160349855,8845.276760417386,True,0.6207587588971046,0.48000000000000004,28,0.035,613,5,0.2,800,balanced,1e-05,0,0.38085539714867617,1e-07,5
0.38030560271646857,8,23323.615160349855,8870.101521083816,True,0.6196943972835314,0.5,28,0.035,617,5,0.2,800,balanced,1e-05,0,0.37423312883435583,1e-07,5
1.0,8,1.0,1.0,True,0.0,0.02,800,1.0,1,5,0.2,800,balanced,1e-05,1,0.03447855453414937,1e-07,5
0.999999996064306,8,1.0075376568379952,1.0075376528726352,True,3.935693992929146e-09,0.04,798,0.9975,3,5,0.2,800,balanced,1e-05,1,0.24762628180782376,1e-07,5
0.9999974076900402,8,1.4426805870916515,1.4426768472163967,True,2.5923099598035293e-06,0.06,708,0.885,51,5,0.2,800,balanced,1e-05,1,0.5959885386819485,1e-07,5
0.9999735052993786,8,3.6204019578143836,3.620306036348382,True,2.6494700621437772e-05,0.08,521,0.65125,142,5,0.2,800,balanced,1e-05,1,0.7330779054916986,1e-07,5
0.9998819236446661,8,11.348016721302638,11.346676788847919,True,0.00011807635533389593,0.1,356,0.445,238,5,0.2,800,balanced,1e-05,1,0.7503607503607503,1e-07,5
0.9994591234629788,8,33.97653614920955,33.95815903799719,True,0.0005408765370211732,0.12000000000000001,247,0.30875,310,5,0.2,800,balanced,1e-05,1,0.7310664605873262,1e-07,5
0.9964883356976797,8,111.9297920379442,111.53673218287841,True,0.0035116643023203054,0.13999999999999999,166,0.2075,358,5,0.2,800,balanced,1e-05,1,0.7000808407437349,1e-07,5
0.9172045847308435,8,751.3148009015778,689.109379963068,True,0.08279541526915646,0.16,88,0.11,420,5,0.2,800,balanced,1e-05,1,0.6400679117147707,1e-07,5
0.781763309515573,8,1953.125,1526.8814638976035,True,0.21823669048442695,0.18,64,0.08,466,5,0.2,800,balanced,1e-05,1,0.5876106194690266,1e-07,5
0.333684246272965,8,13026.663952778343,4346.7925425340445,True,0.666315753727035,0.19999999999999998,34,0.0425,495,5,0.2,800,balanced,1e-05,1,0.5522252497729337,1e-07,5
0.335083890328741,8,13026.663952778343,4365.0252353021415,True,0.664916109671259,0.22,34,0.0425,507,5,0.2,800,balanced,1e-05,1,0.5362718089990817,1e-07,5
0.3354614045269878,8,13026.663952778343,4369.942985900106,True,0.6645385954730122,0.24,34,0.0425,515,5,0.2,800,balanced,1e-05,1,0.5254394079555966,1e-07,5
0.40397977223204373,8,13026.663952778343,5262.508736586769,True,0.5960202277679563,0.26,34,0.0425,516,5,0.2,800,balanced,1e-05,1,0.5259259259259259,1e-07,5
0.4102799640911084,8,13026.663952778343,5344.579218772835,True,0.5897200359088917,0.28,34,0.0425,531,5,0.2,800,balanced,1e-05,1,0.5051643192488262,1e-07,5
0.41638239718626185,8,13026.663952778343,5424.073563997712,True,0.5836176028137381,0.30000000000000004,34,0.0425,540,5,0.2,800,balanced,1e-05,1,0.49242424242424243,1e-07,5
0.42422934116224853,8,13026.663952778343,5526.293066229168,True,0.5757706588377515,0.32,34,0.0425,554,5,0.2,800,balanced,1e-05,1,0.4721689059500959,1e-07,5
0.29172868381883904,8,23323.615160349855,6804.167552625983,True,0.7082713161811609,0.34,28,0.035,564,5,0.2,800,balanced,1e-05,1,0.457807953443259,1e-07,5
0.2919381865574381,8,23323.615160349855,6809.053913876107,True,0.7080618134425619,0.36000000000000004,28,0.035,567,5,0.2,800,balanced,1e-05,1,0.45330739299610895,1e-07,5
0.2927792152364694,8,23323.615160349855,6828.66974312465,True,0.7072207847635306,0.38,28,0.035,572,5,0.2,800,balanced,1e-05,1,0.44574780058651026,1e-07,5
0.30628418350262304,8,23323.615160349855,7143.654425717156,True,0.6937158164973769,0.4,28,0.035,582,5,0.2,800,balanced,1e-05,1,0.43040473840078974,1e-07,5
0.30860934600461115,8,23323.615160349855,7197.885621098802,True,0.6913906539953889,0.42000000000000004,28,0.035,589,5,0.2,800,balanced,1e-05,1,0.4194831013916501,1e-07,5
0.3101791669021647,8,23323.615160349855,7234.4995195840165,True,0.6898208330978353,0.44,28,0.035,596,5,0.2,800,balanced,1e-05,1,0.4084084084084084,1e-07,5
0.31136705341692433,8,23323.615160349855,7262.205327508439,True,0.6886329465830756,0.46,28,0.035,602,5,0.2,800,balanced,1e-05,1,0.3987915407854985,1e-07,5
0.31216404539120046,8,23323.615160349855,7280.794061602343,True,0.6878359546087995,0.48000000000000004,28,0.035,604,5,0.2,800,balanced,1e-05,1,0.3955600403632694,1e-07,5
0.31452560392010775,8,23323.615160349855,7335.874143909218,True,0.6854743960798922,0.5,28,0.035,610,5,0.2,800,balanced,1e-05,1,0.3857868020304569,1e-07,5
1.0,8,1.0,1.0,True,0.0,0.02,800,1.0,1,5,0.2,800,balanced,1e-05,2,0.03381205196584542,1e-07,5
0.9999999880135731,8,1.0228417667143093,1.0228417544540913,True,1.1986426851073873e-08,0.04,794,0.9925,7,5,0.2,800,balanced,1e-05,2,0.2504327755337565,1e-07,5
0.9999980611754967,8,1.436584761703795,1.4365819764180578,True,1.9388245032780915e-06,0.06,709,0.88625,56,5,0.2,800,balanced,1e-05,2,0.5932038834951457,1e-07,5
0.9999700984523087,8,3.7924325519389006,3.792319152336083,True,2.9901547691335573e-05,0.08,513,0.64125,144,5,0.2,800,balanced,1e-05,2,0.7211660329531052,1e-07,5
0.9998487459133296,8,11.941690962099125,11.939884732539353,True,0.00015125408667038265,0.1,350,0.4375,233,5,0.2,800,balanced,1e-05,2,0.7485714285714286,1e-07,5
0.9994095721058934,8,35.68216032064324,35.66109257786795,True,0.000590427894106571,0.12000000000000001,243,0.30375,322,5,0.2,800,balanced,1e-05,2,0.7159533073929961,1e-07,5
0.9928248078896125,8,107.9796998164345,107.2049247262296,True,0.007175192110387529,0.13999999999999999,168,0.21,374,5,0.2,800,balanced,1e-05,2,0.6830065359477124,1e-07,5
0.9653113576031677,8,296.2962962962963,286.0181800305682,True,0.034688642396832337,0.16,120,0.15,412,5,0.2,800,balanced,1e-05,2,0.6464135021097046,1e-07,5
0.957154576991593,8,417.9445129681162,400.0375035159546,True,0.04284542300840699,0.18,107,0.13375,456,5,0.2,800,balanced,1e-05,2,0.5957820738137083,1e-07,5
0.964333910899337,8,442.2848504481158,426.5102795641598,True,0.035666089100663045,0.19999999999999998,105,0.13125,492,5,0.2,800,balanced,1e-05,2,0.5499092558983666,1e-07,5
0.6624292528387855,8,3439.0805833003083,2278.1475812479976,True,0.3375707471612145,0.22,53,0.06625,509,5,0.2,800,balanced,1e-05,2,0.5285451197053407,1e-07,5
0.5942100625416407,8,4629.62962962963,2750.972511766855,True,0.40578993745835934,0.24,48,0.06,517,5,0.2,800,balanced,1e-05,2,0.521819870009285,1e-07,5
0.256005970984746,8,23323.615160349855,5970.984745999906,True,0.743994029015254,0.26,28,0.035,521,5,0.2,800,balanced,1e-05,2,0.5176908752327746,1e-07,5
0.29210134128166915,8,23323.615160349855,6812.859271875665,True,0.7078986587183309,0.28,28,0.035,532,5,0.2,800,balanced,1e-05,2,0.504233301975541,1e-07,5
0.2948793724141637,8,23323.615160349855,6877.6530009134385,True,0.7051206275858364,0.30000000000000004,28,0.035,551,5,0.2,800,balanced,1e-05,2,0.4770114942528736,1e-07,5
0.30094318929589825,8,23323.615160349855,7019.083132265848,True,0.6990568107041017,0.32,28,0.035,560,5,0.2,800,balanced,1e-05,2,0.463768115942029,1e-07,5
0.30258587417985333,8,23323.615160349855,7057.396482328941,True,0.6974141258201467,0.34,28,0.035,567,5,0.2,800,balanced,1e-05,2,0.45330739299610895,1e-07,5
0.3030118985175165,8,23323.615160349855,7067.33291002954,True,0.6969881014824835,0.36000000000000004,28,0.035,571,5,0.2,800,balanced,1e-05,2,0.447265625,1e-07,5
0.30437314550345246,8,23323.615160349855,7099.082110867696,True,0.6956268544965476,0.38,28,0.035,576,5,0.2,800,balanced,1e-05,2,0.43964671246319925,1e-07,5
0.3052619868728446,8,23323.615160349855,7119.813104905997,True,0.6947380131271554,0.4,28,0.035,580,5,0.2,800,balanced,1e-05,2,0.43349753694581283,1e-07,5
0.3071326636259339,8,23323.615160349855,7163.444049584465,True,0.6928673363740661,0.42000000000000004,28,0.035,589,5,0.2,800,balanced,1e-05,2,0.4194831013916501,1e-07,5
0.3081155433287483,8,23323.615160349855,7186.368357521826,True,0.6918844566712516,0.44,28,0.035,597,5,0.2,800,balanced,1e-05,2,0.40681362725450904,1e-07,5
0.31107584174129915,8,23323.615160349855,7255.413218455958,True,0.6889241582587009,0.46,28,0.035,602,5,0.2,800,balanced,1e-05,2,0.3987915407854985,1e-07,5
0.3122173232826056,8,23323.615160349855,7282.036694638032,True,0.6877826767173945,0.48000000000000004,28,0.035,606,5,0.2,800,balanced,1e-05,2,0.39231547017189083,1e-07,5
0.3146067415730337,8,23323.615160349855,7337.766567301078,True,0.6853932584269663,0.5,28,0.035,611,5,0.2,800,balanced,1e-05,2,0.38414634146341464,1e-07,5
1.0,8,1.0,1.0,True,0.0,0.02,800,1.0,1,10,0.2,800,balanced,1e-05,0,0.07064810657087262,1e-07,5
0.9999997856632605,8,1.1084892333772247,1.1084889957872568,True,2.14336739468024e-07,0.04,773,0.96625,20,10,0.2,800,balanced,1e-05,0,0.5503355704697986,1e-07,5
0.999959907027859,8,2.557421799148733,2.557319264507787,True,4.009297214102592e-05,0.06,585,0.73125,91,10,0.2,800,balanced,1e-05,0,0.7914032869785083,1e-07,5
0.996243161463917,8,27.512644666402466,27.40928410269017,True,0.003756838536082996,0.08,265,0.33125,173,10,0.2,800,balanced,1e-05,0,0.8295059151009047,1e-07,5
0.9889116365666145,8,92.3315575738657,91.30775170711613,True,0.011088363433385484,0.1,177,0.22125,244,10,0.2,800,balanced,1e-05,0,0.8059259259259259,1e-07,5
0.6665553311977166,8,2915.451895043732,1943.3100034918853,True,0.3334446688022834,0.12000000000000001,56,0.07,284,10,0.2,800,balanced,1e-05,0,0.7841342486651413,1e-07,5
0.5887994101967902,8,4931.469905512266,2903.6465717688425,True,0.41120058980320984,0.13999999999999999,47,0.05875,316,10,0.2,800,balanced,1e-05,0,0.75625,1e-07,5
0.3692319254471667,8,13026.663952778343,4809.860213437547,True,0.6307680745528332,0.16,34,0.0425,354,10,0.2,800,balanced,1e-05,0,0.7181964573268922,1e-07,5
0.41574816475914445,8,13026.663952778343,5415.811631301699,True,0.5842518352408556,0.18,34,0.0425,399,10,0.2,800,balanced,1e-05,0,0.6700083542188805,1e-07,5
0.43936683956358435,8,13026.663952778343,5723.48417098909,True,0.5606331604364156,0.19999999999999998,34,0.0425,420,10,0.2,800,balanced,1e-05,0,0.6462585034013606,1e-07,5
0.4536996421562969,8,13026.663952778343,5910.192773865866,True,0.5463003578437031,0.22,34,0.0425,440,10,0.2,800,balanced,1e-05,0,0.6228373702422145,1e-07,5
0.4605577689243028,8,13026.663952778343,5999.531286618233,True,0.5394422310756972,0.24,34,0.0425,447,10,0.2,800,balanced,1e-05,0,0.6149825783972125,1e-07,5
0.46507004922377887,8,13026.663952778343,6058.31124574025,True,0.5349299507762211,0.26,34,0.0425,461,10,0.2,800,balanced,1e-05,0,0.5978835978835979,1e-07,5
0.47660854170203476,8,13026.663952778343,6208.61930977615,True,0.5233914582979653,0.28,34,0.0425,482,10,0.2,800,balanced,1e-05,0,0.5714285714285715,1e-07,5
0.4811242226901043,8,13026.663952778343,6267.443568525682,True,0.5188757773098958,0.30000000000000004,34,0.0425,504,10,0.2,800,balanced,1e-05,0,0.5426214482126489,1e-07,5
0.34753973782534353,8,23323.615160349855,8105.883097967197,True,0.6524602621746565,0.32,28,0.035,522,10,0.2,800,balanced,1e-05,0,0.5181733457595527,1e-07,5
0.3587162559644421,8,23323.615160349855,8366.559905876202,True,0.6412837440355579,0.34,28,0.035,534,10,0.2,800,balanced,1e-05,0,0.5014137606032045,1e-07,5
0.36108826528933774,8,23323.615160349855,8421.883738526829,True,0.6389117347106623,0.36000000000000004,28,0.035,551,10,0.2,800,balanced,1e-05,0,0.4770114942528736,1e-07,5
0.36508781266631185,8,23323.615160349855,8515.16764236296,True,0.6349121873336881,0.38,28,0.035,564,10,0.2,800,balanced,1e-05,0,0.457807953443259,1e-07,5
0.36699210913467967,8,23323.615160349855,8559.582720342383,True,0.6330078908653203,0.4,28,0.035,574,10,0.2,800,balanced,1e-05,0,0.4427032321253673,1e-07,5
0.3732444656034278,8,23323.615160349855,8705.410276464787,True,0.6267555343965723,0.42000000000000004,28,0.035,590,10,0.2,800,balanced,1e-05,0,0.41791044776119407,1e-07,5
0.3760063033126649,8,23323.615160349855,8769.826316330376,True,0.6239936966873352,0.44,28,0.035,598,10,0.2,800,balanced,1e-05,0,0.40521564694082246,1e-07,5
0.3765093304061471,8,23323.615160349855,8781.558726673984,True,0.6234906695938529,0.46,28,0.035,604,10,0.2,800,balanced,1e-05,0,0.3955600403632694,1e-07,5
0.3775194331705304,8,23323.615160349855,8805.117974822866,True,0.6224805668294696,0.48000000000000004,28,0.035,609,10,0.2,800,balanced,1e-05,0,0.3874239350912779,1e-07,5
0.3802265562753317,8,23323.615160349855,8868.257872310944,True,0.6197734437246682,0.5,28,0.035,615,10,0.2,800,balanced,1e-05,0,0.3775510204081633,1e-07,5
1.0,8,1.0,1.0,True,0.0,0.02,800,1.0,1,10,0.2,800,balanced,1e-05,1,0.08913153885220924,1e-07,5
0.9999994497474084,8,1.2039721449004557,1.2039714824116627,True,5.502525916023515e-07,0.04,752,0.94,31,10,0.2,800,balanced,1e-05,1,0.5959595959595959,1e-07,5
0.9999703458045411,8,3.094232387694216,3.094140630722196,True,2.9654195458861388e-05,0.06,549,0.68625,109,10,0.2,800,balanced,1e-05,1,0.8070404172099088,1e-07,5
0.9996871450586935,8,15.772404693165273,15.76747021842073,True,0.00031285494130650626,0.08,319,0.39875,198,10,0.2,800,balanced,1e-05,1,0.8194147037830121,1e-07,5
0.9886103565897062,8,106.07422004889773,104.86607250751574,True,0.011389643410293804,0.1,169,0.21125,273,10,0.2,800,balanced,1e-05,1,0.7816265060240963,1e-07,5
0.9640539699262523,8,289.01065218753405,278.6218665923675,True,0.03594603007374775,0.12000000000000001,121,0.15125,325,10,0.2,800,balanced,1e-05,1,0.7380015735641227,1e-07,5
0.47840663798778343,8,4096.0,1959.553589197961,True,0.5215933620122166,0.13999999999999999,50,0.0625,362,10,0.2,800,balanced,1e-05,1,0.7060728744939271,1e-07,5
0.4657912210178738,8,4931.469905512266,2297.035388701457,True,0.5342087789821262,0.16,47,0.05875,420,10,0.2,800,balanced,1e-05,1,0.6423109600679694,1e-07,5
0.39820874956941094,8,13026.663952778343,5187.3315636967845,True,0.6017912504305891,0.18,34,0.0425,477,10,0.2,800,balanced,1e-05,1,0.5765443151298121,1e-07,5
0.4019718137004234,8,13026.663952778343,5236.351735564237,True,0.5980281862995767,0.19999999999999998,34,0.0425,496,10,0.2,800,balanced,1e-05,1,0.5532302092811647,1e-07,5
0.4036810320036153,8,13026.663952778343,5258.617148021856,True,0.5963189679963847,0.22,34,0.0425,511,10,0.2,800,balanced,1e-05,1,0.533210332103321,1e-07,5
0.40383034686832153,8,13026.663952778343,5260.562222587539,True,0.5961696531316785,0.24,34,0.0425,515,10,0.2,800,balanced,1e-05,1,0.5277777777777778,1e-07,5
0.40716875582720397,8,13026.663952778343,5304.050554231845,True,0.5928312441727961,0.26,34,0.0425,519,10,0.2,800,balanced,1e-05,1,0.5223048327137546,1e-07,5
0.4214183089228658,8,13026.663952778343,5489.674693886303,True,0.5785816910771342,0.28,34,0.0425,532,10,0.2,800,balanced,1e-05,1,0.504233301975541,1e-07,5
0.4288395234146554,8,13026.663952778343,5586.348361192337,True,0.5711604765853446,0.30000000000000004,34,0.0425,545,10,0.2,800,balanced,1e-05,1,0.4857142857142857,1e-07,5
0.2950458321012876,8,23323.615160349855,6881.535442595629,True,0.7049541678987123,0.32,28,0.035,556,10,0.2,800,balanced,1e-05,1,0.46968238691049086,1e-07,5
0.3018120823823796,8,23323.615160349855,7039.348860230429,True,0.6981879176176204,0.34,28,0.035,564,10,0.2,800,balanced,1e-05,1,0.457807953443259,1e-07,5
0.3021360933715041,8,23323.615160349855,7046.905967848492,True,0.697863906628496,0.36000000000000004,28,0.035,569,10,0.2,800,balanced,1e-05,1,0.45029239766081874,1e-07,5
0.30318766918954754,8,23323.615160349855,7071.432517540467,True,0.6968123308104525,0.38,28,0.035,574,10,0.2,800,balanced,1e-05,1,0.4427032321253673,1e-07,5
0.3063611242917353,8,23323.615160349855,7145.448963072543,True,0.6936388757082648,0.4,28,0.035,583,10,0.2,800,balanced,1e-05,1,0.4288537549407115,1e-07,5
0.3085312719606465,8,23323.615160349855,7196.064652143359,True,0.6914687280393534,0.42000000000000004,28,0.035,591,10,0.2,800,balanced,1e-05,1,0.4163346613545817,1e-07,5
0.3105477591670439,8,23323.615160349855,7243.096423721141,True,0.6894522408329561,0.44,28,0.035,596,10,0.2,800,balanced,1e-05,1,0.4084084084084084,1e-07,5
0.31157918641950777,8,23323.615160349855,7267.153036023505,True,0.6884208135804922,0.46,28,0.035,601,10,0.2,800,balanced,1e-05,1,0.40040241448692154,1e-07,5
0.3133403751177596,8,23323.615160349855,7308.230323446287,True,0.6866596248822404,0.48000000000000004,28,0.035,607,10,0.2,800,balanced,1e-05,1,0.39068825910931176,1e-07,5
0.31452560392010775,8,23323.615160349855,7335.874143909218,True,0.6854743960798922,0.5,28,0.035,610,10,0.2,800,balanced,1e-05,1,0.3857868020304569,1e-07,5
1.0,8,1.0,1.0,True,0.0,0.02,800,1.0,1,10,0.2,800,balanced,1e-05,2,0.08643833897879814,1e-07,5
0.9999987564837743,8,1.2533092504738732,1.2533076919634847,True,1.2435162256574372e-06,0.04,742,0.9275,34,10,0.2,800,balanced,1e-05,2,0.5934772622875517,1e-07,5
0.9999438503527606,8,4.572238184175612,4.571981454614476,True,5.614964723943405e-05,0.06,482,0.6025,124,10,0.2,800,balanced,1e-05,2,0.7859424920127797,1e-07,5
0.9995402631891845,8,18.22423093745444,18.21585258764369,True,0.0004597368108154587,0.08,304,0.38,192,10,0.2,800,balanced,1e-05,2,0.819718309859155,1e-07,5
0.9990016194259104,8,44.35521038577251,44.3109270053637,True,0.00099838057408963,0.1,226,0.2825,272,10,0.2,800,balanced,1e-05,2,0.7771084337349397,1e-07,5
0.9752940309519349,8,233.0450614474283,227.28745737250372,True,0.024705969048065102,0.12000000000000001,130,0.1625,339,10,0.2,800,balanced,1e-05,2,0.7259729944400318,1e-07,5
0.4137585776668746,8,3859.7522823046943,1597.0056144728633,True,0.5862414223331254,0.13999999999999999,51,0.06375,377,10,0.2,800,balanced,1e-05,2,0.6901639344262295,1e-07,5
0.5257002679010193,8,3859.7522823046943,2029.0728088391484,True,0.4742997320989807,0.16,51,0.06375,420,10,0.2,800,balanced,1e-05,2,0.6434042553191489,1e-07,5
0.3526730434470506,8,13026.663952778343,4594.153222188324,True,0.6473269565529494,0.18,34,0.0425,468,10,0.2,800,balanced,1e-05,2,0.5886524822695035,1e-07,5
0.3816218735435762,8,13026.663952778343,4971.259903681839,True,0.6183781264564239,0.19999999999999998,34,0.0425,497,10,0.2,800,balanced,1e-05,2,0.5519125683060109,1e-07,5
0.40656226079400876,8,13026.663952778343,5296.149947245382,True,0.5934377392059913,0.22,34,0.0425,511,10,0.2,800,balanced,1e-05,2,0.533210332103321,1e-07,5
0.4138308625336927,8,13026.663952778343,5390.8355795148245,True,0.5861691374663073,0.24,34,0.0425,514,10,0.2,800,balanced,1e-05,2,0.5291396854764108,1e-07,5
0.415695399259651,8,13026.663952778343,5415.124272871497,True,0.584304600740349,0.26,34,0.0425,521,10,0.2,800,balanced,1e-05,2,0.5195530726256983,1e-07,5
0.4209579299117471,8,13026.663952778343,5483.677491217548,True,0.5790420700882529,0.28,34,0.0425,533,10,0.2,800,balanced,1e-05,2,0.5028248587570622,1e-07,5
0.42825077905380377,8,13026.663952778343,5578.678986249428,True,0.5717492209461963,0.30000000000000004,34,0.0425,546,10,0.2,800,balanced,1e-05,2,0.48427073403241183,1e-07,5
0.3010174697638702,8,23323.615160349855,7020.815621314758,True,0.6989825302361298,0.32,28,0.035,560,10,0.2,800,balanced,1e-05,2,0.463768115942029,1e-07,5
0.30176229620872624,8,23323.615160349855,7038.187666675831,True,0.6982377037912737,0.34,28,0.035,565,10,0.2,800,balanced,1e-05,2,0.4563106796116505,1e-07,5
0.30364058869093724,8,23323.615160349855,7081.996237689499,True,0.6963594113090628,0.36000000000000004,28,0.035,574,10,0.2,800,balanced,1e-05,2,0.4427032321253673,1e-07,5
0.3044237969768409,8,23323.615160349855,7100.263486340314,True,0.6955762030231591,0.38,28,0.035,576,10,0.2,800,balanced,1e-05,2,0.43964671246319925,1e-07,5
0.30551689584145186,8,23323.615160349855,7125.758503590714,True,0.6944831041585482,0.4,28,0.035,580,10,0.2,800,balanced,1e-05,2,0.43349753694581283,1e-07,5
0.3074165359623572,8,23323.615160349855,7170.06497871387,True,0.6925834640376428,0.42000000000000004,28,0.035,591,10,0.2,800,balanced,1e-05,2,0.4163346613545817,1e-07,5
0.3103633535981903,8,23323.615160349855,7238.795419199774,True,0.6896366464018098,0.44,28,0.035,597,10,0.2,800,balanced,1e-05,2,0.40681362725450904,1e-07,5
0.31200432075954404,8,23323.615160349855,7277.068705761961,True,0.687995679240456,0.46,28,0.035,603,10,0.2,800,balanced,1e-05,2,0.39717741935483875,1e-07,5
0.3133403751177596,8,23323.615160349855,7308.230323446287,True,0.6866596248822404,0.48000000000000004,28,0.035,607,10,0.2,800,balanced,1e-05,2,0.39068825910931176,1e-07,5
0.31449856733524356,8,23323.615160349855,7335.243553008596,True,0.6855014326647564,0.5,28,0.035,609,10,0.2,800,balanced,1e-05,2,0.3874239350912779,1e-07,5
1.0,8,1.0,1.0,True,0.0,0.02,100,1.0,1,2,0.999821705320039,100,imbalanced,1e-05,0,0.046585494970884066,1e-07,5
1.0,8,1.0,1.0,True,0.0,0.04,100,1.0,1,2,0.999821705320039,100,imbalanced,1e-05,0,0.059476890003582944,1e-07,5
1.0,8,1.0,1.0,True,0.0,0.06,100,1.0,1,2,0.999821705320039,100,imbalanced,1e-05,0,0.07766059443911792,1e-07,5
1.0,8,1.0,1.0,True,0.0,0.08,100,1.0,1,2,0.999821705320039,100,imbalanced,1e-05,0,0.10043942247332079,1e-07,5
1.0,8,1.0,1.0,True,0.0,0.1,100,1.0,1,2,0.999821705320039,100,imbalanced,1e-05,0,0.1343408900083963,1e-07,5
1.0,8,1.0,1.0,True,0.0,0.12000000000000001,100,1.0,1,2,0.999821705320039,100,imbalanced,1e-05,0,0.168327796234773,1e-07,5
1.0,8,1.0,1.0,True,0.0,0.13999999999999999,100,1.0,1,2,0.999821705320039,100,imbalanced,1e-05,0,0.22087745839636913,1e-07,5
1.0,8,1.0,1.0,True,0.0,0.16,100,1.0,1,2,0.999821705320039,100,imbalanced,1e-05,0,0.2932790224032587,1e-07,5
1.0,8,1.0,1.0,True,0.0,0.18,100,1.0,1,2,0.999821705320039,100,imbalanced,1e-05,0,0.3763440860215054,1e-07,5
0.99999671296276,8,1.0956826815299674,1.09567907998019,True,3.287037239951829e-06,0.19999999999999998,97,0.97,4,2,0.999821705320039,100,imbalanced,1e-05,0,0.45245901639344266,1e-07,5
0.9999855525429933,8,1.2039721449004557,1.2039547505646548,True,1.4447457006738773e-05,0.22,94,0.94,6,2,0.999821705320039,100,imbalanced,1e-05,0,0.5354330708661418,1e-07,5
0.999983838283377,8,1.2432290637117598,1.2432089709959346,True,1.61617166229977e-05,0.24,93,0.93,7,2,0.999821705320039,100,imbalanced,1e-05,0,0.5991189427312775,1e-07,5
0.9997032131086084,8,1.953125,1.9525453381027507,True,0.000296786891391565,0.26,80,0.8,13,2,0.999821705320039,100,imbalanced,1e-05,0,0.6470588235294118,1e-07,5
0.9964876001642161,8,3.814697265625,3.8012985235756536,True,0.003512399835783886,0.28,64,0.64,17,2,0.999821705320039,100,imbalanced,1e-05,0,0.6947368421052632,1e-07,5
0.984801942180494,8,12.577508898587546,12.38635519112146,True,0.015198057819506006,0.30000000000000004,43,0.43,27,2,0.999821705320039,100,imbalanced,1e-05,0,0.7191011235955056,1e-07,5
0.9869064652447344,8,16.858005023685497,16.637274149003428,True,0.013093534755265646,0.32,39,0.39,34,2,0.999821705320039,100,imbalanced,1e-05,0,0.6946107784431138,1e-07,5
0.983463247614191,8,37.03703703703704,36.42456472645152,True,0.016536752385808984,0.34,30,0.3,41,2,0.999821705320039,100,imbalanced,1e-05,0,0.679245283018868,1e-07,5
0.958937578814628,8,82.18952905399853,78.81462799495587,True,0.041062421185371956,0.36000000000000004,23,0.23,48,2,0.999821705320039,100,imbalanced,1e-05,0,0.6490066225165563,1e-07,5
0.9602999210734018,8,82.18952905399853,78.92659826361484,True,0.039700078926598215,0.38,23,0.23,49,2,0.999821705320039,100,imbalanced,1e-05,0,0.6399999999999999,1e-07,5
0.9485416172634574,8,125.0,118.56770215793217,True,0.051458382736542574,0.4,20,0.2,53,2,0.999821705320039,100,imbalanced,1e-05,0,0.6206896551724138,1e-07,5
0.8644979508196722,8,296.2962962962963,256.1475409836066,True,0.13550204918032782,0.42000000000000004,15,0.15,57,2,0.999821705320039,100,imbalanced,1e-05,0,0.6,1e-07,5
0.8890937829293993,8,296.2962962962963,263.43519494204423,True,0.11090621707060067,0.44,15,0.15,61,2,0.999821705320039,100,imbalanced,1e-05,0,0.5588235294117647,1e-07,5
0.8976063829787234,8,296.2962962962963,265.9574468085106,True,0.10239361702127658,0.46,15,0.15,65,2,0.999821705320039,100,imbalanced,1e-05,0,0.5151515151515151,1e-07,5
0.5506042296072508,8,1371.7421124828531,755.2870090634441,True,0.44939577039274925,0.48000000000000004,9,0.09,67,2,0.999821705320039,100,imbalanced,1e-05,0,0.4923076923076923,1e-07,5
0.5850722311396469,8,1371.7421124828531,802.5682182985554,True,0.4149277688603531,0.5,9,0.09,69,2,0.999821705320039,100,imbalanced,1e-05,0,0.4724409448818897,1e-07,5
1.0,8,1.0,1.0,True,0.0,0.02,100,1.0,1,2,0.999821705320039,100,imbalanced,1e-05,1,0.048709770948100896,1e-07,5
1.0,8,1.0,1.0,True,0.0,0.04,100,1.0,1,2,0.999821705320039,100,imbalanced,1e-05,1,0.06792777300085985,1e-07,5
1.0,8,1.0,1.0,True,0.0,0.06,100,1.0,1,2,0.999821705320039,100,imbalanced,1e-05,1,0.10140093395597065,1e-07,5
1.0,8,1.0,1.0,True,0.0,0.08,100,1.0,1,2,0.999821705320039,100,imbalanced,1e-05,1,0.14345114345114346,1e-07,5
0.99999896939091,8,1.0306101521283646,1.0306090899721736,True,1.0306090899581122e-06,0.1,99,0.99,2,2,0.999821705320039,100,imbalanced,1e-05,1,0.20545746388443017,1e-07,5
0.9999978750395774,8,1.062482469039261,1.0624802113060645,True,2.124960422622557e-06,0.12000000000000001,98,0.98,3,2,0.999821705320039,100,imbalanced,1e-05,1,0.297979797979798,1e-07,5
0.9999927762193139,8,1.2039721449004557,1.2039634476697287,True,7.22378068607199e-06,0.13999999999999999,94,0.94,7,2,0.999821705320039,100,imbalanced,1e-05,1,0.3986013986013986,1e-07,5
0.9999823913694232,8,1.467411720510894,1.4673858814000036,True,1.7608630576759765e-05,0.16,88,0.88,13,2,0.999821705320039,100,imbalanced,1e-05,1,0.47577092511013214,1e-07,5
0.9995513429800131,8,3.3248770626706077,3.3233853332358474,True,0.00044865701998686447,0.18,67,0.67,26,2,0.999821705320039,100,imbalanced,1e-05,1,0.546448087431694,1e-07,5
0.9928003303589062,8,9.04224537037037,8.977144190889994,True,0.007199669641093753,0.19999999999999998,48,0.48,40,2,0.999821705320039,100,imbalanced,1e-05,1,0.5283018867924528,1e-07,5
0.9906200662477169,8,15.625,15.478438535120578,True,0.009379933752283076,0.22,40,0.4,49,2,0.999821705320039,100,imbalanced,1e-05,1,0.5,1e-07,5
0.9778441541390402,8,33.56718472021752,32.82347534957001,True,0.022155845860959755,0.24,31,0.31,55,2,0.999821705320039,100,imbalanced,1e-05,1,0.46478873239436624,1e-07,5
0.9744059405940594,8,50.80526342529086,49.504950495049506,True,0.025594059405940617,0.26,27,0.27,59,2,0.999821705320039,100,imbalanced,1e-05,1,0.45255474452554745,1e-07,5
0.9637479085331846,8,72.33796296296296,69.71556051310652,True,0.036252091466815406,0.28,24,0.24,62,2,0.999821705320039,100,imbalanced,1e-05,1,0.4477611940298507,1e-07,5
0.9625791139240506,8,82.18952905399853,79.11392405063292,True,0.0374208860759494,0.30000000000000004,23,0.23,64,2,0.999821705320039,100,imbalanced,1e-05,1,0.43939393939393934,1e-07,5
0.9648885184413419,8,107.9796998164345,104.18837257762034,True,0.035111481558658064,0.32,21,0.21,69,2,0.999821705320039,100,imbalanced,1e-05,1,0.3968253968253968,1e-07,5
0.9636483807005949,8,171.46776406035664,165.23463317911435,True,0.036351619299405113,0.34,18,0.18,76,2,0.999821705320039,100,imbalanced,1e-05,1,0.3529411764705882,1e-07,5
0.9763513513513513,8,203.5416242621616,198.7281399046105,True,0.023648648648648685,0.36000000000000004,17,0.17,80,2,0.999821705320039,100,imbalanced,1e-05,1,0.3130434782608696,1e-07,5
0.9810303514376997,8,203.5416242621616,199.68051118210863,True,0.018969648562300323,0.38,17,0.17,82,2,0.999821705320039,100,imbalanced,1e-05,1,0.28318584070796454,1e-07,5
0.9770992366412213,8,244.140625,238.54961832061068,True,0.022900763358778664,0.4,16,0.16,83,2,0.999821705320039,100,imbalanced,1e-05,1,0.28571428571428564,1e-07,5
0.9770992366412213,8,244.140625,238.54961832061068,True,0.022900763358778664,0.42000000000000004,16,0.16,83,2,0.999821705320039,100,imbalanced,1e-05,1,0.28571428571428564,1e-07,5
0.9720622119815668,8,296.2962962962963,288.0184331797235,True,0.027937788018433163,0.44,15,0.15,84,2,0.999821705320039,100,imbalanced,1e-05,1,0.2882882882882883,1e-07,5
0.9737449509521062,8,296.2962962962963,288.51702250432777,True,0.026255049047893775,0.46,15,0.15,85,2,0.999821705320039,100,imbalanced,1e-05,1,0.2727272727272727,1e-07,5
0.9737449509521062,8,296.2962962962963,288.51702250432777,True,0.026255049047893775,0.48000000000000004,15,0.15,85,2,0.999821705320039,100,imbalanced,1e-05,1,0.2727272727272727,1e-07,5
0.9737449509521062,8,296.2962962962963,288.51702250432777,True,0.026255049047893775,0.5,15,0.15,85,2,0.999821705320039,100,imbalanced,1e-05,1,0.2727272727272727,1e-07,5
1.0,8,1.0,1.0,True,0.0,0.02,100,1.0,1,2,0.999821705320039,100,imbalanced,1e-05,2,0.046854435377730985,1e-07,5
1.0,8,1.0,1.0,True,0.0,0.04,100,1.0,1,2,0.999821705320039,100,imbalanced,1e-05,2,0.05952380952380953,1e-07,5
1.0,8,1.0,1.0,True,0.0,0.06,100,1.0,1,2,0.999821705320039,100,imbalanced,1e-05,2,0.07806691449814127,1e-07,5
1.0,8,1.0,1.0,True,0.0,0.08,100,1.0,1,2,0.999821705320039,100,imbalanced,1e-05,2,0.10493441599000625,1e-07,5
1.0,8,1.0,1.0,True,0.0,0.1,100,1.0,1,2,0.999821705320039,100,imbalanced,1e-05,2,0.1330049261083744,1e-07,5
1.0,8,1.0,1.0,True,0.0,0.12000000000000001,100,1.0,1,2,0.999821705320039,100,imbalanced,1e-05,2,0.17429193899782133,1e-07,5
1.0,8,1.0,1.0,True,0.0,0.13999999999999999,100,1.0,1,2,0.999821705320039,100,imbalanced,1e-05,2,0.2231638418079096,1e-07,5
1.0,8,1.0,1.0,True,0.0,0.16,100,1.0,1,2,0.999821705320039,100,imbalanced,1e-05,2,0.2867513611615245,1e-07,5
1.0,8,1.0,1.0,True,0.0,0.18,100,1.0,1,2,0.999821705320039,100,imbalanced,1e-05,2,0.33995584988962474,1e-07,5
0.99999896939091,8,1.0306101521283646,1.0306090899721736,True,1.0306090899581122e-06,0.19999999999999998,99,0.99,2,2,0.999821705320039,100,imbalanced,1e-05,2,0.40668523676880214,1e-07,5
0.99999671296276,8,1.0956826815299674,1.09567907998019,True,3.287037239951829e-06,0.22,97,0.97,4,2,0.999821705320039,100,imbalanced,1e-05,2,0.4495114006514658,1e-07,5
0.9999743164318332,8,1.284211391468727,1.2841784083379135,True,2.568356816678996e-05,0.24,92,0.92,7,2,0.999821705320039,100,imbalanced,1e-05,2,0.5328185328185329,1e-07,5
0.9999529257411158,8,1.518595966912831,1.5185244801331441,True,4.707425888417216e-05,0.26,87,0.87,11,2,0.999821705320039,100,imbalanced,1e-05,2,0.5800865800865801,1e-07,5
0.9999325172418447,8,1.6871828096317891,1.6870689538822832,True,6.748275815526839e-05,0.28,84,0.84,13,2,0.999821705320039,100,imbalanced,1e-05,2,0.6226415094339622,1e-07,5
0.9998789209119209,8,1.953125,1.9528885174060953,True,0.00012107908807912349,0.30000000000000004,80,0.8,16,2,0.999821705320039,100,imbalanced,1e-05,2,0.6435643564356435,1e-07,5
0.9997376781602495,8,2.9154518950437316,2.91468710833892,True,0.00026232183975050116,0.32,70,0.7,23,2,0.999821705320039,100,imbalanced,1e-05,2,0.6243386243386243,1e-07,5
0.9997376781602495,8,2.9154518950437316,2.91468710833892,True,0.00026232183975050116,0.34,70,0.7,23,2,0.999821705320039,100,imbalanced,1e-05,2,0.6344086021505377,1e-07,5
0.9996111406540814,8,3.3248770626706077,3.3235841531507577,True,0.0003888593459185907,0.36000000000000004,67,0.67,24,2,0.999821705320039,100,imbalanced,1e-05,2,0.6368715083798883,1e-07,5
0.9994923533220879,8,3.9992481413494265,3.997217936316324,True,0.0005076466779121436,0.38,63,0.63,27,2,0.999821705320039,100,imbalanced,1e-05,2,0.6511627906976745,1e-07,5
0.9991352237039735,8,5.694241982507289,5.689317737016977,True,0.0008647762960265482,0.4,56,0.56,33,2,0.999821705320039,100,imbalanced,1e-05,2,0.6385542168674698,1e-07,5
0.9984469414081064,8,8.499859752314087,8.486658972095865,True,0.0015530585918935857,0.42000000000000004,49,0.49,38,2,0.999821705320039,100,imbalanced,1e-05,2,0.6163522012578617,1e-07,5
0.9970393497335415,8,13.497462477054313,13.457501211175108,True,0.002960650266458531,0.44,42,0.42,42,2,0.999821705320039,100,imbalanced,1e-05,2,0.6064516129032258,1e-07,5
0.995460262557975,8,19.742167295125657,19.652543039069254,True,0.00453973744202496,0.46,37,0.37,46,2,0.999821705320039,100,imbalanced,1e-05,2,0.5960264900662252,1e-07,5
0.99383296460177,8,27.82647410746584,27.654867256637168,True,0.006167035398230047,0.48000000000000004,33,0.33,50,2,0.999821705320039,100,imbalanced,1e-05,2,0.5986394557823129,1e-07,5
0.9916991111437596,8,37.03703703703704,36.72959670902814,True,0.008300888856240363,0.5,30,0.3,53,2,0.999821705320039,100,imbalanced,1e-05,2,0.5972222222222222,1e-07,5
1.0,8,1.0,1.0,True,0.0,0.02,100,1.0,1,5,0.999821705320039,100,imbalanced,1e-05,0,0.0530164533820841,1e-07,5
1.0,8,1.0,1.0,True,0.0,0.04,100,1.0,1,5,0.999821705320039,100,imbalanced,1e-05,0,0.07958801498127342,1e-07,5
1.0,8,1.0,1.0,True,0.0,0.06,100,1.0,1,5,0.999821705320039,100,imbalanced,1e-05,0,0.12347560975609755,1e-07,5
1.0,8,1.0,1.0,True,0.0,0.08,100,1.0,1,5,0.999821705320039,100,imbalanced,1e-05,0,0.199252801992528,1e-07,5
1.0,8,1.0,1.0,True,0.0,0.1,100,1.0,1,5,0.999821705320039,100,imbalanced,1e-05,0,0.29980276134122286,1e-07,5
0.99999896939091,8,1.0306101521283646,1.0306090899721736,True,1.0306090899581122e-06,0.12000000000000001,99,0.99,2,5,0.999821705320039,100,imbalanced,1e-05,0,0.439882697947214,1e-07,5
0.9999954788977553,8,1.1302806712962963,1.130275561181816,True,4.5211022446922655e-06,0.13999999999999999,96,0.96,5,5,0.999821705320039,100,imbalanced,1e-05,0,0.5770750988142292,1e-07,5
0.9999071936331576,8,1.6283329940972928,1.6281818744281011,True,9.280636684239063e-05,0.16,85,0.85,11,5,0.999821705320039,100,imbalanced,1e-05,0,0.6857142857142857,1e-07,5
0.9987979516540324,8,3.47830926343323,3.4741281675363567,True,0.001202048345967599,0.18,66,0.66,17,5,0.999821705320039,100,imbalanced,1e-05,0,0.7291666666666666,1e-07,5
0.9990624642707421,8,3.814697265625,3.811120850642174,True,0.0009375357292579212,0.19999999999999998,64,0.64,20,5,0.999821705320039,100,imbalanced,1e-05,0,0.7472527472527474,1e-07,5
0.9035640189685833,8,41.00209110664644,37.048014226437466,True,0.0964359810314167,0.22,29,0.29,26,5,0.999821705320039,100,imbalanced,1e-05,0,0.7816091954022988,1e-07,5
0.6000585994726048,8,244.140625,146.49868151186638,True,0.39994140052739524,0.24,16,0.16,31,5,0.999821705320039,100,imbalanced,1e-05,0,0.7976190476190476,1e-07,5
0.337609723160027,8,1000.0,337.609723160027,True,0.662390276839973,0.26,10,0.1,36,5,0.999821705320039,100,imbalanced,1e-05,0,0.7777777777777777,1e-07,5
0.3424657534246575,8,1000.0,342.4657534246575,True,0.6575342465753424,0.28,10,0.1,38,5,0.999821705320039,100,imbalanced,1e-05,0,0.7721518987341772,1e-07,5
0.34317089910775567,8,1000.0,343.17089910775564,True,0.6568291008922443,0.30000000000000004,10,0.1,39,5,0.999821705320039,100,imbalanced,1e-05,0,0.7643312101910827,1e-07,5
0.3024896265560166,8,1371.7421124828531,414.9377593360996,True,0.6975103734439834,0.32,9,0.09,42,5,0.999821705320039,100,imbalanced,1e-05,0,0.7450980392156863,1e-07,5
0.29767441860465116,8,1953.125,581.3953488372093,True,0.7023255813953488,0.34,8,0.08,45,5,0.999821705320039,100,imbalanced,1e-05,0,0.7333333333333334,1e-07,5
0.30843373493975906,8,1953.125,602.4096385542168,True,0.691566265060241,0.36000000000000004,8,0.08,48,5,0.999821705320039,100,imbalanced,1e-05,0,0.707482993197279,1e-07,5
0.28920741989881954,8,2915.451895043732,843.1703204047218,True,0.7107925801011805,0.38,7,0.07,52,5,0.999821705320039,100,imbalanced,1e-05,0,0.6713286713286714,1e-07,5
0.29982517482517484,8,2915.451895043732,874.1258741258741,True,0.7001748251748252,0.4,7,0.07,55,5,0.999821705320039,100,imbalanced,1e-05,0,0.6428571428571429,1e-07,5
0.32729007633587787,8,2915.451895043732,954.1984732824427,True,0.6727099236641221,0.42000000000000004,7,0.07,60,5,0.999821705320039,100,imbalanced,1e-05,0,0.5925925925925926,1e-07,5
0.35360824742268043,8,2915.451895043732,1030.9278350515465,True,0.6463917525773195,0.44,7,0.07,64,5,0.999821705320039,100,imbalanced,1e-05,0,0.549618320610687,1e-07,5
0.35360824742268043,8,2915.451895043732,1030.9278350515465,True,0.6463917525773195,0.46,7,0.07,64,5,0.999821705320039,100,imbalanced,1e-05,0,0.549618320610687,1e-07,5
0.3558091286307054,8,2915.451895043732,1037.344398340249,True,0.6441908713692945,0.48000000000000004,7,0.07,65,5,0.999821705320039,100,imbalanced,1e-05,0,0.5384615384615384,1e-07,5
0.3648936170212766,8,2915.451895043732,1063.8297872340424,True,0.6351063829787233,0.5,7,0.07,67,5,0.999821705320039,100,imbalanced,1e-05,0,0.515625,1e-07,5
1.0,8,1.0,1.0,True,0.0,0.02,100,1.0,1,5,0.999821705320039,100,imbalanced,1e-05,1,0.060563870518621644,1e-07,5
1.0,8,1.0,1.0,True,0.0,0.04,100,1.0,1,5,0.999821705320039,100,imbalanced,1e-05,1,0.10996563573883161,1e-07,5
1.0,8,1.0,1.0,True,0.0,0.06,100,1.0,1,5,0.999821705320039,100,imbalanced,1e-05,1,0.2138728323699422,1e-07,5
1.0,8,1.0,1.0,True,0.0,0.08,100,1.0,1,5,0.999821705320039,100,imbalanced,1e-05,1,0.3688311688311688,1e-07,5
0.9999978750395774,8,1.062482469039261,1.0624802113060645,True,2.124960422622557e-06,0.1,98,0.98,3,5,0.999821705320039,100,imbalanced,1e-05,1,0.536,1e-07,5
0.9987209881035839,8,2.6791838134430725,2.6757571054729934,True,0.0012790118964161046,0.12000000000000001,72,0.72,15,5,0.999821705320039,100,imbalanced,1e-05,1,0.6567164179104478,1e-07,5
0.9949073726843171,8,7.538578676376356,7.500187504687617,True,0.0050926273156829405,0.13999999999999999,51,0.51,27,5,0.999821705320039,100,imbalanced,1e-05,1,0.6779661016949152,1e-07,5
0.9907120743034056,8,15.625,15.479876160990711,True,0.009287925696594423,0.16,40,0.4,33,5,0.999821705320039,100,imbalanced,1e-05,1,0.703030303030303,1e-07,5
0.9911461463775486,8,23.323615160349853,23.11711128577373,True,0.00885385362245139,0.18,35,0.35,44,5,0.999821705320039,100,imbalanced,1e-05,1,0.6447368421052632,1e-07,5
0.9811085634532948,8,50.80526342529086,49.845479015053336,True,0.01889143654670522,0.19999999999999998,27,0.27,52,5,0.999821705320039,100,imbalanced,1e-05,1,0.6388888888888888,1e-07,5
0.9896922767497989,8,50.80526342529086,50.2815768302494,True,0.010307723250201128,0.22,27,0.27,61,5,0.999821705320039,100,imbalanced,1e-05,1,0.548148148148148,1e-07,5
0.9896922767497989,8,50.80526342529086,50.2815768302494,True,0.010307723250201128,0.24,27,0.27,61,5,0.999821705320039,100,imbalanced,1e-05,1,0.5522388059701492,1e-07,5
0.9903029534795285,8,64.0,63.37938902268982,True,0.009697046520471542,0.26,25,0.25,67,5,0.999821705320039,100,imbalanced,1e-05,1,0.5,1e-07,5
0.9879019162065605,8,82.18952905399853,81.19519324455992,True,0.012098083793439462,0.28,23,0.23,70,5,0.999821705320039,100,imbalanced,1e-05,1,0.4799999999999999,1e-07,5
0.8362239841427156,8,296.2962962962963,247.7700693756194,True,0.1637760158572844,0.30000000000000004,15,0.15,71,5,0.999821705320039,100,imbalanced,1e-05,1,0.46774193548387094,1e-07,5
0.9092133620689655,8,296.2962962962963,269.3965517241379,True,0.09078663793103448,0.32,15,0.15,76,5,0.999821705320039,100,imbalanced,1e-05,1,0.4033613445378152,1e-07,5
0.9491001124859393,8,296.2962962962963,281.214848143982,True,0.050899887514060715,0.34,15,0.15,79,5,0.999821705320039,100,imbalanced,1e-05,1,0.3620689655172414,1e-07,5
0.9670487106017192,8,296.2962962962963,286.5329512893983,True,0.03295128939828085,0.36000000000000004,15,0.15,83,5,0.999821705320039,100,imbalanced,1e-05,1,0.30357142857142855,1e-07,5
0.9720622119815668,8,296.2962962962963,288.0184331797235,True,0.027937788018433163,0.38,15,0.15,84,5,0.999821705320039,100,imbalanced,1e-05,1,0.2882882882882883,1e-07,5
0.9720622119815668,8,296.2962962962963,288.0184331797235,True,0.027937788018433163,0.4,15,0.15,84,5,0.999821705320039,100,imbalanced,1e-05,1,0.2882882882882883,1e-07,5
0.9737449509521062,8,296.2962962962963,288.51702250432777,True,0.026255049047893775,0.42000000000000004,15,0.15,85,5,0.999821705320039,100,imbalanced,1e-05,1,0.2727272727272727,1e-07,5
0.9737449509521062,8,296.2962962962963,288.51702250432777,True,0.026255049047893775,0.44,15,0.15,85,5,0.999821705320039,100,imbalanced,1e-05,1,0.2727272727272727,1e-07,5
0.9737449509521062,8,296.2962962962963,288.51702250432777,True,0.026255049047893775,0.46,15,0.15,85,5,0.999821705320039,100,imbalanced,1e-05,1,0.2727272727272727,1e-07,5
0.9737449509521062,8,296.2962962962963,288.51702250432777,True,0.026255049047893775,0.48000000000000004,15,0.15,85,5,0.999821705320039,100,imbalanced,1e-05,1,0.2727272727272727,1e-07,5
0.9737449509521062,8,296.2962962962963,288.51702250432777,True,0.026255049047893775,0.5,15,0.15,85,5,0.999821705320039,100,imbalanced,1e-05,1,0.2727272727272727,1e-07,5
1.0,8,1.0,1.0,True,0.0,0.02,100,1.0,1,5,0.999821705320039,100,imbalanced,1e-05,2,0.055122828040742956,1e-07,5
1.0,8,1.0,1.0,True,0.0,0.04,100,1.0,1,5,0.999821705320039,100,imbalanced,1e-05,2,0.08255159474671671,1e-07,5
1.0,8,1.0,1.0,True,0.0,0.06,100,1.0,1,5,0.999821705320039,100,imbalanced,1e-05,2,0.128698224852071,1e-07,5
1.0,8,1.0,1.0,True,0.0,0.08,100,1.0,1,5,0.999821705320039,100,imbalanced,1e-05,2,0.1865168539325843,1e-07,5
1.0,8,1.0,1.0,True,0.0,0.1,100,1.0,1,5,0.999821705320039,100,imbalanced,1e-05,2,0.26554621848739496,1e-07,5
0.99999896939091,8,1.0306101521283646,1.0306090899721736,True,1.0306090899581122e-06,0.12000000000000001,99,0.99,2,5,0.999821705320039,100,imbalanced,1e-05,2,0.37254901960784315,1e-07,5
0.9999941682801091,8,1.166350779997084,1.1663439781660407,True,5.8317198908808265e-06,0.13999999999999999,95,0.95,6,5,0.999821705320039,100,imbalanced,1e-05,2,0.4899328859060403,1e-07,5
0.9999418447965277,8,1.4185020901628298,1.4184195968851505,True,5.8155203472298744e-05,0.16,89,0.89,9,5,0.999821705320039,100,imbalanced,1e-05,2,0.5934959349593496,1e-07,5
0.999907316731953,8,1.748903000592878,1.7487409065472859,True,9.268326804701132e-05,0.18,83,0.83,14,5,0.999821705320039,100,imbalanced,1e-05,2,0.6306306306306306,1e-07,5
0.9998789209119209,8,1.953125,1.9528885174060953,True,0.00012107908807912349,0.19999999999999998,80,0.8,16,5,0.999821705320039,100,imbalanced,1e-05,2,0.6796116504854369,1e-07,5
0.9998789209119209,8,1.953125,1.9528885174060953,True,0.00012107908807912349,0.22,80,0.8,16,5,0.999821705320039,100,imbalanced,1e-05,2,0.6934673366834172,1e-07,5
0.9992155045338813,8,2.7939906848350566,2.7917988118104256,True,0.0007844954661186954,0.24,71,0.71,20,5,0.999821705320039,100,imbalanced,1e-05,2,0.7015706806282722,1e-07,5
0.999402088518709,8,3.47830926343323,3.476229542389143,True,0.0005979114812909581,0.26,66,0.66,23,5,0.999821705320039,100,imbalanced,1e-05,2,0.7333333333333334,1e-07,5
0.9971838721488725,8,5.39977212961613,5.384565680932176,True,0.0028161278511275034,0.28,57,0.57,25,5,0.999821705320039,100,imbalanced,1e-05,2,0.7457627118644067,1e-07,5
0.9968185685355829,8,6.010518407212622,5.991396354834458,True,0.0031814314644170727,0.30000000000000004,55,0.55,26,5,0.999821705320039,100,imbalanced,1e-05,2,0.7514450867052023,1e-07,5
0.9962074559163687,8,7.538578676376356,7.509988284418276,True,0.0037925440836312774,0.32,51,0.51,30,5,0.999821705320039,100,imbalanced,1e-05,2,0.75,1e-07,5
0.9915549289290442,8,14.509365795621074,14.386833170282557,True,0.008445071070955823,0.34,41,0.41,35,5,0.999821705320039,100,imbalanced,1e-05,2,0.7361963190184049,1e-07,5
0.9915549289290442,8,14.509365795621074,14.386833170282557,True,0.008445071070955823,0.36000000000000004,41,0.41,35,5,0.999821705320039,100,imbalanced,1e-05,2,0.7453416149068324,1e-07,5
0.99164052833012,8,14.509365795621074,14.388075163304654,True,0.008359471669880048,0.38,41,0.41,36,5,0.999821705320039,100,imbalanced,1e-05,2,0.7375,1e-07,5
0.9875957834130646,8,21.43347050754458,21.167605097159306,True,0.012404216586935357,0.4,36,0.36,41,5,0.999821705320039,100,imbalanced,1e-05,2,0.7096774193548387,1e-07,5
0.9927258031925642,8,25.4427030327702,25.257627803596687,True,0.0072741968074357954,0.42000000000000004,34,0.34,45,5,0.999821705320039,100,imbalanced,1e-05,2,0.6887417218543047,1e-07,5
0.9890834493369478,8,37.03703703703704,36.63272034581288,True,0.010916550663052194,0.44,30,0.3,48,5,0.999821705320039,100,imbalanced,1e-05,2,0.6891891891891893,1e-07,5
0.9903895532242682,8,37.03703703703704,36.681094563861784,True,0.009610446775731751,0.46,30,0.3,49,5,0.999821705320039,100,imbalanced,1e-05,2,0.6802721088435374,1e-07,5
0.9795010030090271,8,64.0,62.688064192577734,True,0.020498996990972906,0.48000000000000004,25,0.25,51,5,0.999821705320039,100,imbalanced,1e-05,2,0.6620689655172414,1e-07,5
0.9818181818181818,8,72.33796296296296,71.02272727272727,True,0.018181818181818188,0.5,24,0.24,57,5,0.999821705320039,100,imbalanced,1e-05,2,0.60431654676259,1e-07,5
1.0,8,1.0,1.0,True,0.0,0.02,100,1.0,1,10,0.999821705320039,100,imbalanced,1e-05,0,0.062343246148333926,1e-07,5
1.0,8,1.0,1.0,True,0.0,0.04,100,1.0,1,10,0.999821705320039,100,imbalanced,1e-05,0,0.11487889273356403,1e-07,5
1.0,8,1.0,1.0,True,0.0,0.06,100,1.0,1,10,0.999821705320039,100,imbalanced,1e-05,0,0.22283356258596973,1e-07,5
1.0,8,1.0,1.0,True,0.0,0.08,100,1.0,1,10,0.999821705320039,100,imbalanced,1e-05,0,0.40625,1e-07,5
0.9999978750395774,8,1.062482469039261,1.0624802113060645,True,2.124960422622557e-06,0.1,98,0.98,3,10,0.999821705320039,100,imbalanced,1e-05,0,0.5923076923076923,1e-07,5
0.99916708886412,8,2.028237117144891,2.026547775863816,True,0.0008329111358800212,0.12000000000000001,79,0.79,11,10,0.999821705320039,100,imbalanced,1e-05,0,0.7537688442211055,1e-07,5
0.8836355438178364,8,18.22423093745444,16.10357821507939,True,0.11636445618216362,0.13999999999999999,38,0.38,22,10,0.999821705320039,100,imbalanced,1e-05,0,0.8248587570621468,1e-07,5
0.8187752355316286,8,82.18952905399853,67.29475100942126,True,0.18122476446837144,0.16,23,0.23,27,10,0.999821705320039,100,imbalanced,1e-05,0,0.8284023668639052,1e-07,5
0.5953488372093023,8,244.140625,145.34883720930233,True,0.4046511627906977,0.18,16,0.16,29,10,0.999821705320039,100,imbalanced,1e-05,0,0.8433734939759036,1e-07,5
0.5953488372093023,8,244.140625,145.34883720930233,True,0.4046511627906977,0.19999999999999998,16,0.16,29,10,0.999821705320039,100,imbalanced,1e-05,0,0.8433734939759036,1e-07,5
0.4424083769633508,8,455.1661356395084,201.3693113169553,True,0.5575916230366492,0.22,13,0.13,32,10,0.999821705320039,100,imbalanced,1e-05,0,0.8343558282208589,1e-07,5
0.4424083769633508,8,455.1661356395084,201.3693113169553,True,0.5575916230366492,0.24,13,0.13,32,10,0.999821705320039,100,imbalanced,1e-05,0,0.8343558282208589,1e-07,5
0.5203694931312174,8,455.1661356395084,236.85457129322597,True,0.4796305068687826,0.26,13,0.13,35,10,0.999821705320039,100,imbalanced,1e-05,0,0.8125000000000001,1e-07,5
0.5324769752787203,8,455.1661356395084,242.3654871546292,True,0.4675230247212797,0.28,13,0.13,37,10,0.999821705320039,100,imbalanced,1e-05,0,0.7974683544303798,1e-07,5
0.36304780876494025,8,1371.7421124828531,498.00796812749,True,0.6369521912350598,0.30000000000000004,9,0.09,41,10,0.999821705320039,100,imbalanced,1e-05,0,0.7662337662337663,1e-07,5
0.36743951612903225,8,1371.7421124828531,504.03225806451616,True,0.6325604838709677,0.32,9,0.09,43,10,0.999821705320039,100,imbalanced,1e-05,0,0.7499999999999999,1e-07,5
0.3062200956937799,8,1953.125,598.0861244019138,True,0.69377990430622,0.34,8,0.08,48,10,0.999821705320039,100,imbalanced,1e-05,0,0.707482993197279,1e-07,5
0.29067796610169494,8,2915.451895043732,847.457627118644,True,0.7093220338983051,0.36000000000000004,7,0.07,52,10,0.999821705320039,100,imbalanced,1e-05,0,0.6713286713286714,1e-07,5
0.29518072289156627,8,2915.451895043732,860.5851979345955,True,0.7048192771084337,0.38,7,0.07,53,10,0.999821705320039,100,imbalanced,1e-05,0,0.6619718309859155,1e-07,5
0.31642066420664205,8,2915.451895043732,922.509225092251,True,0.683579335793358,0.4,7,0.07,58,10,0.999821705320039,100,imbalanced,1e-05,0,0.6131386861313868,1e-07,5
0.3181818181818182,8,2915.451895043732,927.643784786642,True,0.6818181818181819,0.42000000000000004,7,0.07,59,10,0.999821705320039,100,imbalanced,1e-05,0,0.6029411764705882,1e-07,5
0.33300970873786406,8,2915.451895043732,970.8737864077669,True,0.6669902912621359,0.44,7,0.07,63,10,0.999821705320039,100,imbalanced,1e-05,0,0.5606060606060607,1e-07,5
0.33300970873786406,8,2915.451895043732,970.8737864077669,True,0.6669902912621359,0.46,7,0.07,63,10,0.999821705320039,100,imbalanced,1e-05,0,0.5606060606060607,1e-07,5
0.33893280632411066,8,2915.451895043732,988.1422924901186,True,0.6610671936758894,0.48000000000000004,7,0.07,64,10,0.999821705320039,100,imbalanced,1e-05,0,0.549618320610687,1e-07,5
0.34507042253521125,8,2915.451895043732,1006.0362173038229,True,0.6549295774647887,0.5,7,0.07,65,10,0.999821705320039,100,imbalanced,1e-05,0,0.5384615384615384,1e-07,5
1.0,8,1.0,1.0,True,0.0,0.02,100,1.0,1,10,0.999821705320039,100,imbalanced,1e-05,1,0.07671957671957672,1e-07,5
1.0,8,1.0,1.0,True,0.0,0.04,100,1.0,1,10,0.999821705320039,100,imbalanced,1e-05,1,0.19105199516324062,1e-07,5
1.0,8,1.0,1.0,True,0.0,0.06,100,1.0,1,10,0.999821705320039,100,imbalanced,1e-05,1,0.45259938837920494,1e-07,5
0.9995041522369762,8,1.953125,1.9521565473378442,True,0.0004958477630238045,0.08,80,0.8,12,10,0.999821705320039,100,imbalanced,1e-05,1,0.6923076923076923,1e-07,5
0.9961476252320588,8,3.9992481413494265,3.983841538718956,True,0.0038523747679412024,0.1,63,0.63,18,10,0.999821705320039,100,imbalanced,1e-05,1,0.7540983606557377,1e-07,5
0.9947414219109211,8,5.39977212961613,5.371377006209312,True,0.005258578089078925,0.12000000000000001,57,0.57,23,10,0.999821705320039,100,imbalanced,1e-05,1,0.7570621468926554,1e-07,5
0.9836771079893025,8,15.625,15.369954812332852,True,0.016322892010697476,0.13999999999999999,40,0.4,33,10,0.999821705320039,100,imbalanced,1e-05,1,0.7607361963190185,1e-07,5
0.9736257271717106,8,33.56718472021752,32.68187463232891,True,0.026374272828289413,0.16,31,0.31,38,10,0.999821705320039,100,imbalanced,1e-05,1,0.7468354430379748,1e-07,5
0.9743701671239711,8,64.0,62.35969069593415,True,0.025629832876028935,0.18,25,0.25,49,10,0.999821705320039,100,imbalanced,1e-05,1,0.6802721088435374,1e-07,5
0.9788981730633055,8,72.33796296296296,70.8114997875655,True,0.02110182693669449,0.19999999999999998,24,0.24,55,10,0.999821705320039,100,imbalanced,1e-05,1,0.6428571428571429,1e-07,5
0.7870802238805971,8,296.2962962962963,233.2089552238806,True,0.21291977611940294,0.22,15,0.15,64,10,0.999821705320039,100,imbalanced,1e-05,1,0.549618320610687,1e-07,5
0.789289055191768,8,296.2962962962963,233.86342376052386,True,0.21071094480823205,0.24,15,0.15,66,10,0.999821705320039,100,imbalanced,1e-05,1,0.5271317829457365,1e-07,5
0.7903981264637002,8,296.2962962962963,234.192037470726,True,0.20960187353629978,0.26,15,0.15,67,10,0.999821705320039,100,imbalanced,1e-05,1,0.515625,1e-07,5
0.7937441204139228,8,296.2962962962963,235.18344308560677,True,0.20625587958607716,0.28,15,0.15,70,10,0.999821705320039,100,imbalanced,1e-05,1,0.4799999999999999,1e-07,5
0.7982497634815515,8,296.2962962962963,236.51844843897825,True,0.20175023651844848,0.30000000000000004,15,0.15,72,10,0.999821705320039,100,imbalanced,1e-05,1,0.4552845528455284,1e-07,5
0.84375,8,296.2962962962963,250.0,True,0.15625,0.32,15,0.15,75,10,0.999821705320039,100,imbalanced,1e-05,1,0.4166666666666667,1e-07,5
0.8835078534031413,8,296.2962962962963,261.78010471204186,True,0.11649214659685869,0.34,15,0.15,78,10,0.999821705320039,100,imbalanced,1e-05,1,0.37606837606837606,1e-07,5
0.9364594894561599,8,296.2962962962963,277.4694783573807,True,0.06354051054384013,0.36000000000000004,15,0.15,80,10,0.999821705320039,100,imbalanced,1e-05,1,0.34782608695652173,1e-07,5
0.9411600669269381,8,296.2962962962963,278.8622420524261,True,0.0588399330730619,0.38,15,0.15,81,10,0.999821705320039,100,imbalanced,1e-05,1,0.33333333333333337,1e-07,5
0.9720622119815668,8,296.2962962962963,288.0184331797235,True,0.027937788018433163,0.4,15,0.15,84,10,0.999821705320039,100,imbalanced,1e-05,1,0.2882882882882883,1e-07,5
0.9737449509521062,8,296.2962962962963,288.51702250432777,True,0.026255049047893775,0.42000000000000004,15,0.15,85,10,0.999821705320039,100,imbalanced,1e-05,1,0.2727272727272727,1e-07,5
0.9737449509521062,8,296.2962962962963,288.51702250432777,True,0.026255049047893775,0.44,15,0.15,85,10,0.999821705320039,100,imbalanced,1e-05,1,0.2727272727272727,1e-07,5
0.9737449509521062,8,296.2962962962963,288.51702250432777,True,0.026255049047893775,0.46,15,0.15,85,10,0.999821705320039,100,imbalanced,1e-05,1,0.2727272727272727,1e-07,5
0.9737449509521062,8,296.2962962962963,288.51702250432777,True,0.026255049047893775,0.48000000000000004,15,0.15,85,10,0.999821705320039,100,imbalanced,1e-05,1,0.2727272727272727,1e-07,5
0.9737449509521062,8,296.2962962962963,288.51702250432777,True,0.026255049047893775,0.5,15,0.15,85,10,0.999821705320039,100,imbalanced,1e-05,1,0.2727272727272727,1e-07,5
1.0,8,1.0,1.0,True,0.0,0.02,100,1.0,1,10,0.999821705320039,100,imbalanced,1e-05,2,0.06618705035971223,1e-07,5
1.0,8,1.0,1.0,True,0.0,0.04,100,1.0,1,10,0.999821705320039,100,imbalanced,1e-05,2,0.12186865267433986,1e-07,5
1.0,8,1.0,1.0,True,0.0,0.06,100,1.0,1,10,0.999821705320039,100,imbalanced,1e-05,2,0.22646310432569977,1e-07,5
1.0,8,1.0,1.0,True,0.0,0.08,100,1.0,1,10,0.999821705320039,100,imbalanced,1e-05,2,0.3690205011389522,1e-07,5
0.9999978750395774,8,1.062482469039261,1.0624802113060645,True,2.124960422622557e-06,0.1,98,0.98,3,10,0.999821705320039,100,imbalanced,1e-05,2,0.5574912891986062,1e-07,5
0.9998767526072693,8,1.467411720510894,1.4672308658422786,True,0.00012324739273072982,0.12000000000000001,88,0.88,8,10,0.999821705320039,100,imbalanced,1e-05,2,0.6581196581196581,1e-07,5
0.9998694327578703,8,1.8136707244526342,1.813433918468011,True,0.00013056724212967552,0.13999999999999999,82,0.82,12,10,0.999821705320039,100,imbalanced,1e-05,2,0.7142857142857143,1e-07,5
0.9992182898752476,8,2.6791838134430725,2.6770894683300317,True,0.0007817101247523661,0.16,72,0.72,17,10,0.999821705320039,100,imbalanced,1e-05,2,0.7309644670050761,1e-07,5
0.9991261287503641,8,2.9154518950437316,2.9129041654529564,True,0.0008738712496358936,0.18,70,0.7,18,10,0.999821705320039,100,imbalanced,1e-05,2,0.761904761904762,1e-07,5
0.9989935761593803,8,3.3248770626706077,3.3215308271276065,True,0.0010064238406196635,0.19999999999999998,67,0.67,21,10,0.999821705320039,100,imbalanced,1e-05,2,0.7759562841530054,1e-07,5
0.9961767542118101,8,5.694241982507289,5.672471495830734,True,0.003823245788189933,0.22,56,0.56,24,10,0.999821705320039,100,imbalanced,1e-05,2,0.782122905027933,1e-07,5
0.9455125811991338,8,19.742167295125657,18.666467557679386,True,0.05448741880086616,0.24,37,0.37,29,10,0.999821705320039,100,imbalanced,1e-05,2,0.7816091954022988,1e-07,5
0.9770272355528122,8,19.742167295125657,19.288635136177763,True,0.022972764447187766,0.26,37,0.37,31,10,0.999821705320039,100,imbalanced,1e-05,2,0.7810650887573964,1e-07,5
0.9779326588925786,8,19.742167295125657,19.30651015522434,True,0.022067341107421368,0.28,37,0.37,32,10,0.999821705320039,100,imbalanced,1e-05,2,0.7738095238095238,1e-07,5
0.9716522357964654,8,30.517578125,29.652473016249555,True,0.028347764203534576,0.30000000000000004,32,0.32,37,10,0.999821705320039,100,imbalanced,1e-05,2,0.7654320987654321,1e-07,5
0.9784413257688862,8,30.517578125,29.859659599880562,True,0.021558674231113795,0.32,32,0.32,39,10,0.999821705320039,100,imbalanced,1e-05,2,0.7547169811320754,1e-07,5
0.9590235821477295,8,50.80526342529086,48.723445722081465,True,0.040976417852270464,0.34,27,0.27,41,10,0.999821705320039,100,imbalanced,1e-05,2,0.7515923566878981,1e-07,5
0.9590235821477295,8,50.80526342529086,48.723445722081465,True,0.040976417852270464,0.36000000000000004,27,0.27,41,10,0.999821705320039,100,imbalanced,1e-05,2,0.7515923566878981,1e-07,5
0.9593040257335023,8,50.80526342529086,48.73769373233259,True,0.040695974266497736,0.38,27,0.27,42,10,0.999821705320039,100,imbalanced,1e-05,2,0.7483870967741936,1e-07,5
0.9322360357205393,8,93.91435011269722,87.55034144633164,True,0.06776396427946074,0.4,22,0.22,46,10,0.999821705320039,100,imbalanced,1e-05,2,0.7152317880794701,1e-07,5
0.933707471062785,8,93.91435011269722,87.6885303402315,True,0.06629252893721505,0.42000000000000004,22,0.22,47,10,0.999821705320039,100,imbalanced,1e-05,2,0.7066666666666667,1e-07,5
0.9351835587563675,8,93.91435011269722,87.82715615668364,True,0.0648164412436325,0.44,22,0.22,48,10,0.999821705320039,100,imbalanced,1e-05,2,0.6979865771812082,1e-07,5
0.9461524791185356,8,93.91435011269722,88.8572951839346,True,0.053847520881464384,0.46,22,0.22,50,10,0.999821705320039,100,imbalanced,1e-05,2,0.6896551724137931,1e-07,5
0.9636199095022624,8,93.91435011269722,90.49773755656109,True,0.036380090497737605,0.48000000000000004,22,0.22,53,10,0.999821705320039,100,imbalanced,1e-05,2,0.6619718309859155,1e-07,5
0.9752701960065946,8,93.91435011269722,91.59186664224217,True,0.024729803993405408,0.5,22,0.22,57,10,0.999821705320039,100,imbalanced,1e-05,2,0.6131386861313868,1e-07,5
1.0,8,1.0,1.0,True,0.0,0.02,200,1.0,1,2,0.999821705320039,200,imbalanced,1e-05,0,0.0304383788254756,1e-07,5
1.0,8,1.0,1.0,True,0.0,0.04,200,1.0,1,2,0.999821705320039,200,imbalanced,1e-05,0,0.05036278275714895,1e-07,5
1.0,8,1.0,1.0,True,0.0,0.06,200,1.0,1,2,0.999821705320039,200,imbalanced,1e-05,0,0.08567807351077311,1e-07,5
1.0,8,1.0,1.0,True,0.0,0.08,200,1.0,1,2,0.999821705320039,200,imbalanced,1e-05,0,0.15581854043392504,1e-07,5
1.0,8,1.0,1.0,True,0.0,0.1,200,1.0,1,2,0.999821705320039,200,imbalanced,1e-05,0,0.2931839402427638,1e-07,5
0.9999998731061087,8,1.0151512594410654,1.0151511306245717,True,1.2689389128350825e-07,0.12000000000000001,199,0.995,2,2,0.999821705320039,200,imbalanced,1e-05,0,0.4711388455538222,1e-07,5
0.9999927762193139,8,1.2039721449004557,1.2039634476697287,True,7.22378068607199e-06,0.13999999999999999,188,0.94,9,2,0.999821705320039,200,imbalanced,1e-05,0,0.6260869565217392,1e-07,5
0.9995509186835672,8,3.4004395918282335,3.398912517939885,True,0.0004490813164328422,0.16,133,0.665,29,2,0.999821705320039,200,imbalanced,1e-05,0,0.7157894736842104,1e-07,5
0.9956833072144705,8,18.962962962962962,18.881105677548476,True,0.004316692785529486,0.18,75,0.375,56,2,0.999821705320039,200,imbalanced,1e-05,0,0.7267441860465116,1e-07,5
0.9218823880745589,8,107.9796998164345,99.54458353034866,True,0.07811761192544109,0.19999999999999998,42,0.21,76,2,0.999821705320039,200,imbalanced,1e-05,0,0.7040498442367602,1e-07,5
0.9479899685581674,8,157.93733836100526,149.72301242701002,True,0.05201003144183258,0.22,37,0.185,93,2,0.999821705320039,200,imbalanced,1e-05,0,0.6666666666666667,1e-07,5
0.8761239205911154,8,406.4421074023269,356.0936526306419,True,0.12387607940888457,0.24,27,0.135,104,2,0.999821705320039,200,imbalanced,1e-05,0,0.6301369863013699,1e-07,5
0.8198787061994609,8,657.5162324319882,539.0835579514825,True,0.1801212938005391,0.26,23,0.115,113,2,0.999821705320039,200,imbalanced,1e-05,0,0.5886524822695035,1e-07,5
0.8818320319939059,8,863.837598531476,761.7596648257474,True,0.11816796800609408,0.28,21,0.105,122,2,0.999821705320039,200,imbalanced,1e-05,0,0.5567765567765568,1e-07,5
0.8987771739130435,8,863.837598531476,776.3975155279503,True,0.10122282608695654,0.30000000000000004,21,0.105,133,2,0.999821705320039,200,imbalanced,1e-05,0,0.49618320610687017,1e-07,5
0.8893931535269709,8,1166.3507799970841,1037.344398340249,True,0.1106068464730291,0.32,19,0.095,140,2,0.999821705320039,200,imbalanced,1e-05,0,0.4549019607843138,1e-07,5
0.8970703635888047,8,1166.3507799970841,1046.29871828407,True,0.10292963641119535,0.34,19,0.095,147,2,0.999821705320039,200,imbalanced,1e-05,0,0.41129032258064524,1e-07,5
0.7053061224489796,8,4629.62962962963,3265.3061224489797,True,0.2946938775510204,0.36000000000000004,12,0.06,157,2,0.999821705320039,200,imbalanced,1e-05,0,0.361344537815126,1e-07,5
0.7266610597140454,8,4629.62962962963,3364.17157275021,True,0.2733389402859546,0.38,12,0.06,162,2,0.999821705320039,200,imbalanced,1e-05,0,0.3261802575107296,1e-07,5
0.7883211678832117,8,4629.62962962963,3649.6350364963505,True,0.21167883211678828,0.4,12,0.06,170,2,0.999821705320039,200,imbalanced,1e-05,0,0.2666666666666667,1e-07,5
0.8197343453510436,8,4629.62962962963,3795.066413662239,True,0.18026565464895639,0.42000000000000004,12,0.06,175,2,0.999821705320039,200,imbalanced,1e-05,0,0.22727272727272727,1e-07,5
0.84375,8,4629.62962962963,3906.25,True,0.15625,0.44,12,0.06,178,2,0.999821705320039,200,imbalanced,1e-05,0,0.20276497695852533,1e-07,5
0.8512315270935961,8,4629.62962962963,3940.886699507389,True,0.14876847290640394,0.46,12,0.06,179,2,0.999821705320039,200,imbalanced,1e-05,0,0.19444444444444445,1e-07,5
0.8718466195761857,8,4629.62962962963,4036.326942482341,True,0.1281533804238143,0.48000000000000004,12,0.06,182,2,0.999821705320039,200,imbalanced,1e-05,0,0.16901408450704225,1e-07,5
0.8718466195761857,8,4629.62962962963,4036.326942482341,True,0.1281533804238143,0.5,12,0.06,182,2,0.999821705320039,200,imbalanced,1e-05,0,0.16901408450704225,1e-07,5
1.0,8,1.0,1.0,True,0.0,0.02,200,1.0,1,2,0.999821705320039,200,imbalanced,1e-05,1,0.031860126274890724,1e-07,5
1.0,8,1.0,1.0,True,0.0,0.04,200,1.0,1,2,0.999821705320039,200,imbalanced,1e-05,1,0.057571457530914256,1e-07,5
1.0,8,1.0,1.0,True,0.0,0.06,200,1.0,1,2,0.999821705320039,200,imbalanced,1e-05,1,0.12022367194780986,1e-07,5
1.0,8,1.0,1.0,True,0.0,0.08,200,1.0,1,2,0.999821705320039,200,imbalanced,1e-05,1,0.2587486744432662,1e-07,5
0.9999917366382284,8,1.3491314376125365,1.34912028925139,True,8.263361771621014e-06,0.1,181,0.905,15,2,0.999821705320039,200,imbalanced,1e-05,1,0.43738317757009343,1e-07,5
0.999893839625198,8,2.7939906848350566,2.7936940737367615,True,0.00010616037480204454,0.12000000000000001,142,0.71,48,2,0.999821705320039,200,imbalanced,1e-05,1,0.5561224489795918,1e-07,5
0.9990764939037983,8,8.499859752314087,8.492010080015964,True,0.0009235060962017316,0.13999999999999999,98,0.49,71,2,0.999821705320039,200,imbalanced,1e-05,1,0.5655976676384841,1e-07,5
0.9972710934857719,8,26.59901650136486,26.526430271962226,True,0.00272890651422808,0.16,67,0.335,94,2,0.999821705320039,200,imbalanced,1e-05,1,0.5667752442996743,1e-07,5
0.9819400761463334,8,134.86404018948397,132.42840589306405,True,0.018059923853666615,0.18,39,0.195,122,2,0.999821705320039,200,imbalanced,1e-05,1,0.4765342960288809,1e-07,5
0.9631162160234001,8,296.2962962962963,285.3677677106371,True,0.03688378397659986,0.19999999999999998,30,0.15,136,2,0.999821705320039,200,imbalanced,1e-05,1,0.4351145038167939,1e-07,5
0.9552072211977094,8,406.4421074023269,388.2364359895176,True,0.0447927788022906,0.22,27,0.135,147,2,0.999821705320039,200,imbalanced,1e-05,1,0.39357429718875503,1e-07,5
0.97276953730352,8,455.1661356395084,442.77175116227585,True,0.027230462696479996,0.24,26,0.13,159,2,0.999821705320039,200,imbalanced,1e-05,1,0.32067510548523204,1e-07,5
0.9756855778838681,8,455.1661356395084,444.0990340846009,True,0.024314422116131884,0.26,26,0.13,163,2,0.999821705320039,200,imbalanced,1e-05,1,0.2918454935622318,1e-07,5
0.9654816695762577,8,657.5162324319882,634.8198698619267,True,0.034518330423742305,0.28,23,0.115,167,2,0.999821705320039,200,imbalanced,1e-05,1,0.2794759825327511,1e-07,5
0.9654816695762577,8,657.5162324319882,634.8198698619267,True,0.034518330423742305,0.30000000000000004,23,0.115,167,2,0.999821705320039,200,imbalanced,1e-05,1,0.2794759825327511,1e-07,5
0.9659415687519848,8,657.5162324319882,635.1222610352493,True,0.03405843124801522,0.32,23,0.115,168,2,0.999821705320039,200,imbalanced,1e-05,1,0.2719298245614035,1e-07,5
0.9664019062748213,8,657.5162324319882,635.4249404289118,True,0.033598093725178746,0.34,23,0.115,169,2,0.999821705320039,200,imbalanced,1e-05,1,0.26548672566371684,1e-07,5
0.9664019062748213,8,657.5162324319882,635.4249404289118,True,0.033598093725178746,0.36000000000000004,23,0.115,169,2,0.999821705320039,200,imbalanced,1e-05,1,0.26548672566371684,1e-07,5
0.9664019062748213,8,657.5162324319882,635.4249404289118,True,0.033598093725178746,0.38,23,0.115,169,2,0.999821705320039,200,imbalanced,1e-05,1,0.26548672566371684,1e-07,5
0.9573082489146165,8,863.837598531476,826.9588587967748,True,0.04269175108538348,0.4,21,0.105,171,2,0.999821705320039,200,imbalanced,1e-05,1,0.25892857142857145,1e-07,5
0.9579023582954075,8,863.837598531476,827.4720728175424,True,0.042097641704592514,0.42000000000000004,21,0.105,172,2,0.999821705320039,200,imbalanced,1e-05,1,0.25112107623318386,1e-07,5
0.9579023582954075,8,863.837598531476,827.4720728175424,True,0.042097641704592514,0.44,21,0.105,172,2,0.999821705320039,200,imbalanced,1e-05,1,0.25112107623318386,1e-07,5
0.9723855522889542,8,863.837598531476,839.9832003359933,True,0.02761444771104582,0.46,21,0.105,173,2,0.999821705320039,200,imbalanced,1e-05,1,0.24324324324324326,1e-07,5
0.9723855522889542,8,863.837598531476,839.9832003359933,True,0.02761444771104582,0.48000000000000004,21,0.105,173,2,0.999821705320039,200,imbalanced,1e-05,1,0.24324324324324326,1e-07,5
0.9723855522889542,8,863.837598531476,839.9832003359933,True,0.02761444771104582,0.5,21,0.105,173,2,0.999821705320039,200,imbalanced,1e-05,1,0.24324324324324326,1e-07,5
1.0,8,1.0,1.0,True,0.0,0.02,200,1.0,1,2,0.999821705320039,200,imbalanced,1e-05,2,0.033033311682286355,1e-07,5
1.0,8,1.0,1.0,True,0.0,0.04,200,1.0,1,2,0.999821705320039,200,imbalanced,1e-05,2,0.06215921483097056,1e-07,5
1.0,8,1.0,1.0,True,0.0,0.06,200,1.0,1,2,0.999821705320039,200,imbalanced,1e-05,2,0.11863117870722435,1e-07,5
1.0,8,1.0,1.0,True,0.0,0.08,200,1.0,1,2,0.999821705320039,200,imbalanced,1e-05,2,0.24207011686143573,1e-07,5
0.9999994687590477,8,1.062482469039261,1.0624819046050622,True,5.312409523394734e-07,0.1,196,0.98,5,2,0.999821705320039,200,imbalanced,1e-05,2,0.4233128834355828,1e-07,5
0.99997493230687,8,1.657409688264027,1.657368140826571,True,2.506769313004309e-05,0.12000000000000001,169,0.845,23,2,0.999821705320039,200,imbalanced,1e-05,2,0.5633187772925764,1e-07,5
0.9998607351321945,8,3.7266693032851985,3.726150309177322,True,0.00013926486780546643,0.13999999999999999,129,0.645,51,2,0.999821705320039,200,imbalanced,1e-05,2,0.633245382585752,1e-07,5
0.9991146610210268,8,9.631777159203645,9.623249771447817,True,0.0008853389789732491,0.16,94,0.47,71,2,0.999821705320039,200,imbalanced,1e-05,2,0.6528189910979227,1e-07,5
0.998341126803226,8,18.962962962962962,18.931505811972283,True,0.0016588731967740467,0.18,75,0.375,88,2,0.999821705320039,200,imbalanced,1e-05,2,0.6517571884984026,1e-07,5
0.9981183038349106,8,27.82647410746584,27.774113137849866,True,0.0018816961650893749,0.19999999999999998,66,0.33,103,2,0.999821705320039,200,imbalanced,1e-05,2,0.6054421768707483,1e-07,5
0.9976173189213511,8,41.00209110664644,40.90439619998159,True,0.0023826810786489183,0.22,58,0.29,116,2,0.999821705320039,200,imbalanced,1e-05,2,0.5622775800711743,1e-07,5
0.9955082667006466,8,64.0,63.712529068841384,True,0.004491733299353373,0.24,50,0.25,125,2,0.999821705320039,200,imbalanced,1e-05,2,0.5239852398523985,1e-07,5
0.9710187874118414,8,244.140625,237.0651336454691,True,0.028981212588158556,0.26,32,0.16,139,2,0.999821705320039,200,imbalanced,1e-05,2,0.46692607003891057,1e-07,5
0.9670487106017192,8,296.2962962962963,286.5329512893983,True,0.03295128939828085,0.28,30,0.15,146,2,0.999821705320039,200,imbalanced,1e-05,2,0.4337349397590362,1e-07,5
0.9770451085650188,8,328.0167288531715,320.4871404534893,True,0.022954891434981195,0.30000000000000004,29,0.145,155,2,0.999821705320039,200,imbalanced,1e-05,2,0.375,1e-07,5
0.8228166986564299,8,1166.3507799970841,959.6928982725528,True,0.17718330134357008,0.32,19,0.095,158,2,0.999821705320039,200,imbalanced,1e-05,2,0.35443037974683544,1e-07,5
0.8567324506620035,8,1166.3507799970841,999.2505620784411,True,0.14326754933799646,0.34,19,0.095,163,2,0.999821705320039,200,imbalanced,1e-05,2,0.3189655172413793,1e-07,5
0.9157543391188251,8,1166.3507799970841,1068.090787716956,True,0.08424566088117491,0.36000000000000004,19,0.095,167,2,0.999821705320039,200,imbalanced,1e-05,2,0.2894736842105263,1e-07,5
0.9164885088188135,8,1166.3507799970841,1068.9470871191877,True,0.0835114911811865,0.38,19,0.095,168,2,0.999821705320039,200,imbalanced,1e-05,2,0.2819383259911894,1e-07,5
0.9283974011911207,8,1166.3507799970841,1082.8370330265295,True,0.07160259880887931,0.4,19,0.095,170,2,0.999821705320039,200,imbalanced,1e-05,2,0.2666666666666667,1e-07,5
0.9429474841902667,8,1166.3507799970841,1099.8075336816057,True,0.05705251580973325,0.42000000000000004,19,0.095,173,2,0.999821705320039,200,imbalanced,1e-05,2,0.24324324324324326,1e-07,5
0.9429474841902667,8,1166.3507799970841,1099.8075336816057,True,0.05705251580973325,0.44,19,0.095,173,2,0.999821705320039,200,imbalanced,1e-05,2,0.24324324324324326,1e-07,5
0.943725921849202,8,1166.3507799970841,1100.715465052284,True,0.05627407815079799,0.46,19,0.095,174,2,0.999821705320039,200,imbalanced,1e-05,2,0.23529411764705882,1e-07,5
0.943725921849202,8,1166.3507799970841,1100.715465052284,True,0.05627407815079799,0.48000000000000004,19,0.095,174,2,0.999821705320039,200,imbalanced,1e-05,2,0.23529411764705882,1e-07,5
0.943725921849202,8,1166.3507799970841,1100.715465052284,True,0.05627407815079799,0.5,19,0.095,174,2,0.999821705320039,200,imbalanced,1e-05,2,0.23529411764705882,1e-07,5
1.0,8,1.0,1.0,True,0.0,0.02,200,1.0,1,5,0.999821705320039,200,imbalanced,1e-05,0,0.039848402815376285,1e-07,5
1.0,8,1.0,1.0,True,0.0,0.04,200,1.0,1,5,0.999821705320039,200,imbalanced,1e-05,0,0.09615915998894722,1e-07,5
1.0,8,1.0,1.0,True,0.0,0.06,200,1.0,1,5,0.999821705320039,200,imbalanced,1e-05,0,0.2562893081761006,1e-07,5
0.9999996076059569,8,1.046384525647081,1.046384115052026,True,3.9239404314717063e-07,0.08,197,0.985,4,5,0.999821705320039,200,imbalanced,1e-05,0,0.5627240143369175,1e-07,5
0.9997645017280521,8,2.3235881079922427,2.3230409070080915,True,0.0002354982719479093,0.1,151,0.755,21,5,0.999821705320039,200,imbalanced,1e-05,0,0.7777777777777778,1e-07,5
0.9949693706377497,8,15.053411385271366,14.977683251954588,True,0.005030629362250294,0.12000000000000001,81,0.405,39,5,0.999821705320039,200,imbalanced,1e-05,0,0.8268156424581006,1e-07,5
0.9580314960629921,8,82.18952905399853,78.74015748031496,True,0.041968503937007906,0.13999999999999999,46,0.23,52,5,0.999821705320039,200,imbalanced,1e-05,0,0.8279883381924198,1e-07,5
0.7772405262566063,8,578.7037037037037,449.79197121331384,True,0.22275947374339367,0.16,24,0.12,61,5,0.999821705320039,200,imbalanced,1e-05,0,0.8203592814371258,1e-07,5
0.8001852280620514,8,578.7037037037037,463.070155128502,True,0.1998147719379486,0.18,24,0.12,69,5,0.999821705320039,200,imbalanced,1e-05,0,0.7914110429447853,1e-07,5
0.35672997522708505,8,4629.62962962963,1651.5276630883568,True,0.643270024772915,0.19999999999999998,12,0.06,85,5,0.999821705320039,200,imbalanced,1e-05,0,0.7419354838709677,1e-07,5
0.4130019120458891,8,4629.62962962963,1912.0458891013384,True,0.5869980879541109,0.22,12,0.06,101,5,0.999821705320039,200,imbalanced,1e-05,0,0.673469387755102,1e-07,5
0.465016146393972,8,4629.62962962963,2152.8525296017224,True,0.5349838536060281,0.24,12,0.06,114,5,0.999821705320039,200,imbalanced,1e-05,0,0.6120996441281139,1e-07,5
0.47577092511013214,8,4629.62962962963,2202.643171806167,True,0.5242290748898679,0.26,12,0.06,118,5,0.999821705320039,200,imbalanced,1e-05,0,0.592057761732852,1e-07,5
0.5158208955223881,8,4629.62962962963,2388.0597014925374,True,0.4841791044776119,0.28,12,0.06,124,5,0.999821705320039,200,imbalanced,1e-05,0,0.5608856088560886,1e-07,5
0.6046186144156753,8,4629.62962962963,2799.1602519244225,True,0.3953813855843247,0.30000000000000004,12,0.06,134,5,0.999821705320039,200,imbalanced,1e-05,0,0.5057471264367815,1e-07,5
0.6352941176470588,8,4629.62962962963,2941.176470588235,True,0.3647058823529412,0.32,12,0.06,146,5,0.999821705320039,200,imbalanced,1e-05,0,0.4337349397590362,1e-07,5
0.6481620405101275,8,4629.62962962963,3000.7501875468865,True,0.3518379594898725,0.34,12,0.06,155,5,0.999821705320039,200,imbalanced,1e-05,0,0.375,1e-07,5
0.6481620405101275,8,4629.62962962963,3000.7501875468865,True,0.3518379594898725,0.36000000000000004,12,0.06,155,5,0.999821705320039,200,imbalanced,1e-05,0,0.375,1e-07,5
0.700162074554295,8,4629.62962962963,3241.4910858995136,True,0.299837925445705,0.38,12,0.06,163,5,0.999821705320039,200,imbalanced,1e-05,0,0.3189655172413793,1e-07,5
0.7322033898305085,8,4629.62962962963,3389.830508474576,True,0.2677966101694915,0.4,12,0.06,169,5,0.999821705320039,200,imbalanced,1e-05,0,0.27433628318584075,1e-07,5
0.8388349514563107,8,4629.62962962963,3883.4951456310678,True,0.1611650485436893,0.42000000000000004,12,0.06,176,5,0.999821705320039,200,imbalanced,1e-05,0,0.21917808219178084,1e-07,5
0.8462291870714985,8,4629.62962962963,3917.7277179236044,True,0.15377081292850148,0.44,12,0.06,179,5,0.999821705320039,200,imbalanced,1e-05,0,0.19444444444444445,1e-07,5
0.8562933597621407,8,4629.62962962963,3964.3211100099106,True,0.14370664023785928,0.46,12,0.06,181,5,0.999821705320039,200,imbalanced,1e-05,0,0.17757009345794392,1e-07,5
0.8562933597621407,8,4629.62962962963,3964.3211100099106,True,0.14370664023785928,0.48000000000000004,12,0.06,181,5,0.999821705320039,200,imbalanced,1e-05,0,0.17757009345794392,1e-07,5
0.8562933597621407,8,4629.62962962963,3964.3211100099106,True,0.14370664023785928,0.5,12,0.06,181,5,0.999821705320039,200,imbalanced,1e-05,0,0.17757009345794392,1e-07,5
1.0,8,1.0,1.0,True,0.0,0.02,200,1.0,1,5,0.999821705320039,200,imbalanced,1e-05,1,0.044198895027624314,1e-07,5
1.0,8,1.0,1.0,True,0.0,0.04,200,1.0,1,5,0.999821705320039,200,imbalanced,1e-05,1,0.15159718462371413,1e-07,5
0.9999991782386641,8,1.0956826815299674,1.0956817811403035,True,8.217613358674214e-07,0.06,194,0.97,7,5,0.999821705320039,200,imbalanced,1e-05,1,0.4426229508196721,1e-07,5
0.9998441322015738,8,2.853859899023302,2.8534150741638244,True,0.00015586779842624576,0.08,141,0.705,40,5,0.999821705320039,200,imbalanced,1e-05,1,0.65625,1e-07,5
0.9978537247730533,8,10.973936899862826,10.950383810952573,True,0.002146275226946659,0.1,90,0.45,65,5,0.999821705320039,200,imbalanced,1e-05,1,0.7083333333333334,1e-07,5
0.9652720333884794,8,38.95237585147459,37.59963904346518,True,0.034727966611520555,0.12000000000000001,59,0.295,78,5,0.999821705320039,200,imbalanced,1e-05,1,0.7084639498432602,1e-07,5
0.9422997664514356,8,145.79384749963552,137.38150844896276,True,0.05770023354856435,0.13999999999999999,38,0.19,95,5,0.999821705320039,200,imbalanced,1e-05,1,0.6599999999999999,1e-07,5
0.9464502339552886,8,244.140625,231.06695164924037,True,0.0535497660447114,0.16,32,0.16,110,5,0.999821705320039,200,imbalanced,1e-05,1,0.6105263157894737,1e-07,5
0.915362624134818,8,657.5162324319882,601.8657839301836,True,0.08463737586518205,0.18,23,0.115,130,5,0.999821705320039,200,imbalanced,1e-05,1,0.5207547169811321,1e-07,5
0.9447895635968319,8,657.5162324319882,621.2144742972512,True,0.05521043640316814,0.19999999999999998,23,0.115,148,5,0.999821705320039,200,imbalanced,1e-05,1,0.41295546558704455,1e-07,5
0.9599968439324602,8,657.5162324319882,631.2135079690705,True,0.04000315606753979,0.22,23,0.115,162,5,0.999821705320039,200,imbalanced,1e-05,1,0.3175965665236052,1e-07,5
0.9613621997471555,8,657.5162324319882,632.1112515802781,True,0.03863780025284447,0.24,23,0.115,165,5,0.999821705320039,200,imbalanced,1e-05,1,0.2956521739130435,1e-07,5
0.9645631837640717,8,657.5162324319882,634.2159505311558,True,0.035436816235928315,0.26,23,0.115,167,5,0.999821705320039,200,imbalanced,1e-05,1,0.2807017543859649,1e-07,5
0.9659415687519848,8,657.5162324319882,635.1222610352493,True,0.03405843124801522,0.28,23,0.115,168,5,0.999821705320039,200,imbalanced,1e-05,1,0.27312775330396477,1e-07,5
0.9659415687519848,8,657.5162324319882,635.1222610352493,True,0.03405843124801522,0.30000000000000004,23,0.115,168,5,0.999821705320039,200,imbalanced,1e-05,1,0.27312775330396477,1e-07,5
0.9573082489146165,8,863.837598531476,826.9588587967748,True,0.04269175108538348,0.32,21,0.105,171,5,0.999821705320039,200,imbalanced,1e-05,1,0.25892857142857145,1e-07,5
0.9573082489146165,8,863.837598531476,826.9588587967748,True,0.04269175108538348,0.34,21,0.105,171,5,0.999821705320039,200,imbalanced,1e-05,1,0.25892857142857145,1e-07,5
0.9573082489146165,8,863.837598531476,826.9588587967748,True,0.04269175108538348,0.36000000000000004,21,0.105,171,5,0.999821705320039,200,imbalanced,1e-05,1,0.25892857142857145,1e-07,5
0.9573082489146165,8,863.837598531476,826.9588587967748,True,0.04269175108538348,0.38,21,0.105,171,5,0.999821705320039,200,imbalanced,1e-05,1,0.25892857142857145,1e-07,5
0.9573082489146165,8,863.837598531476,826.9588587967748,True,0.04269175108538348,0.4,21,0.105,171,5,0.999821705320039,200,imbalanced,1e-05,1,0.25892857142857145,1e-07,5
0.9579023582954075,8,863.837598531476,827.4720728175424,True,0.042097641704592514,0.42000000000000004,21,0.105,172,5,0.999821705320039,200,imbalanced,1e-05,1,0.25112107623318386,1e-07,5
0.9723855522889542,8,863.837598531476,839.9832003359933,True,0.02761444771104582,0.44,21,0.105,173,5,0.999821705320039,200,imbalanced,1e-05,1,0.24324324324324326,1e-07,5
0.9723855522889542,8,863.837598531476,839.9832003359933,True,0.02761444771104582,0.46,21,0.105,173,5,0.999821705320039,200,imbalanced,1e-05,1,0.24324324324324326,1e-07,5
0.9723855522889542,8,863.837598531476,839.9832003359933,True,0.02761444771104582,0.48000000000000004,21,0.105,173,5,0.999821705320039,200,imbalanced,1e-05,1,0.24324324324324326,1e-07,5
0.9723855522889542,8,863.837598531476,839.9832003359933,True,0.02761444771104582,0.5,21,0.105,173,5,0.999821705320039,200,imbalanced,1e-05,1,0.24324324324324326,1e-07,5
1.0,8,1.0,1.0,True,0.0,0.02,200,1.0,1,5,0.999821705320039,200,imbalanced,1e-05,2,0.04571577847439916,1e-07,5
1.0,8,1.0,1.0,True,0.0,0.04,200,1.0,1,5,0.999821705320039,200,imbalanced,1e-05,2,0.13975287601193012,1e-07,5
0.9999997423475283,8,1.0306101521283646,1.0306098865891116,True,2.5765247169129424e-07,0.06,198,0.99,3,5,0.999821705320039,200,imbalanced,1e-05,2,0.4163372859025033,1e-07,5
0.9999628632082841,8,1.3948608791912736,1.3948090785333302,True,3.7136791715908224e-05,0.08,179,0.895,13,5,0.999821705320039,200,imbalanced,1e-05,2,0.6938775510204082,1e-07,5
0.999475251417412,8,4.299071346850688,4.296815415254984,True,0.0005247485825879972,0.1,123,0.615,38,5,0.999821705320039,200,imbalanced,1e-05,2,0.7603305785123968,1e-07,5
0.9971486373121174,8,12.148767735302648,12.114127192278456,True,0.0028513626878825526,0.12000000000000001,87,0.435,53,5,0.999821705320039,200,imbalanced,1e-05,2,0.7630057803468209,1e-07,5
0.989778313253012,8,38.95237585147459,38.55421686746988,True,0.010221686746987979,0.13999999999999999,59,0.295,73,5,0.999821705320039,200,imbalanced,1e-05,2,0.7492260061919505,1e-07,5
0.9641351309145801,8,107.9796998164345,104.10702201863516,True,0.03586486908541986,0.16,42,0.21,85,5,0.999821705320039,200,imbalanced,1e-05,2,0.7202572347266881,1e-07,5
0.9640586870725756,8,125.0,120.50733588407195,True,0.03594131292742442,0.18,40,0.2,95,5,0.999821705320039,200,imbalanced,1e-05,2,0.6866666666666666,1e-07,5
0.9202706042258743,8,268.53747776174015,247.12714691708885,True,0.07972939577412574,0.19999999999999998,31,0.155,110,5,0.999821705320039,200,imbalanced,1e-05,2,0.631578947368421,1e-07,5
0.9262794602325726,8,268.53747776174015,248.7407499533611,True,0.07372053976742743,0.22,31,0.155,122,5,0.999821705320039,200,imbalanced,1e-05,2,0.5714285714285715,1e-07,5
0.9404912236393485,8,268.53747776174015,252.5571410531633,True,0.05950877636065155,0.24,31,0.155,132,5,0.999821705320039,200,imbalanced,1e-05,2,0.5171102661596958,1e-07,5
0.9486999297259311,8,296.2962962962963,281.09627547434997,True,0.05130007027406891,0.26,30,0.15,142,5,0.999821705320039,200,imbalanced,1e-05,2,0.458498023715415,1e-07,5
0.9499740349662454,8,364.4314868804665,346.20045006058507,True,0.05002596503375456,0.28,28,0.14,148,5,0.999821705320039,200,imbalanced,1e-05,2,0.4210526315789474,1e-07,5
0.9557638147033116,8,406.4421074023269,388.46265902690106,True,0.04423618529668838,0.30000000000000004,27,0.135,153,5,0.999821705320039,200,imbalanced,1e-05,2,0.3884297520661157,1e-07,5
0.9584469407787108,8,455.1661356395084,436.25259024975463,True,0.04155305922128916,0.32,26,0.13,160,5,0.999821705320039,200,imbalanced,1e-05,2,0.3404255319148936,1e-07,5
0.9555406066536204,8,512.0,489.23679060665364,True,0.044459393346379605,0.34,25,0.125,163,5,0.999821705320039,200,imbalanced,1e-05,2,0.3189655172413793,1e-07,5
0.9741271820448878,8,512.0,498.75311720698255,True,0.025872817955112204,0.36000000000000004,25,0.125,166,5,0.999821705320039,200,imbalanced,1e-05,2,0.296943231441048,1e-07,5
0.9632712140401665,8,751.3148009015778,723.7199203908087,True,0.03672878595983353,0.38,22,0.11,171,5,0.999821705320039,200,imbalanced,1e-05,2,0.25892857142857145,1e-07,5
0.9514747859181731,8,1000.0,951.4747859181732,True,0.04852521408182686,0.4,20,0.1,173,5,0.999821705320039,200,imbalanced,1e-05,2,0.24324324324324326,1e-07,5
0.9514747859181731,8,1000.0,951.4747859181732,True,0.04852521408182686,0.42000000000000004,20,0.1,173,5,0.999821705320039,200,imbalanced,1e-05,2,0.24324324324324326,1e-07,5
0.943725921849202,8,1166.3507799970841,1100.715465052284,True,0.05627407815079799,0.44,19,0.095,174,5,0.999821705320039,200,imbalanced,1e-05,2,0.23529411764705882,1e-07,5
0.943725921849202,8,1166.3507799970841,1100.715465052284,True,0.05627407815079799,0.46,19,0.095,174,5,0.999821705320039,200,imbalanced,1e-05,2,0.23529411764705882,1e-07,5
0.943725921849202,8,1166.3507799970841,1100.715465052284,True,0.05627407815079799,0.48000000000000004,19,0.095,174,5,0.999821705320039,200,imbalanced,1e-05,2,0.23529411764705882,1e-07,5
0.943725921849202,8,1166.3507799970841,1100.715465052284,True,0.05627407815079799,0.5,19,0.095,174,5,0.999821705320039,200,imbalanced,1e-05,2,0.23529411764705882,1e-07,5
1.0,8,1.0,1.0,True,0.0,0.02,200,1.0,1,10,0.999821705320039,200,imbalanced,1e-05,0,0.056377952755905514,1e-07,5
1.0,8,1.0,1.0,True,0.0,0.04,200,1.0,1,10,0.999821705320039,200,imbalanced,1e-05,0,0.21292775665399238,1e-07,5
1.0,8,1.0,1.0,True,0.0,0.06,200,1.0,1,10,0.999821705320039,200,imbalanced,1e-05,0,0.6195028680688337,1e-07,5
0.9993458992248132,8,3.6413290851160673,3.638947288938783,True,0.0006541007751867944,0.08,130,0.65,24,10,0.999821705320039,200,imbalanced,1e-05,0,0.8219895287958116,1e-07,5
0.9475698843572257,8,56.89576695493855,53.91271531390679,True,0.05243011564277433,0.1,52,0.26,41,10,0.999821705320039,200,imbalanced,1e-05,0,0.856338028169014,1e-07,5
0.8075611652808519,8,296.2962962962963,239.27738230543758,True,0.19243883471914813,0.12000000000000001,30,0.15,52,10,0.999821705320039,200,imbalanced,1e-05,0,0.8513119533527698,1e-07,5
0.8750891294483697,8,296.2962962962963,259.2856679847022,True,0.1249108705516303,0.13999999999999999,30,0.15,56,10,0.999821705320039,200,imbalanced,1e-05,0,0.8377581120943952,1e-07,5
0.6108085462924172,8,1371.7421124828531,837.8718056137411,True,0.3891914537075828,0.16,18,0.09,67,10,0.999821705320039,200,imbalanced,1e-05,0,0.8109756097560976,1e-07,5
0.6245448704219319,8,1371.7421124828531,856.7144998929107,True,0.37545512957806815,0.18,18,0.09,72,10,0.999821705320039,200,imbalanced,1e-05,0,0.7925696594427245,1e-07,5
0.6656014608536863,8,1371.7421124828531,913.0335539831088,True,0.3343985391463137,0.19999999999999998,18,0.09,83,10,0.999821705320039,200,imbalanced,1e-05,0,0.7499999999999999,1e-07,5
0.3911272068809416,8,4629.62962962963,1810.7741059302853,True,0.6088727931190584,0.22,12,0.06,95,10,0.999821705320039,200,imbalanced,1e-05,0,0.7000000000000001,1e-07,5
0.45981905268759976,8,4629.62962962963,2128.79191059074,True,0.5401809473124002,0.24,12,0.06,112,10,0.999821705320039,200,imbalanced,1e-05,0,0.6219081272084805,1e-07,5
0.48951841359773374,8,4629.62962962963,2266.28895184136,True,0.5104815864022663,0.26,12,0.06,122,10,0.999821705320039,200,imbalanced,1e-05,0,0.5714285714285715,1e-07,5
0.5534913516976298,8,4629.62962962963,2562.4599615631005,True,0.44650864830237025,0.28,12,0.06,129,10,0.999821705320039,200,imbalanced,1e-05,0,0.5338345864661653,1e-07,5
0.5654450261780105,8,4629.62962962963,2617.801047120419,True,0.4345549738219895,0.30000000000000004,12,0.06,136,10,0.999821705320039,200,imbalanced,1e-05,0,0.4942084942084942,1e-07,5
0.6162624821683309,8,4629.62962962963,2853.0670470756063,True,0.3837375178316691,0.32,12,0.06,146,10,0.999821705320039,200,imbalanced,1e-05,0,0.4337349397590362,1e-07,5
0.6395262768319763,8,4629.62962962963,2960.7698001480385,True,0.36047372316802373,0.34,12,0.06,149,10,0.999821705320039,200,imbalanced,1e-05,0,0.41463414634146345,1e-07,5
0.6555386949924128,8,4629.62962962963,3034.9013657056144,True,0.3444613050075872,0.36000000000000004,12,0.06,158,10,0.999821705320039,200,imbalanced,1e-05,0,0.35443037974683544,1e-07,5
0.6723735408560312,8,4629.62962962963,3112.84046692607,True,0.3276264591439688,0.38,12,0.06,162,10,0.999821705320039,200,imbalanced,1e-05,0,0.3261802575107296,1e-07,5
0.700162074554295,8,4629.62962962963,3241.4910858995136,True,0.299837925445705,0.4,12,0.06,168,10,0.999821705320039,200,imbalanced,1e-05,0,0.2819383259911894,1e-07,5
0.7416309012875536,8,4629.62962962963,3433.4763948497853,True,0.2583690987124464,0.42000000000000004,12,0.06,172,10,0.999821705320039,200,imbalanced,1e-05,0,0.25112107623318386,1e-07,5
0.8462291870714985,8,4629.62962962963,3917.7277179236044,True,0.15377081292850148,0.44,12,0.06,179,10,0.999821705320039,200,imbalanced,1e-05,0,0.19444444444444445,1e-07,5
0.8537549407114624,8,4629.62962962963,3952.5691699604745,True,0.1462450592885376,0.46,12,0.06,180,10,0.999821705320039,200,imbalanced,1e-05,0,0.18604651162790695,1e-07,5
0.8562933597621407,8,4629.62962962963,3964.3211100099106,True,0.14370664023785928,0.48000000000000004,12,0.06,181,10,0.999821705320039,200,imbalanced,1e-05,0,0.17757009345794392,1e-07,5
0.8562933597621407,8,4629.62962962963,3964.3211100099106,True,0.14370664023785928,0.5,12,0.06,181,10,0.999821705320039,200,imbalanced,1e-05,0,0.17757009345794392,1e-07,5
1.0,8,1.0,1.0,True,0.0,0.02,200,1.0,1,10,0.999821705320039,200,imbalanced,1e-05,1,0.07913669064748201,1e-07,5
0.9999997423475283,8,1.0306101521283646,1.0306098865891116,True,2.5765247169129424e-07,0.04,198,0.99,3,10,0.999821705320039,200,imbalanced,1e-05,1,0.38761776581426644,1e-07,5
0.9998525724261089,8,2.467770911890707,2.4674070944122484,True,0.00014742757389107908,0.06,148,0.74,30,10,0.999821705320039,200,imbalanced,1e-05,1,0.6921119592875318,1e-07,5
0.9969990983838194,8,13.497462477054313,13.456957920092584,True,0.003000901616180607,0.08,84,0.42,61,10,0.999821705320039,200,imbalanced,1e-05,1,0.7565982404692082,1e-07,5
0.9714559463451635,8,82.18952905399853,79.84350672681545,True,0.028544053654836476,0.1,46,0.23,78,10,0.999821705320039,200,imbalanced,1e-05,1,0.7318611987381705,1e-07,5
0.8264835888272359,8,455.1661356395084,376.1873412959654,True,0.17351641117276406,0.12000000000000001,26,0.13,89,10,0.999821705320039,200,imbalanced,1e-05,1,0.7124183006535948,1e-07,5
0.7506078781001783,8,863.837598531476,648.403306856865,True,0.24939212189982174,0.13999999999999999,21,0.105,101,10,0.999821705320039,200,imbalanced,1e-05,1,0.673469387755102,1e-07,5
0.7731674737017866,8,863.837598531476,667.8911337451996,True,0.22683252629821338,0.16,21,0.105,112,10,0.999821705320039,200,imbalanced,1e-05,1,0.6219081272084805,1e-07,5
0.8951285520974289,8,863.837598531476,773.2456988208003,True,0.10487144790257108,0.18,21,0.105,137,10,0.999821705320039,200,imbalanced,1e-05,1,0.48837209302325585,1e-07,5
0.9251748251748252,8,863.837598531476,799.2007992007992,True,0.07482517482517481,0.19999999999999998,21,0.105,151,10,0.999821705320039,200,imbalanced,1e-05,1,0.4016393442622951,1e-07,5
0.9514074378467229,8,863.837598531476,821.8615163344977,True,0.04859256215327712,0.22,21,0.105,165,10,0.999821705320039,200,imbalanced,1e-05,1,0.30434782608695654,1e-07,5
0.9549391627139616,8,863.837598531476,824.9123530624871,True,0.04506083728603838,0.24,21,0.105,169,10,0.999821705320039,200,imbalanced,1e-05,1,0.27433628318584075,1e-07,5
0.9549391627139616,8,863.837598531476,824.9123530624871,True,0.04506083728603838,0.26,21,0.105,169,10,0.999821705320039,200,imbalanced,1e-05,1,0.27433628318584075,1e-07,5
0.9555303342963268,8,863.837598531476,825.4230293025175,True,0.04446966570367317,0.28,21,0.105,170,10,0.999821705320039,200,imbalanced,1e-05,1,0.2666666666666667,1e-07,5
0.9555303342963268,8,863.837598531476,825.4230293025175,True,0.04446966570367317,0.30000000000000004,21,0.105,170,10,0.999821705320039,200,imbalanced,1e-05,1,0.2666666666666667,1e-07,5
0.9555303342963268,8,863.837598531476,825.4230293025175,True,0.04446966570367317,0.32,21,0.105,170,10,0.999821705320039,200,imbalanced,1e-05,1,0.2666666666666667,1e-07,5
0.9555303342963268,8,863.837598531476,825.4230293025175,True,0.04446966570367317,0.34,21,0.105,170,10,0.999821705320039,200,imbalanced,1e-05,1,0.2666666666666667,1e-07,5
0.9573082489146165,8,863.837598531476,826.9588587967748,True,0.04269175108538348,0.36000000000000004,21,0.105,171,10,0.999821705320039,200,imbalanced,1e-05,1,0.25892857142857145,1e-07,5
0.9717733473242393,8,863.837598531476,839.4543546694648,True,0.028226652675760744,0.38,21,0.105,172,10,0.999821705320039,200,imbalanced,1e-05,1,0.25112107623318386,1e-07,5
0.9717733473242393,8,863.837598531476,839.4543546694648,True,0.028226652675760744,0.4,21,0.105,172,10,0.999821705320039,200,imbalanced,1e-05,1,0.25112107623318386,1e-07,5
0.9723855522889542,8,863.837598531476,839.9832003359933,True,0.02761444771104582,0.42000000000000004,21,0.105,173,10,0.999821705320039,200,imbalanced,1e-05,1,0.24324324324324326,1e-07,5
0.9723855522889542,8,863.837598531476,839.9832003359933,True,0.02761444771104582,0.44,21,0.105,173,10,0.999821705320039,200,imbalanced,1e-05,1,0.24324324324324326,1e-07,5
0.9723855522889542,8,863.837598531476,839.9832003359933,True,0.02761444771104582,0.46,21,0.105,173,10,0.999821705320039,200,imbalanced,1e-05,1,0.24324324324324326,1e-07,5
0.9723855522889542,8,863.837598531476,839.9832003359933,True,0.02761444771104582,0.48000000000000004,21,0.105,173,10,0.999821705320039,200,imbalanced,1e-05,1,0.24324324324324326,1e-07,5
0.9723855522889542,8,863.837598531476,839.9832003359933,True,0.02761444771104582,0.5,21,0.105,173,10,0.999821705320039,200,imbalanced,1e-05,1,0.24324324324324326,1e-07,5
1.0,8,1.0,1.0,True,0.0,0.02,200,1.0,1,10,0.999821705320039,200,imbalanced,1e-05,2,0.07226442208991993,1e-07,5
1.0,8,1.0,1.0,True,0.0,0.04,200,1.0,1,10,0.999821705320039,200,imbalanced,1e-05,2,0.3713646532438479,1e-07,5
0.9999562877303181,8,1.657409688264027,1.6573372391247603,True,4.371226968191699e-05,0.06,169,0.845,17,10,0.999821705320039,200,imbalanced,1e-05,2,0.7388235294117647,1e-07,5
0.9978845196615231,8,8.244881217026917,8.22743933291922,True,0.0021154803384768606,0.08,99,0.495,38,10,0.999821705320039,200,imbalanced,1e-05,2,0.8319559228650139,1e-07,5
0.9838326451229678,8,38.95237585147459,38.32261896778026,True,0.016167354877032247,0.1,59,0.295,53,10,0.999821705320039,200,imbalanced,1e-05,2,0.819767441860465,1e-07,5
0.9087630057803469,8,203.5416242621616,184.97109826589596,True,0.09123699421965314,0.12000000000000001,34,0.17,67,10,0.999821705320039,200,imbalanced,1e-05,2,0.798780487804878,1e-07,5
0.8939266638660506,8,268.53747776174015,240.0528116185561,True,0.10607333613394943,0.13999999999999999,31,0.155,79,10,0.999821705320039,200,imbalanced,1e-05,2,0.7658227848101266,1e-07,5
0.9018830225236135,8,268.53747776174015,242.18939210462582,True,0.09811697747638648,0.16,31,0.155,87,10,0.999821705320039,200,imbalanced,1e-05,2,0.7337662337662337,1e-07,5
0.9088163514338011,8,268.53747776174015,244.05125076266015,True,0.09118364856619887,0.18,31,0.155,96,10,0.999821705320039,200,imbalanced,1e-05,2,0.6956521739130436,1e-07,5
0.9185680809077454,8,268.53747776174015,246.66995559940798,True,0.08143191909225456,0.19999999999999998,31,0.155,111,10,0.999821705320039,200,imbalanced,1e-05,2,0.6267605633802817,1e-07,5
0.9252438039629791,8,268.53747776174015,248.46263743089634,True,0.07475619603702088,0.22,31,0.155,120,10,0.999821705320039,200,imbalanced,1e-05,2,0.5818181818181819,1e-07,5
0.9428128362554592,8,268.53747776174015,253.1805810494335,True,0.0571871637445408,0.24,31,0.155,135,10,0.999821705320039,200,imbalanced,1e-05,2,0.5,1e-07,5
0.9501020479977479,8,296.2962962962963,281.51171792525867,True,0.04989795200225211,0.26,30,0.15,142,10,0.999821705320039,200,imbalanced,1e-05,2,0.458498023715415,1e-07,5
0.9643545967569112,8,296.2962962962963,285.7346953353811,True,0.03564540324308885,0.28,30,0.15,149,10,0.999821705320039,200,imbalanced,1e-05,2,0.41463414634146345,1e-07,5
0.9589376201293028,8,364.4314868804665,349.4670627293378,True,0.04106237987069716,0.30000000000000004,28,0.14,154,10,0.999821705320039,200,imbalanced,1e-05,2,0.3817427385892116,1e-07,5
0.9603322041306961,8,455.1661356395084,437.1106982843405,True,0.03966779586930391,0.32,26,0.13,162,10,0.999821705320039,200,imbalanced,1e-05,2,0.3261802575107296,1e-07,5
0.9609622744669218,8,455.1661356395084,437.39748496446146,True,0.03903772553307816,0.34,26,0.13,164,10,0.999821705320039,200,imbalanced,1e-05,2,0.3116883116883117,1e-07,5
0.9572968998897194,8,512.0,490.13601274353636,True,0.042703100110280556,0.36000000000000004,25,0.125,166,10,0.999821705320039,200,imbalanced,1e-05,2,0.296943231441048,1e-07,5
0.9507962918944616,8,1000.0,950.7962918944617,True,0.049203708105538424,0.38,20,0.1,172,10,0.999821705320039,200,imbalanced,1e-05,2,0.25112107623318386,1e-07,5
0.9429474841902667,8,1166.3507799970841,1099.8075336816057,True,0.05705251580973325,0.4,19,0.095,173,10,0.999821705320039,200,imbalanced,1e-05,2,0.24324324324324326,1e-07,5
0.943725921849202,8,1166.3507799970841,1100.715465052284,True,0.05627407815079799,0.42000000000000004,19,0.095,174,10,0.999821705320039,200,imbalanced,1e-05,2,0.23529411764705882,1e-07,5
0.943725921849202,8,1166.3507799970841,1100.715465052284,True,0.05627407815079799,0.44,19,0.095,174,10,0.999821705320039,200,imbalanced,1e-05,2,0.23529411764705882,1e-07,5
0.943725921849202,8,1166.3507799970841,1100.715465052284,True,0.05627407815079799,0.46,19,0.095,174,10,0.999821705320039,200,imbalanced,1e-05,2,0.23529411764705882,1e-07,5
0.943725921849202,8,1166.3507799970841,1100.715465052284,True,0.05627407815079799,0.48000000000000004,19,0.095,174,10,0.999821705320039,200,imbalanced,1e-05,2,0.23529411764705882,1e-07,5
0.943725921849202,8,1166.3507799970841,1100.715465052284,True,0.05627407815079799,0.5,19,0.095,174,10,0.999821705320039,200,imbalanced,1e-05,2,0.23529411764705882,1e-07,5
1.0,8,1.0,1.0,True,0.0,0.02,400,1.0,1,2,0.999821705320039,400,imbalanced,1e-05,0,0.02127596173902679,1e-07,5
1.0,8,1.0,1.0,True,0.0,0.04,400,1.0,1,2,0.999821705320039,400,imbalanced,1e-05,0,0.05622763673538934,1e-07,5
1.0,8,1.0,1.0,True,0.0,0.06,400,1.0,1,2,0.999821705320039,400,imbalanced,1e-05,0,0.1775754126351736,1e-07,5
0.9999998846758297,8,1.054392535876159,1.0543924142792147,True,1.1532417032444897e-07,0.08,393,0.9825,8,2,0.999821705320039,400,imbalanced,1e-05,0,0.44494047619047616,1e-07,5
0.9999615528550739,8,2.087117796961072,2.087037553240654,True,3.8447144926068155e-05,0.1,313,0.7825,49,2,0.999821705320039,400,imbalanced,1e-05,0,0.6859903381642511,1e-07,5
0.9995412682026745,8,8.631298572126974,8.62733912101973,True,0.0004587317973254734,0.12000000000000001,195,0.4875,97,2,0.999821705320039,400,imbalanced,1e-05,0,0.7364016736401673,1e-07,5
0.9972485796263982,8,49.419742723908115,49.28376823691939,True,0.002751420373601765,0.13999999999999999,109,0.2725,153,2,0.999821705320039,400,imbalanced,1e-05,0,0.7204968944099379,1e-07,5
0.9912624921645271,8,164.5172318947501,163.0797612919994,True,0.00873750783547289,0.16,73,0.1825,188,2,0.999821705320039,400,imbalanced,1e-05,0,0.6787479406919275,1e-07,5
0.9845872843897715,8,311.61900681179674,306.8161116810646,True,0.0154127156102285,0.18,59,0.1475,217,2,0.999821705320039,400,imbalanced,1e-05,0,0.6193771626297577,1e-07,5
0.9122455196222775,8,1780.8943428778139,1624.612885210946,True,0.08775448037772249,0.19999999999999998,33,0.0825,251,2,0.999821705320039,400,imbalanced,1e-05,0,0.5477941176470589,1e-07,5
0.9244957810249023,8,1780.8943428778139,1646.4293064416547,True,0.07550421897509774,0.22,33,0.0825,275,2,0.999821705320039,400,imbalanced,1e-05,0,0.48076923076923084,1e-07,5
0.9300947253998654,8,1780.8943428778139,1656.4004348051142,True,0.06990527460013463,0.24,33,0.0825,295,2,0.999821705320039,400,imbalanced,1e-05,0,0.41999999999999993,1e-07,5
0.9341564855731739,8,1780.8943428778139,1663.6340005198856,True,0.06584351442682612,0.26,33,0.0825,313,2,0.999821705320039,400,imbalanced,1e-05,0,0.36099585062240663,1e-07,5
0.9482058047493404,8,1780.8943428778139,1688.6543535620053,True,0.05179419525065965,0.28,33,0.0825,326,2,0.999821705320039,400,imbalanced,1e-05,0,0.3155650319829424,1e-07,5
0.962993729567501,8,1780.8943428778139,1714.99008521357,True,0.037006270432499044,0.30000000000000004,33,0.0825,333,2,0.999821705320039,400,imbalanced,1e-05,0,0.29004329004329,1e-07,5
0.9684434623261831,8,1780.8943428778139,1724.6954834537028,True,0.03155653767381694,0.32,33,0.0825,339,2,0.999821705320039,400,imbalanced,1e-05,0,0.2675438596491228,1e-07,5
0.9711127925201318,8,1780.8943428778139,1729.449278495379,True,0.02888720747986817,0.34,33,0.0825,342,2,0.999821705320039,400,imbalanced,1e-05,0,0.2560706401766005,1e-07,5
0.9728478613968597,8,1780.8943428778139,1732.5392528424472,True,0.027152138603140252,0.36000000000000004,33,0.0825,344,2,0.999821705320039,400,imbalanced,1e-05,0,0.2483370288248337,1e-07,5
0.9719981015662079,8,1953.125,1898.4337921214997,True,0.028001898433792083,0.38,32,0.08,348,2,0.999821705320039,400,imbalanced,1e-05,0,0.23266219239373603,1e-07,5
0.9752961485802726,8,1953.125,1904.875290195845,True,0.02470385141972742,0.4,32,0.08,351,2,0.999821705320039,400,imbalanced,1e-05,0,0.22072072072072071,1e-07,5
0.9765168673262605,8,1953.125,1907.2595064966026,True,0.02348313267373947,0.42000000000000004,32,0.08,353,2,0.999821705320039,400,imbalanced,1e-05,0,0.21266968325791855,1e-07,5
0.9749640005236287,8,2148.299822093921,2094.5149888728893,True,0.02503599947637125,0.44,31,0.0775,356,2,0.999821705320039,400,imbalanced,1e-05,0,0.20045558086560364,1e-07,5
0.9726224783861671,8,2370.3703703703704,2305.4755043227665,True,0.02737752161383289,0.46,30,0.075,358,2,0.999821705320039,400,imbalanced,1e-05,0,0.1922196796338673,1e-07,5
0.9583424209378408,8,3641.3290851160673,3489.640130861505,True,0.04165757906215917,0.48000000000000004,26,0.065,362,2,0.999821705320039,400,imbalanced,1e-05,0,0.17551963048498845,1e-07,5
0.8410729737525238,8,10973.936899862825,9229.881742140178,True,0.15892702624747623,0.5,18,0.045,365,2,0.999821705320039,400,imbalanced,1e-05,0,0.1627906976744186,1e-07,5
1.0,8,1.0,1.0,True,0.0,0.02,400,1.0,1,2,0.999821705320039,400,imbalanced,1e-05,1,0.021495664739884394,1e-07,5
1.0,8,1.0,1.0,True,0.0,0.04,400,1.0,1,2,0.999821705320039,400,imbalanced,1e-05,1,0.053542501492028306,1e-07,5
1.0,8,1.0,1.0,True,0.0,0.06,400,1.0,1,2,0.999821705320039,400,imbalanced,1e-05,1,0.1766095688127584,1e-07,5
0.9999994435991014,8,1.1128024162278864,1.1128017970636221,True,5.56400898577003e-07,0.08,386,0.965,12,2,0.999821705320039,400,imbalanced,1e-05,1,0.4601769911504425,1e-07,5
0.9999706014204885,8,2.7072869123024743,2.707207321912923,True,2.9398579511452638e-05,0.1,287,0.7175,68,2,0.999821705320039,400,imbalanced,1e-05,1,0.6791979949874687,1e-07,5
0.9992502831098746,8,13.991224004743025,13.98073454779314,True,0.0007497168901253737,0.12000000000000001,166,0.415,123,2,0.999821705320039,400,imbalanced,1e-05,1,0.7074235807860262,1e-07,5
0.9951945304662625,8,70.12369161791791,69.78671435425481,True,0.004805469533737505,0.13999999999999999,97,0.2425,161,2,0.999821705320039,400,imbalanced,1e-05,1,0.6926677067082684,1e-07,5
0.9904480705493581,8,157.93733836100526,156.4287320473588,True,0.009551929450641872,0.16,74,0.185,193,2,0.999821705320039,400,imbalanced,1e-05,1,0.6589785831960462,1e-07,5
0.9619548331180193,8,543.9910241481016,523.2947948520874,True,0.038045166881980674,0.18,49,0.1225,229,2,0.999821705320039,400,imbalanced,1e-05,1,0.5936395759717314,1e-07,5
0.9420327492414095,8,928.5994109197487,874.7710560126842,True,0.05796725075859055,0.19999999999999998,41,0.1025,250,2,0.999821705320039,400,imbalanced,1e-05,1,0.5467889908256881,1e-07,5
0.8788424095816862,8,2148.299822093921,1888.0169921529293,True,0.12115759041831375,0.22,31,0.0775,269,2,0.999821705320039,400,imbalanced,1e-05,1,0.49809885931558934,1e-07,5
0.5184921763869133,8,10973.936899862825,5689.900426742532,True,0.48150782361308675,0.24,18,0.045,293,2,0.999821705320039,400,imbalanced,1e-05,1,0.42629482071713143,1e-07,5
0.5762845849802372,8,10973.936899862825,6324.110671936759,True,0.42371541501976284,0.26,18,0.045,310,2,0.999821705320039,400,imbalanced,1e-05,1,0.3711340206185567,1e-07,5
0.6095317725752508,8,10973.936899862825,6688.963210702341,True,0.3904682274247492,0.28,18,0.045,327,2,0.999821705320039,400,imbalanced,1e-05,1,0.31196581196581197,1e-07,5
0.6375163970266725,8,10973.936899862825,6996.064713598601,True,0.3624836029733275,0.30000000000000004,18,0.045,339,2,0.999821705320039,400,imbalanced,1e-05,1,0.2675438596491228,1e-07,5
0.683223992502343,8,10973.936899862825,7497.656982193064,True,0.316776007497657,0.32,18,0.045,346,2,0.999821705320039,400,imbalanced,1e-05,1,0.24053452115812918,1e-07,5
0.6924720968890999,8,10973.936899862825,7599.14509617668,True,0.30752790311090006,0.34,18,0.045,349,2,0.999821705320039,400,imbalanced,1e-05,1,0.22869955156950672,1e-07,5
0.697941598851125,8,10973.936899862825,7659.167065581618,True,0.30205840114887506,0.36000000000000004,18,0.045,351,2,0.999821705320039,400,imbalanced,1e-05,1,0.22072072072072071,1e-07,5
0.7382278481012658,8,10973.936899862825,8101.265822784811,True,0.26177215189873415,0.38,18,0.045,355,2,0.999821705320039,400,imbalanced,1e-05,1,0.20454545454545456,1e-07,5
0.7382278481012658,8,10973.936899862825,8101.265822784811,True,0.26177215189873415,0.4,18,0.045,355,2,0.999821705320039,400,imbalanced,1e-05,1,0.20454545454545456,1e-07,5
0.8022008253094911,8,10973.936899862825,8803.301237964237,True,0.1977991746905089,0.42000000000000004,18,0.045,360,2,0.999821705320039,400,imbalanced,1e-05,1,0.18390804597701146,1e-07,5
0.8871311226041984,8,10973.936899862825,9735.320961362944,True,0.11286887739580165,0.44,18,0.045,366,2,0.999821705320039,400,imbalanced,1e-05,1,0.1585081585081585,1e-07,5
0.8895668090298963,8,10973.936899862825,9762.050030506407,True,0.11043319097010373,0.46,18,0.045,367,2,0.999821705320039,400,imbalanced,1e-05,1,0.1542056074766355,1e-07,5
0.901948654500464,8,10973.936899862825,9897.92762140427,True,0.09805134549953598,0.48000000000000004,18,0.045,368,2,0.999821705320039,400,imbalanced,1e-05,1,0.14988290398126464,1e-07,5
0.9069984447900467,8,10973.936899862825,9953.343701399688,True,0.09300155520995335,0.5,18,0.045,369,2,0.999821705320039,400,imbalanced,1e-05,1,0.1455399061032864,1e-07,5
1.0,8,1.0,1.0,True,0.0,0.02,400,1.0,1,2,0.999821705320039,400,imbalanced,1e-05,2,0.03154967395473725,1e-07,5
1.0,8,1.0,1.0,True,0.0,0.04,400,1.0,1,2,0.999821705320039,400,imbalanced,1e-05,2,0.13999999999999999,1e-07,5
0.9999995694526049,8,1.1481268812238343,1.1481263869007965,True,4.3054739506942497e-07,0.06,382,0.955,18,2,0.999821705320039,400,imbalanced,1e-05,2,0.3687834736036725,1e-07,5
0.9999556716555825,8,4.994964451462369,4.994743032957812,True,4.4328344417476906e-05,0.08,234,0.585,137,2,0.999821705320039,400,imbalanced,1e-05,2,0.5013333333333332,1e-07,5
0.9978623296320679,8,35.24524079107943,35.16989808422971,True,0.0021376703679321096,0.1,122,0.305,238,2,0.999821705320039,400,imbalanced,1e-05,2,0.4596912521440824,1e-07,5
0.9978215964366444,8,82.18952905399853,82.01048709103677,True,0.0021784035633556353,0.12000000000000001,92,0.23,289,2,0.999821705320039,400,imbalanced,1e-05,2,0.3859649122807018,1e-07,5
0.9940942143534619,8,203.5416242621616,202.33955105912108,True,0.005905785646538098,0.13999999999999999,68,0.17,317,2,0.999821705320039,400,imbalanced,1e-05,2,0.3118503118503118,1e-07,5
0.9785195390781564,8,512.0,501.00200400801606,True,0.021480460921843636,0.16,50,0.125,327,2,0.999821705320039,400,imbalanced,1e-05,2,0.2893617021276596,1e-07,5
0.9710897232332608,8,804.9605695096029,781.6889366587684,True,0.028910276766739185,0.18,43,0.1075,330,2,0.999821705320039,400,imbalanced,1e-05,2,0.29310344827586204,1e-07,5
0.9690279376373339,8,863.837598531476,837.0827665585434,True,0.030972062362666142,0.19999999999999998,42,0.105,331,2,0.999821705320039,400,imbalanced,1e-05,2,0.2937365010799136,1e-07,5
0.9642039291310112,8,1000.0,964.2039291310113,True,0.03579607086898884,0.22,40,0.1,332,2,0.999821705320039,400,imbalanced,1e-05,2,0.29437229437229434,1e-07,5
0.964727163099186,8,1000.0,964.727163099186,True,0.03527283690081395,0.24,40,0.1,333,2,0.999821705320039,400,imbalanced,1e-05,2,0.29067245119305857,1e-07,5
0.9678785312443289,8,1000.0,967.8785312443289,True,0.03212146875567112,0.26,40,0.1,334,2,0.999821705320039,400,imbalanced,1e-05,2,0.28695652173913044,1e-07,5
0.9678785312443289,8,1000.0,967.8785312443289,True,0.03212146875567112,0.28,40,0.1,334,2,0.999821705320039,400,imbalanced,1e-05,2,0.28695652173913044,1e-07,5
0.9798818017576629,8,1000.0,979.881801757663,True,0.02011819824233707,0.30000000000000004,40,0.1,336,2,0.999821705320039,400,imbalanced,1e-05,2,0.2794759825327511,1e-07,5
0.9798818017576629,8,1000.0,979.881801757663,True,0.02011819824233707,0.32,40,0.1,336,2,0.999821705320039,400,imbalanced,1e-05,2,0.2794759825327511,1e-07,5
0.9798818017576629,8,1000.0,979.881801757663,True,0.02011819824233707,0.34,40,0.1,336,2,0.999821705320039,400,imbalanced,1e-05,2,0.2794759825327511,1e-07,5
0.980872976949485,8,1000.0,980.8729769494851,True,0.019127023050514946,0.36000000000000004,40,0.1,338,2,0.999821705320039,400,imbalanced,1e-05,2,0.2719298245614035,1e-07,5
0.981685431174648,8,1000.0,981.685431174648,True,0.018314568825351984,0.38,40,0.1,340,2,0.999821705320039,400,imbalanced,1e-05,2,0.2643171806167401,1e-07,5
0.9863148810257675,8,1000.0,986.3148810257675,True,0.013685118974232524,0.4,40,0.1,342,2,0.999821705320039,400,imbalanced,1e-05,2,0.2566371681415929,1e-07,5
0.9864060910576122,8,1000.0,986.4060910576122,True,0.013593908942387767,0.42000000000000004,40,0.1,343,2,0.999821705320039,400,imbalanced,1e-05,2,0.25277161862527714,1e-07,5
0.9864060910576122,8,1000.0,986.4060910576122,True,0.013593908942387767,0.44,40,0.1,343,2,0.999821705320039,400,imbalanced,1e-05,2,0.25277161862527714,1e-07,5
0.9877762686751451,8,1000.0,987.776268675145,True,0.01222373132485488,0.46,40,0.1,344,2,0.999821705320039,400,imbalanced,1e-05,2,0.2488888888888889,1e-07,5
0.9886918371130199,8,1000.0,988.6918371130198,True,0.011308162886980111,0.48000000000000004,40,0.1,345,2,0.999821705320039,400,imbalanced,1e-05,2,0.244988864142539,1e-07,5
0.9886918371130199,8,1000.0,988.6918371130198,True,0.011308162886980111,0.5,40,0.1,345,2,0.999821705320039,400,imbalanced,1e-05,2,0.244988864142539,1e-07,5
1.0,8,1.0,1.0,True,0.0,0.02,400,1.0,1,5,0.999821705320039,400,imbalanced,1e-05,0,0.0367010523041833,1e-07,5
1.0,8,1.0,1.0,True,0.0,0.04,400,1.0,1,5,0.999821705320039,400,imbalanced,1e-05,0,0.21847070506454816,1e-07,5
0.9999992348272876,8,1.1944168551776841,1.1944159412424995,True,7.651727124136087e-07,0.06,377,0.9425,21,5,0.999821705320039,400,imbalanced,1e-05,0,0.6413155190133608,1e-07,5
0.9988255981484405,8,7.538578676376356,7.529725355620693,True,0.0011744018515594812,0.08,204,0.51,67,5,0.999821705320039,400,imbalanced,1e-05,0,0.8021108179419525,1e-07,5
0.9918300362551755,8,52.24306412101453,51.8162401812273,True,0.008169963744824482,0.1,107,0.2675,103,5,0.999821705320039,400,imbalanced,1e-05,0,0.8154506437768241,1e-07,5
0.9643746335494506,8,281.96192632863546,271.916929378075,True,0.03562536645054937,0.12000000000000001,61,0.1525,138,5,0.999821705320039,400,imbalanced,1e-05,0,0.7841945288753799,1e-07,5
0.9568132759755669,8,512.0,489.88839729949024,True,0.04318672402443313,0.13999999999999999,50,0.125,163,5,0.999821705320039,400,imbalanced,1e-05,0,0.7468354430379748,1e-07,5
0.963049708773768,8,512.0,493.08145089216924,True,0.036950291226231946,0.16,50,0.125,189,5,0.999821705320039,400,imbalanced,1e-05,0,0.6930693069306929,1e-07,5
0.8826693520656286,8,1780.8943428778139,1571.9408557253034,True,0.11733064793437142,0.18,33,0.0825,221,5,0.999821705320039,400,imbalanced,1e-05,0,0.6236933797909407,1e-07,5
0.9041209620609842,8,1780.8943428778139,1610.1439066116534,True,0.09587903793901575,0.19999999999999998,33,0.0825,246,5,0.999821705320039,400,imbalanced,1e-05,0,0.5610200364298725,1e-07,5
0.916573148337074,8,1780.8943428778139,1632.3199347072027,True,0.08342685166292596,0.22,33,0.0825,267,5,0.999821705320039,400,imbalanced,1e-05,0,0.5037878787878788,1e-07,5
0.9311068504508239,8,1780.8943428778139,1658.2029225826511,True,0.06889314954917614,0.24,33,0.0825,303,5,0.999821705320039,400,imbalanced,1e-05,0,0.39430894308943093,1e-07,5
0.9363470557582074,8,1780.8943428778139,1667.5351745700887,True,0.06365294424179258,0.26,33,0.0825,319,5,0.999821705320039,400,imbalanced,1e-05,0,0.3403361344537815,1e-07,5
0.9492577526546568,8,1780.8943428778139,1690.5277616355856,True,0.05074224734534316,0.28,33,0.0825,328,5,0.999821705320039,400,imbalanced,1e-05,0,0.3083511777301927,1e-07,5
0.9599070463165768,8,1780.8943428778139,1709.4930284737432,True,0.04009295368342325,0.30000000000000004,33,0.0825,334,5,0.999821705320039,400,imbalanced,1e-05,0,0.28633405639913234,1e-07,5
0.970640665514261,8,1780.8943428778139,1728.608470181504,True,0.02935933448573902,0.32,33,0.0825,341,5,0.999821705320039,400,imbalanced,1e-05,0,0.2599118942731278,1e-07,5
0.97268987170465,8,1780.8943428778139,1732.257889893358,True,0.027310128295349956,0.34,33,0.0825,343,5,0.999821705320039,400,imbalanced,1e-05,0,0.252212389380531,1e-07,5
0.9733221385623747,8,1780.8943428778139,1733.383890363469,True,0.026677861437625294,0.36000000000000004,33,0.0825,345,5,0.999821705320039,400,imbalanced,1e-05,0,0.2444444444444444,1e-07,5
0.9744305856832972,8,1780.8943428778139,1735.357917570499,True,0.025569414316702788,0.38,33,0.0825,347,5,0.999821705320039,400,imbalanced,1e-05,0,0.23660714285714282,1e-07,5
0.9752238805970149,8,1780.8943428778139,1736.7706919945726,True,0.024776119402985075,0.4,33,0.0825,350,5,0.999821705320039,400,imbalanced,1e-05,0,0.22471910112359553,1e-07,5
0.9768662055807298,8,1953.125,1907.9418077748628,True,0.023133794419270215,0.42000000000000004,32,0.08,355,5,0.999821705320039,400,imbalanced,1e-05,0,0.20454545454545456,1e-07,5
0.9751554828150573,8,2148.299822093921,2094.926350245499,True,0.024844517184942738,0.44,31,0.0775,357,5,0.999821705320039,400,imbalanced,1e-05,0,0.19634703196347034,1e-07,5
0.9583424209378408,8,3641.3290851160673,3489.640130861505,True,0.04165757906215917,0.46,26,0.065,362,5,0.999821705320039,400,imbalanced,1e-05,0,0.17551963048498845,1e-07,5
0.8204839617332583,8,10973.936899862825,9003.939223410242,True,0.17951603826674167,0.48000000000000004,18,0.045,363,5,0.999821705320039,400,imbalanced,1e-05,0,0.17129629629629628,1e-07,5
0.8673408685306365,8,10973.936899862825,9518.143961927424,True,0.13265913146936348,0.5,18,0.045,366,5,0.999821705320039,400,imbalanced,1e-05,0,0.1585081585081585,1e-07,5
1.0,8,1.0,1.0,True,0.0,0.02,400,1.0,1,5,0.999821705320039,400,imbalanced,1e-05,1,0.03754785253552887,1e-07,5
1.0,8,1.0,1.0,True,0.0,0.04,400,1.0,1,5,0.999821705320039,400,imbalanced,1e-05,1,0.2302158273381295,1e-07,5
0.9999949708420599,8,1.430523230635549,1.4305160363082852,True,5.029157940095175e-06,0.06,355,0.8875,29,5,0.999821705320039,400,imbalanced,1e-05,1,0.6703539823008849,1e-07,5
0.9985890747857087,8,7.010372832439273,7.000481720648402,True,0.0014109252142913142,0.08,209,0.5225,78,5,0.999821705320039,400,imbalanced,1e-05,1,0.7917808219178083,1e-07,5
0.9935514390654028,8,44.35521038577251,44.06918310883298,True,0.006448560934597225,0.1,113,0.2825,111,5,0.999821705320039,400,imbalanced,1e-05,1,0.8011611030478955,1e-07,5
0.9665712860383467,8,311.61900681179674,301.2019841680707,True,0.033428713961653256,0.12000000000000001,59,0.1475,149,5,0.999821705320039,400,imbalanced,1e-05,1,0.7604327666151469,1e-07,5
0.6236529097150155,8,4096.0,2554.4823181927036,True,0.3763470902849845,0.13999999999999999,25,0.0625,185,5,0.999821705320039,400,imbalanced,1e-05,1,0.6972176759410802,1e-07,5
0.3891632190044041,8,10973.936899862825,4270.652609101829,True,0.6108367809955959,0.16,18,0.045,207,5,0.999821705320039,400,imbalanced,1e-05,1,0.6553480475382004,1e-07,5
0.41139954853273136,8,10973.936899862825,4514.6726862302485,True,0.5886004514672687,0.18,18,0.045,224,5,0.999821705320039,400,imbalanced,1e-05,1,0.6153846153846153,1e-07,5
0.4288235294117647,8,10973.936899862825,4705.882352941177,True,0.5711764705882353,0.19999999999999998,18,0.045,244,5,0.999821705320039,400,imbalanced,1e-05,1,0.5662431941923776,1e-07,5
0.4400845155448234,8,10973.936899862825,4829.459704195593,True,0.5599154844551766,0.22,18,0.045,268,5,0.999821705320039,400,imbalanced,1e-05,1,0.5009487666034156,1e-07,5
0.4865676622726514,8,10973.936899862825,5339.5628232938425,True,0.5134323377273486,0.24,18,0.045,294,5,0.999821705320039,400,imbalanced,1e-05,1,0.4231536926147704,1e-07,5
0.5111305872042068,8,10973.936899862825,5609.114811568799,True,0.4888694127957932,0.26,18,0.045,309,5,0.999821705320039,400,imbalanced,1e-05,1,0.37448559670781895,1e-07,5
0.5561701316040435,8,10973.936899862825,6103.375929811177,True,0.4438298683959565,0.28,18,0.045,327,5,0.999821705320039,400,imbalanced,1e-05,1,0.31196581196581197,1e-07,5
0.5877847208224148,8,10973.936899862825,6450.312437008668,True,0.41221527917758516,0.30000000000000004,18,0.045,337,5,0.999821705320039,400,imbalanced,1e-05,1,0.27510917030567683,1e-07,5
0.6216158601577488,8,10973.936899862825,6821.573225325091,True,0.37838413984225117,0.32,18,0.045,344,5,0.999821705320039,400,imbalanced,1e-05,1,0.2483370288248337,1e-07,5
0.6516201117318435,8,10973.936899862825,7150.8379888268155,True,0.34837988826815647,0.34,18,0.045,347,5,0.999821705320039,400,imbalanced,1e-05,1,0.23660714285714282,1e-07,5
0.6636322257624033,8,10973.936899862825,7282.658170232135,True,0.3363677742375967,0.36000000000000004,18,0.045,351,5,0.999821705320039,400,imbalanced,1e-05,1,0.22072072072072071,1e-07,5
0.737108190091001,8,10973.936899862825,8088.978766430738,True,0.26289180990899896,0.38,18,0.045,355,5,0.999821705320039,400,imbalanced,1e-05,1,0.20454545454545456,1e-07,5
0.8122562674094708,8,10973.936899862825,8913.649025069637,True,0.18774373259052923,0.4,18,0.045,361,5,0.999821705320039,400,imbalanced,1e-05,1,0.17972350230414744,1e-07,5
0.894478527607362,8,10973.936899862825,9815.9509202454,True,0.10552147239263798,0.42000000000000004,18,0.045,366,5,0.999821705320039,400,imbalanced,1e-05,1,0.1585081585081585,1e-07,5
0.894478527607362,8,10973.936899862825,9815.9509202454,True,0.10552147239263798,0.44,18,0.045,366,5,0.999821705320039,400,imbalanced,1e-05,1,0.1585081585081585,1e-07,5
0.8994447871684146,8,10973.936899862825,9870.45033929673,True,0.10055521283158542,0.46,18,0.045,367,5,0.999821705320039,400,imbalanced,1e-05,1,0.1542056074766355,1e-07,5
0.9207451847173982,8,10973.936899862825,10104.199557941269,True,0.07925481528260181,0.48000000000000004,18,0.045,371,5,0.999821705320039,400,imbalanced,1e-05,1,0.1367924528301887,1e-07,5
0.9233692210259657,8,10973.936899862825,10132.99556681444,True,0.07663077897403425,0.5,18,0.045,372,5,0.999821705320039,400,imbalanced,1e-05,1,0.132387706855792,1e-07,5
1.0,8,1.0,1.0,True,0.0,0.02,400,1.0,1,5,0.999821705320039,400,imbalanced,1e-05,2,0.07902439024390244,1e-07,5
0.9999995686727204,8,1.1041983120845034,1.1041978358136493,True,4.313272795597456e-07,0.04,387,0.9675,12,5,0.999821705320039,400,imbalanced,1e-05,2,0.4855491329479769,1e-07,5
0.998917078247306,8,9.945832509694078,9.93506195132068,True,0.0010829217526939772,0.06,186,0.465,130,5,0.999821705320039,400,imbalanced,1e-05,2,0.6751773049645391,1e-07,5
0.9932499937453612,8,53.73563411406732,53.372918247700376,True,0.006750006254638841,0.08,106,0.265,206,5,0.999821705320039,400,imbalanced,1e-05,2,0.6094276094276094,1e-07,5
0.9665017059601021,8,203.5416242621616,196.72332708326928,True,0.0334982940398979,0.1,68,0.17,264,5,0.999821705320039,400,imbalanced,1e-05,2,0.48120300751879697,1e-07,5
0.9825660765839357,8,364.4314868804665,358.07801624779,True,0.017433923416064312,0.12000000000000001,56,0.14,309,5,0.999821705320039,400,imbalanced,1e-05,2,0.36701030927835054,1e-07,5
0.9636812624224538,8,1000.0,963.6812624224538,True,0.03631873757754622,0.13999999999999999,40,0.1,328,5,0.999821705320039,400,imbalanced,1e-05,2,0.30901287553648066,1e-07,5
0.9641167786448134,8,1000.0,964.1167786448134,True,0.03588322135518662,0.16,40,0.1,331,5,0.999821705320039,400,imbalanced,1e-05,2,0.29805615550755943,1e-07,5
0.9642039291310112,8,1000.0,964.2039291310113,True,0.03579607086898884,0.18,40,0.1,332,5,0.999821705320039,400,imbalanced,1e-05,2,0.29437229437229434,1e-07,5
0.9642039291310112,8,1000.0,964.2039291310113,True,0.03579607086898884,0.19999999999999998,40,0.1,332,5,0.999821705320039,400,imbalanced,1e-05,2,0.29437229437229434,1e-07,5
0.9642039291310112,8,1000.0,964.2039291310113,True,0.03579607086898884,0.22,40,0.1,332,5,0.999821705320039,400,imbalanced,1e-05,2,0.29437229437229434,1e-07,5
0.9642039291310112,8,1000.0,964.2039291310113,True,0.03579607086898884,0.24,40,0.1,332,5,0.999821705320039,400,imbalanced,1e-05,2,0.29437229437229434,1e-07,5
0.9642039291310112,8,1000.0,964.2039291310113,True,0.03579607086898884,0.26,40,0.1,332,5,0.999821705320039,400,imbalanced,1e-05,2,0.29437229437229434,1e-07,5
0.9785334230322305,8,1000.0,978.5334230322304,True,0.021466576967769546,0.28,40,0.1,335,5,0.999821705320039,400,imbalanced,1e-05,2,0.28322440087145967,1e-07,5
0.9785334230322305,8,1000.0,978.5334230322304,True,0.021466576967769546,0.30000000000000004,40,0.1,335,5,0.999821705320039,400,imbalanced,1e-05,2,0.28322440087145967,1e-07,5
0.9798818017576629,8,1000.0,979.881801757663,True,0.02011819824233707,0.32,40,0.1,336,5,0.999821705320039,400,imbalanced,1e-05,2,0.2794759825327511,1e-07,5
0.9843125192248539,8,1000.0,984.3125192248539,True,0.015687480775146145,0.34,40,0.1,338,5,0.999821705320039,400,imbalanced,1e-05,2,0.2719298245614035,1e-07,5
0.9854947491607896,8,1000.0,985.4947491607896,True,0.014505250839210393,0.36000000000000004,40,0.1,340,5,0.999821705320039,400,imbalanced,1e-05,2,0.2643171806167401,1e-07,5
0.9854947491607896,8,1000.0,985.4947491607896,True,0.014505250839210393,0.38,40,0.1,340,5,0.999821705320039,400,imbalanced,1e-05,2,0.2643171806167401,1e-07,5
0.9863148810257675,8,1000.0,986.3148810257675,True,0.013685118974232524,0.4,40,0.1,342,5,0.999821705320039,400,imbalanced,1e-05,2,0.2566371681415929,1e-07,5
0.9876848050865767,8,1000.0,987.6848050865767,True,0.012315194913423255,0.42000000000000004,40,0.1,343,5,0.999821705320039,400,imbalanced,1e-05,2,0.25277161862527714,1e-07,5
0.9876848050865767,8,1000.0,987.6848050865767,True,0.012315194913423255,0.44,40,0.1,343,5,0.999821705320039,400,imbalanced,1e-05,2,0.25277161862527714,1e-07,5
0.9886918371130199,8,1000.0,988.6918371130198,True,0.011308162886980111,0.46,40,0.1,345,5,0.999821705320039,400,imbalanced,1e-05,2,0.244988864142539,1e-07,5
0.9892419933226165,8,1000.0,989.2419933226165,True,0.01075800667738347,0.48000000000000004,40,0.1,346,5,0.999821705320039,400,imbalanced,1e-05,2,0.24107142857142855,1e-07,5
0.9900683765972588,8,1000.0,990.0683765972587,True,0.00993162340274123,0.5,40,0.1,348,5,0.999821705320039,400,imbalanced,1e-05,2,0.2331838565022422,1e-07,5
1.0,8,1.0,1.0,True,0.0,0.02,400,1.0,1,10,0.999821705320039,400,imbalanced,1e-05,0,0.07653553435523636,1e-07,5
0.9999986294533953,8,1.1391571806763985,1.1391556194083923,True,1.3705466046509684e-06,0.04,383,0.9575,12,10,0.999821705320039,400,imbalanced,1e-05,0,0.591368227731864,1e-07,5
0.9991279579305765,8,7.764721183421155,7.757950019891869,True,0.0008720420694234843,0.06,202,0.505,67,10,0.999821705320039,400,imbalanced,1e-05,0,0.8373983739837398,1e-07,5
0.9520124909562923,8,178.81540382944362,170.23449802102397,True,0.04798750904370774,0.08,71,0.1775,92,10,0.999821705320039,400,imbalanced,1e-05,0,0.8611898016997167,1e-07,5
0.8650763231569124,8,616.4337381890333,533.2622317024396,True,0.1349236768430876,0.1,47,0.1175,104,10,0.999821705320039,400,imbalanced,1e-05,0,0.8526011560693643,1e-07,5
0.8973702031602708,8,804.9605695096029,722.3476297968398,True,0.10262979683972917,0.12000000000000001,43,0.1075,139,10,0.999821705320039,400,imbalanced,1e-05,0,0.7945205479452055,1e-07,5
0.9299934496795021,8,804.9605695096029,748.6080568942123,True,0.07000655032049785,0.13999999999999999,43,0.1075,164,10,0.999821705320039,400,imbalanced,1e-05,0,0.7480190174326465,1e-07,5
0.9382242571570177,8,804.9605695096029,755.2335323688371,True,0.06177574284298226,0.16,43,0.1075,191,10,0.999821705320039,400,imbalanced,1e-05,0,0.6920529801324503,1e-07,5
0.9547867230281487,8,804.9605695096029,768.5656643289461,True,0.04521327697185129,0.18,43,0.1075,223,10,0.999821705320039,400,imbalanced,1e-05,0,0.6188811188811189,1e-07,5
0.9027582395498392,8,1780.8943428778139,1607.717041800643,True,0.09724176045016075,0.19999999999999998,33,0.0825,247,10,0.999821705320039,400,imbalanced,1e-05,0,0.5583941605839416,1e-07,5
0.9202345590494725,8,1780.8943428778139,1638.8405203318653,True,0.07976544095052751,0.22,33,0.0825,271,10,0.999821705320039,400,imbalanced,1e-05,0,0.4923664122137405,1e-07,5
0.9316861972415224,8,1780.8943428778139,1659.2346780047703,True,0.06831380275847765,0.24,33,0.0825,302,10,0.999821705320039,400,imbalanced,1e-05,0,0.3975659229208925,1e-07,5
0.9379600146160673,8,1780.8943428778139,1670.4076838753458,True,0.06203998538393274,0.26,33,0.0825,321,10,0.999821705320039,400,imbalanced,1e-05,0,0.33333333333333337,1e-07,5
0.9467070600632245,8,1780.8943428778139,1685.9852476290832,True,0.05329293993677553,0.28,33,0.0825,329,10,0.999821705320039,400,imbalanced,1e-05,0,0.3047210300429184,1e-07,5
0.958217790102389,8,1780.8943428778139,1706.4846416382252,True,0.041782209897610945,0.30000000000000004,33,0.0825,336,10,0.999821705320039,400,imbalanced,1e-05,0,0.2788671023965142,1e-07,5
0.970640665514261,8,1780.8943428778139,1728.608470181504,True,0.02935933448573902,0.32,33,0.0825,341,10,0.999821705320039,400,imbalanced,1e-05,0,0.2599118942731278,1e-07,5
0.971743010113028,8,1780.8943428778139,1730.5716294413498,True,0.028256989886972006,0.34,33,0.0825,344,10,0.999821705320039,400,imbalanced,1e-05,0,0.2483370288248337,1e-07,5
0.5722135007849294,8,10973.936899862825,6279.434850863422,True,0.4277864992150706,0.36000000000000004,18,0.045,346,10,0.999821705320039,400,imbalanced,1e-05,0,0.24053452115812918,1e-07,5
0.577998017839445,8,10973.936899862825,6342.913776015857,True,0.42200198216055496,0.38,18,0.045,351,10,0.999821705320039,400,imbalanced,1e-05,0,0.22072072072072071,1e-07,5
0.5842516529753556,8,10973.936899862825,6411.540773392106,True,0.41574834702464436,0.4,18,0.045,355,10,0.999821705320039,400,imbalanced,1e-05,0,0.20454545454545456,1e-07,5
0.5842516529753556,8,10973.936899862825,6411.540773392106,True,0.41574834702464436,0.42000000000000004,18,0.045,355,10,0.999821705320039,400,imbalanced,1e-05,0,0.20454545454545456,1e-07,5
0.6248125133919006,8,10973.936899862825,6856.653096207414,True,0.3751874866080994,0.44,18,0.045,357,10,0.999821705320039,400,imbalanced,1e-05,0,0.19634703196347034,1e-07,5
0.7962861824139814,8,10973.936899862825,8738.394320043692,True,0.2037138175860186,0.46,18,0.045,362,10,0.999821705320039,400,imbalanced,1e-05,0,0.17551963048498845,1e-07,5
0.8403458213256484,8,10973.936899862825,9221.902017291066,True,0.1596541786743516,0.48000000000000004,18,0.045,364,10,0.999821705320039,400,imbalanced,1e-05,0,0.16705336426914152,1e-07,5
0.8751500600240096,8,10973.936899862825,9603.841536614646,True,0.12484993997599036,0.5,18,0.045,367,10,0.999821705320039,400,imbalanced,1e-05,0,0.1542056074766355,1e-07,5
1.0,8,1.0,1.0,True,0.0,0.02,400,1.0,1,10,0.999821705320039,400,imbalanced,1e-05,1,0.07985683927972263,1e-07,5
0.9999988150389919,8,1.184962412251682,1.1849610081174273,True,1.1849610080938433e-06,0.04,378,0.945,18,10,0.999821705320039,400,imbalanced,1e-05,1,0.6202898550724638,1e-07,5
0.9807424079456497,8,17.18639857675137,16.855429924076823,True,0.019257592054350292,0.06,155,0.3875,78,10,0.999821705320039,400,imbalanced,1e-05,1,0.8219178082191781,1e-07,5
0.986116446564824,8,74.64644991981338,73.61009194360547,True,0.013883553435176,0.08,95,0.2375,104,10,0.999821705320039,400,imbalanced,1e-05,1,0.8270893371757926,1e-07,5
0.28965928280520514,8,10973.936899862825,3178.7026919638424,True,0.7103407171947949,0.1,18,0.045,127,10,0.999821705320039,400,imbalanced,1e-05,1,0.8149253731343283,1e-07,5
0.33672055427251735,8,10973.936899862825,3695.150115473441,True,0.6632794457274827,0.12000000000000001,18,0.045,154,10,0.999821705320039,400,imbalanced,1e-05,1,0.7663551401869159,1e-07,5
0.3689271255060729,8,10973.936899862825,4048.582995951417,True,0.6310728744939271,0.13999999999999999,18,0.045,184,10,0.999821705320039,400,imbalanced,1e-05,1,0.7058823529411765,1e-07,5
0.3927801724137931,8,10973.936899862825,4310.3448275862065,True,0.6072198275862069,0.16,18,0.045,210,10,0.999821705320039,400,imbalanced,1e-05,1,0.6484641638225256,1e-07,5
0.39874196636127446,8,10973.936899862825,4375.769178175851,True,0.6012580336387255,0.18,18,0.045,220,10,0.999821705320039,400,imbalanced,1e-05,1,0.625,1e-07,5
0.4213872832369942,8,10973.936899862825,4624.277456647399,True,0.5786127167630057,0.19999999999999998,18,0.045,243,10,0.999821705320039,400,imbalanced,1e-05,1,0.5678119349005426,1e-07,5
0.44289185905224787,8,10973.936899862825,4860.267314702309,True,0.5571081409477521,0.22,18,0.045,268,10,0.999821705320039,400,imbalanced,1e-05,1,0.5009487666034156,1e-07,5
0.47306943543153795,8,10973.936899862825,5191.434133679429,True,0.5269305645684621,0.24,18,0.045,292,10,0.999821705320039,400,imbalanced,1e-05,1,0.4294234592445328,1e-07,5
0.5229555236728838,8,10973.936899862825,5738.880918220947,True,0.4770444763271162,0.26,18,0.045,310,10,0.999821705320039,400,imbalanced,1e-05,1,0.3711340206185567,1e-07,5
0.5745812807881774,8,10973.936899862825,6305.4187192118225,True,0.4254187192118226,0.28,18,0.045,329,10,0.999821705320039,400,imbalanced,1e-05,1,0.3047210300429184,1e-07,5
0.5884964682139253,8,10973.936899862825,6458.123107971745,True,0.4115035317860747,0.30000000000000004,18,0.045,337,10,0.999821705320039,400,imbalanced,1e-05,1,0.27510917030567683,1e-07,5
0.624010271774021,8,10973.936899862825,6847.849347314359,True,0.375989728225979,0.32,18,0.045,345,10,0.999821705320039,400,imbalanced,1e-05,1,0.2444444444444444,1e-07,5
0.6538116591928251,8,10973.936899862825,7174.8878923766815,True,0.34618834080717487,0.34,18,0.045,348,10,0.999821705320039,400,imbalanced,1e-05,1,0.23266219239373603,1e-07,5
0.6569047082676278,8,10973.936899862825,7208.830817751746,True,0.3430952917323722,0.36000000000000004,18,0.045,350,10,0.999821705320039,400,imbalanced,1e-05,1,0.22471910112359553,1e-07,5
0.7014674043781574,8,10973.936899862825,7697.859032956459,True,0.29853259562184264,0.38,18,0.045,353,10,0.999821705320039,400,imbalanced,1e-05,1,0.21266968325791855,1e-07,5
0.7455893633341857,8,10973.936899862825,8182.050626438251,True,0.2544106366658143,0.4,18,0.045,356,10,0.999821705320039,400,imbalanced,1e-05,1,0.20045558086560364,1e-07,5
0.8191011235955056,8,10973.936899862825,8988.76404494382,True,0.18089887640449442,0.42000000000000004,18,0.045,362,10,0.999821705320039,400,imbalanced,1e-05,1,0.17551963048498845,1e-07,5
0.8447276940903824,8,10973.936899862825,9269.988412514484,True,0.1552723059096176,0.44,18,0.045,363,10,0.999821705320039,400,imbalanced,1e-05,1,0.17129629629629628,1e-07,5
0.8871311226041984,8,10973.936899862825,9735.320961362944,True,0.11286887739580165,0.46,18,0.045,366,10,0.999821705320039,400,imbalanced,1e-05,1,0.1585081585081585,1e-07,5
0.91296180338134,8,10973.936899862825,10018.785222291797,True,0.08703819661865997,0.48000000000000004,18,0.045,369,10,0.999821705320039,400,imbalanced,1e-05,1,0.1455399061032864,1e-07,5
0.9277760101813554,8,10973.936899862825,10181.355392936684,True,0.07222398981864464,0.5,18,0.045,375,10,0.999821705320039,400,imbalanced,1e-05,1,0.11904761904761907,1e-07,5
1.0,8,1.0,1.0,True,0.0,0.02,400,1.0,1,10,0.999821705320039,400,imbalanced,1e-05,2,0.21509047456469785,1e-07,5
0.9997914287028976,8,4.19589809002719,4.195022946120043,True,0.00020857129710238898,0.04,248,0.62,64,10,0.999821705320039,400,imbalanced,1e-05,2,0.7343358395989975,1e-07,5
0.9978425892445985,8,35.24524079107943,35.16920232952004,True,0.0021574107554015454,0.06,122,0.305,159,10,0.999821705320039,400,imbalanced,1e-05,2,0.7160493827160493,1e-07,5
0.9607773748245203,8,194.81962442429278,187.17828731867104,True,0.0392226251754797,0.08,69,0.1725,213,10,0.999821705320039,400,imbalanced,1e-05,2,0.6267123287671232,1e-07,5
0.9214396183386196,8,455.1661356395084,419.40811030433304,True,0.07856038166138035,0.1,52,0.13,272,10,0.999821705320039,400,imbalanced,1e-05,2,0.48183556405353734,1e-07,5
0.9313696955585308,8,1000.0,931.3696955585308,True,0.06863030444146923,0.12000000000000001,40,0.1,317,10,0.999821705320039,400,imbalanced,1e-05,2,0.3480083857442348,1e-07,5
0.9555661729574773,8,1000.0,955.5661729574773,True,0.044433827042522744,0.13999999999999999,40,0.1,330,10,0.999821705320039,400,imbalanced,1e-05,2,0.3017241379310345,1e-07,5
0.9555661729574773,8,1000.0,955.5661729574773,True,0.044433827042522744,0.16,40,0.1,330,10,0.999821705320039,400,imbalanced,1e-05,2,0.3017241379310345,1e-07,5
0.9642039291310112,8,1000.0,964.2039291310113,True,0.03579607086898884,0.18,40,0.1,332,10,0.999821705320039,400,imbalanced,1e-05,2,0.29437229437229434,1e-07,5
0.9642039291310112,8,1000.0,964.2039291310113,True,0.03579607086898884,0.19999999999999998,40,0.1,332,10,0.999821705320039,400,imbalanced,1e-05,2,0.29437229437229434,1e-07,5
0.9642039291310112,8,1000.0,964.2039291310113,True,0.03579607086898884,0.22,40,0.1,332,10,0.999821705320039,400,imbalanced,1e-05,2,0.29437229437229434,1e-07,5
0.9642039291310112,8,1000.0,964.2039291310113,True,0.03579607086898884,0.24,40,0.1,332,10,0.999821705320039,400,imbalanced,1e-05,2,0.29437229437229434,1e-07,5
0.9747776288534178,8,1000.0,974.7776288534178,True,0.025222371146582212,0.26,40,0.1,333,10,0.999821705320039,400,imbalanced,1e-05,2,0.29067245119305857,1e-07,5
0.975312404754648,8,1000.0,975.312404754648,True,0.024687595245352023,0.28,40,0.1,334,10,0.999821705320039,400,imbalanced,1e-05,2,0.28695652173913044,1e-07,5
0.9785334230322305,8,1000.0,978.5334230322304,True,0.021466576967769546,0.30000000000000004,40,0.1,335,10,0.999821705320039,400,imbalanced,1e-05,2,0.28322440087145967,1e-07,5
0.9785334230322305,8,1000.0,978.5334230322304,True,0.021466576967769546,0.32,40,0.1,335,10,0.999821705320039,400,imbalanced,1e-05,2,0.28322440087145967,1e-07,5
0.98015192354815,8,1000.0,980.15192354815,True,0.01984807645185005,0.34,40,0.1,337,10,0.999821705320039,400,imbalanced,1e-05,2,0.27571115973741794,1e-07,5
0.9860413521092041,8,1000.0,986.0413521092041,True,0.013958647890795928,0.36000000000000004,40,0.1,341,10,0.999821705320039,400,imbalanced,1e-05,2,0.26048565121412803,1e-07,5
0.9860413521092041,8,1000.0,986.0413521092041,True,0.013958647890795928,0.38,40,0.1,341,10,0.999821705320039,400,imbalanced,1e-05,2,0.26048565121412803,1e-07,5
0.9863148810257675,8,1000.0,986.3148810257675,True,0.013685118974232524,0.4,40,0.1,342,10,0.999821705320039,400,imbalanced,1e-05,2,0.2566371681415929,1e-07,5
0.9877762686751451,8,1000.0,987.776268675145,True,0.01222373132485488,0.42000000000000004,40,0.1,344,10,0.999821705320039,400,imbalanced,1e-05,2,0.2488888888888889,1e-07,5
0.9886918371130199,8,1000.0,988.6918371130198,True,0.011308162886980111,0.44,40,0.1,345,10,0.999821705320039,400,imbalanced,1e-05,2,0.244988864142539,1e-07,5
0.9892419933226165,8,1000.0,989.2419933226165,True,0.01075800667738347,0.46,40,0.1,346,10,0.999821705320039,400,imbalanced,1e-05,2,0.24107142857142855,1e-07,5
0.9892419933226165,8,1000.0,989.2419933226165,True,0.01075800667738347,0.48000000000000004,40,0.1,346,10,0.999821705320039,400,imbalanced,1e-05,2,0.24107142857142855,1e-07,5
0.9903441445902451,8,1000.0,990.3441445902452,True,0.009655855409754888,0.5,40,0.1,349,10,0.999821705320039,400,imbalanced,1e-05,2,0.2292134831460674,1e-07,5
1.0,8,1.0,1.0,True,0.0,0.02,800,1.0,1,2,0.999821705320039,800,imbalanced,1e-05,0,0.023612586414056107,1e-07,5
1.0,8,1.0,1.0,True,0.0,0.04,800,1.0,1,2,0.999821705320039,800,imbalanced,1e-05,0,0.2036673215455141,1e-07,5
0.9999986761049247,8,1.4799894670999614,1.4799875077491944,True,1.3238950753446943e-06,0.06,702,0.8775,65,2,0.999821705320039,800,imbalanced,1e-05,0,0.6025236593059937,1e-07,5
0.9999322496013826,8,7.268081791528787,7.2675893760902275,True,6.77503986173944e-05,0.08,413,0.51625,225,2,0.999821705320039,800,imbalanced,1e-05,0,0.6815642458100559,1e-07,5
0.9981408007139548,8,89.27109626824151,89.10512350979512,True,0.0018591992860451656,0.1,179,0.22375,377,2,0.999821705320039,800,imbalanced,1e-05,0,0.6273241713823767,1e-07,5
0.9857151842790886,8,429.88507291253853,423.74424386481235,True,0.014284815720911448,0.12000000000000001,106,0.1325,474,2,0.999821705320039,800,imbalanced,1e-05,0,0.5559502664298402,1e-07,5
0.9600105141415204,8,1121.4961459522094,1076.648091683314,True,0.03998948585847961,0.13999999999999999,77,0.09625,572,2,0.999821705320039,800,imbalanced,1e-05,0,0.43359375000000006,1e-07,5
0.6193643368763965,8,8631.298572126974,5345.9185165076115,True,0.38063566312360353,0.16,39,0.04875,652,2,0.999821705320039,800,imbalanced,1e-05,0,0.3117709437963945,1e-07,5
0.4400962309542903,8,23323.615160349855,10264.635124298316,True,0.5599037690457097,0.18,28,0.035,674,2,0.999821705320039,800,imbalanced,1e-05,0,0.2736156351791531,1e-07,5
0.4566863609885995,8,23323.615160349855,10651.576932678705,True,0.5433136390114005,0.19999999999999998,28,0.035,689,2,0.999821705320039,800,imbalanced,1e-05,0,0.24503311258278146,1e-07,5
0.5202635445797981,8,23323.615160349855,12134.42669573873,True,0.47973645542020193,0.22,28,0.035,697,2,0.999821705320039,800,imbalanced,1e-05,0,0.22939866369710468,1e-07,5
0.5210044144871125,8,23323.615160349855,12151.706460340818,True,0.47899558551288746,0.24,28,0.035,700,2,0.999821705320039,800,imbalanced,1e-05,0,0.223463687150838,1e-07,5
0.5529749609552118,8,23323.615160349855,12897.375182628848,True,0.4470250390447882,0.26,28,0.035,703,2,0.999821705320039,800,imbalanced,1e-05,0,0.21748878923766818,1e-07,5
0.680893300248139,8,23323.615160349855,15880.893300248139,True,0.319106699751861,0.28,28,0.035,710,2,0.999821705320039,800,imbalanced,1e-05,0,0.2033898305084746,1e-07,5
0.7387763343878306,8,23323.615160349855,17230.9349128357,True,0.26122366561216936,0.30000000000000004,28,0.035,719,2,0.999821705320039,800,imbalanced,1e-05,0,0.18493150684931509,1e-07,5
0.7859086352570528,8,23323.615160349855,18330.23055993126,True,0.2140913647429472,0.32,28,0.035,729,2,0.999821705320039,800,imbalanced,1e-05,0,0.16397228637413394,1e-07,5
0.7865844919019636,8,23323.615160349855,18345.993980220726,True,0.21341550809803644,0.34,28,0.035,731,2,0.999821705320039,800,imbalanced,1e-05,0,0.1597222222222222,1e-07,5
0.7918620590145011,8,23323.615160349855,18469.08592453647,True,0.20813794098549887,0.36000000000000004,28,0.035,733,2,0.999821705320039,800,imbalanced,1e-05,0,0.1554524361948956,1e-07,5
0.8007003209804494,8,23323.615160349855,18675.226145316603,True,0.1992996790195506,0.38,28,0.035,736,2,0.999821705320039,800,imbalanced,1e-05,0,0.1490104772991851,1e-07,5
0.8008755928493251,8,23323.615160349855,18679.314118934697,True,0.19912440715067492,0.4,28,0.035,737,2,0.999821705320039,800,imbalanced,1e-05,0,0.14685314685314685,1e-07,5
0.8014018691588785,8,23323.615160349855,18691.58878504673,True,0.19859813084112155,0.42000000000000004,28,0.035,738,2,0.999821705320039,800,imbalanced,1e-05,0,0.14469078179696615,1e-07,5
0.8014018691588785,8,23323.615160349855,18691.58878504673,True,0.19859813084112155,0.44,28,0.035,738,2,0.999821705320039,800,imbalanced,1e-05,0,0.14469078179696615,1e-07,5
0.8019288375831081,8,23323.615160349855,18703.879593775117,True,0.19807116241689193,0.46,28,0.035,739,2,0.999821705320039,800,imbalanced,1e-05,0,0.1425233644859813,1e-07,5
0.8019288375831081,8,23323.615160349855,18703.879593775117,True,0.19807116241689193,0.48000000000000004,28,0.035,739,2,0.999821705320039,800,imbalanced,1e-05,0,0.1425233644859813,1e-07,5
0.8021046477638117,8,23323.615160349855,18707.980122771118,True,0.19789535223618826,0.5,28,0.035,740,2,0.999821705320039,800,imbalanced,1e-05,0,0.14035087719298245,1e-07,5
1.0,8,1.0,1.0,True,0.0,0.02,800,1.0,1,2,0.999821705320039,800,imbalanced,1e-05,1,0.013882221923542175,1e-07,5
1.0,8,1.0,1.0,True,0.0,0.04,800,1.0,1,2,0.999821705320039,800,imbalanced,1e-05,1,0.05296660117878192,1e-07,5
0.9999999980395324,8,1.0037593945679353,1.0037593926000976,True,1.9604675660644943e-09,0.06,799,0.99875,2,2,0.999821705320039,800,imbalanced,1e-05,1,0.23555638120007436,1e-07,5
0.9999995726747275,8,1.208788027783738,1.2087875112380644,True,4.273252725006671e-07,0.08,751,0.93875,36,2,0.999821705320039,800,imbalanced,1e-05,1,0.5893115069812229,1e-07,5
0.999974806704484,8,2.9949598978086924,2.9948844448989287,True,2.5193295515979486e-05,0.1,555,0.69375,113,2,0.999821705320039,800,imbalanced,1e-05,1,0.759974667511083,1e-07,5
0.9996816428787317,8,10.973936899862826,10.970443268902406,True,0.00031835712126826454,0.12000000000000001,360,0.45,168,2,0.999821705320039,800,imbalanced,1e-05,1,0.7961432506887052,1e-07,5
0.9469189615949303,8,86.34441200720234,81.76116095738487,True,0.053081038405069725,0.13999999999999999,181,0.22625,217,2,0.999821705320039,800,imbalanced,1e-05,1,0.7985559566787003,1e-07,5
0.77919058440279,8,1078.9123215158718,840.678322321323,True,0.22080941559721,0.16,78,0.0975,269,2,0.999821705320039,800,imbalanced,1e-05,1,0.7855530474040633,1e-07,5
0.4643228545532605,8,5260.129859455906,2442.398511663407,True,0.5356771454467395,0.18,46,0.0575,314,2,0.999821705320039,800,imbalanced,1e-05,1,0.7523364485981309,1e-07,5
0.7915297791367141,8,5260.129859455906,4163.549425885568,True,0.20847022086328593,0.19999999999999998,46,0.0575,350,2,0.999821705320039,800,imbalanced,1e-05,1,0.7217321571772254,1e-07,5
0.7991330191622469,8,5260.129859455906,4203.543455772483,True,0.20086698083775312,0.22,46,0.0575,379,2,0.999821705320039,800,imbalanced,1e-05,1,0.6912972085385879,1e-07,5
0.8640874953393818,8,5260.129859455906,4545.212435417147,True,0.13591250466061822,0.24,46,0.0575,411,2,0.999821705320039,800,imbalanced,1e-05,1,0.6559865092748736,1e-07,5
0.8731095602877594,8,5260.129859455906,4592.669668646059,True,0.12689043971224057,0.26,46,0.0575,442,2,0.999821705320039,800,imbalanced,1e-05,1,0.6187175043327556,1e-07,5
0.4620885476916605,8,29130.63268092854,13460.931748869492,True,0.5379114523083395,0.28,26,0.0325,486,2,0.999821705320039,800,imbalanced,1e-05,1,0.5644724977457168,1e-07,5
0.5626480568538319,8,29130.63268092854,16390.293872847174,True,0.4373519431461681,0.30000000000000004,26,0.0325,515,2,0.999821705320039,800,imbalanced,1e-05,1,0.5259259259259259,1e-07,5
0.5924627519719544,8,29130.63268092854,17258.814804827074,True,0.4075372480280456,0.32,26,0.0325,546,2,0.999821705320039,800,imbalanced,1e-05,1,0.48236415633937085,1e-07,5
0.623350829904951,8,29130.63268092854,18158.604057313096,True,0.37664917009504895,0.34,26,0.0325,583,2,0.999821705320039,800,imbalanced,1e-05,1,0.4288537549407115,1e-07,5
0.6416471962616822,8,29130.63268092854,18691.58878504673,True,0.3583528037383178,0.36000000000000004,26,0.0325,614,2,0.999821705320039,800,imbalanced,1e-05,1,0.3792048929663609,1e-07,5
0.6708909077028781,8,29130.63268092854,19543.476601267274,True,0.32910909229712193,0.38,26,0.0325,641,2,0.999821705320039,800,imbalanced,1e-05,1,0.33333333333333337,1e-07,5
0.6888766951477621,8,29130.63268092854,20067.413968801444,True,0.31112330485223794,0.4,26,0.0325,654,2,0.999821705320039,800,imbalanced,1e-05,1,0.310308182784272,1e-07,5
0.282332273715911,8,151703.7037037037,42830.85159779154,True,0.7176677262840889,0.42000000000000004,15,0.01875,667,2,0.999821705320039,800,imbalanced,1e-05,1,0.28663793103448276,1e-07,5
0.29631255487269537,8,151703.7037037037,44951.71202809482,True,0.7036874451273046,0.44,15,0.01875,683,2,0.999821705320039,800,imbalanced,1e-05,1,0.2565789473684211,1e-07,5
0.32508187247158543,8,151703.7037037037,49316.124060874594,True,0.6749181275284146,0.46,15,0.01875,691,2,0.999821705320039,800,imbalanced,1e-05,1,0.24115044247787612,1e-07,5
0.356614539306847,8,151703.7037037037,54099.74640743872,True,0.643385460693153,0.48000000000000004,15,0.01875,699,2,0.999821705320039,800,imbalanced,1e-05,1,0.22544642857142858,1e-07,5
0.39244186046511625,8,151703.7037037037,59534.88372093023,True,0.6075581395348837,0.5,15,0.01875,707,2,0.999821705320039,800,imbalanced,1e-05,1,0.20945945945945946,1e-07,5
1.0,8,1.0,1.0,True,0.0,0.02,800,1.0,1,2,0.999821705320039,800,imbalanced,1e-05,2,0.021749971847299755,1e-07,5
1.0,8,1.0,1.0,True,0.0,0.04,800,1.0,1,2,0.999821705320039,800,imbalanced,1e-05,2,0.1530456852791878,1e-07,5
0.9999994886611885,8,1.2233906792616775,1.2233900536945417,True,5.113388115152162e-07,0.06,748,0.935,37,2,0.999821705320039,800,imbalanced,1e-05,2,0.4905172413793103,1e-07,5
0.999974829011239,8,4.221379183117781,4.2212729268298075,True,2.5170988760980784e-05,0.08,495,0.61875,167,2,0.999821705320039,800,imbalanced,1e-05,2,0.6577608142493638,1e-07,5
0.9996402196462665,8,24.6190833959429,24.610225933410113,True,0.0003597803537335187,0.1,275,0.34375,304,2,0.999821705320039,800,imbalanced,1e-05,2,0.6551982049364249,1e-07,5
0.9951077127451559,8,154.77868612847416,154.0214643350063,True,0.004892287254844141,0.12000000000000001,149,0.18625,430,2,0.999821705320039,800,imbalanced,1e-05,2,0.5808636748518204,1e-07,5
0.9845134045346716,8,527.6723978897227,519.5005489253847,True,0.015486595465328379,0.13999999999999999,99,0.12375,534,2,0.999821705320039,800,imbalanced,1e-05,2,0.47654784240150094,1e-07,5
0.7097065019459421,8,6439.684556076823,4570.285999928589,True,0.2902934980540579,0.16,43,0.05375,626,2,0.999821705320039,800,imbalanced,1e-05,2,0.34809474768280124,1e-07,5
0.4126470919959397,8,23323.615160349855,9624.42197075078,True,0.5873529080040603,0.18,28,0.035,670,2,0.999821705320039,800,imbalanced,1e-05,2,0.2786177105831533,1e-07,5
0.5368774207626426,8,26012.29487374892,13965.413779935629,True,0.46312257923735745,0.19999999999999998,27,0.03375,689,2,0.999821705320039,800,imbalanced,1e-05,2,0.24476295479603088,1e-07,5
0.5382869332166493,8,26012.29487374892,14002.078433517476,True,0.46171306678335067,0.22,27,0.03375,694,2,0.999821705320039,800,imbalanced,1e-05,2,0.23503325942350328,1e-07,5
0.5382869332166493,8,26012.29487374892,14002.078433517476,True,0.46171306678335067,0.24,27,0.03375,694,2,0.999821705320039,800,imbalanced,1e-05,2,0.23529411764705882,1e-07,5
0.5574973092392228,8,26012.29487374892,14501.784399252252,True,0.4425026907607772,0.26,27,0.03375,695,2,0.999821705320039,800,imbalanced,1e-05,2,0.23333333333333334,1e-07,5
0.5760990458350407,8,26012.29487374892,14985.658256746474,True,0.4239009541649593,0.28,27,0.03375,696,2,0.999821705320039,800,imbalanced,1e-05,2,0.2313681868743048,1e-07,5
0.6369490647854508,8,26012.29487374892,16568.50689275775,True,0.36305093521454923,0.30000000000000004,27,0.03375,702,2,0.999821705320039,800,imbalanced,1e-05,2,0.219484882418813,1e-07,5
0.738629540678475,8,26012.29487374892,19213.449414590214,True,0.26137045932152503,0.32,27,0.03375,713,2,0.999821705320039,800,imbalanced,1e-05,2,0.19727891156462585,1e-07,5
0.8111349212890464,8,26012.29487374892,21099.480754965796,True,0.1888650787109536,0.34,27,0.03375,720,2,0.999821705320039,800,imbalanced,1e-05,2,0.18285714285714286,1e-07,5
0.8129439947133653,8,26012.29487374892,21146.53890632744,True,0.18705600528663469,0.36000000000000004,27,0.03375,722,2,0.999821705320039,800,imbalanced,1e-05,2,0.17869415807560138,1e-07,5
0.8167897750850693,8,26012.29487374892,21246.576479375883,True,0.18321022491493066,0.38,27,0.03375,725,2,0.999821705320039,800,imbalanced,1e-05,2,0.1724137931034483,1e-07,5
0.8174003322259136,8,26012.29487374892,21262.458471760798,True,0.18259966777408643,0.4,27,0.03375,726,2,0.999821705320039,800,imbalanced,1e-05,2,0.17031070195627157,1e-07,5
0.8482589208757111,8,26012.29487374892,22065.16117910705,True,0.1517410791242889,0.42000000000000004,27,0.03375,728,2,0.999821705320039,800,imbalanced,1e-05,2,0.16608996539792387,1e-07,5
0.8482589208757111,8,26012.29487374892,22065.16117910705,True,0.1517410791242889,0.44,27,0.03375,728,2,0.999821705320039,800,imbalanced,1e-05,2,0.16608996539792387,1e-07,5
0.8482589208757111,8,26012.29487374892,22065.16117910705,True,0.1517410791242889,0.46,27,0.03375,728,2,0.999821705320039,800,imbalanced,1e-05,2,0.16608996539792387,1e-07,5
0.8484783170963014,8,26012.29487374892,22070.86817829123,True,0.1515216829036986,0.48000000000000004,27,0.03375,729,2,0.999821705320039,800,imbalanced,1e-05,2,0.16397228637413394,1e-07,5
0.8500172741406115,8,26012.29487374892,22110.89998272586,True,0.14998272585938854,0.5,27,0.03375,731,2,0.999821705320039,800,imbalanced,1e-05,2,0.1597222222222222,1e-07,5
1.0,8,1.0,1.0,True,0.0,0.02,800,1.0,1,5,0.999821705320039,800,imbalanced,1e-05,0,0.08768106652993206,1e-07,5
0.9999982880595828,8,1.354737239755737,1.3547349205263015,True,1.7119404172039054e-06,0.04,723,0.90375,46,5,0.999821705320039,800,imbalanced,1e-05,0,0.663843303335098,1e-07,5
0.9976201509389186,8,18.58870486393794,18.54446655212078,True,0.0023798490610813516,0.06,302,0.3775,178,5,0.999821705320039,800,imbalanced,1e-05,0,0.792817679558011,1e-07,5
0.9785597025148367,8,289.01065218753405,282.81417782825224,True,0.021440297485163295,0.08,121,0.15125,306,5,0.999821705320039,800,imbalanced,1e-05,0,0.7444015444015444,1e-07,5
0.7356773588898631,8,5260.129859455906,3869.758442422227,True,0.2643226411101369,0.1,46,0.0575,400,5,0.999821705320039,800,imbalanced,1e-05,0,0.6677824267782427,1e-07,5
0.3712372319556247,8,23323.615160349855,8658.594331326523,True,0.6287627680443753,0.12000000000000001,28,0.035,482,5,0.999821705320039,800,imbalanced,1e-05,0,0.5714285714285715,1e-07,5
0.3912036211997006,8,23323.615160349855,9124.282710197098,True,0.6087963788002995,0.13999999999999999,28,0.035,583,5,0.999821705320039,800,imbalanced,1e-05,0,0.4288537549407115,1e-07,5
0.41222864868925113,8,23323.615160349855,9614.662360099152,True,0.5877713513107489,0.16,28,0.035,651,5,0.999821705320039,800,imbalanced,1e-05,0,0.3156779661016949,1e-07,5
0.41945962471815645,8,23323.615160349855,9783.314862231055,True,0.5805403752818435,0.18,28,0.035,670,5,0.999821705320039,800,imbalanced,1e-05,0,0.2810810810810811,1e-07,5
0.45606016537167077,8,23323.615160349855,10636.971787094362,True,0.5439398346283293,0.19999999999999998,28,0.035,688,5,0.999821705320039,800,imbalanced,1e-05,0,0.24696802646085997,1e-07,5
0.4588628762541806,8,23323.615160349855,10702.341137123745,True,0.5411371237458193,0.22,28,0.035,695,5,0.999821705320039,800,imbalanced,1e-05,0,0.23333333333333334,1e-07,5
0.45955451348182885,8,23323.615160349855,10718.472617651985,True,0.5404454865181711,0.24,28,0.035,700,5,0.999821705320039,800,imbalanced,1e-05,0,0.223463687150838,1e-07,5
0.5330743079164643,8,23323.615160349855,12433.220009713454,True,0.46692569208353574,0.26,28,0.035,702,5,0.999821705320039,800,imbalanced,1e-05,0,0.219484882418813,1e-07,5
0.7120337333765813,8,23323.615160349855,16607.200778462535,True,0.28796626662341873,0.28,28,0.035,713,5,0.999821705320039,800,imbalanced,1e-05,0,0.19727891156462585,1e-07,5
0.7507523939808481,8,23323.615160349855,17510.259917920655,True,0.24924760601915186,0.30000000000000004,28,0.035,723,5,0.999821705320039,800,imbalanced,1e-05,0,0.176605504587156,1e-07,5
0.753690860399643,8,23323.615160349855,17578.795577834237,True,0.24630913960035705,0.32,28,0.035,726,5,0.999821705320039,800,imbalanced,1e-05,0,0.17031070195627157,1e-07,5
0.7840560040002857,8,23323.615160349855,18287.02050146439,True,0.21594399599971426,0.34,28,0.035,730,5,0.999821705320039,800,imbalanced,1e-05,0,0.16184971098265896,1e-07,5
0.7918620590145011,8,23323.615160349855,18469.08592453647,True,0.20813794098549887,0.36000000000000004,28,0.035,733,5,0.999821705320039,800,imbalanced,1e-05,0,0.1554524361948956,1e-07,5
0.7980804188177125,8,23323.615160349855,18614.12055551516,True,0.20191958118228748,0.38,28,0.035,735,5,0.999821705320039,800,imbalanced,1e-05,0,0.1511627906976744,1e-07,5
0.7982545454545454,8,23323.615160349855,18618.18181818182,True,0.20174545454545456,0.4,28,0.035,736,5,0.999821705320039,800,imbalanced,1e-05,0,0.1490104772991851,1e-07,5
0.7987773815588385,8,23323.615160349855,18630.376246270287,True,0.20122261844116152,0.42000000000000004,28,0.035,737,5,0.999821705320039,800,imbalanced,1e-05,0,0.14685314685314685,1e-07,5
0.8019288375831081,8,23323.615160349855,18703.879593775117,True,0.19807116241689193,0.44,28,0.035,739,5,0.999821705320039,800,imbalanced,1e-05,0,0.1425233644859813,1e-07,5
0.8019288375831081,8,23323.615160349855,18703.879593775117,True,0.19807116241689193,0.46,28,0.035,739,5,0.999821705320039,800,imbalanced,1e-05,0,0.1425233644859813,1e-07,5
0.8021046477638117,8,23323.615160349855,18707.980122771118,True,0.19789535223618826,0.48000000000000004,28,0.035,740,5,0.999821705320039,800,imbalanced,1e-05,0,0.14035087719298245,1e-07,5
0.8021046477638117,8,23323.615160349855,18707.980122771118,True,0.19789535223618826,0.5,28,0.035,740,5,0.999821705320039,800,imbalanced,1e-05,0,0.14035087719298245,1e-07,5
1.0,8,1.0,1.0,True,0.0,0.02,800,1.0,1,5,0.999821705320039,800,imbalanced,1e-05,1,0.029515022860875244,1e-07,5
0.9999999980395324,8,1.0037593945679353,1.0037593926000976,True,1.9604675660644943e-09,0.04,799,0.99875,2,5,0.999821705320039,800,imbalanced,1e-05,1,0.31039260969976906,1e-07,5
0.9999965417648945,8,1.7410250710160555,1.7410190501420355,True,3.458235105502361e-06,0.06,665,0.83125,82,5,0.999821705320039,800,imbalanced,1e-05,1,0.7609756097560976,1e-07,5
0.9997350651927985,8,7.881190074478478,7.879102072905578,True,0.0002649348072014668,0.08,402,0.5025,143,5,0.999821705320039,800,imbalanced,1e-05,1,0.8398091342876618,1e-07,5
0.9667224982360098,8,137.49118861401095,132.91582534237506,True,0.03327750176399025,0.1,155,0.19375,184,5,0.999821705320039,800,imbalanced,1e-05,1,0.8522968197879859,1e-07,5
0.41942517343904856,8,5260.129859455906,2206.230878614211,True,0.5805748265609514,0.12000000000000001,46,0.0575,216,5,0.999821705320039,800,imbalanced,1e-05,1,0.8457639391745111,1e-07,5
0.5472434304476403,8,5260.129859455906,2878.571508888714,True,0.45275656955235966,0.13999999999999999,46,0.0575,242,5,0.999821705320039,800,imbalanced,1e-05,1,0.8236162361623617,1e-07,5
0.5666845206213176,8,5260.129859455906,2980.8341678116485,True,0.4333154793786824,0.16,46,0.0575,270,5,0.999821705320039,800,imbalanced,1e-05,1,0.7987942727957799,1e-07,5
0.7368803561154347,8,5260.129859455906,3876.086364049299,True,0.2631196438845653,0.18,46,0.0575,308,5,0.999821705320039,800,imbalanced,1e-05,1,0.7633824670287044,1e-07,5
0.7620091438592096,8,5260.129859455906,4008.267050792259,True,0.2379908561407904,0.19999999999999998,46,0.0575,344,5,0.999821705320039,800,imbalanced,1e-05,1,0.727853152434158,1e-07,5
0.6970031969882577,8,10973.936899862825,7648.8691027518,True,0.30299680301174226,0.22,36,0.045,375,5,0.999821705320039,800,imbalanced,1e-05,1,0.6961506961506961,1e-07,5
0.46480139630824563,8,29130.63268092854,13539.958745438198,True,0.5351986036917544,0.24,26,0.0325,408,5,0.999821705320039,800,imbalanced,1e-05,1,0.65993265993266,1e-07,5
0.5137979420018709,8,29130.63268092854,14967.259120673527,True,0.4862020579981291,0.26,26,0.0325,441,5,0.999821705320039,800,imbalanced,1e-05,1,0.6216450216450217,1e-07,5
0.5328644191122969,8,29130.63268092854,15522.677661896678,True,0.46713558088770313,0.28,26,0.0325,479,5,0.999821705320039,800,imbalanced,1e-05,1,0.5747538048343778,1e-07,5
0.5554993678887484,8,29130.63268092854,16182.04804045512,True,0.44450063211125157,0.30000000000000004,26,0.0325,508,5,0.999821705320039,800,imbalanced,1e-05,1,0.5354185832566697,1e-07,5
0.5854763491005996,8,29130.63268092854,17055.296469020654,True,0.41452365089940035,0.32,26,0.0325,540,5,0.999821705320039,800,imbalanced,1e-05,1,0.4928909952606635,1e-07,5
0.6140730906295856,8,29130.63268092854,17888.337642373,True,0.3859269093704144,0.34,26,0.0325,582,5,0.999821705320039,800,imbalanced,1e-05,1,0.43040473840078974,1e-07,5
0.6399650451500145,8,29130.63268092854,18642.586658898923,True,0.3600349548499855,0.36000000000000004,26,0.0325,616,5,0.999821705320039,800,imbalanced,1e-05,1,0.37589376915219613,1e-07,5
0.6688993758562947,8,29130.63268092854,19485.46201857208,True,0.33110062414370534,0.38,26,0.0325,642,5,0.999821705320039,800,imbalanced,1e-05,1,0.33158447009443864,1e-07,5
0.6872604989442402,8,29130.63268092854,20020.33315085634,True,0.31273950105575976,0.4,26,0.0325,652,5,0.999821705320039,800,imbalanced,1e-05,1,0.3138918345705196,1e-07,5
0.7025903421810041,8,29130.63268092854,20466.901183242724,True,0.29740965781899587,0.42000000000000004,26,0.0325,664,5,0.999821705320039,800,imbalanced,1e-05,1,0.29215896885069814,1e-07,5
0.29978681826256887,8,151703.7037037037,45478.77065198081,True,0.7002131817374311,0.44,15,0.01875,681,5,0.999821705320039,800,imbalanced,1e-05,1,0.2603938730853392,1e-07,5
0.3304288231838653,8,151703.7037037037,50127.2762874486,True,0.6695711768161348,0.46,15,0.01875,693,5,0.999821705320039,800,imbalanced,1e-05,1,0.23725055432372505,1e-07,5
0.34608285479901557,8,151703.7037037037,52502.05086136177,True,0.6539171452009844,0.48000000000000004,15,0.01875,700,5,0.999821705320039,800,imbalanced,1e-05,1,0.223463687150838,1e-07,5
0.3949216007488884,8,151703.7037037037,59911.06950620173,True,0.6050783992511116,0.5,15,0.01875,709,5,0.999821705320039,800,imbalanced,1e-05,1,0.2054176072234763,1e-07,5
1.0,8,1.0,1.0,True,0.0,0.02,800,1.0,1,5,0.999821705320039,800,imbalanced,1e-05,2,0.0710502380824996,1e-07,5
0.9999993524099129,8,1.3053792885584974,1.3053784432078102,True,6.475900871105722e-07,0.04,732,0.915,49,5,0.999821705320039,800,imbalanced,1e-05,2,0.5712927756653993,1e-07,5
0.9999022480051905,8,7.594282235239923,7.5935398790022814,True,9.775199480954733e-05,0.06,407,0.50875,159,5,0.999821705320039,800,imbalanced,1e-05,2,0.767881241565452,1e-07,5
0.9956293055384935,8,97.19014188242119,96.76535346758266,True,0.004370694461506508,0.08,174,0.2175,252,5,0.999821705320039,800,imbalanced,1e-05,2,0.7682119205298013,1e-07,5
0.8876542093713271,8,2370.3703703703704,2104.069237028331,True,0.11234579062867289,0.1,60,0.075,367,5,0.999821705320039,800,imbalanced,1e-05,2,0.6920583468395463,1e-07,5
0.7119077336661707,8,8631.298572126974,6144.688205078969,True,0.28809226633382934,0.12000000000000001,39,0.04875,465,5,0.999821705320039,800,imbalanced,1e-05,2,0.589585172109444,1e-07,5
0.7448392767453541,8,8631.298572126974,6428.930185836263,True,0.2551607232546459,0.13999999999999999,39,0.04875,549,5,0.999821705320039,800,imbalanced,1e-05,2,0.47755491881566386,1e-07,5
0.5122313017227919,8,26012.29487374892,13324.311663977514,True,0.48776869827720815,0.16,27,0.03375,642,5,0.999821705320039,800,imbalanced,1e-05,2,0.3312368972746332,1e-07,5
0.5353878794472854,8,26012.29487374892,13926.667392013927,True,0.4646121205527146,0.18,27,0.03375,684,5,0.999821705320039,800,imbalanced,1e-05,2,0.2543859649122807,1e-07,5
0.5372291063922703,8,26012.29487374892,13974.561930236367,True,0.4627708936077297,0.19999999999999998,27,0.03375,691,5,0.999821705320039,800,imbalanced,1e-05,2,0.24115044247787612,1e-07,5
0.5373170998034505,8,26012.29487374892,13976.850840794934,True,0.46268290019654945,0.22,27,0.03375,692,5,0.999821705320039,800,imbalanced,1e-05,2,0.23920265780730898,1e-07,5
0.5374051220444493,8,26012.29487374892,13979.140501283242,True,0.46259487795555065,0.24,27,0.03375,693,5,0.999821705320039,800,imbalanced,1e-05,2,0.23725055432372505,1e-07,5
0.5416643733832351,8,26012.29487374892,14089.93340304915,True,0.45833562661676486,0.26,27,0.03375,694,5,0.999821705320039,800,imbalanced,1e-05,2,0.23529411764705882,1e-07,5
0.5635306917086578,8,26012.29487374892,14658.726523133302,True,0.43646930829134223,0.28,27,0.03375,697,5,0.999821705320039,800,imbalanced,1e-05,2,0.22939866369710468,1e-07,5
0.6849596325167038,8,26012.29487374892,17817.371937639196,True,0.3150403674832962,0.30000000000000004,27,0.03375,705,5,0.999821705320039,800,imbalanced,1e-05,2,0.21348314606741572,1e-07,5
0.7494288760280231,8,26012.29487374892,19494.364910143162,True,0.2505711239719769,0.32,27,0.03375,716,5,0.999821705320039,800,imbalanced,1e-05,2,0.19112627986348124,1e-07,5
0.8131455011154259,8,26012.29487374892,21151.78055027679,True,0.18685449888457406,0.34,27,0.03375,723,5,0.999821705320039,800,imbalanced,1e-05,2,0.176605504587156,1e-07,5
0.816180129374689,8,26012.29487374892,21230.718195388952,True,0.18381987062531102,0.36000000000000004,27,0.03375,724,5,0.999821705320039,800,imbalanced,1e-05,2,0.17451205510907006,1e-07,5
0.8167897750850693,8,26012.29487374892,21246.576479375883,True,0.18321022491493066,0.38,27,0.03375,725,5,0.999821705320039,800,imbalanced,1e-05,2,0.1724137931034483,1e-07,5
0.8174003322259136,8,26012.29487374892,21262.458471760798,True,0.18259966777408643,0.4,27,0.03375,726,5,0.999821705320039,800,imbalanced,1e-05,2,0.17031070195627157,1e-07,5
0.8180118028426565,8,26012.29487374892,21278.364225750145,True,0.1819881971573435,0.42000000000000004,27,0.03375,727,5,0.999821705320039,800,imbalanced,1e-05,2,0.16820276497695852,1e-07,5
0.8180118028426565,8,26012.29487374892,21278.364225750145,True,0.1819881971573435,0.44,27,0.03375,727,5,0.999821705320039,800,imbalanced,1e-05,2,0.16820276497695852,1e-07,5
0.849577002762431,8,26012.29487374892,22099.447513812156,True,0.15042299723756902,0.46,27,0.03375,729,5,0.999821705320039,800,imbalanced,1e-05,2,0.16397228637413394,1e-07,5
0.849577002762431,8,26012.29487374892,22099.447513812156,True,0.15042299723756902,0.48000000000000004,27,0.03375,729,5,0.999821705320039,800,imbalanced,1e-05,2,0.16397228637413394,1e-07,5
0.8497970814264744,8,26012.29487374892,22105.172264916673,True,0.15020291857352563,0.5,27,0.03375,730,5,0.999821705320039,800,imbalanced,1e-05,2,0.16184971098265896,1e-07,5
1.0,8,1.0,1.0,True,0.0,0.02,800,1.0,1,10,0.999821705320039,800,imbalanced,1e-05,0,0.3157894736842105,1e-07,5
0.9998487888624066,8,6.135156564462347,6.134228860458921,True,0.00015121113759342109,0.04,437,0.54625,127,10,0.999821705320039,800,imbalanced,1e-05,0,0.8347826086956521,1e-07,5
0.4965361637218762,8,4096.0,2033.812126604805,True,0.5034638362781239,0.06,50,0.0625,220,10,0.999821705320039,800,imbalanced,1e-05,0,0.8318840579710145,1e-07,5
0.4868233892049823,8,10107.989655104337,4920.805781946794,True,0.5131766107950178,0.08,37,0.04625,317,10,0.999821705320039,800,imbalanced,1e-05,0,0.7552775605942142,1e-07,5
0.3488652978195919,8,23323.615160349855,8136.799949145,True,0.6511347021804081,0.1,28,0.035,406,10,0.999821705320039,800,imbalanced,1e-05,0,0.6627417998317915,1e-07,5
0.37195431902131554,8,23323.615160349855,8675.31939408316,True,0.6280456809786845,0.12000000000000001,28,0.035,482,10,0.999821705320039,800,imbalanced,1e-05,0,0.5714285714285715,1e-07,5
0.38887511071744907,8,23323.615160349855,9069.973427812223,True,0.6111248892825509,0.13999999999999999,28,0.035,573,10,0.999821705320039,800,imbalanced,1e-05,0,0.4442270058708415,1e-07,5
0.40327736341257303,8,23323.615160349855,9405.886027115406,True,0.596722636587427,0.16,28,0.035,650,10,0.999821705320039,800,imbalanced,1e-05,0,0.3174603174603175,1e-07,5
0.4175924516816314,8,23323.615160349855,9739.765636889362,True,0.5824075483183686,0.18,28,0.035,670,10,0.999821705320039,800,imbalanced,1e-05,0,0.2810810810810811,1e-07,5
0.4548694571073353,8,23323.615160349855,10609.200165768752,True,0.5451305428926647,0.19999999999999998,28,0.035,687,10,0.999821705320039,800,imbalanced,1e-05,0,0.2488986784140969,1e-07,5
0.4591508052708638,8,23323.615160349855,10709.056682702363,True,0.5408491947291362,0.22,28,0.035,698,10,0.999821705320039,800,imbalanced,1e-05,0,0.2274247491638796,1e-07,5
0.45955451348182885,8,23323.615160349855,10718.472617651985,True,0.5404454865181711,0.24,28,0.035,700,10,0.999821705320039,800,imbalanced,1e-05,0,0.223463687150838,1e-07,5
0.5330743079164643,8,23323.615160349855,12433.220009713454,True,0.46692569208353574,0.26,28,0.035,702,10,0.999821705320039,800,imbalanced,1e-05,0,0.219484882418813,1e-07,5
0.701117853720856,8,23323.615160349855,16352.603002235708,True,0.298882146279144,0.28,28,0.035,714,10,0.999821705320039,800,imbalanced,1e-05,0,0.19523269012485814,1e-07,5
0.7472258152358908,8,23323.615160349855,17428.007352440603,True,0.2527741847641092,0.30000000000000004,28,0.035,724,10,0.999821705320039,800,imbalanced,1e-05,0,0.17451205510907006,1e-07,5
0.7561832586978987,8,23323.615160349855,17636.927316569065,True,0.2438167413021013,0.32,28,0.035,728,10,0.999821705320039,800,imbalanced,1e-05,0,0.16608996539792387,1e-07,5
0.7840560040002857,8,23323.615160349855,18287.02050146439,True,0.21594399599971426,0.34,28,0.035,730,10,0.999821705320039,800,imbalanced,1e-05,0,0.16184971098265896,1e-07,5
0.7892995829138502,8,23323.615160349855,18409.31971810729,True,0.21070041708614984,0.36000000000000004,28,0.035,732,10,0.999821705320039,800,imbalanced,1e-05,0,0.15758980301274622,1e-07,5
0.7918620590145011,8,23323.615160349855,18469.08592453647,True,0.20813794098549887,0.38,28,0.035,733,10,0.999821705320039,800,imbalanced,1e-05,0,0.1554524361948956,1e-07,5
0.7946137696372982,8,23323.615160349855,18533.265764135234,True,0.20538623036270176,0.4,28,0.035,735,10,0.999821705320039,800,imbalanced,1e-05,0,0.1511627906976744,1e-07,5
0.7987773815588385,8,23323.615160349855,18630.376246270287,True,0.20122261844116152,0.42000000000000004,28,0.035,737,10,0.999821705320039,800,imbalanced,1e-05,0,0.14685314685314685,1e-07,5
0.8019288375831081,8,23323.615160349855,18703.879593775117,True,0.19807116241689193,0.44,28,0.035,739,10,0.999821705320039,800,imbalanced,1e-05,0,0.1425233644859813,1e-07,5
0.8019288375831081,8,23323.615160349855,18703.879593775117,True,0.19807116241689193,0.46,28,0.035,739,10,0.999821705320039,800,imbalanced,1e-05,0,0.1425233644859813,1e-07,5
0.8021046477638117,8,23323.615160349855,18707.980122771118,True,0.19789535223618826,0.48000000000000004,28,0.035,740,10,0.999821705320039,800,imbalanced,1e-05,0,0.14035087719298245,1e-07,5
0.8021046477638117,8,23323.615160349855,18707.980122771118,True,0.19789535223618826,0.5,28,0.035,740,10,0.999821705320039,800,imbalanced,1e-05,0,0.14035087719298245,1e-07,5
1.0,8,1.0,1.0,True,0.0,0.02,800,1.0,1,10,0.999821705320039,800,imbalanced,1e-05,1,0.08237515016303416,1e-07,5
0.9999977569641372,8,1.321561493357157,1.3215585290473324,True,2.243035862825593e-06,0.04,729,0.91125,39,10,0.999821705320039,800,imbalanced,1e-05,1,0.748040313549832,1e-07,5
0.9969650492139135,8,17.8692235291884,17.814991315191733,True,0.00303495078608651,0.06,306,0.3825,147,10,0.999821705320039,800,imbalanced,1e-05,1,0.858710562414266,1e-07,5
0.4627904035080322,8,2915.451895043732,1349.2431589155458,True,0.5372095964919679,0.08,56,0.07,183,10,0.999821705320039,800,imbalanced,1e-05,1,0.8662420382165605,1e-07,5
0.38042679590401,8,5260.129859455906,2001.0943484718205,True,0.61957320409599,0.1,46,0.0575,199,10,0.999821705320039,800,imbalanced,1e-05,1,0.8589835361488904,1e-07,5
0.4200224389401916,8,5260.129859455906,2209.3725727107967,True,0.5799775610598084,0.12000000000000001,46,0.0575,217,10,0.999821705320039,800,imbalanced,1e-05,1,0.846153846153846,1e-07,5
0.5511852044803334,8,5260.129859455906,2899.3057521773108,True,0.44881479551966663,0.13999999999999999,46,0.0575,246,10,0.999821705320039,800,imbalanced,1e-05,1,0.8213491475166791,1e-07,5
0.6531565385441271,8,5260.129859455906,3435.688211294825,True,0.34684346145587286,0.16,46,0.0575,276,10,0.999821705320039,800,imbalanced,1e-05,1,0.7945413191811979,1e-07,5
0.6751754945756222,8,5260.129859455906,3551.510779390139,True,0.3248245054243778,0.18,46,0.0575,307,10,0.999821705320039,800,imbalanced,1e-05,1,0.765527950310559,1e-07,5
0.790064935064935,8,5260.129859455906,4155.8441558441555,True,0.20993506493506497,0.19999999999999998,46,0.0575,348,10,0.999821705320039,800,imbalanced,1e-05,1,0.7249398556535686,1e-07,5
0.3953572071261472,8,29130.63268092854,11517.005578549577,True,0.6046427928738528,0.22,26,0.0325,377,10,0.999821705320039,800,imbalanced,1e-05,1,0.6945812807881773,1e-07,5
0.4679197060859379,8,29130.63268092854,13630.7970821575,True,0.5320802939140621,0.24,26,0.0325,411,10,0.999821705320039,800,imbalanced,1e-05,1,0.6570945945945945,1e-07,5
0.4844008378348583,8,29130.63268092854,14110.90287730129,True,0.5155991621651417,0.26,26,0.0325,443,10,0.999821705320039,800,imbalanced,1e-05,1,0.6197916666666666,1e-07,5
0.5293019333855328,8,29130.63268092854,15418.90019875926,True,0.4706980666144672,0.28,26,0.0325,476,10,0.999821705320039,800,imbalanced,1e-05,1,0.579088471849866,1e-07,5
0.5442497058277079,8,29130.63268092854,15854.338267170373,True,0.45575029417229207,0.30000000000000004,26,0.0325,503,10,0.999821705320039,800,imbalanced,1e-05,1,0.5439560439560439,1e-07,5
0.5913862718707941,8,29130.63268092854,17227.456258411843,True,0.40861372812920593,0.32,26,0.0325,543,10,0.999821705320039,800,imbalanced,1e-05,1,0.48859315589353614,1e-07,5
0.6257476502420962,8,29130.63268092854,18228.424950156652,True,0.3742523497579038,0.34,26,0.0325,585,10,0.999821705320039,800,imbalanced,1e-05,1,0.42574257425742573,1e-07,5
0.6494715837706009,8,29130.63268092854,18919.518143522284,True,0.3505284162293991,0.36000000000000004,26,0.0325,623,10,0.999821705320039,800,imbalanced,1e-05,1,0.36419753086419754,1e-07,5
0.6713521772345302,8,29130.63268092854,19556.913674560732,True,0.3286478227654698,0.38,26,0.0325,645,10,0.999821705320039,800,imbalanced,1e-05,1,0.3263157894736842,1e-07,5
0.2671785940468651,8,151703.7037037037,40531.98226725776,True,0.7328214059531348,0.4,15,0.01875,658,10,0.999821705320039,800,imbalanced,1e-05,1,0.3030949839914621,1e-07,5
0.2901977644024076,8,151703.7037037037,44024.07566638005,True,0.7098022355975924,0.42000000000000004,15,0.01875,672,10,0.999821705320039,800,imbalanced,1e-05,1,0.27735644637053086,1e-07,5
0.3035071942446043,8,151703.7037037037,46043.1654676259,True,0.6964928057553956,0.44,15,0.01875,685,10,0.999821705320039,800,imbalanced,1e-05,1,0.25274725274725274,1e-07,5
0.33316880552813427,8,151703.7037037037,50542.94175715696,True,0.6668311944718657,0.46,15,0.01875,695,10,0.999821705320039,800,imbalanced,1e-05,1,0.23333333333333334,1e-07,5
0.35237001461683026,8,151703.7037037037,53455.83629150136,True,0.6476299853831697,0.48000000000000004,15,0.01875,703,10,0.999821705320039,800,imbalanced,1e-05,1,0.21748878923766818,1e-07,5
0.40370813397129185,8,151703.7037037037,61244.01913875598,True,0.5962918660287082,0.5,15,0.01875,710,10,0.999821705320039,800,imbalanced,1e-05,1,0.2033898305084746,1e-07,5
1.0,8,1.0,1.0,True,0.0,0.02,800,1.0,1,10,0.999821705320039,800,imbalanced,1e-05,2,0.24509440947797115,1e-07,5
0.9998456223194667,8,6.09323081091667,6.092290152077127,True,0.00015437768053327972,0.04,438,0.5475,132,10,0.999821705320039,800,imbalanced,1e-05,2,0.7821522309711287,1e-07,5
0.9687548048410833,8,527.6723978897227,511.1851708376847,True,0.03124519515891666,0.06,99,0.12375,221,10,0.999821705320039,800,imbalanced,1e-05,2,0.8242950108459869,1e-07,5
0.49083678751025733,8,10973.936899862825,5386.411934268942,True,0.5091632124897427,0.08,36,0.045,276,10,0.999821705320039,800,imbalanced,1e-05,2,0.7885196374622356,1e-07,5
0.35299497847919653,8,26012.29487374892,9182.209469153515,True,0.6470050215208034,0.1,27,0.03375,371,10,0.999821705320039,800,imbalanced,1e-05,2,0.698205546492659,1e-07,5
0.42902916430533156,8,26012.29487374892,11160.033131348358,True,0.5709708356946684,0.12000000000000001,27,0.03375,458,10,0.999821705320039,800,imbalanced,1e-05,2,0.6010544815465729,1e-07,5
0.46982861507614454,8,26012.29487374892,12221.32047548575,True,0.5301713849238554,0.13999999999999999,27,0.03375,548,10,0.999821705320039,800,imbalanced,1e-05,2,0.4813753581661891,1e-07,5
0.512551429613041,8,26012.29487374892,13332.638925055986,True,0.487448570386959,0.16,27,0.03375,642,10,0.999821705320039,800,imbalanced,1e-05,2,0.33158447009443864,1e-07,5
0.5323470546870774,8,26012.29487374892,13847.568561692,True,0.46765294531292256,0.18,27,0.03375,685,10,0.999821705320039,800,imbalanced,1e-05,2,0.25274725274725274,1e-07,5
0.5372291063922703,8,26012.29487374892,13974.561930236367,True,0.4627708936077297,0.19999999999999998,27,0.03375,691,10,0.999821705320039,800,imbalanced,1e-05,2,0.24115044247787612,1e-07,5
0.5373170998034505,8,26012.29487374892,13976.850840794934,True,0.46268290019654945,0.22,27,0.03375,692,10,0.999821705320039,800,imbalanced,1e-05,2,0.23920265780730898,1e-07,5
0.5374051220444493,8,26012.29487374892,13979.140501283242,True,0.46259487795555065,0.24,27,0.03375,693,10,0.999821705320039,800,imbalanced,1e-05,2,0.23725055432372505,1e-07,5
0.542560229340096,8,26012.29487374892,14113.236672363415,True,0.45743977065990404,0.26,27,0.03375,695,10,0.999821705320039,800,imbalanced,1e-05,2,0.23333333333333334,1e-07,5
0.5620823576446399,8,26012.29487374892,14621.052030384373,True,0.4379176423553601,0.28,27,0.03375,696,10,0.999821705320039,800,imbalanced,1e-05,2,0.2313681868743048,1e-07,5
0.642563332462784,8,26012.29487374892,16714.5468790807,True,0.35743666753721604,0.30000000000000004,27,0.03375,702,10,0.999821705320039,800,imbalanced,1e-05,2,0.219484882418813,1e-07,5
0.7409652160819153,8,26012.29487374892,19274.205691913867,True,0.25903478391808465,0.32,27,0.03375,715,10,0.999821705320039,800,imbalanced,1e-05,2,0.1931818181818182,1e-07,5
0.8131455011154259,8,26012.29487374892,21151.78055027679,True,0.18685449888457406,0.34,27,0.03375,723,10,0.999821705320039,800,imbalanced,1e-05,2,0.176605504587156,1e-07,5
0.8131455011154259,8,26012.29487374892,21151.78055027679,True,0.18685449888457406,0.36000000000000004,27,0.03375,723,10,0.999821705320039,800,imbalanced,1e-05,2,0.176605504587156,1e-07,5
0.8174003322259136,8,26012.29487374892,21262.458471760798,True,0.18259966777408643,0.38,27,0.03375,726,10,0.999821705320039,800,imbalanced,1e-05,2,0.17031070195627157,1e-07,5
0.8180118028426565,8,26012.29487374892,21278.364225750145,True,0.1819881971573435,0.4,27,0.03375,727,10,0.999821705320039,800,imbalanced,1e-05,2,0.16820276497695852,1e-07,5
0.8180118028426565,8,26012.29487374892,21278.364225750145,True,0.1819881971573435,0.42000000000000004,27,0.03375,727,10,0.999821705320039,800,imbalanced,1e-05,2,0.16820276497695852,1e-07,5
0.8180118028426565,8,26012.29487374892,21278.364225750145,True,0.1819881971573435,0.44,27,0.03375,727,10,0.999821705320039,800,imbalanced,1e-05,2,0.16820276497695852,1e-07,5
0.8482589208757111,8,26012.29487374892,22065.16117910705,True,0.1517410791242889,0.46,27,0.03375,728,10,0.999821705320039,800,imbalanced,1e-05,2,0.16608996539792387,1e-07,5
0.849577002762431,8,26012.29487374892,22099.447513812156,True,0.15042299723756902,0.48000000000000004,27,0.03375,729,10,0.999821705320039,800,imbalanced,1e-05,2,0.16397228637413394,1e-07,5
0.8497970814264744,8,26012.29487374892,22105.172264916673,True,0.15020291857352563,0.5,27,0.03375,730,10,0.999821705320039,800,imbalanced,1e-05,2,0.16184971098265896,1e-07,5
1.0,8,1.0,1.0,True,0.0,0.02,100,1.0,1,2,0.2,100,many_tiny,1e-05,0,0.047580860732424485,1e-07,5
1.0,8,1.0,1.0,True,0.0,0.04,100,1.0,1,2,0.2,100,many_tiny,1e-05,0,0.0618705035971223,1e-07,5
1.0,8,1.0,1.0,True,0.0,0.06,100,1.0,1,2,0.2,100,many_tiny,1e-05,0,0.07608178792201617,1e-07,5
1.0,8,1.0,1.0,True,0.0,0.08,100,1.0,1,2,0.2,100,many_tiny,1e-05,0,0.10045074050225371,1e-07,5
1.0,8,1.0,1.0,True,0.0,0.1,100,1.0,1,2,0.2,100,many_tiny,1e-05,0,0.1347517730496454,1e-07,5
1.0,8,1.0,1.0,True,0.0,0.12000000000000001,100,1.0,1,2,0.2,100,many_tiny,1e-05,0,0.18046971569839307,1e-07,5
1.0,8,1.0,1.0,True,0.0,0.13999999999999999,100,1.0,1,2,0.2,100,many_tiny,1e-05,0,0.2380165289256198,1e-07,5
0.99999896939091,8,1.0306101521283646,1.0306090899721736,True,1.0306090899581122e-06,0.16,99,0.99,2,2,0.2,100,many_tiny,1e-05,0,0.30701754385964913,1e-07,5
0.9999978750395774,8,1.062482469039261,1.0624802113060645,True,2.124960422622557e-06,0.18,98,0.98,3,2,0.2,100,many_tiny,1e-05,0,0.3953488372093023,1e-07,5
0.99999671296276,8,1.0956826815299674,1.09567907998019,True,3.287037239951829e-06,0.19999999999999998,97,0.97,4,2,0.2,100,many_tiny,1e-05,0,0.47183098591549294,1e-07,5
0.999949692495378,8,1.5721886123234432,1.572109519437562,True,5.0307504621982524e-05,0.22,86,0.86,12,2,0.2,100,many_tiny,1e-05,0,0.5627705627705628,1e-07,5
0.9995949360436857,8,2.190422160062909,2.189534898996755,True,0.00040506395631434433,0.24,77,0.77,15,2,0.2,100,many_tiny,1e-05,0,0.6220095693779903,1e-07,5
0.9991166470719075,8,3.180337879096275,3.177528518318452,True,0.0008833529280924957,0.26,68,0.68,19,2,0.2,100,many_tiny,1e-05,0,0.6631578947368421,1e-07,5
0.9981870047543582,8,6.3506579281613575,6.3391442155309035,True,0.0018129952456418241,0.28,54,0.54,29,2,0.2,100,many_tiny,1e-05,0,0.6477272727272727,1e-07,5
0.9952713594841484,8,13.497462477054313,13.433637829124127,True,0.004728640515851645,0.30000000000000004,42,0.42,36,2,0.2,100,many_tiny,1e-05,0,0.6545454545454547,1e-07,5
0.9752749975225449,8,50.80526342529086,49.54910316123278,True,0.024725002477455127,0.32,27,0.27,43,2,0.2,100,many_tiny,1e-05,0,0.6538461538461537,1e-07,5
0.7826994434137291,8,296.2962962962963,231.9109461966605,True,0.2173005565862709,0.34,15,0.15,50,2,0.2,100,many_tiny,1e-05,0,0.6486486486486487,1e-07,5
0.783790060380864,8,296.2962962962963,232.2340919647004,True,0.21620993961913604,0.36000000000000004,15,0.15,51,2,0.2,100,many_tiny,1e-05,0,0.6438356164383561,1e-07,5
0.788183092013078,8,296.2962962962963,233.53573096683792,True,0.211816907986922,0.38,15,0.15,53,2,0.2,100,many_tiny,1e-05,0,0.6249999999999999,1e-07,5
0.7651979921918572,8,364.4314868804665,278.8622420524261,True,0.23480200780814275,0.4,14,0.14,56,2,0.2,100,many_tiny,1e-05,0,0.5957446808510638,1e-07,5
0.8350578210590384,8,364.4314868804665,304.32136335970785,True,0.16494217894096164,0.42000000000000004,14,0.14,59,2,0.2,100,many_tiny,1e-05,0,0.5652173913043478,1e-07,5
0.8474366893143916,8,364.4314868804665,308.83261272390365,True,0.15256331068560836,0.44,14,0.14,62,2,0.2,100,many_tiny,1e-05,0,0.5373134328358209,1e-07,5
0.875,8,364.4314868804665,318.8775510204082,True,0.125,0.46,14,0.14,65,2,0.2,100,many_tiny,1e-05,0,0.5076923076923078,1e-07,5
0.8800513149454778,8,364.4314868804665,320.7184092366902,True,0.11994868505452216,0.48000000000000004,14,0.14,66,2,0.2,100,many_tiny,1e-05,0,0.49612403100775193,1e-07,5
0.8886010362694301,8,364.4314868804665,323.8341968911917,True,0.1113989637305699,0.5,14,0.14,69,2,0.2,100,many_tiny,1e-05,0,0.4603174603174603,1e-07,5
1.0,8,1.0,1.0,True,0.0,0.02,100,1.0,1,2,0.2,100,many_tiny,1e-05,1,0.04808211777417612,1e-07,5
1.0,8,1.0,1.0,True,0.0,0.04,100,1.0,1,2,0.2,100,many_tiny,1e-05,1,0.061349693251533735,1e-07,5
1.0,8,1.0,1.0,True,0.0,0.06,100,1.0,1,2,0.2,100,many_tiny,1e-05,1,0.07748184019370459,1e-07,5
1.0,8,1.0,1.0,True,0.0,0.08,100,1.0,1,2,0.2,100,many_tiny,1e-05,1,0.09673202614379084,1e-07,5
1.0,8,1.0,1.0,True,0.0,0.1,100,1.0,1,2,0.2,100,many_tiny,1e-05,1,0.1303964757709251,1e-07,5
1.0,8,1.0,1.0,True,0.0,0.12000000000000001,100,1.0,1,2,0.2,100,many_tiny,1e-05,1,0.16528925619834708,1e-07,5
1.0,8,1.0,1.0,True,0.0,0.13999999999999999,100,1.0,1,2,0.2,100,many_tiny,1e-05,1,0.2172523961661342,1e-07,5
1.0,8,1.0,1.0,True,0.0,0.16,100,1.0,1,2,0.2,100,many_tiny,1e-05,1,0.2956521739130435,1e-07,5
0.99999896939091,8,1.0306101521283646,1.0306090899721736,True,1.0306090899581122e-06,0.18,99,0.99,2,2,0.2,100,many_tiny,1e-05,1,0.3884057971014493,1e-07,5
0.999983838283377,8,1.2432290637117598,1.2432089709959346,True,1.61617166229977e-05,0.19999999999999998,93,0.93,7,2,0.2,100,many_tiny,1e-05,1,0.49242424242424243,1e-07,5
0.999912274190392,8,1.6871828096317891,1.6870348001538575,True,8.772580960803023e-05,0.22,84,0.84,13,2,0.2,100,many_tiny,1e-05,1,0.5610859728506787,1e-07,5
0.999653091850999,8,2.5705817483554703,2.569689992599293,True,0.00034690814900095734,0.24,73,0.73,18,2,0.2,100,many_tiny,1e-05,1,0.6294416243654823,1e-07,5
0.9987987010129634,8,4.405655098884929,4.400362589877406,True,0.0012012989870365809,0.26,61,0.61,25,2,0.2,100,many_tiny,1e-05,1,0.670391061452514,1e-07,5
0.997160088069179,8,8.0,7.977280704553432,True,0.002839911930821004,0.28,50,0.5,30,2,0.2,100,many_tiny,1e-05,1,0.6941176470588235,1e-07,5
0.9934460658290184,8,18.22423093745444,18.104790527573595,True,0.006553934170981601,0.30000000000000004,38,0.38,38,2,0.2,100,many_tiny,1e-05,1,0.675,1e-07,5
0.9191988950276243,8,93.91435011269722,86.32596685082873,True,0.08080110497237569,0.32,22,0.22,43,2,0.2,100,many_tiny,1e-05,1,0.6928104575163399,1e-07,5
0.9162049861495845,8,107.9796998164345,98.93153937475267,True,0.08379501385041555,0.34,21,0.21,50,2,0.2,100,many_tiny,1e-05,1,0.6438356164383561,1e-07,5
0.8912422037422038,8,145.79384749963552,129.93762993762994,True,0.10875779625779625,0.36000000000000004,19,0.19,52,2,0.2,100,many_tiny,1e-05,1,0.6433566433566433,1e-07,5
0.5979238754325259,8,578.7037037037037,346.02076124567475,True,0.4020761245674741,0.38,12,0.12,54,2,0.2,100,many_tiny,1e-05,1,0.6382978723404256,1e-07,5
0.5979238754325259,8,578.7037037037037,346.02076124567475,True,0.4020761245674741,0.4,12,0.12,54,2,0.2,100,many_tiny,1e-05,1,0.6382978723404256,1e-07,5
0.7526132404181185,8,578.7037037037037,435.54006968641113,True,0.2473867595818815,0.42000000000000004,12,0.12,61,2,0.2,100,many_tiny,1e-05,1,0.5671641791044776,1e-07,5
0.6954102920723226,8,1000.0,695.4102920723227,True,0.30458970792767737,0.44,10,0.1,67,2,0.2,100,many_tiny,1e-05,1,0.515625,1e-07,5
0.7163323782234957,8,1000.0,716.3323782234957,True,0.2836676217765043,0.46,10,0.1,72,2,0.2,100,many_tiny,1e-05,1,0.4552845528455284,1e-07,5
0.7163323782234957,8,1000.0,716.3323782234957,True,0.2836676217765043,0.48000000000000004,10,0.1,72,2,0.2,100,many_tiny,1e-05,1,0.4552845528455284,1e-07,5
0.7077669902912621,8,1371.7421124828531,970.8737864077669,True,0.2922330097087379,0.5,9,0.09,75,2,0.2,100,many_tiny,1e-05,1,0.4166666666666667,1e-07,5
1.0,8,1.0,1.0,True,0.0,0.02,100,1.0,1,2,0.2,100,many_tiny,1e-05,2,0.047252455534908415,1e-07,5
1.0,8,1.0,1.0,True,0.0,0.04,100,1.0,1,2,0.2,100,many_tiny,1e-05,2,0.06077940650697176,1e-07,5
1.0,8,1.0,1.0,True,0.0,0.06,100,1.0,1,2,0.2,100,many_tiny,1e-05,2,0.07898586055582643,1e-07,5
1.0,8,1.0,1.0,True,0.0,0.08,100,1.0,1,2,0.2,100,many_tiny,1e-05,2,0.10723860589812333,1e-07,5
1.0,8,1.0,1.0,True,0.0,0.1,100,1.0,1,2,0.2,100,many_tiny,1e-05,2,0.1344232515894641,1e-07,5
1.0,8,1.0,1.0,True,0.0,0.12000000000000001,100,1.0,1,2,0.2,100,many_tiny,1e-05,2,0.17617866004962776,1e-07,5
1.0,8,1.0,1.0,True,0.0,0.13999999999999999,100,1.0,1,2,0.2,100,many_tiny,1e-05,2,0.23140495867768596,1e-07,5
0.99999896939091,8,1.0306101521283646,1.0306090899721736,True,1.0306090899581122e-06,0.16,99,0.99,2,2,0.2,100,many_tiny,1e-05,2,0.3105022831050228,1e-07,5
0.99999671296276,8,1.0956826815299674,1.09567907998019,True,3.287037239951829e-06,0.18,97,0.97,4,2,0.2,100,many_tiny,1e-05,2,0.38505747126436785,1e-07,5
0.9999941682801091,8,1.166350779997084,1.1663439781660407,True,5.8317198908808265e-06,0.19999999999999998,95,0.95,6,2,0.2,100,many_tiny,1e-05,2,0.4571428571428572,1e-07,5
0.9999591247669326,8,1.5721886123234432,1.5721243487474885,True,4.087523306739449e-05,0.22,86,0.86,13,2,0.2,100,many_tiny,1e-05,2,0.5535714285714286,1e-07,5
0.99978434281435,8,2.3703703703703702,2.369859182967348,True,0.0002156571856499756,0.24,75,0.75,19,2,0.2,100,many_tiny,1e-05,2,0.635897435897436,1e-07,5
0.9940674057226473,8,8.0,7.952539245781178,True,0.00593259427735271,0.26,50,0.5,27,2,0.2,100,many_tiny,1e-05,2,0.6818181818181818,1e-07,5
0.9919375248562855,8,18.22423093745444,18.0772985285079,True,0.008062475143714498,0.28,38,0.38,36,2,0.2,100,many_tiny,1e-05,2,0.6951219512195121,1e-07,5
0.5033015407190022,8,364.4314868804665,183.41892883345562,True,0.49669845928099776,0.30000000000000004,14,0.14,41,2,0.2,100,many_tiny,1e-05,2,0.7096774193548387,1e-07,5
0.6922300706357215,8,364.4314868804665,252.27043390514632,True,0.3077699293642785,0.32,14,0.14,44,2,0.2,100,many_tiny,1e-05,2,0.6973684210526315,1e-07,5
0.6473187978786094,8,455.1661356395084,294.6375957572186,True,0.35268120212139065,0.34,13,0.13,47,2,0.2,100,many_tiny,1e-05,2,0.6891891891891893,1e-07,5
0.5248422712933754,8,751.3148009015778,394.3217665615142,True,0.47515772870662465,0.36000000000000004,11,0.11,48,2,0.2,100,many_tiny,1e-05,2,0.6938775510204082,1e-07,5
0.5495458298926507,8,751.3148009015778,412.8819157720892,True,0.45045417010734934,0.38,11,0.11,51,2,0.2,100,many_tiny,1e-05,2,0.6805555555555556,1e-07,5
0.4109357384441939,8,1371.7421124828531,563.6978579481398,True,0.5890642615558062,0.4,9,0.09,55,2,0.2,100,many_tiny,1e-05,2,0.6428571428571429,1e-07,5
0.4283196239717979,8,1371.7421124828531,587.5440658049354,True,0.5716803760282021,0.42000000000000004,9,0.09,58,2,0.2,100,many_tiny,1e-05,2,0.6131386861313868,1e-07,5
0.4328978622327791,8,1371.7421124828531,593.8242280285035,True,0.567102137767221,0.44,9,0.09,59,2,0.2,100,many_tiny,1e-05,2,0.6029411764705882,1e-07,5
0.5995065789473685,8,1371.7421124828531,822.3684210526316,True,0.4004934210526315,0.46,9,0.09,64,2,0.2,100,many_tiny,1e-05,2,0.549618320610687,1e-07,5
0.6146711635750421,8,1371.7421124828531,843.1703204047218,True,0.38532883642495785,0.48000000000000004,9,0.09,67,2,0.2,100,many_tiny,1e-05,2,0.515625,1e-07,5
0.6474245115452931,8,1371.7421124828531,888.0994671403197,True,0.3525754884547069,0.5,9,0.09,68,2,0.2,100,many_tiny,1e-05,2,0.5039370078740157,1e-07,5
1.0,8,1.0,1.0,True,0.0,0.02,100,1.0,1,5,0.2,100,many_tiny,1e-05,0,0.052823315118397086,1e-07,5
1.0,8,1.0,1.0,True,0.0,0.04,100,1.0,1,5,0.2,100,many_tiny,1e-05,0,0.08,1e-07,5
1.0,8,1.0,1.0,True,0.0,0.06,100,1.0,1,5,0.2,100,many_tiny,1e-05,0,0.12429378531073447,1e-07,5
1.0,8,1.0,1.0,True,0.0,0.08,100,1.0,1,5,0.2,100,many_tiny,1e-05,0,0.2026315789473684,1e-07,5
1.0,8,1.0,1.0,True,0.0,0.1,100,1.0,1,5,0.2,100,many_tiny,1e-05,0,0.3239740820734341,1e-07,5
0.9999901389531074,8,1.0956826815299674,1.0956718769516656,True,9.861046892600811e-06,0.12000000000000001,97,0.97,3,5,0.2,100,many_tiny,1e-05,0,0.48813559322033895,1e-07,5
0.9999855525429933,8,1.2039721449004557,1.2039547505646548,True,1.4447457006738773e-05,0.13999999999999999,94,0.94,6,5,0.2,100,many_tiny,1e-05,0,0.6311111111111111,1e-07,5
0.9995986116685949,8,1.6871828096317891,1.6865055941390557,True,0.0004013883314051281,0.16,84,0.84,10,5,0.2,100,many_tiny,1e-05,0,0.673170731707317,1e-07,5
0.9966177104850975,8,5.694241982507289,5.674982407554537,True,0.0033822895149024923,0.18,56,0.56,21,5,0.2,100,many_tiny,1e-05,0,0.7322404371584699,1e-07,5
0.9920804993943911,8,11.739293764087153,11.646324420013045,True,0.007919500605608865,0.19999999999999998,44,0.44,27,5,0.2,100,many_tiny,1e-05,0,0.7674418604651163,1e-07,5
0.8358303249097473,8,107.9796998164345,90.25270758122744,True,0.1641696750902527,0.22,21,0.21,34,5,0.2,100,many_tiny,1e-05,0,0.773006134969325,1e-07,5
0.72871551468407,8,203.5416242621616,148.3239394838327,True,0.27128448531592997,0.24,17,0.17,37,5,0.2,100,many_tiny,1e-05,0,0.7625,1e-07,5
0.7466565349544073,8,203.5416242621616,151.9756838905775,True,0.2533434650455927,0.26,17,0.17,38,5,0.2,100,many_tiny,1e-05,0,0.7643312101910827,1e-07,5
0.7591161928306551,8,203.5416242621616,154.51174289245984,True,0.24088380716934488,0.28,17,0.17,40,5,0.2,100,many_tiny,1e-05,0,0.7483870967741936,1e-07,5
0.8006844850065189,8,203.5416242621616,162.97262059973923,True,0.1993155149934811,0.30000000000000004,17,0.17,43,5,0.2,100,many_tiny,1e-05,0,0.7236842105263158,1e-07,5
0.6880641925777332,8,364.4314868804665,250.75225677031094,True,0.3119358074222668,0.32,14,0.14,45,5,0.2,100,many_tiny,1e-05,0,0.72,1e-07,5
0.7428262046561992,8,364.4314868804665,270.7092582566324,True,0.2571737953438008,0.34,14,0.14,51,5,0.2,100,many_tiny,1e-05,0,0.6666666666666666,1e-07,5
0.7452471482889734,8,364.4314868804665,271.59152634437805,True,0.2547528517110266,0.36000000000000004,14,0.14,53,5,0.2,100,many_tiny,1e-05,0,0.647887323943662,1e-07,5
0.7601108033240997,8,364.4314868804665,277.0083102493075,True,0.23988919667590025,0.38,14,0.14,56,5,0.2,100,many_tiny,1e-05,0,0.6187050359712231,1e-07,5
0.6033544877606528,8,751.3148009015778,453.30915684496824,True,0.3966455122393472,0.4,11,0.11,58,5,0.2,100,many_tiny,1e-05,0,0.6131386861313868,1e-07,5
0.5850722311396469,8,1371.7421124828531,802.5682182985554,True,0.4149277688603531,0.42000000000000004,9,0.09,64,5,0.2,100,many_tiny,1e-05,0,0.549618320610687,1e-07,5
0.661524500907441,8,1371.7421124828531,907.4410163339383,True,0.33847549909255903,0.44,9,0.09,65,5,0.2,100,many_tiny,1e-05,0,0.5384615384615384,1e-07,5
0.6651459854014599,8,1371.7421124828531,912.4087591240876,True,0.33485401459854014,0.46,9,0.09,66,5,0.2,100,many_tiny,1e-05,0,0.5271317829457365,1e-07,5
0.6916508538899431,8,1371.7421124828531,948.7666034155598,True,0.3083491461100569,0.48000000000000004,9,0.09,71,5,0.2,100,many_tiny,1e-05,0,0.46774193548387094,1e-07,5
0.699616122840691,8,1371.7421124828531,959.6928982725528,True,0.30038387715930903,0.5,9,0.09,73,5,0.2,100,many_tiny,1e-05,0,0.4426229508196721,1e-07,5
1.0,8,1.0,1.0,True,0.0,0.02,100,1.0,1,5,0.2,100,many_tiny,1e-05,1,0.0534467051320984,1e-07,5
1.0,8,1.0,1.0,True,0.0,0.04,100,1.0,1,5,0.2,100,many_tiny,1e-05,1,0.07879377431906615,1e-07,5
1.0,8,1.0,1.0,True,0.0,0.06,100,1.0,1,5,0.2,100,many_tiny,1e-05,1,0.12063492063492062,1e-07,5
1.0,8,1.0,1.0,True,0.0,0.08,100,1.0,1,5,0.2,100,many_tiny,1e-05,1,0.20266666666666666,1e-07,5
1.0,8,1.0,1.0,True,0.0,0.1,100,1.0,1,5,0.2,100,many_tiny,1e-05,1,0.3122362869198312,1e-07,5
0.9999801724298804,8,1.166350779997084,1.1663276540952097,True,1.9827570119645976e-05,0.12000000000000001,95,0.95,4,5,0.2,100,many_tiny,1e-05,1,0.48684210526315785,1e-07,5
0.9999721334621386,8,1.3270149727099372,1.3269779933969574,True,2.7866537861354068e-05,0.13999999999999999,91,0.91,8,5,0.2,100,many_tiny,1e-05,1,0.6050420168067229,1e-07,5
0.9990785518648204,8,3.180337879096275,3.177407362688341,True,0.0009214481351795811,0.16,68,0.68,17,5,0.2,100,many_tiny,1e-05,1,0.6829268292682926,1e-07,5
0.9951589458383366,8,6.3506579281613575,6.319914049168931,True,0.004841054161663361,0.18,54,0.54,20,5,0.2,100,many_tiny,1e-05,1,0.7486631016042781,1e-07,5
0.9960728070043702,8,7.538578676376356,7.508973223001487,True,0.003927192995629825,0.19999999999999998,51,0.51,23,5,0.2,100,many_tiny,1e-05,1,0.7752808988764045,1e-07,5
0.978546683325761,8,14.509365795621074,14.198091776465244,True,0.021453316674238998,0.22,41,0.41,26,5,0.2,100,many_tiny,1e-05,1,0.783625730994152,1e-07,5
0.8861550872239589,8,56.89576695493855,50.418473328627606,True,0.11384491277604114,0.24,26,0.26,31,5,0.2,100,many_tiny,1e-05,1,0.7757575757575758,1e-07,5
0.5538958417440453,8,364.4314868804665,201.85708518368995,True,0.44610415825595473,0.26,14,0.14,40,5,0.2,100,many_tiny,1e-05,1,0.7612903225806452,1e-07,5
0.5559157212317666,8,364.4314868804665,202.5931928687196,True,0.4440842787682334,0.28,14,0.14,41,5,0.2,100,many_tiny,1e-05,1,0.7532467532467533,1e-07,5
0.4343994778067885,8,751.3148009015778,326.37075718015666,True,0.5656005221932114,0.30000000000000004,11,0.11,44,5,0.2,100,many_tiny,1e-05,1,0.7417218543046357,1e-07,5
0.5068545316070069,8,751.3148009015778,380.8073115003808,True,0.4931454683929931,0.32,11,0.11,46,5,0.2,100,many_tiny,1e-05,1,0.7248322147651006,1e-07,5
0.5223704866562009,8,751.3148009015778,392.4646781789639,True,0.4776295133437991,0.34,11,0.11,50,5,0.2,100,many_tiny,1e-05,1,0.6896551724137931,1e-07,5
0.5248422712933754,8,751.3148009015778,394.3217665615142,True,0.47515772870662465,0.36000000000000004,11,0.11,52,5,0.2,100,many_tiny,1e-05,1,0.6713286713286714,1e-07,5
0.501002004008016,8,1000.0,501.00200400801606,True,0.498997995991984,0.38,10,0.1,57,5,0.2,100,many_tiny,1e-05,1,0.6231884057971014,1e-07,5
0.5025125628140703,8,1000.0,502.51256281407035,True,0.4974874371859297,0.4,10,0.1,58,5,0.2,100,many_tiny,1e-05,1,0.6131386861313868,1e-07,5
0.5117707267144319,8,1000.0,511.77072671443193,True,0.4882292732855681,0.42000000000000004,10,0.1,60,5,0.2,100,many_tiny,1e-05,1,0.5925925925925926,1e-07,5
0.5959475566150179,8,1000.0,595.9475566150179,True,0.40405244338498214,0.44,10,0.1,63,5,0.2,100,many_tiny,1e-05,1,0.5606060606060607,1e-07,5
0.651890482398957,8,1000.0,651.8904823989569,True,0.34810951760104303,0.46,10,0.1,65,5,0.2,100,many_tiny,1e-05,1,0.5384615384615384,1e-07,5
0.6729475100942126,8,1000.0,672.9475100942127,True,0.3270524899057874,0.48000000000000004,10,0.1,68,5,0.2,100,many_tiny,1e-05,1,0.5039370078740157,1e-07,5
0.7225433526011561,8,1000.0,722.543352601156,True,0.2774566473988439,0.5,10,0.1,71,5,0.2,100,many_tiny,1e-05,1,0.46774193548387094,1e-07,5
1.0,8,1.0,1.0,True,0.0,0.02,100,1.0,1,5,0.2,100,many_tiny,1e-05,2,0.05239110569600974,1e-07,5
1.0,8,1.0,1.0,True,0.0,0.04,100,1.0,1,5,0.2,100,many_tiny,1e-05,2,0.0784688995215311,1e-07,5
1.0,8,1.0,1.0,True,0.0,0.06,100,1.0,1,5,0.2,100,many_tiny,1e-05,2,0.12660256410256412,1e-07,5
1.0,8,1.0,1.0,True,0.0,0.08,100,1.0,1,5,0.2,100,many_tiny,1e-05,2,0.19680851063829788,1e-07,5
0.99999896939091,8,1.0306101521283646,1.0306090899721736,True,1.0306090899581122e-06,0.1,99,0.99,2,5,0.2,100,many_tiny,1e-05,2,0.3067226890756303,1e-07,5
0.9999978750395774,8,1.062482469039261,1.0624802113060645,True,2.124960422622557e-06,0.12000000000000001,98,0.98,3,5,0.2,100,many_tiny,1e-05,2,0.4355828220858895,1e-07,5
0.9999954788977553,8,1.1302806712962963,1.130275561181816,True,4.5211022446922655e-06,0.13999999999999999,96,0.96,5,5,0.2,100,many_tiny,1e-05,2,0.5714285714285715,1e-07,5
0.9794023998736908,8,6.716954264258415,6.578601126256513,True,0.02059760012630918,0.16,53,0.53,15,5,0.2,100,many_tiny,1e-05,2,0.6834170854271358,1e-07,5
0.9529801053964623,8,21.43347050754458,20.425670983291802,True,0.047019894603537726,0.18,36,0.36,25,5,0.2,100,many_tiny,1e-05,2,0.7513812154696132,1e-07,5
0.8566137050394775,8,56.89576695493855,48.73769373233259,True,0.14338629496052246,0.19999999999999998,26,0.26,28,5,0.2,100,many_tiny,1e-05,2,0.7586206896551725,1e-07,5
0.7785130400934216,8,125.0,97.31413001167769,True,0.2214869599065784,0.22,20,0.2,31,5,0.2,100,many_tiny,1e-05,2,0.7904191616766467,1e-07,5
0.48584697036709423,8,455.1661356395084,221.14108801415304,True,0.5141530296329058,0.24,13,0.13,35,5,0.2,100,many_tiny,1e-05,2,0.8074534161490684,1e-07,5
0.525598086124402,8,455.1661356395084,239.23444976076556,True,0.47440191387559805,0.26,13,0.13,39,5,0.2,100,many_tiny,1e-05,2,0.7770700636942676,1e-07,5
0.5355923939541687,8,455.1661356395084,243.78352023403218,True,0.4644076060458313,0.28,13,0.13,41,5,0.2,100,many_tiny,1e-05,2,0.7612903225806452,1e-07,5
0.41105620753551575,8,751.3148009015778,308.83261272390365,True,0.5889437924644843,0.30000000000000004,11,0.11,43,5,0.2,100,many_tiny,1e-05,2,0.7499999999999999,1e-07,5
0.46932299012693934,8,751.3148009015778,352.60930888575456,True,0.5306770098730607,0.32,11,0.11,46,5,0.2,100,many_tiny,1e-05,2,0.7248322147651006,1e-07,5
0.5150928792569659,8,751.3148009015778,386.9969040247678,True,0.4849071207430341,0.34,11,0.11,49,5,0.2,100,many_tiny,1e-05,2,0.6986301369863014,1e-07,5
0.5223704866562009,8,751.3148009015778,392.4646781789639,True,0.4776295133437991,0.36000000000000004,11,0.11,51,5,0.2,100,many_tiny,1e-05,2,0.6805555555555556,1e-07,5
0.5223704866562009,8,751.3148009015778,392.4646781789639,True,0.4776295133437991,0.38,11,0.11,51,5,0.2,100,many_tiny,1e-05,2,0.6805555555555556,1e-07,5
0.528594122319301,8,751.3148009015778,397.1405877680699,True,0.47140587768069897,0.4,11,0.11,54,5,0.2,100,many_tiny,1e-05,2,0.6524822695035462,1e-07,5
0.528594122319301,8,751.3148009015778,397.1405877680699,True,0.47140587768069897,0.42000000000000004,11,0.11,54,5,0.2,100,many_tiny,1e-05,2,0.6524822695035462,1e-07,5
0.5324,8,751.3148009015778,400.0,True,0.4676,0.44,11,0.11,55,5,0.2,100,many_tiny,1e-05,2,0.6428571428571429,1e-07,5
0.4752851711026616,8,1000.0,475.2851711026616,True,0.5247148288973384,0.46,10,0.1,60,5,0.2,100,many_tiny,1e-05,2,0.5925925925925926,1e-07,5
0.5834305717619603,8,1000.0,583.4305717619603,True,0.41656942823803966,0.48000000000000004,10,0.1,64,5,0.2,100,many_tiny,1e-05,2,0.549618320610687,1e-07,5
0.6067961165048543,8,1000.0,606.7961165048544,True,0.3932038834951457,0.5,10,0.1,68,5,0.2,100,many_tiny,1e-05,2,0.5039370078740157,1e-07,5
1.0,8,1.0,1.0,True,0.0,0.02,100,1.0,1,10,0.2,100,many_tiny,1e-05,0,0.06335493160547156,1e-07,5
1.0,8,1.0,1.0,True,0.0,0.04,100,1.0,1,10,0.2,100,many_tiny,1e-05,0,0.11965811965811966,1e-07,5
1.0,8,1.0,1.0,True,0.0,0.06,100,1.0,1,10,0.2,100,many_tiny,1e-05,0,0.23154848046309695,1e-07,5
1.0,8,1.0,1.0,True,0.0,0.08,100,1.0,1,10,0.2,100,many_tiny,1e-05,0,0.44637681159420295,1e-07,5
0.9999451333260178,8,1.3717421124828533,1.37166684955558,True,5.486667398224565e-05,0.1,90,0.9,8,10,0.2,100,many_tiny,1e-05,0,0.6820276497695852,1e-07,5
0.9994373593398349,8,2.5705817483554703,2.5691354345435675,True,0.0005626406601650924,0.12000000000000001,73,0.73,16,10,0.2,100,many_tiny,1e-05,0,0.7717391304347826,1e-07,5
0.9021122708966878,8,45.55393586005831,41.09476452699926,True,0.09788772910331223,0.13999999999999999,28,0.28,26,10,0.2,100,many_tiny,1e-05,0,0.7790697674418604,1e-07,5
0.8464228934817171,8,93.91435011269722,79.4912559618442,True,0.15357710651828294,0.16,22,0.22,30,10,0.2,100,many_tiny,1e-05,0,0.7976190476190476,1e-07,5
0.7147221414023858,8,203.5416242621616,145.47570555717195,True,0.28527785859761423,0.18,17,0.17,33,10,0.2,100,many_tiny,1e-05,0,0.8048780487804877,1e-07,5
0.5324769752787203,8,455.1661356395084,242.3654871546292,True,0.4675230247212797,0.19999999999999998,13,0.13,36,10,0.2,100,many_tiny,1e-05,0,0.8050314465408805,1e-07,5
0.4072827417380661,8,751.3148009015778,305.99755201958385,True,0.5927172582619339,0.22,11,0.11,37,10,0.2,100,many_tiny,1e-05,0,0.7974683544303798,1e-07,5
0.4072827417380661,8,751.3148009015778,305.99755201958385,True,0.5927172582619339,0.24,11,0.11,37,10,0.2,100,many_tiny,1e-05,0,0.7974683544303798,1e-07,5
0.43102331606217614,8,751.3148009015778,323.8341968911917,True,0.5689766839378239,0.26,11,0.11,39,10,0.2,100,many_tiny,1e-05,0,0.782051282051282,1e-07,5
0.43102331606217614,8,751.3148009015778,323.8341968911917,True,0.5689766839378239,0.28,11,0.11,39,10,0.2,100,many_tiny,1e-05,0,0.782051282051282,1e-07,5
0.5375605815831987,8,751.3148009015778,403.8772213247173,True,0.46243941841680125,0.30000000000000004,11,0.11,46,10,0.2,100,many_tiny,1e-05,0,0.7248322147651006,1e-07,5
0.5620777027027027,8,751.3148009015778,422.2972972972973,True,0.43792229729729726,0.32,11,0.11,48,10,0.2,100,many_tiny,1e-05,0,0.707482993197279,1e-07,5
0.5649405772495756,8,751.3148009015778,424.44821731748726,True,0.4350594227504244,0.34,11,0.11,50,10,0.2,100,many_tiny,1e-05,0,0.6896551724137931,1e-07,5
0.5707547169811321,8,751.3148009015778,428.8164665523156,True,0.4292452830188679,0.36000000000000004,11,0.11,52,10,0.2,100,many_tiny,1e-05,0,0.6713286713286714,1e-07,5
0.5812227074235807,8,751.3148009015778,436.68122270742356,True,0.41877729257641927,0.38,11,0.11,55,10,0.2,100,many_tiny,1e-05,0,0.6428571428571429,1e-07,5
0.5827495621716288,8,751.3148009015778,437.82837127845886,True,0.41725043782837123,0.4,11,0.11,56,10,0.2,100,many_tiny,1e-05,0,0.6330935251798561,1e-07,5
0.6000901713255185,8,751.3148009015778,450.8566275924256,True,0.39990982867448155,0.42000000000000004,11,0.11,58,10,0.2,100,many_tiny,1e-05,0,0.6131386861313868,1e-07,5
0.7094882729211087,8,751.3148009015778,533.0490405117271,True,0.2905117270788913,0.44,11,0.11,61,10,0.2,100,many_tiny,1e-05,0,0.582089552238806,1e-07,5
0.704225352112676,8,1000.0,704.2253521126761,True,0.295774647887324,0.46,10,0.1,65,10,0.2,100,many_tiny,1e-05,0,0.5384615384615384,1e-07,5
0.7352941176470589,8,1000.0,735.2941176470588,True,0.2647058823529411,0.48000000000000004,10,0.1,66,10,0.2,100,many_tiny,1e-05,0,0.5271317829457365,1e-07,5
0.7727975270479135,8,1000.0,772.7975270479135,True,0.2272024729520865,0.5,10,0.1,72,10,0.2,100,many_tiny,1e-05,0,0.4552845528455284,1e-07,5
1.0,8,1.0,1.0,True,0.0,0.02,100,1.0,1,10,0.2,100,many_tiny,1e-05,1,0.061833688699360345,1e-07,5
1.0,8,1.0,1.0,True,0.0,0.04,100,1.0,1,10,0.2,100,many_tiny,1e-05,1,0.11265646731571625,1e-07,5
1.0,8,1.0,1.0,True,0.0,0.06,100,1.0,1,10,0.2,100,many_tiny,1e-05,1,0.22807017543859648,1e-07,5
1.0,8,1.0,1.0,True,0.0,0.08,100,1.0,1,10,0.2,100,many_tiny,1e-05,1,0.42613636363636365,1e-07,5
0.9999559795862668,8,1.467411720510894,1.4673471244398402,True,4.402041373319232e-05,0.1,88,0.88,10,10,0.2,100,many_tiny,1e-05,1,0.6607142857142858,1e-07,5
0.9980608736182076,8,4.405655098884929,4.397111976853602,True,0.0019391263817923887,0.12000000000000001,61,0.61,18,10,0.2,100,many_tiny,1e-05,1,0.7684210526315788,1e-07,5
0.9838587778017707,8,10.973936899862826,10.796804145972793,True,0.016141222198229332,0.13999999999999999,45,0.45,21,10,0.2,100,many_tiny,1e-05,1,0.7978142076502732,1e-07,5
0.9334430496019596,8,41.00209110664644,38.27311696264544,True,0.06655695039804044,0.16,29,0.29,26,10,0.2,100,many_tiny,1e-05,1,0.8160919540229885,1e-07,5
0.9366694830632153,8,41.00209110664644,38.40540748137338,True,0.06333051693678471,0.18,29,0.29,27,10,0.2,100,many_tiny,1e-05,1,0.8187134502923976,1e-07,5
0.9375336357346045,8,41.00209110664644,38.440839547935724,True,0.062466364265395535,0.19999999999999998,29,0.29,29,10,0.2,100,many_tiny,1e-05,1,0.8095238095238095,1e-07,5
0.9379663102838243,8,41.00209110664644,38.45858010922237,True,0.06203368971617573,0.22,29,0.29,31,10,0.2,100,many_tiny,1e-05,1,0.7951807228915663,1e-07,5
0.5453100158982512,8,364.4314868804665,198.7281399046105,True,0.45468998410174877,0.24,14,0.14,36,10,0.2,100,many_tiny,1e-05,1,0.7924528301886793,1e-07,5
0.5719049604001667,8,364.4314868804665,208.42017507294707,True,0.4280950395998333,0.26,14,0.14,38,10,0.2,100,many_tiny,1e-05,1,0.7770700636942676,1e-07,5
0.41960907944514503,8,751.3148009015778,315.2585119798235,True,0.580390920554855,0.28,11,0.11,43,10,0.2,100,many_tiny,1e-05,1,0.7499999999999999,1e-07,5
0.4624739402362752,8,751.3148009015778,347.46351633078524,True,0.5375260597637248,0.30000000000000004,11,0.11,46,10,0.2,100,many_tiny,1e-05,1,0.7248322147651006,1e-07,5
0.47332859174964437,8,751.3148009015778,355.6187766714082,True,0.5266714082503556,0.32,11,0.11,48,10,0.2,100,many_tiny,1e-05,1,0.707482993197279,1e-07,5
0.5138996138996139,8,751.3148009015778,386.1003861003861,True,0.4861003861003861,0.34,11,0.11,50,10,0.2,100,many_tiny,1e-05,1,0.6896551724137931,1e-07,5
0.5187061574434918,8,751.3148009015778,389.7116134060795,True,0.4812938425565082,0.36000000000000004,11,0.11,52,10,0.2,100,many_tiny,1e-05,1,0.6713286713286714,1e-07,5
0.5298566878980892,8,751.3148009015778,398.0891719745223,True,0.47014331210191085,0.38,11,0.11,54,10,0.2,100,many_tiny,1e-05,1,0.6524822695035462,1e-07,5
0.5298566878980892,8,751.3148009015778,398.0891719745223,True,0.47014331210191085,0.4,11,0.11,54,10,0.2,100,many_tiny,1e-05,1,0.6524822695035462,1e-07,5
0.471253534401508,8,1000.0,471.25353440150803,True,0.5287464655984919,0.42000000000000004,10,0.1,59,10,0.2,100,many_tiny,1e-05,1,0.6029411764705882,1e-07,5
0.5213764337851929,8,1000.0,521.376433785193,True,0.47862356621480706,0.44,10,0.1,61,10,0.2,100,many_tiny,1e-05,1,0.582089552238806,1e-07,5
0.6090133982947625,8,1000.0,609.0133982947625,True,0.39098660170523747,0.46,10,0.1,64,10,0.2,100,many_tiny,1e-05,1,0.549618320610687,1e-07,5
0.6112469437652812,8,1000.0,611.2469437652812,True,0.3887530562347188,0.48000000000000004,10,0.1,65,10,0.2,100,many_tiny,1e-05,1,0.5384615384615384,1e-07,5
0.6756756756756757,8,1000.0,675.6756756756756,True,0.32432432432432434,0.5,10,0.1,69,10,0.2,100,many_tiny,1e-05,1,0.49206349206349204,1e-07,5
1.0,8,1.0,1.0,True,0.0,0.02,100,1.0,1,10,0.2,100,many_tiny,1e-05,2,0.06428313470566992,1e-07,5
1.0,8,1.0,1.0,True,0.0,0.04,100,1.0,1,10,0.2,100,many_tiny,1e-05,2,0.12500000000000003,1e-07,5
1.0,8,1.0,1.0,True,0.0,0.06,100,1.0,1,10,0.2,100,many_tiny,1e-05,2,0.243161094224924,1e-07,5
1.0,8,1.0,1.0,True,0.0,0.08,100,1.0,1,10,0.2,100,many_tiny,1e-05,2,0.4497041420118343,1e-07,5
0.9997094681542604,8,1.3270149727099372,1.3266294326005916,True,0.00029053184573957225,0.1,91,0.91,5,10,0.2,100,many_tiny,1e-05,2,0.6636363636363636,1e-07,5
0.9990686812804938,8,3.47830926343323,3.475069848903963,True,0.0009313187195062467,0.12000000000000001,66,0.66,18,10,0.2,100,many_tiny,1e-05,2,0.7446808510638299,1e-07,5
0.9947877276536599,8,10.273691131749816,10.220141855568956,True,0.005212272346340141,0.13999999999999999,46,0.46,25,10,0.2,100,many_tiny,1e-05,2,0.7885714285714286,1e-07,5
0.6866023075111843,8,171.46776406035664,117.73016246762421,True,0.31339769248881566,0.16,18,0.18,29,10,0.2,100,many_tiny,1e-05,2,0.8214285714285715,1e-07,5
0.5049687154950313,8,364.4314868804665,184.0264998159735,True,0.4950312845049687,0.18,14,0.14,31,10,0.2,100,many_tiny,1e-05,2,0.8363636363636364,1e-07,5
0.4578991246352647,8,455.1661356395084,208.42017507294707,True,0.5421008753647353,0.19999999999999998,13,0.13,33,10,0.2,100,many_tiny,1e-05,2,0.8271604938271605,1e-07,5
0.45847245409015025,8,455.1661356395084,208.6811352253756,True,0.5415275459098498,0.22,13,0.13,34,10,0.2,100,many_tiny,1e-05,2,0.8198757763975156,1e-07,5
0.36686879823594265,8,751.3148009015778,275.63395810363835,True,0.6331312017640573,0.24,11,0.11,37,10,0.2,100,many_tiny,1e-05,2,0.7974683544303798,1e-07,5
0.3686980609418283,8,751.3148009015778,277.0083102493075,True,0.6313019390581718,0.26,11,0.11,38,10,0.2,100,many_tiny,1e-05,2,0.7898089171974523,1e-07,5
0.45210597826086957,8,751.3148009015778,339.67391304347825,True,0.5478940217391304,0.28,11,0.11,41,10,0.2,100,many_tiny,1e-05,2,0.7662337662337663,1e-07,5
0.45210597826086957,8,751.3148009015778,339.67391304347825,True,0.5478940217391304,0.30000000000000004,11,0.11,41,10,0.2,100,many_tiny,1e-05,2,0.7662337662337663,1e-07,5
0.4723207948899929,8,751.3148009015778,354.86160397444996,True,0.5276792051100071,0.32,11,0.11,47,10,0.2,100,many_tiny,1e-05,2,0.7162162162162162,1e-07,5
0.5115295926210607,8,751.3148009015778,384.3197540353574,True,0.4884704073789393,0.34,11,0.11,48,10,0.2,100,many_tiny,1e-05,2,0.707482993197279,1e-07,5
0.5187061574434918,8,751.3148009015778,389.7116134060795,True,0.4812938425565082,0.36000000000000004,11,0.11,50,10,0.2,100,many_tiny,1e-05,2,0.6896551724137931,1e-07,5
0.52360346184107,8,751.3148009015778,393.3910306845004,True,0.47639653815893,0.38,11,0.11,52,10,0.2,100,many_tiny,1e-05,2,0.6713286713286714,1e-07,5
0.5248422712933754,8,751.3148009015778,394.3217665615142,True,0.47515772870662465,0.4,11,0.11,53,10,0.2,100,many_tiny,1e-05,2,0.6619718309859155,1e-07,5
0.4570383912248629,8,1000.0,457.0383912248629,True,0.5429616087751371,0.42000000000000004,10,0.1,55,10,0.2,100,many_tiny,1e-05,2,0.6428571428571429,1e-07,5
0.4646840148698885,8,1000.0,464.6840148698885,True,0.5353159851301115,0.44,10,0.1,56,10,0.2,100,many_tiny,1e-05,2,0.6330935251798561,1e-07,5
0.4793863854266539,8,1000.0,479.3863854266539,True,0.5206136145733461,0.46,10,0.1,60,10,0.2,100,many_tiny,1e-05,2,0.5925925925925926,1e-07,5
0.49067713444553485,8,1000.0,490.6771344455348,True,0.5093228655544652,0.48000000000000004,10,0.1,66,10,0.2,100,many_tiny,1e-05,2,0.5271317829457365,1e-07,5
0.5267341040462428,8,1371.7421124828531,722.543352601156,True,0.47326589595375723,0.5,9,0.09,70,10,0.2,100,many_tiny,1e-05,2,0.4799999999999999,1e-07,5
1.0,8,1.0,1.0,True,0.0,0.02,200,1.0,1,2,0.1,200,many_tiny,1e-05,0,0.026786405512115818,1e-07,10
1.0,8,1.0,1.0,True,0.0,0.04,200,1.0,1,2,0.1,200,many_tiny,1e-05,0,0.040865097383199905,1e-07,10
1.0,8,1.0,1.0,True,0.0,0.06,200,1.0,1,2,0.1,200,many_tiny,1e-05,0,0.06248823640127988,1e-07,10
1.0,8,1.0,1.0,True,0.0,0.08,200,1.0,1,2,0.1,200,many_tiny,1e-05,0,0.0990637269707037,1e-07,10
1.0,8,1.0,1.0,True,0.0,0.1,200,1.0,1,2,0.1,200,many_tiny,1e-05,0,0.15439309294057896,1e-07,10
1.0,8,1.0,1.0,True,0.0,0.12000000000000001,200,1.0,1,2,0.1,200,many_tiny,1e-05,0,0.24916387959866218,1e-07,10
1.0,8,1.0,1.0,True,0.0,0.13999999999999999,200,1.0,1,2,0.1,200,many_tiny,1e-05,0,0.366412213740458,1e-07,10
0.9999993256802537,8,1.0789123215158718,1.078911593983989,True,6.743197462633077e-07,0.16,195,0.975,6,2,0.1,200,many_tiny,1e-05,0,0.4991150442477876,1e-07,10
0.9999743700882541,8,1.3948608791912736,1.3948251290300422,True,2.562991174592799e-05,0.18,179,0.895,17,2,0.1,200,many_tiny,1e-05,0,0.609271523178808,1e-07,10
0.9998848106921454,8,2.148299822093921,2.14805236092435,True,0.0001151893078545907,0.19999999999999998,155,0.775,27,2,0.1,200,many_tiny,1e-05,0,0.6903553299492386,1e-07,10
0.9989671142761932,8,6.177467840488514,6.171087222146798,True,0.0010328857238067757,0.22,109,0.545,46,2,0.1,200,many_tiny,1e-05,0,0.7422096317280453,1e-07,10
0.9967496539591203,8,15.053411385271366,15.004482589173515,True,0.0032503460408797036,0.24,81,0.405,59,2,0.1,200,many_tiny,1e-05,0,0.7359050445103857,1e-07,10
0.995566290473131,8,24.352453053036598,24.244481349932723,True,0.004433709526868945,0.26,69,0.345,68,2,0.1,200,many_tiny,1e-05,0,0.7384615384615385,1e-07,10
0.6310315611099343,8,268.53747776174015,169.45562380851516,True,0.3689684388900657,0.28,31,0.155,75,2,0.1,200,many_tiny,1e-05,0,0.7421383647798742,1e-07,10
0.5847679640718563,8,512.0,299.4011976047904,True,0.41523203592814373,0.30000000000000004,25,0.125,82,2,0.1,200,many_tiny,1e-05,0,0.7313915857605177,1e-07,10
0.5263990508206446,8,751.3148009015778,395.4913980620922,True,0.47360094917935536,0.32,22,0.11,90,2,0.1,200,many_tiny,1e-05,0,0.7043189368770764,1e-07,10
0.6047283284944006,8,1371.7421124828531,829.531314807134,True,0.3952716715055994,0.34,18,0.09,95,2,0.1,200,many_tiny,1e-05,0,0.7050847457627119,1e-07,10
0.3198815253609774,8,4629.62962962963,1480.932987782303,True,0.6801184746390225,0.36000000000000004,12,0.06,101,2,0.1,200,many_tiny,1e-05,0,0.6851211072664359,1e-07,10
0.3256690539012439,8,4629.62962962963,1507.7271013946477,True,0.6743309460987561,0.38,12,0.06,104,2,0.1,200,many_tiny,1e-05,0,0.6713286713286714,1e-07,10
0.35107679804957337,8,4629.62962962963,1625.3555465258025,True,0.6489232019504266,0.4,12,0.06,109,2,0.1,200,many_tiny,1e-05,0,0.6476868327402135,1e-07,10
0.37483731019522776,8,4629.62962962963,1735.357917570499,True,0.6251626898047722,0.42000000000000004,12,0.06,118,2,0.1,200,many_tiny,1e-05,0,0.6029411764705882,1e-07,10
0.37679895333624075,8,4629.62962962963,1744.4395987788923,True,0.6232010466637592,0.44,12,0.06,120,2,0.1,200,many_tiny,1e-05,0,0.5925925925925926,1e-07,10
0.44149207971384774,8,4629.62962962963,2043.9448134900358,True,0.5585079202861523,0.46,12,0.06,127,2,0.1,200,many_tiny,1e-05,0,0.5551330798479087,1e-07,10
0.44353182751540043,8,4629.62962962963,2053.388090349076,True,0.5564681724845996,0.48000000000000004,12,0.06,128,2,0.1,200,many_tiny,1e-05,0,0.549618320610687,1e-07,10
0.48376259798432253,8,4629.62962962963,2239.6416573348265,True,0.5162374020156775,0.5,12,0.06,134,2,0.1,200,many_tiny,1e-05,0,0.515625,1e-07,10
1.0,8,1.0,1.0,True,0.0,0.02,200,1.0,1,2,0.1,200,many_tiny,1e-05,1,0.027222393109812365,1e-07,10
1.0,8,1.0,1.0,True,0.0,0.04,200,1.0,1,2,0.1,200,many_tiny,1e-05,1,0.04064654147848823,1e-07,10
1.0,8,1.0,1.0,True,0.0,0.06,200,1.0,1,2,0.1,200,many_tiny,1e-05,1,0.06179775280898876,1e-07,10
1.0,8,1.0,1.0,True,0.0,0.08,200,1.0,1,2,0.1,200,many_tiny,1e-05,1,0.09817073170731708,1e-07,10
1.0,8,1.0,1.0,True,0.0,0.1,200,1.0,1,2,0.1,200,many_tiny,1e-05,1,0.1543859649122807,1e-07,10
1.0,8,1.0,1.0,True,0.0,0.12000000000000001,200,1.0,1,2,0.1,200,many_tiny,1e-05,1,0.24543946932006633,1e-07,10
0.9999998731061087,8,1.0151512594410654,1.0151511306245717,True,1.2689389128350825e-07,0.13999999999999999,199,0.995,2,2,0.1,200,many_tiny,1e-05,1,0.3715012722646311,1e-07,10
0.9999983564786789,8,1.0956826815299674,1.0956808807521192,True,1.6435213211485333e-06,0.16,194,0.97,6,2,0.1,200,many_tiny,1e-05,1,0.5061082024432809,1e-07,10
0.9999924554753016,8,1.3717421124828533,1.3717317633406059,True,7.544524698421817e-06,0.18,180,0.9,17,2,0.1,200,many_tiny,1e-05,1,0.6258205689277898,1e-07,10
0.999918159366847,8,1.9902086708913822,1.9900457909536498,True,8.184063315297418e-05,0.19999999999999998,159,0.795,28,2,0.1,200,many_tiny,1e-05,1,0.6814814814814815,1e-07,10
0.9996644407905775,8,4.19589809002719,4.194490117781283,True,0.00033555920942252015,0.22,124,0.62,43,2,0.1,200,many_tiny,1e-05,1,0.7356948228882833,1e-07,10
0.9995887347387735,8,4.869046981434324,4.86704451155558,True,0.0004112652612264789,0.24,118,0.59,46,2,0.1,200,many_tiny,1e-05,1,0.7556818181818182,1e-07,10
0.9978943052525223,8,11.739293764087153,11.714574394869016,True,0.002105694747477682,0.26,88,0.44,56,2,0.1,200,many_tiny,1e-05,1,0.7551622418879057,1e-07,10
0.9975916234297685,8,15.053411385271366,15.017157101989023,True,0.0024083765702315185,0.28,81,0.405,63,2,0.1,200,many_tiny,1e-05,1,0.7522935779816514,1e-07,10
0.8375438838025745,8,82.18952905399853,68.83733737179045,True,0.1624561161974255,0.30000000000000004,46,0.23,71,2,0.1,200,many_tiny,1e-05,1,0.7523510971786833,1e-07,10
0.7969365144246283,8,107.9796998164345,86.052965600327,True,0.20306348557537168,0.32,42,0.21,76,2,0.1,200,many_tiny,1e-05,1,0.7388535031847133,1e-07,10
0.5249975347598856,8,751.3148009015778,394.4384183019426,True,0.47500246524011436,0.34,22,0.11,89,2,0.1,200,many_tiny,1e-05,1,0.717607973421927,1e-07,10
0.650935322166524,8,751.3148009015778,489.05734197334635,True,0.34906467783347594,0.36000000000000004,22,0.11,97,2,0.1,200,many_tiny,1e-05,1,0.68259385665529,1e-07,10
0.604869197036141,8,1000.0,604.8691970361409,True,0.39513080296385905,0.38,20,0.1,101,2,0.1,200,many_tiny,1e-05,1,0.6712802768166091,1e-07,10
0.4369497669601243,8,2370.3703703703704,1035.732780942517,True,0.5630502330398757,0.4,15,0.075,104,2,0.1,200,many_tiny,1e-05,1,0.6643356643356643,1e-07,10
0.4666758849557522,8,2370.3703703703704,1106.1946902654868,True,0.5333241150442478,0.42000000000000004,15,0.075,112,2,0.1,200,many_tiny,1e-05,1,0.6258992805755396,1e-07,10
0.4721600447677672,8,2370.3703703703704,1119.194180190263,True,0.5278399552322328,0.44,15,0.075,117,2,0.1,200,many_tiny,1e-05,1,0.6007326007326008,1e-07,10
0.4615546218487395,8,3641.3290851160673,1680.672268907563,True,0.5384453781512605,0.46,13,0.065,123,2,0.1,200,many_tiny,1e-05,1,0.5767790262172284,1e-07,10
0.4841339797267519,8,3641.3290851160673,1762.8911414720142,True,0.5158660202732481,0.48000000000000004,13,0.065,126,2,0.1,200,many_tiny,1e-05,1,0.5606060606060607,1e-07,10
0.5076247689463955,8,3641.3290851160673,1848.4288354898335,True,0.4923752310536045,0.5,13,0.065,135,2,0.1,200,many_tiny,1e-05,1,0.5098039215686275,1e-07,10
1.0,8,1.0,1.0,True,0.0,0.02,200,1.0,1,2,0.1,200,many_tiny,1e-05,2,0.0280799197716578,1e-07,10
1.0,8,1.0,1.0,True,0.0,0.04,200,1.0,1,2,0.1,200,many_tiny,1e-05,2,0.04174573055028463,1e-07,10
1.0,8,1.0,1.0,True,0.0,0.06,200,1.0,1,2,0.1,200,many_tiny,1e-05,2,0.06441947565543071,1e-07,10
1.0,8,1.0,1.0,True,0.0,0.08,200,1.0,1,2,0.1,200,many_tiny,1e-05,2,0.09864661654135339,1e-07,10
1.0,8,1.0,1.0,True,0.0,0.1,200,1.0,1,2,0.1,200,many_tiny,1e-05,2,0.15641908509591737,1e-07,10
1.0,8,1.0,1.0,True,0.0,0.12000000000000001,200,1.0,1,2,0.1,200,many_tiny,1e-05,2,0.24505928853754944,1e-07,10
0.9999997423475283,8,1.0306101521283646,1.0306098865891116,True,2.5765247169129424e-07,0.13999999999999999,198,0.99,3,2,0.1,200,many_tiny,1e-05,2,0.3733333333333333,1e-07,10
0.9999991782386641,8,1.0956826815299674,1.0956817811403035,True,8.217613358674214e-07,0.16,194,0.97,7,2,0.1,200,many_tiny,1e-05,2,0.5178875638841568,1e-07,10
0.9999796225519562,8,1.4426805870916515,1.4426511889429443,True,2.037744804384012e-05,0.18,177,0.885,15,2,0.1,200,many_tiny,1e-05,2,0.6255319148936171,1e-07,10
0.9998010823443593,8,2.3235881079922427,2.3231259052931263,True,0.00019891765564072905,0.19999999999999998,151,0.755,25,2,0.1,200,many_tiny,1e-05,2,0.7125307125307127,1e-07,10
0.9990009277593919,8,5.544401298221564,5.538862040793719,True,0.0009990722406081343,0.22,113,0.565,37,2,0.1,200,many_tiny,1e-05,2,0.7667560321715817,1e-07,10
0.9985259085384882,8,7.764721183421155,7.753275274223655,True,0.001474091461511784,0.24,101,0.505,44,2,0.1,200,many_tiny,1e-05,2,0.7943661971830986,1e-07,10
0.9975252260701281,8,12.577508898587546,12.546382407462588,True,0.002474773929871943,0.26,86,0.43,52,2,0.1,200,many_tiny,1e-05,2,0.7988338192419825,1e-07,10
0.9928348322024777,8,22.351925478680453,22.191770182027994,True,0.007165167797522298,0.28,71,0.355,58,2,0.1,200,many_tiny,1e-05,2,0.8023952095808383,1e-07,10
0.9722583321808879,8,56.89576695493855,55.31738348776103,True,0.027741667819112137,0.30000000000000004,52,0.26,70,2,0.1,200,many_tiny,1e-05,2,0.7725856697819314,1e-07,10
0.9652620186432985,8,72.33796296296296,69.8250881541738,True,0.034737981356701475,0.32,48,0.24,76,2,0.1,200,many_tiny,1e-05,2,0.7492063492063491,1e-07,10
0.958342068221976,8,125.0,119.792758527747,True,0.041657931778024015,0.34,40,0.2,82,2,0.1,200,many_tiny,1e-05,2,0.7337662337662338,1e-07,10
0.5366212734633787,8,1371.7421124828531,736.105999263894,True,0.46337872653662127,0.36000000000000004,18,0.09,89,2,0.1,200,many_tiny,1e-05,2,0.7133333333333333,1e-07,10
0.4762790697674419,8,1953.125,930.2325581395348,True,0.5237209302325581,0.38,16,0.08,99,2,0.1,200,many_tiny,1e-05,2,0.6735395189003437,1e-07,10
0.35469809493057797,8,3641.3290851160673,1291.5724895059736,True,0.645301905069422,0.4,13,0.065,106,2,0.1,200,many_tiny,1e-05,2,0.6549295774647887,1e-07,10
0.3609924416694052,8,3641.3290851160673,1314.4922773578705,True,0.6390075583305947,0.42000000000000004,13,0.065,110,2,0.1,200,many_tiny,1e-05,2,0.6357142857142858,1e-07,10
0.386115992970123,8,3641.3290851160673,1405.97539543058,True,0.613884007029877,0.44,13,0.065,119,2,0.1,200,many_tiny,1e-05,2,0.5904059040590406,1e-07,10
0.468044311887516,8,3641.3290851160673,1704.303365999148,True,0.5319556881124841,0.46,13,0.065,123,2,0.1,200,many_tiny,1e-05,2,0.5767790262172284,1e-07,10
0.5055223193741372,8,3641.3290851160673,1840.7731247123793,True,0.49447768062586284,0.48000000000000004,13,0.065,128,2,0.1,200,many_tiny,1e-05,2,0.549618320610687,1e-07,10
0.5213573801613669,8,3641.3290851160673,1898.4337921214997,True,0.4786426198386331,0.5,13,0.065,132,2,0.1,200,many_tiny,1e-05,2,0.5271317829457365,1e-07,10
1.0,8,1.0,1.0,True,0.0,0.02,200,1.0,1,5,0.1,200,many_tiny,1e-05,0,0.03349418109565711,1e-07,10
1.0,8,1.0,1.0,True,0.0,0.04,200,1.0,1,5,0.1,200,many_tiny,1e-05,0,0.06531575841038756,1e-07,10
1.0,8,1.0,1.0,True,0.0,0.06,200,1.0,1,5,0.1,200,many_tiny,1e-05,0,0.13765892152564665,1e-07,10
1.0,8,1.0,1.0,True,0.0,0.08,200,1.0,1,5,0.1,200,many_tiny,1e-05,0,0.2974559686888454,1e-07,10
0.9999981916993436,8,1.1128024162278864,1.1128004039465467,True,1.8083006564362236e-06,0.1,193,0.965,7,5,0.1,200,many_tiny,1e-05,0,0.5077720207253886,1e-07,10
0.9999724463231586,8,1.657409688264027,1.6573640205330828,True,2.755367684137422e-05,0.12000000000000001,169,0.845,21,5,0.1,200,many_tiny,1e-05,0,0.7087378640776698,1e-07,10
0.9971823958136082,8,5.544401298221564,5.528779369912659,True,0.0028176041863917645,0.13999999999999999,113,0.565,38,5,0.1,200,many_tiny,1e-05,0,0.7608695652173914,1e-07,10
0.9949513586044951,8,16.858005023685497,16.772895001677288,True,0.0050486413955048715,0.16,78,0.39,51,5,0.1,200,many_tiny,1e-05,0,0.8057971014492753,1e-07,10
0.7874651542824185,8,244.140625,192.2522349322311,True,0.21253484571758152,0.18,32,0.16,58,5,0.1,200,many_tiny,1e-05,0,0.8288288288288289,1e-07,10
0.39493569131832795,8,1628.3329940972928,643.0868167202573,True,0.605064308681672,0.19999999999999998,17,0.085,63,5,0.1,200,many_tiny,1e-05,0,0.8292682926829269,1e-07,10
0.3980071289695399,8,1628.3329940972928,648.0881399870383,True,0.6019928710304601,0.22,17,0.085,65,5,0.1,200,many_tiny,1e-05,0,0.8220858895705521,1e-07,10
0.4403908210828254,8,1628.3329940972928,717.1029042667623,True,0.5596091789171747,0.24,17,0.085,71,5,0.1,200,many_tiny,1e-05,0,0.8,1e-07,10
0.28801782905086526,8,3641.3290851160673,1048.767697954903,True,0.7119821709491347,0.26,13,0.065,77,5,0.1,200,many_tiny,1e-05,0,0.7859424920127795,1e-07,10
0.3312726176115802,8,3641.3290851160673,1206.2726176115802,True,0.6687273823884198,0.28,13,0.065,80,5,0.1,200,many_tiny,1e-05,0,0.7741935483870968,1e-07,10
0.355386606276286,8,3641.3290851160673,1294.0795858945326,True,0.644613393723714,0.30000000000000004,13,0.065,86,5,0.1,200,many_tiny,1e-05,0,0.7499999999999999,1e-07,10
0.35711963589076723,8,3641.3290851160673,1300.3901170351105,True,0.6428803641092328,0.32,13,0.065,89,5,0.1,200,many_tiny,1e-05,0,0.7375415282392027,1e-07,10
0.3098995695839311,8,4629.62962962963,1434.7202295552368,True,0.6901004304160689,0.34,12,0.06,95,5,0.1,200,many_tiny,1e-05,0,0.711864406779661,1e-07,10
0.3198815253609774,8,4629.62962962963,1480.932987782303,True,0.6801184746390225,0.36000000000000004,12,0.06,99,5,0.1,200,many_tiny,1e-05,0,0.6941580756013745,1e-07,10
0.3260377358490566,8,4629.62962962963,1509.433962264151,True,0.6739622641509434,0.38,12,0.06,103,5,0.1,200,many_tiny,1e-05,0,0.6759581881533101,1e-07,10
0.3297709923664122,8,4629.62962962963,1526.7175572519084,True,0.6702290076335877,0.4,12,0.06,107,5,0.1,200,many_tiny,1e-05,0,0.657243816254417,1e-07,10
0.37097466723915845,8,4629.62962962963,1717.4753112924002,True,0.6290253327608415,0.42000000000000004,12,0.06,113,5,0.1,200,many_tiny,1e-05,0,0.628158844765343,1e-07,10
0.38954012623985573,8,4629.62962962963,1803.4265103697023,True,0.6104598737601443,0.44,12,0.06,118,5,0.1,200,many_tiny,1e-05,0,0.6029411764705882,1e-07,10
0.40373831775700936,8,4629.62962962963,1869.1588785046729,True,0.5962616822429907,0.46,12,0.06,122,5,0.1,200,many_tiny,1e-05,0,0.582089552238806,1e-07,10
0.4348263714141922,8,4629.62962962963,2013.0850528434826,True,0.5651736285858078,0.48000000000000004,12,0.06,127,5,0.1,200,many_tiny,1e-05,0,0.5551330798479087,1e-07,10
0.4576271186440678,8,4629.62962962963,2118.64406779661,True,0.5423728813559322,0.5,12,0.06,135,5,0.1,200,many_tiny,1e-05,0,0.5098039215686275,1e-07,10
1.0,8,1.0,1.0,True,0.0,0.02,200,1.0,1,5,0.1,200,many_tiny,1e-05,1,0.03408225437928408,1e-07,10
1.0,8,1.0,1.0,True,0.0,0.04,200,1.0,1,5,0.1,200,many_tiny,1e-05,1,0.06753554502369669,1e-07,10
1.0,8,1.0,1.0,True,0.0,0.06,200,1.0,1,5,0.1,200,many_tiny,1e-05,1,0.14483683504693787,1e-07,10
1.0,8,1.0,1.0,True,0.0,0.08,200,1.0,1,5,0.1,200,many_tiny,1e-05,1,0.29551954242135364,1e-07,10
0.9999997423475283,8,1.0306101521283646,1.0306098865891116,True,2.5765247169129424e-07,0.1,198,0.99,3,5,0.1,200,many_tiny,1e-05,1,0.5250431778929188,1e-07,10
0.9999581805149079,8,1.467411720510894,1.4673503541083242,True,4.1819485092076114e-05,0.12000000000000001,176,0.88,13,5,0.1,200,many_tiny,1e-05,1,0.6912442396313364,1e-07,10
0.9998560004818234,8,2.190422160062909,2.1901067403272565,True,0.00014399951817656298,0.13999999999999999,154,0.77,23,5,0.1,200,many_tiny,1e-05,1,0.7570332480818414,1e-07,10
0.9995691140144812,8,3.905519622062866,3.903836788391551,True,0.00043088598551876967,0.16,127,0.635,33,5,0.1,200,many_tiny,1e-05,1,0.7870619946091644,1e-07,10
0.9271818821792208,8,37.03703703703704,34.34006971034151,True,0.07281811782077918,0.18,60,0.3,46,5,0.1,200,many_tiny,1e-05,1,0.8205128205128206,1e-07,10
0.4318380607272273,8,578.7037037037037,249.90628514307136,True,0.5681619392727727,0.19999999999999998,24,0.12,59,5,0.1,200,many_tiny,1e-05,1,0.8288288288288289,1e-07,10
0.36915823048120927,8,751.3148009015778,277.3540424351685,True,0.6308417695187907,0.22,22,0.11,60,5,0.1,200,many_tiny,1e-05,1,0.8363636363636364,1e-07,10
0.46517036864751715,8,1000.0,465.17036864751714,True,0.5348296313524828,0.24,20,0.1,68,5,0.1,200,many_tiny,1e-05,1,0.813664596273292,1e-07,10
0.23818300086730268,8,3641.3290851160673,867.3026886383348,True,0.7618169991326973,0.26,13,0.065,75,5,0.1,200,many_tiny,1e-05,1,0.7936507936507937,1e-07,10
0.2438943161634103,8,3641.3290851160673,888.0994671403197,True,0.7561056838365897,0.28,13,0.065,76,5,0.1,200,many_tiny,1e-05,1,0.7898089171974523,1e-07,10
0.2738035892323031,8,3641.3290851160673,997.0089730807578,True,0.7261964107676969,0.30000000000000004,13,0.065,81,5,0.1,200,many_tiny,1e-05,1,0.7702265372168284,1e-07,10
0.27838317283324887,8,3641.3290851160673,1013.6847440446021,True,0.7216168271667511,0.32,13,0.065,84,5,0.1,200,many_tiny,1e-05,1,0.7581699346405228,1e-07,10
0.34178593652769135,8,3641.3290851160673,1244.5550715619165,True,0.6582140634723086,0.34,13,0.065,89,5,0.1,200,many_tiny,1e-05,1,0.7375415282392027,1e-07,10
0.3463114754098361,8,3641.3290851160673,1261.034047919294,True,0.6536885245901639,0.36000000000000004,13,0.065,95,5,0.1,200,many_tiny,1e-05,1,0.711864406779661,1e-07,10
0.36974082800403907,8,3641.3290851160673,1346.3480309660047,True,0.6302591719959609,0.38,13,0.065,100,5,0.1,200,many_tiny,1e-05,1,0.6896551724137931,1e-07,10
0.40003641660597233,8,3641.3290851160673,1456.6642388929351,True,0.5999635833940277,0.4,13,0.065,108,5,0.1,200,many_tiny,1e-05,1,0.6524822695035462,1e-07,10
0.4085161770174786,8,3641.3290851160673,1487.5418371141689,True,0.5914838229825214,0.42000000000000004,13,0.065,111,5,0.1,200,many_tiny,1e-05,1,0.6379928315412187,1e-07,10
0.4580900750625521,8,3641.3290851160673,1668.0567139282737,True,0.5419099249374479,0.44,13,0.065,117,5,0.1,200,many_tiny,1e-05,1,0.6080586080586081,1e-07,10
0.47044967880085653,8,3641.3290851160673,1713.0620985010707,True,0.5295503211991435,0.46,13,0.065,122,5,0.1,200,many_tiny,1e-05,1,0.582089552238806,1e-07,10
0.4966094032549729,8,3641.3290851160673,1808.3182640144666,True,0.5033905967450272,0.48000000000000004,13,0.065,126,5,0.1,200,many_tiny,1e-05,1,0.5606060606060607,1e-07,10
0.5125991600559963,8,3641.3290851160673,1866.5422305179654,True,0.48740083994400374,0.5,13,0.065,130,5,0.1,200,many_tiny,1e-05,1,0.5384615384615384,1e-07,10
1.0,8,1.0,1.0,True,0.0,0.02,200,1.0,1,5,0.1,200,many_tiny,1e-05,2,0.03440453686200378,1e-07,10
1.0,8,1.0,1.0,True,0.0,0.04,200,1.0,1,5,0.1,200,many_tiny,1e-05,2,0.06824457593688363,1e-07,10
1.0,8,1.0,1.0,True,0.0,0.06,200,1.0,1,5,0.1,200,many_tiny,1e-05,2,0.14558366622281405,1e-07,10
1.0,8,1.0,1.0,True,0.0,0.08,200,1.0,1,5,0.1,200,many_tiny,1e-05,2,0.29650613786591123,1e-07,10
0.9999988228187944,8,1.046384525647081,1.0463832938628834,True,1.1771812056249331e-06,0.1,197,0.985,3,5,0.1,200,many_tiny,1e-05,2,0.515702479338843,1e-07,10
0.9999181829616222,8,1.6283329940972928,1.628199768714223,True,8.181703837784049e-05,0.12000000000000001,170,0.85,15,5,0.1,200,many_tiny,1e-05,2,0.6785714285714286,1e-07,10
0.9991852727811548,8,3.814697265625,3.8115893279310407,True,0.0008147272188452348,0.13999999999999999,128,0.64,30,5,0.1,200,many_tiny,1e-05,2,0.7926509186351707,1e-07,10
0.9972443444695243,8,7.764721183421155,7.743324286549458,True,0.0027556555304757424,0.16,101,0.505,39,5,0.1,200,many_tiny,1e-05,2,0.8245125348189415,1e-07,10
0.9924026363612649,8,17.523377280503272,17.39024581112454,True,0.0075973636387350885,0.18,77,0.385,45,5,0.1,200,many_tiny,1e-05,2,0.8505747126436782,1e-07,10
0.9924026363612649,8,17.523377280503272,17.39024581112454,True,0.0075973636387350885,0.19999999999999998,77,0.385,45,5,0.1,200,many_tiny,1e-05,2,0.8579710144927536,1e-07,10
0.8701652621210463,8,100.62007118870036,87.55609062055379,True,0.12983473787895372,0.22,43,0.215,53,5,0.1,200,many_tiny,1e-05,2,0.8486646884272997,1e-07,10
0.8819216434466235,8,100.62007118870036,88.73901854645487,True,0.1180783565533765,0.24,43,0.215,56,5,0.1,200,many_tiny,1e-05,2,0.8383233532934131,1e-07,10
0.8394040832559989,8,157.93733836100526,132.57324671881216,True,0.1605959167440011,0.26,37,0.185,59,5,0.1,200,many_tiny,1e-05,2,0.8338368580060423,1e-07,10
0.6454986925663055,8,578.7037037037037,373.55248412401943,True,0.35450130743369446,0.28,24,0.12,64,5,0.1,200,many_tiny,1e-05,2,0.8282208588957055,1e-07,10
0.6903715541350379,8,578.7037037037037,399.52057530962844,True,0.3096284458649621,0.30000000000000004,24,0.12,72,5,0.1,200,many_tiny,1e-05,2,0.7987421383647798,1e-07,10
0.7457919723780752,8,578.7037037037037,431.59257660768236,True,0.25420802762192485,0.32,24,0.12,77,5,0.1,200,many_tiny,1e-05,2,0.779552715654952,1e-07,10
0.7697104677060134,8,578.7037037037037,445.43429844097994,True,0.23028953229398663,0.34,24,0.12,87,5,0.1,200,many_tiny,1e-05,2,0.7392739273927392,1e-07,10
0.8257078007406522,8,578.7037037037037,477.8401624656552,True,0.1742921992593478,0.36000000000000004,24,0.12,93,5,0.1,200,many_tiny,1e-05,2,0.7138047138047139,1e-07,10
0.8447812270838426,8,578.7037037037037,488.8780249327793,True,0.15521877291615738,0.38,24,0.12,99,5,0.1,200,many_tiny,1e-05,2,0.6872852233676976,1e-07,10
0.8306253413435282,8,657.5162324319882,546.1496450027307,True,0.16937465865647183,0.4,23,0.115,103,5,0.1,200,many_tiny,1e-05,2,0.6689895470383276,1e-07,10
0.8388720353006067,8,657.5162324319882,551.5719801434087,True,0.16112796469939328,0.42000000000000004,23,0.115,108,5,0.1,200,many_tiny,1e-05,2,0.6453900709219859,1e-07,10
0.34684865515857083,8,4629.62962962963,1605.7808109193095,True,0.6531513448414292,0.44,12,0.06,115,5,0.1,200,many_tiny,1e-05,2,0.6181818181818182,1e-07,10
0.40544345377756924,8,4629.62962962963,1877.0530267480055,True,0.5945565462224307,0.46,12,0.06,119,5,0.1,200,many_tiny,1e-05,2,0.5977859778597786,1e-07,10
0.43548387096774194,8,4629.62962962963,2016.1290322580646,True,0.564516129032258,0.48000000000000004,12,0.06,128,5,0.1,200,many_tiny,1e-05,2,0.549618320610687,1e-07,10
0.44353182751540043,8,4629.62962962963,2053.388090349076,True,0.5564681724845996,0.5,12,0.06,133,5,0.1,200,many_tiny,1e-05,2,0.5214007782101168,1e-07,10
1.0,8,1.0,1.0,True,0.0,0.02,200,1.0,1,10,0.1,200,many_tiny,1e-05,0,0.04519350811485642,1e-07,10
1.0,8,1.0,1.0,True,0.0,0.04,200,1.0,1,10,0.1,200,many_tiny,1e-05,0,0.12550756736803248,1e-07,10
0.9999998731061087,8,1.0151512594410654,1.0151511306245717,True,1.2689389128350825e-07,0.06,199,0.995,2,10,0.1,200,many_tiny,1e-05,0,0.3427331887201735,1e-07,10
0.9999769498723555,8,1.4185020901628298,1.4184693935085877,True,2.3050127644475005e-05,0.08,178,0.89,14,10,0.1,200,many_tiny,1e-05,0,0.622680412371134,1e-07,10
0.9996634374349743,8,2.7939906848350566,2.793050332163511,True,0.0003365625650256776,0.1,142,0.71,27,10,0.1,200,many_tiny,1e-05,0,0.7545219638242894,1e-07,10
0.9435379796988793,8,31.993985130795412,30.187540092826687,True,0.056462020301120686,0.12000000000000001,63,0.315,44,10,0.1,200,many_tiny,1e-05,0,0.8218390804597702,1e-07,10
0.2701134265365339,8,1953.125,527.5652862041678,True,0.7298865734634661,0.13999999999999999,16,0.08,55,10,0.1,200,many_tiny,1e-05,0,0.8392857142857143,1e-07,10
0.3326295273672243,8,1953.125,649.6670456391099,True,0.6673704726327757,0.16,16,0.08,60,10,0.1,200,many_tiny,1e-05,0,0.8338368580060423,1e-07,10
0.2751152997794265,8,2915.451895043732,802.0854220974534,True,0.7248847002205735,0.18,14,0.07,63,10,0.1,200,many_tiny,1e-05,0,0.8353658536585367,1e-07,10
0.2752808988764045,8,2915.451895043732,802.5682182985554,True,0.7247191011235955,0.19999999999999998,14,0.07,64,10,0.1,200,many_tiny,1e-05,0,0.8318042813455656,1e-07,10
0.23482257374946558,8,3641.3290851160673,855.0662676357417,True,0.7651774262505344,0.22,13,0.065,67,10,0.1,200,many_tiny,1e-05,0,0.8235294117647058,1e-07,10
0.25926362992683505,8,3641.3290851160673,944.0641963653528,True,0.740736370073165,0.24,13,0.065,70,10,0.1,200,many_tiny,1e-05,0,0.8125000000000001,1e-07,10
0.2607405649181106,8,3641.3290851160673,949.4422027059103,True,0.7392594350818894,0.26,13,0.065,71,10,0.1,200,many_tiny,1e-05,0,0.8087774294670846,1e-07,10
0.31803705848291836,8,3641.3290851160673,1158.0775911986102,True,0.6819629415170816,0.28,13,0.065,77,10,0.1,200,many_tiny,1e-05,0,0.7859424920127795,1e-07,10
0.34210526315789475,8,3641.3290851160673,1245.7178449081282,True,0.6578947368421053,0.30000000000000004,13,0.065,85,10,0.1,200,many_tiny,1e-05,0,0.7540983606557378,1e-07,10
0.34435736677115986,8,3641.3290851160673,1253.9184952978057,True,0.6556426332288401,0.32,13,0.065,88,10,0.1,200,many_tiny,1e-05,0,0.7417218543046357,1e-07,10
0.36788345612860013,8,3641.3290851160673,1339.5847287340923,True,0.6321165438713998,0.34,13,0.065,94,10,0.1,200,many_tiny,1e-05,0,0.7162162162162162,1e-07,10
0.37504267668146124,8,3641.3290851160673,1365.6538067599863,True,0.6249573233185388,0.36000000000000004,13,0.065,98,10,0.1,200,many_tiny,1e-05,0,0.6986301369863014,1e-07,10
0.38089459084604715,8,3641.3290851160673,1386.9625520110958,True,0.6191054091539528,0.38,13,0.065,102,10,0.1,200,many_tiny,1e-05,0,0.6805555555555556,1e-07,10
0.39485981308411217,8,3641.3290851160673,1437.8145219266714,True,0.6051401869158879,0.4,13,0.065,107,10,0.1,200,many_tiny,1e-05,0,0.657243816254417,1e-07,10
0.4004739336492891,8,3641.3290851160673,1458.2573824279984,True,0.5995260663507109,0.42000000000000004,13,0.065,111,10,0.1,200,many_tiny,1e-05,0,0.6379928315412187,1e-07,10
0.4352218700475436,8,3641.3290851160673,1584.7860538827258,True,0.5647781299524564,0.44,13,0.065,118,10,0.1,200,many_tiny,1e-05,0,0.6029411764705882,1e-07,10
0.41478636581853096,8,4629.62962962963,1920.3072491598655,True,0.5852136341814691,0.46,12,0.06,122,10,0.1,200,many_tiny,1e-05,0,0.582089552238806,1e-07,10
0.42645607107601186,8,4629.62962962963,1974.3336623889438,True,0.5735439289239881,0.48000000000000004,12,0.06,125,10,0.1,200,many_tiny,1e-05,0,0.5660377358490566,1e-07,10
0.43156843156843155,8,4629.62962962963,1998.001998001998,True,0.5684315684315684,0.5,12,0.06,129,10,0.1,200,many_tiny,1e-05,0,0.5440613026819923,1e-07,10
1.0,8,1.0,1.0,True,0.0,0.02,200,1.0,1,10,0.1,200,many_tiny,1e-05,1,0.04536814092003549,1e-07,10
1.0,8,1.0,1.0,True,0.0,0.04,200,1.0,1,10,0.1,200,many_tiny,1e-05,1,0.12895927601809953,1e-07,10
1.0,8,1.0,1.0,True,0.0,0.06,200,1.0,1,10,0.1,200,many_tiny,1e-05,1,0.36978579481397966,1e-07,10
0.9999927762193139,8,1.2039721449004557,1.2039634476697287,True,7.22378068607199e-06,0.08,188,0.94,9,10,0.1,200,many_tiny,1e-05,1,0.6527196652719666,1e-07,10
0.9997100624403636,8,2.6791838134430725,2.6784070174263857,True,0.00028993755963635515,0.1,144,0.72,25,10,0.1,200,many_tiny,1e-05,1,0.7948051948051947,1e-07,10
0.9958228825467468,8,9.631777159203645,9.591544094726089,True,0.004177117453253221,0.12000000000000001,94,0.47,36,10,0.1,200,many_tiny,1e-05,1,0.8365650969529086,1e-07,10
0.9901107762828403,8,21.43347050754458,21.22151012266033,True,0.009889223717159723,0.13999999999999999,72,0.36,45,10,0.1,200,many_tiny,1e-05,1,0.8554913294797688,1e-07,10
0.904307109145639,8,82.18952905399853,74.32457542086291,True,0.09569289085436095,0.16,46,0.23,50,10,0.1,200,many_tiny,1e-05,1,0.8563049853372434,1e-07,10
0.7607324301439458,8,222.61179285972673,169.34801016088062,True,0.23926756985605424,0.18,33,0.165,54,10,0.1,200,many_tiny,1e-05,1,0.85459940652819,1e-07,10
0.6015881708652793,8,455.1661356395084,273.8225629791895,True,0.39841182913472073,0.19999999999999998,26,0.13,56,10,0.1,200,many_tiny,1e-05,1,0.8562874251497006,1e-07,10
0.6115092895414376,8,455.1661356395084,278.3383202282374,True,0.3884907104585624,0.22,26,0.13,61,10,0.1,200,many_tiny,1e-05,1,0.838905775075988,1e-07,10
0.5033020252421485,8,1166.3507799970841,587.0267097152921,True,0.4966979747578515,0.24,19,0.095,68,10,0.1,200,many_tiny,1e-05,1,0.8198757763975156,1e-07,10
0.5125541772530264,8,1166.3507799970841,597.8179644298311,True,0.48744582274697357,0.26,19,0.095,72,10,0.1,200,many_tiny,1e-05,1,0.8050314465408805,1e-07,10
0.42998424645545247,8,1628.3329940972928,700.1575354454752,True,0.5700157535445476,0.28,17,0.085,74,10,0.1,200,many_tiny,1e-05,1,0.7974683544303798,1e-07,10
0.3425005074081591,8,2370.3703703703704,811.8530545971179,True,0.6574994925918409,0.30000000000000004,15,0.075,78,10,0.1,200,many_tiny,1e-05,1,0.782051282051282,1e-07,10
0.27838317283324887,8,3641.3290851160673,1013.6847440446021,True,0.7216168271667511,0.32,13,0.065,86,10,0.1,200,many_tiny,1e-05,1,0.7499999999999999,1e-07,10
0.2961714747910488,8,3641.3290851160673,1078.4578053383661,True,0.7038285252089511,0.34,13,0.065,89,10,0.1,200,many_tiny,1e-05,1,0.7375415282392027,1e-07,10
0.34828788839568803,8,3641.3290851160673,1268.2308180088776,True,0.651712111604312,0.36000000000000004,13,0.065,95,10,0.1,200,many_tiny,1e-05,1,0.711864406779661,1e-07,10
0.3865235749472203,8,3641.3290851160673,1407.4595355383533,True,0.6134764250527798,0.38,13,0.065,102,10,0.1,200,many_tiny,1e-05,1,0.6805555555555556,1e-07,10
0.39743125904486254,8,3641.3290851160673,1447.178002894356,True,0.6025687409551375,0.4,13,0.065,106,10,0.1,200,many_tiny,1e-05,1,0.6619718309859155,1e-07,10
0.4049023221525986,8,3641.3290851160673,1474.382602285293,True,0.5950976778474014,0.42000000000000004,13,0.065,112,10,0.1,200,many_tiny,1e-05,1,0.6330935251798561,1e-07,10
0.41641394996209247,8,3641.3290851160673,1516.3002274450341,True,0.5835860500379075,0.44,13,0.065,116,10,0.1,200,many_tiny,1e-05,1,0.6131386861313868,1e-07,10
0.3823008849557522,8,4629.62962962963,1769.9115044247787,True,0.6176991150442478,0.46,12,0.06,118,10,0.1,200,many_tiny,1e-05,1,0.6029411764705882,1e-07,10
0.43351731058705467,8,4629.62962962963,2007.024586051179,True,0.5664826894129453,0.48000000000000004,12,0.06,127,10,0.1,200,many_tiny,1e-05,1,0.5551330798479087,1e-07,10
0.4511749347258486,8,4629.62962962963,2088.7728459530026,True,0.5488250652741514,0.5,12,0.06,132,10,0.1,200,many_tiny,1e-05,1,0.5271317829457365,1e-07,10
1.0,8,1.0,1.0,True,0.0,0.02,200,1.0,1,10,0.1,200,many_tiny,1e-05,2,0.04642409033877039,1e-07,10
1.0,8,1.0,1.0,True,0.0,0.04,200,1.0,1,10,0.1,200,many_tiny,1e-05,2,0.13192612137203166,1e-07,10
1.0,8,1.0,1.0,True,0.0,0.06,200,1.0,1,10,0.1,200,many_tiny,1e-05,2,0.34326824254881805,1e-07,10
0.9999737299319523,8,1.3053792885584974,1.305344996155759,True,2.627006804767351e-05,0.08,183,0.915,10,10,0.1,200,many_tiny,1e-05,2,0.624505928853755,1e-07,10
0.9993778890724522,8,2.853859899023302,2.8520844815944293,True,0.0006221109275478254,0.1,141,0.705,23,10,0.1,200,many_tiny,1e-05,2,0.7906976744186046,1e-07,10
0.9772100689241834,8,17.523377280503272,17.124020720065072,True,0.022789931075816616,0.12000000000000001,77,0.385,38,10,0.1,200,many_tiny,1e-05,2,0.8403361344537815,1e-07,10
0.8674311025769709,8,100.62007118870036,87.28097929258766,True,0.13256889742302913,0.13999999999999999,43,0.215,47,10,0.1,200,many_tiny,1e-05,2,0.8629737609329446,1e-07,10
0.44899992619381507,8,657.5162324319882,295.22473983319804,True,0.5510000738061849,0.16,23,0.115,51,10,0.1,200,many_tiny,1e-05,2,0.8731563421828907,1e-07,10
0.44130626654898497,8,1000.0,441.306266548985,True,0.558693733451015,0.18,20,0.1,52,10,0.1,200,many_tiny,1e-05,2,0.8757396449704142,1e-07,10
0.44130626654898497,8,1000.0,441.306266548985,True,0.558693733451015,0.19999999999999998,20,0.1,52,10,0.1,200,many_tiny,1e-05,2,0.8757396449704142,1e-07,10
0.46051116739580933,8,1000.0,460.51116739580937,True,0.5394888326041907,0.22,20,0.1,58,10,0.1,200,many_tiny,1e-05,2,0.8554216867469879,1e-07,10
0.4645221228661015,8,1000.0,464.5221228661015,True,0.5354778771338985,0.24,20,0.1,60,10,0.1,200,many_tiny,1e-05,2,0.8484848484848484,1e-07,10
0.30690843698486436,8,1953.125,599.4305409860632,True,0.6930915630151356,0.26,16,0.08,62,10,0.1,200,many_tiny,1e-05,2,0.8414634146341463,1e-07,10
0.32257048354071505,8,1953.125,630.0204756654591,True,0.677429516459285,0.28,16,0.08,66,10,0.1,200,many_tiny,1e-05,2,0.8271604938271605,1e-07,10
0.26412599182495794,8,3641.3290851160673,961.7696561673479,True,0.7358740081750421,0.30000000000000004,13,0.065,74,10,0.1,200,many_tiny,1e-05,2,0.7974683544303798,1e-07,10
0.26682050036434296,8,3641.3290851160673,971.5812484819043,True,0.7331794996356571,0.32,13,0.065,79,10,0.1,200,many_tiny,1e-05,2,0.7781350482315113,1e-07,10
0.2945040214477212,8,3641.3290851160673,1072.3860589812332,True,0.7054959785522787,0.34,13,0.065,86,10,0.1,200,many_tiny,1e-05,2,0.7499999999999999,1e-07,10
0.3408315234253801,8,3641.3290851160673,1241.0797393732548,True,0.65916847657462,0.36000000000000004,13,0.065,93,10,0.1,200,many_tiny,1e-05,2,0.7205387205387205,1e-07,10
0.35746827204685977,8,3641.3290851160673,1301.6596160104132,True,0.6425317279531402,0.38,13,0.065,98,10,0.1,200,many_tiny,1e-05,2,0.6986301369863014,1e-07,10
0.3609924416694052,8,3641.3290851160673,1314.4922773578705,True,0.6390075583305947,0.4,13,0.065,101,10,0.1,200,many_tiny,1e-05,2,0.6851211072664359,1e-07,10
0.3919015340706386,8,3641.3290851160673,1427.0424545130218,True,0.6080984659293613,0.42000000000000004,13,0.065,107,10,0.1,200,many_tiny,1e-05,2,0.657243816254417,1e-07,10
0.41927480916030535,8,3641.3290851160673,1526.7175572519084,True,0.5807251908396946,0.44,13,0.065,113,10,0.1,200,many_tiny,1e-05,2,0.628158844765343,1e-07,10
0.42582552981764416,8,4629.62962962963,1971.4144898965008,True,0.5741744701823559,0.46,12,0.06,122,10,0.1,200,many_tiny,1e-05,2,0.582089552238806,1e-07,10
0.4511749347258486,8,4629.62962962963,2088.7728459530026,True,0.5488250652741514,0.48000000000000004,12,0.06,130,10,0.1,200,many_tiny,1e-05,2,0.5384615384615384,1e-07,10
0.45617740232312565,8,4629.62962962963,2111.932418162619,True,0.5438225976768744,0.5,12,0.06,135,10,0.1,200,many_tiny,1e-05,2,0.5098039215686275,1e-07,10
1.0,8,1.0,1.0,True,0.0,0.02,400,1.0,1,2,0.05,400,many_tiny,1e-05,0,0.01648679678530425,1e-07,20
1.0,8,1.0,1.0,True,0.0,0.04,400,1.0,1,2,0.05,400,many_tiny,1e-05,0,0.0297076730428775,1e-07,20
1.0,8,1.0,1.0,True,0.0,0.06,400,1.0,1,2,0.05,400,many_tiny,1e-05,0,0.05773591487877203,1e-07,20
1.0,8,1.0,1.0,True,0.0,0.08,400,1.0,1,2,0.05,400,many_tiny,1e-05,0,0.11419423692636073,1e-07,20
1.0,8,1.0,1.0,True,0.0,0.1,400,1.0,1,2,0.05,400,many_tiny,1e-05,0,0.2175268444752338,1e-07,20
0.9999999520542945,8,1.0228417667143093,1.022841717673439,True,4.794570551691635e-08,0.12000000000000001,397,0.9925,4,2,0.05,400,many_tiny,1e-05,0,0.3505154639175258,1e-07,20
0.9999999520542945,8,1.0228417667143093,1.022841717673439,True,4.794570551691635e-08,0.13999999999999999,397,0.9925,4,2,0.05,400,many_tiny,1e-05,0,0.4692127825409197,1e-07,20
0.999999785826562,8,1.054392535876159,1.0543923100532846,True,2.1417343798457722e-07,0.16,393,0.9825,7,2,0.05,400,many_tiny,1e-05,0,0.5435992578849721,1e-07,20
0.999999711198136,8,1.0872543902950043,1.0872540762939096,True,2.8880186397906016e-07,0.18,389,0.9725,11,2,0.05,400,many_tiny,1e-05,0,0.6046025104602512,1e-07,20
0.9999995479242227,8,1.1128024162278864,1.1128019131568692,True,4.5207577725747683e-07,0.19999999999999998,386,0.965,13,2,0.05,400,many_tiny,1e-05,0,0.6507936507936508,1e-07,20
0.9999992593990409,8,1.184962412251682,1.1849615346673827,True,7.406009591148788e-07,0.22,378,0.945,20,2,0.05,400,many_tiny,1e-05,0,0.6650660264105642,1e-07,20
0.9999980827278458,8,1.3053792885584974,1.305376785791137,True,1.9172721541504956e-06,0.24,366,0.915,27,2,0.05,400,many_tiny,1e-05,0,0.6716604244694132,1e-07,20
0.9999976461778068,8,1.3948608791912736,1.3948575959367797,True,2.3538221931573844e-06,0.26,358,0.895,34,2,0.05,400,many_tiny,1e-05,0,0.6777493606138107,1e-07,20
0.9999903587692689,8,1.6722079020550207,1.6721917799128068,True,9.641230731105566e-06,0.28,337,0.8425,47,2,0.05,400,many_tiny,1e-05,0,0.6675358539765319,1e-07,20
0.9999877443270775,8,1.899207457760365,1.8991841816949506,True,1.2255672922512062e-05,0.30000000000000004,323,0.8075,56,2,0.05,400,many_tiny,1e-05,0,0.6657789613848203,1e-07,20
0.9999319461908492,8,2.442927768007975,2.4427615174678823,True,6.805380915075876e-05,0.32,297,0.7425,70,2,0.05,400,many_tiny,1e-05,0,0.6538987688098495,1e-07,20
0.9999066937917888,8,2.8237137421367846,2.8234502721144317,True,9.330620821124125e-05,0.34,283,0.7075,79,2,0.05,400,many_tiny,1e-05,0,0.6451612903225806,1e-07,20
0.9998862398058659,8,3.3248770626706077,3.3244988240104862,True,0.00011376019413411598,0.36000000000000004,268,0.67,91,2,0.05,400,many_tiny,1e-05,0,0.6351931330472103,1e-07,20
0.9998466004263488,8,4.299071346850688,4.298411871138985,True,0.00015339957365123613,0.38,246,0.615,108,2,0.05,400,many_tiny,1e-05,0,0.6149341142020498,1e-07,20
0.9998410707133427,8,5.260129859455906,5.259293870769617,True,0.00015892928665728334,0.4,230,0.575,124,2,0.05,400,many_tiny,1e-05,0,0.600896860986547,1e-07,20
0.9998162541005059,8,6.177467840488514,6.176332756103568,True,0.00018374589949410325,0.42000000000000004,218,0.545,136,2,0.05,400,many_tiny,1e-05,0,0.5832061068702289,1e-07,20
0.9997467916858033,8,8.244881217026917,8.242793544553201,True,0.00025320831419672896,0.44,198,0.495,153,2,0.05,400,many_tiny,1e-05,0,0.5624012638230648,1e-07,20
0.9995825604376588,8,12.148767735302648,12.14369635901624,True,0.00041743956234119306,0.46,174,0.435,167,2,0.05,400,many_tiny,1e-05,0,0.5548387096774194,1e-07,20
0.9994415327341888,8,16.225896937159128,16.216835304861302,True,0.0005584672658112133,0.48000000000000004,158,0.395,180,2,0.05,400,many_tiny,1e-05,0,0.5249169435215947,1e-07,20
0.9993249037756683,8,19.742167295125657,19.728839432524595,True,0.000675096224331706,0.5,148,0.37,190,2,0.05,400,many_tiny,1e-05,0,0.5143824027072759,1e-07,20
1.0,8,1.0,1.0,True,0.0,0.02,400,1.0,1,2,0.05,400,many_tiny,1e-05,1,0.016135667596105498,1e-07,20
1.0,8,1.0,1.0,True,0.0,0.04,400,1.0,1,2,0.05,400,many_tiny,1e-05,1,0.029400353493986293,1e-07,20
1.0,8,1.0,1.0,True,0.0,0.06,400,1.0,1,2,0.05,400,many_tiny,1e-05,1,0.055579090061848684,1e-07,20
1.0,8,1.0,1.0,True,0.0,0.08,400,1.0,1,2,0.05,400,many_tiny,1e-05,1,0.10938831146703015,1e-07,20
1.0,8,1.0,1.0,True,0.0,0.1,400,1.0,1,2,0.05,400,many_tiny,1e-05,1,0.21431016775077028,1e-07,20
0.9999999682765242,8,1.0151512594410654,1.015151227236939,True,3.1723475846234805e-08,0.12000000000000001,398,0.995,3,2,0.05,400,many_tiny,1e-05,1,0.3518518518518518,1e-07,20
0.9999999019014604,8,1.046384525647081,1.046384422998287,True,9.809853962483572e-08,0.13999999999999999,394,0.985,7,2,0.05,400,many_tiny,1e-05,1,0.47551342812006314,1e-07,20
0.9999992809587572,8,1.0956826815299674,1.0956818936889305,True,7.19041242769336e-07,0.16,388,0.97,10,2,0.05,400,many_tiny,1e-05,1,0.560377358490566,1e-07,20
0.9999978192640149,8,1.2136296296296296,1.2136269830238238,True,2.180735985124471e-06,0.18,375,0.9375,17,2,0.05,400,many_tiny,1e-05,1,0.6185997910135842,1e-07,20
0.9999975124931085,8,1.2634987068880421,1.2634955639263015,True,2.487506891468705e-06,0.19999999999999998,370,0.925,21,2,0.05,400,many_tiny,1e-05,1,0.6503340757238307,1e-07,20
0.9999966693428567,8,1.3491314376125365,1.3491269441182767,True,3.3306571433078247e-06,0.22,362,0.905,27,2,0.05,400,many_tiny,1e-05,1,0.6674500587544065,1e-07,20
0.9999960670332131,8,1.454976094401759,1.454970372029104,True,3.932966786912573e-06,0.24,353,0.8825,35,2,0.05,400,many_tiny,1e-05,1,0.6723507917174179,1e-07,20
0.9999925818514405,8,1.6427855698434264,1.6427733834160179,True,7.418148559534821e-06,0.26,339,0.8475,46,2,0.05,400,many_tiny,1e-05,1,0.6750629722921915,1e-07,20
0.9999893783886692,8,1.8472563740158452,1.8472367531766123,True,1.0621611330807745e-05,0.28,326,0.815,55,2,0.05,400,many_tiny,1e-05,1,0.6726804123711341,1e-07,20
0.9999883579315781,8,2.087117796961072,2.087093498592875,True,1.1642068421857665e-05,0.30000000000000004,313,0.7825,67,2,0.05,400,many_tiny,1e-05,1,0.6560846560846562,1e-07,20
0.9999862897893047,8,2.2556954106290834,2.2556644845697393,True,1.3710210695294656e-05,0.32,305,0.7625,74,2,0.05,400,many_tiny,1e-05,1,0.6530054644808743,1e-07,20
0.9999824288050078,8,2.5971737636265897,2.59712812817996,True,1.757119499223858e-05,0.34,291,0.7275,85,2,0.05,400,many_tiny,1e-05,1,0.6424581005586592,1e-07,20
0.9999479384301277,8,3.3623753248304116,3.3622002742925012,True,5.206156987225263e-05,0.36000000000000004,267,0.6675,99,2,0.05,400,many_tiny,1e-05,1,0.6326241134751772,1e-07,20
0.9999288017003766,8,4.299071346850688,4.298765260280833,True,7.119829962343172e-05,0.38,246,0.615,116,2,0.05,400,many_tiny,1e-05,1,0.6122448979591838,1e-07,20
0.9998972736424712,8,5.260129859455906,5.259589505475315,True,0.0001027263575288373,0.4,230,0.575,129,2,0.05,400,many_tiny,1e-05,1,0.5937031484257871,1e-07,20
0.9998733997872005,8,6.3506579281613575,6.349853933516235,True,0.00012660021279953249,0.42000000000000004,216,0.54,141,2,0.05,400,many_tiny,1e-05,1,0.5823170731707317,1e-07,20
0.9998567875179015,8,7.538578676376356,7.537499057812618,True,0.00014321248209847592,0.44,204,0.51,151,2,0.05,400,many_tiny,1e-05,1,0.571870170015456,1e-07,20
0.9998658306745805,8,9.185015049790675,9.183782702517476,True,0.00013416932541954196,0.46,191,0.4775,165,2,0.05,400,many_tiny,1e-05,1,0.5434439178515008,1e-07,20
0.9998871916106981,8,10.793051500900292,10.791833954144822,True,0.00011280838930194381,0.48000000000000004,181,0.4525,176,2,0.05,400,many_tiny,1e-05,1,0.5307443365695793,1e-07,20
0.9998625135061502,8,13.497462477054313,13.495606758262474,True,0.00013748649384981437,0.5,168,0.42,190,2,0.05,400,many_tiny,1e-05,1,0.5083056478405316,1e-07,20
1.0,8,1.0,1.0,True,0.0,0.02,400,1.0,1,2,0.05,400,many_tiny,1e-05,2,0.016380655226209045,1e-07,20
1.0,8,1.0,1.0,True,0.0,0.04,400,1.0,1,2,0.05,400,many_tiny,1e-05,2,0.029253602925360292,1e-07,20
1.0,8,1.0,1.0,True,0.0,0.06,400,1.0,1,2,0.05,400,many_tiny,1e-05,2,0.05634994500380743,1e-07,20
1.0,8,1.0,1.0,True,0.0,0.08,400,1.0,1,2,0.05,400,many_tiny,1e-05,2,0.10868461147790756,1e-07,20
1.0,8,1.0,1.0,True,0.0,0.1,400,1.0,1,2,0.05,400,many_tiny,1e-05,2,0.19910657306955964,1e-07,20
0.9999999842572244,8,1.0075376568379952,1.007537640976556,True,1.5742775638649675e-08,0.12000000000000001,399,0.9975,2,2,0.05,400,many_tiny,1e-05,2,0.3242955874534822,1e-07,20
0.9999999355868696,8,1.0306101521283646,1.0306100857435385,True,6.441313038507701e-08,0.13999999999999999,396,0.99,5,2,0.05,400,many_tiny,1e-05,2,0.44756277695716395,1e-07,20
0.9999995891191632,8,1.0956826815299674,1.0956822313349506,True,4.1088083679863274e-07,0.16,388,0.97,11,2,0.05,400,many_tiny,1e-05,2,0.5246478873239436,1e-07,20
0.9999989794441091,8,1.166350779997084,1.1663495896709246,True,1.0205558909071044e-06,0.18,380,0.95,17,2,0.05,400,many_tiny,1e-05,2,0.5895372233400402,1e-07,20
0.9999978758255351,8,1.294737662176766,1.2947349119280853,True,2.124174464879225e-06,0.19999999999999998,367,0.9175,26,2,0.05,400,many_tiny,1e-05,2,0.6365638766519824,1e-07,20
0.9999960769691675,8,1.3948608791912736,1.3948554071090375,True,3.923030832519991e-06,0.22,358,0.895,31,2,0.05,400,many_tiny,1e-05,2,0.6597222222222222,1e-07,20
0.9999964762421882,8,1.454976094401759,1.4549709674183804,True,3.523757811763062e-06,0.24,353,0.8825,36,2,0.05,400,many_tiny,1e-05,2,0.673170731707317,1e-07,20
0.9999859754895846,8,1.6871828096317891,1.6871591477189027,True,1.4024510415433511e-05,0.26,336,0.84,45,2,0.05,400,many_tiny,1e-05,2,0.6766917293233083,1e-07,20
0.9999841906565263,8,1.7971829101721086,1.7971544978901968,True,1.580934347367169e-05,0.28,329,0.8225,50,2,0.05,400,many_tiny,1e-05,2,0.6846846846846848,1e-07,20
0.9999801678036372,8,2.0672406187974706,2.0671996208755896,True,1.9832196362812304e-05,0.30000000000000004,314,0.785,62,2,0.05,400,many_tiny,1e-05,2,0.6754270696452036,1e-07,20
0.9999883432595945,8,2.23365294114855,2.233626904036059,True,1.16567404054857e-05,0.32,306,0.765,72,2,0.05,400,many_tiny,1e-05,2,0.6675675675675675,1e-07,20
0.9999859915323203,8,2.442927768007975,2.442893546333293,True,1.4008467679738068e-05,0.34,297,0.7425,79,2,0.05,400,many_tiny,1e-05,2,0.6620879120879121,1e-07,20
0.9999754998802216,8,3.111202545897043,3.111126321062014,True,2.4500119778392282e-05,0.36000000000000004,274,0.685,95,2,0.05,400,many_tiny,1e-05,2,0.6403385049365302,1e-07,20
0.9999799360283627,8,3.518136847497618,3.5180662596996934,True,2.006397163734075e-05,0.38,263,0.6575,113,2,0.05,400,many_tiny,1e-05,2,0.6220930232558138,1e-07,20
0.9999225652328576,8,4.747326513403186,4.7469589052800725,True,7.74347671423925e-05,0.4,238,0.595,126,2,0.05,400,many_tiny,1e-05,2,0.6067746686303387,1e-07,20
0.9998963998356823,8,5.771190164593442,5.770592268344082,True,0.00010360016431765207,0.42000000000000004,223,0.5575,135,2,0.05,400,many_tiny,1e-05,2,0.6003016591251885,1e-07,20
0.9998880459305082,8,6.177467840488514,6.176776247824616,True,0.0001119540694918264,0.44,218,0.545,139,2,0.05,400,many_tiny,1e-05,2,0.5960061443932412,1e-07,20
0.999810212436712,8,9.330806239976672,9.329035368996875,True,0.00018978756328802415,0.46,190,0.475,157,2,0.05,400,many_tiny,1e-05,2,0.5777080062794349,1e-07,20
0.9997382991013364,8,12.577508898587546,12.574217353205835,True,0.00026170089866361934,0.48000000000000004,172,0.43,178,2,0.05,400,many_tiny,1e-05,2,0.5566343042071198,1e-07,20
0.9997086860516923,8,14.247154743022511,14.243004348122172,True,0.0002913139483077254,0.5,165,0.4125,188,2,0.05,400,many_tiny,1e-05,2,0.5412541254125413,1e-07,20
1.0,8,1.0,1.0,True,0.0,0.02,400,1.0,1,5,0.05,400,many_tiny,1e-05,0,0.022854610490329524,1e-07,20
1.0,8,1.0,1.0,True,0.0,0.04,400,1.0,1,5,0.05,400,many_tiny,1e-05,0,0.06524633821571238,1e-07,20
1.0,8,1.0,1.0,True,0.0,0.06,400,1.0,1,5,0.05,400,many_tiny,1e-05,0,0.19278533412182144,1e-07,20
1.0,8,1.0,1.0,True,0.0,0.08,400,1.0,1,5,0.05,400,many_tiny,1e-05,0,0.4075767472240366,1e-07,20
0.99999980380294,8,1.046384525647081,1.0463843203495133,True,1.9619706004281312e-07,0.1,394,0.985,6,5,0.05,400,many_tiny,1e-05,0,0.5743685687558465,1e-07,20
0.9999994651542287,8,1.1041983120845034,1.1041977215087053,True,5.348457713383326e-07,0.12000000000000001,387,0.9675,11,5,0.05,400,many_tiny,1e-05,0,0.6572361262241566,1e-07,20
0.9999994435991014,8,1.1128024162278864,1.1128017970636221,True,5.56400898577003e-07,0.13999999999999999,386,0.965,12,5,0.05,400,many_tiny,1e-05,0,0.6994152046783626,1e-07,20
0.9999956351570558,8,1.3053792885584974,1.3053735907829203,True,4.36484294419337e-06,0.16,366,0.915,23,5,0.05,400,many_tiny,1e-05,0,0.7248157248157246,1e-07,20
0.9999948351112565,8,1.4066152632305737,1.4066079982192343,True,5.164888743469653e-06,0.18,357,0.8925,30,5,0.05,400,many_tiny,1e-05,0,0.7397959183673468,1e-07,20
0.9999728928338473,8,1.8816764231589207,1.8816254162434725,True,2.71071661527289e-05,0.19999999999999998,324,0.81,42,5,0.05,400,many_tiny,1e-05,0,0.7431551499348109,1e-07,20
0.9999709083202014,8,2.028237117144891,2.0281781123201235,True,2.90916797985874e-05,0.22,316,0.79,50,5,0.05,400,many_tiny,1e-05,0,0.7469879518072289,1e-07,20
0.9999662009564954,8,2.2556954106290834,2.2556191702817663,True,3.3799043504645354e-05,0.24,305,0.7625,58,5,0.05,400,many_tiny,1e-05,0,0.7537414965986394,1e-07,20
0.9999507179153334,8,2.624133830825372,2.6240045080397447,True,4.92820846665909e-05,0.26,290,0.725,67,5,0.05,400,many_tiny,1e-05,0,0.7412587412587412,1e-07,20
0.999899855792341,8,3.7266693032851985,3.726296098940614,True,0.00010014420765902532,0.28,258,0.645,82,5,0.05,400,many_tiny,1e-05,0,0.7290780141843972,1e-07,20
0.9998749846552836,8,4.5157914404302195,4.5152268972066265,True,0.00012501534471642817,0.30000000000000004,242,0.605,94,5,0.05,400,many_tiny,1e-05,0,0.7232796486090777,1e-07,20
0.9995761719684336,8,6.716954264258415,6.714107430754472,True,0.0004238280315663756,0.32,212,0.53,107,5,0.05,400,many_tiny,1e-05,0,0.7191679049034175,1e-07,20
0.9994756944730575,8,8.244881217026917,8.240558380235845,True,0.0005243055269424923,0.34,198,0.495,121,5,0.05,400,many_tiny,1e-05,0,0.7096774193548387,1e-07,20
0.9992230880265317,8,11.941690962099125,11.932413319407212,True,0.0007769119734682972,0.36000000000000004,175,0.4375,137,5,0.05,400,many_tiny,1e-05,0,0.6959247648902822,1e-07,20
0.9981397643022443,8,23.323615160349853,23.280227738827854,True,0.00186023569775573,0.38,140,0.35,154,5,0.05,400,many_tiny,1e-05,0,0.6784,1e-07,20
0.9964633090659306,8,41.00209110664644,40.85707938275167,True,0.0035366909340693864,0.4,116,0.29,168,5,0.05,400,many_tiny,1e-05,0,0.6568627450980392,1e-07,20
0.9960152590735343,8,49.419742723908115,49.22281785250075,True,0.003984740926465724,0.42000000000000004,109,0.2725,181,5,0.05,400,many_tiny,1e-05,0,0.6331658291457286,1e-07,20
0.9839053491799914,8,151.7037037037037,149.26208556449055,True,0.016094650820008605,0.44,75,0.1875,195,5,0.05,400,many_tiny,1e-05,0,0.6177474402730375,1e-07,20
0.9845427201119572,8,157.93733836100526,155.4960567171867,True,0.015457279888042796,0.46,74,0.185,203,5,0.05,400,many_tiny,1e-05,0,0.6041666666666665,1e-07,20
0.9669206712769237,8,364.4314868804665,352.3763379289081,True,0.033079328723076284,0.48000000000000004,56,0.14,223,5,0.05,400,many_tiny,1e-05,0,0.579136690647482,1e-07,20
0.9035209080385126,8,1000.0,903.5209080385126,True,0.0964790919614874,0.5,40,0.1,237,5,0.05,400,many_tiny,1e-05,0,0.5541284403669726,1e-07,20
1.0,8,1.0,1.0,True,0.0,0.02,400,1.0,1,5,0.05,400,many_tiny,1e-05,1,0.02267026512144785,1e-07,20
1.0,8,1.0,1.0,True,0.0,0.04,400,1.0,1,5,0.05,400,many_tiny,1e-05,1,0.06528526823729776,1e-07,20
1.0,8,1.0,1.0,True,0.0,0.06,400,1.0,1,5,0.05,400,many_tiny,1e-05,1,0.19003476245654694,1e-07,20
1.0,8,1.0,1.0,True,0.0,0.08,400,1.0,1,5,0.05,400,many_tiny,1e-05,1,0.40671400903808913,1e-07,20
0.9999999520542945,8,1.0228417667143093,1.022841717673439,True,4.794570551691635e-08,0.1,397,0.9925,4,5,0.05,400,many_tiny,1e-05,1,0.5698427382053654,1e-07,20
0.9999996291240271,8,1.0789123215158718,1.0789119213732148,True,3.708759729326161e-07,0.12000000000000001,390,0.975,9,5,0.05,400,many_tiny,1e-05,1,0.6594360086767895,1e-07,20
0.999999222512902,8,1.1571909991297382,1.1571900994286664,True,7.774870980359339e-07,0.13999999999999999,381,0.9525,16,5,0.05,400,many_tiny,1e-05,1,0.7032710280373832,1e-07,20
0.9999975124931085,8,1.2634987068880421,1.2634955639263015,True,2.487506891468705e-06,0.16,370,0.925,22,5,0.05,400,many_tiny,1e-05,1,0.7321867321867322,1e-07,20
0.9999955818102225,8,1.4426805870916515,1.4426742130550294,True,4.418189777477544e-06,0.18,354,0.885,33,5,0.05,400,many_tiny,1e-05,1,0.7420584498094028,1e-07,20
0.9999953981789276,8,1.4799894670999614,1.4799826564532448,True,4.601821072425238e-06,0.19999999999999998,351,0.8775,36,5,0.05,400,many_tiny,1e-05,1,0.7490247074122238,1e-07,20
0.9999887316447091,8,1.6427855698434264,1.6427670583519587,True,1.126835529086101e-05,0.22,339,0.8475,42,5,0.05,400,many_tiny,1e-05,1,0.7480106100795756,1e-07,20
0.999982544250021,8,1.953125,1.9530909067383224,True,1.7455749979022883e-05,0.24,320,0.8,53,5,0.05,400,many_tiny,1e-05,1,0.7418478260869565,1e-07,20
0.9999774083110489,8,2.2556954106290834,2.255644450659998,True,2.2591688951134614e-05,0.26,305,0.7625,63,5,0.05,400,many_tiny,1e-05,1,0.7403314917127073,1e-07,20
0.9998595829831964,8,3.47830926343323,3.477820849622939,True,0.00014041701680356233,0.28,264,0.66,77,5,0.05,400,many_tiny,1e-05,1,0.732394366197183,1e-07,20
0.9998458861433526,8,3.814697265625,3.8141093679174523,True,0.00015411385664743094,0.30000000000000004,256,0.64,84,5,0.05,400,many_tiny,1e-05,1,0.7298850574712643,1e-07,20
0.9997871867870697,8,5.125261388330805,5.124170664987647,True,0.0002128132129303184,0.32,232,0.58,102,5,0.05,400,many_tiny,1e-05,1,0.7187039764359351,1e-07,20
0.9997190164189681,8,6.716954264258415,6.715066910395616,True,0.0002809835810319017,0.34,212,0.53,113,5,0.05,400,many_tiny,1e-05,1,0.7106446776611695,1e-07,20
0.9993932038834952,8,10.443034308467979,10.436697515805074,True,0.0006067961165048263,0.36000000000000004,183,0.4575,129,5,0.05,400,many_tiny,1e-05,1,0.6921898928024501,1e-07,20
0.9992398055300216,8,13.991224004743025,13.98058795362639,True,0.0007601944699784369,0.38,166,0.415,147,5,0.05,400,many_tiny,1e-05,1,0.6687697160883281,1e-07,20
0.9984720089104928,8,21.88627549280882,21.85283345887331,True,0.0015279910895071858,0.4,143,0.3575,165,5,0.05,400,many_tiny,1e-05,1,0.6451612903225806,1e-07,20
0.9980976400947447,8,26.59901650136486,26.548415598853442,True,0.0019023599052553353,0.42000000000000004,134,0.335,173,5,0.05,400,many_tiny,1e-05,1,0.6360655737704918,1e-07,20
0.997564610460971,8,34.392570774805506,34.30881146772023,True,0.002435389539028998,0.44,123,0.3075,184,5,0.05,400,many_tiny,1e-05,1,0.6176961602671118,1e-07,20
0.9971557353382933,8,46.79624840326082,46.66314748762697,True,0.00284426466170673,0.46,111,0.2775,193,5,0.05,400,many_tiny,1e-05,1,0.5999999999999999,1e-07,20
0.9958055637088382,8,65.95904973621533,65.6823887042712,True,0.004194436291161785,0.48000000000000004,99,0.2475,204,5,0.05,400,many_tiny,1e-05,1,0.5813148788927336,1e-07,20
0.986295896209257,8,178.81540382944362,176.3648989759813,True,0.01370410379074305,0.5,71,0.1775,220,5,0.05,400,many_tiny,1e-05,1,0.5622775800711745,1e-07,20
1.0,8,1.0,1.0,True,0.0,0.02,400,1.0,1,5,0.05,400,many_tiny,1e-05,2,0.023234407236946517,1e-07,20
1.0,8,1.0,1.0,True,0.0,0.04,400,1.0,1,5,0.05,400,many_tiny,1e-05,2,0.06594237128011336,1e-07,20
1.0,8,1.0,1.0,True,0.0,0.06,400,1.0,1,5,0.05,400,many_tiny,1e-05,2,0.1891359414579229,1e-07,20
0.9999999842572244,8,1.0075376568379952,1.007537640976556,True,1.5742775638649675e-08,0.08,399,0.9975,2,5,0.05,400,many_tiny,1e-05,2,0.3789599521817095,1e-07,20
0.9999996679743387,8,1.062482469039261,1.0624821162678164,True,3.3202566129819644e-07,0.1,392,0.98,7,5,0.05,400,many_tiny,1e-05,2,0.5439999999999999,1e-07,20
0.9999992935750794,8,1.1302806712962963,1.130279872837863,True,7.064249205601669e-07,0.12000000000000001,384,0.96,13,5,0.05,400,many_tiny,1e-05,2,0.643312101910828,1e-07,20
0.9999984071152994,8,1.2432290637117598,1.243227083391205,True,1.592884700585273e-06,0.13999999999999999,372,0.93,20,5,0.05,400,many_tiny,1e-05,2,0.6967592592592592,1e-07,20
0.9999954342172438,8,1.4185020901628298,1.418495613590447,True,4.565782756205117e-06,0.16,356,0.89,29,5,0.05,400,many_tiny,1e-05,2,0.7312883435582822,1e-07,20
0.9999945656932073,8,1.4799894670999614,1.4799814243831473,True,5.434306792673205e-06,0.18,351,0.8775,32,5,0.05,400,many_tiny,1e-05,2,0.7522236340533672,1e-07,20
0.9999904257320182,8,1.6427855698434264,1.642769841374144,True,9.574267981760087e-06,0.19999999999999998,339,0.8475,39,5,0.05,400,many_tiny,1e-05,2,0.7601572739187419,1e-07,20
0.9999744374593407,8,2.0476150483709064,2.0475627061279775,True,2.5562540659329613e-05,0.22,315,0.7875,48,5,0.05,400,many_tiny,1e-05,2,0.7600000000000001,1e-07,20
0.999951932607911,8,2.853859899023302,2.853722721420569,True,4.8067392088957384e-05,0.24,282,0.705,64,5,0.05,400,many_tiny,1e-05,2,0.7571234735413839,1e-07,20
0.9999510136063602,8,3.215674645274659,3.2155171209706683,True,4.898639363981605e-05,0.26,271,0.6775,74,5,0.05,400,many_tiny,1e-05,2,0.7545076282940361,1e-07,20
0.9999419030186472,8,3.599634884534118,3.5994257566133543,True,5.8096981352839805e-05,0.28,261,0.6525,83,5,0.05,400,many_tiny,1e-05,2,0.7443181818181819,1e-07,20
0.9998990637429964,8,4.572238184175612,4.571776679567173,True,0.000100936257003581,0.30000000000000004,241,0.6025,95,5,0.05,400,many_tiny,1e-05,2,0.7417027417027416,1e-07,20
0.9999112999187093,8,4.869046981434324,4.868615096571262,True,8.870008129069351e-05,0.32,236,0.59,104,5,0.05,400,many_tiny,1e-05,2,0.7366863905325444,1e-07,20
0.9998864948744102,8,6.3506579281613575,6.349937095935643,True,0.00011350512558983006,0.34,216,0.54,124,5,0.05,400,many_tiny,1e-05,2,0.7073170731707318,1e-07,20
0.9998640184934849,8,8.0,7.9989121479478795,True,0.00013598150651505936,0.36000000000000004,200,0.5,139,5,0.05,400,many_tiny,1e-05,2,0.6874027993779159,1e-07,20
0.9998730112064014,8,8.371076205176648,8.37001317230823,True,0.0001269887935986258,0.38,197,0.4925,146,5,0.05,400,many_tiny,1e-05,2,0.6813880126182965,1e-07,20
0.9994246958892258,8,13.741386673388496,13.733481197147556,True,0.0005753041107742218,0.4,167,0.4175,160,5,0.05,400,many_tiny,1e-05,2,0.6645264847512039,1e-07,20
0.998840589406078,8,21.43347050754458,21.40862031477362,True,0.0011594105939219945,0.42000000000000004,144,0.36,173,5,0.05,400,many_tiny,1e-05,2,0.6469622331691297,1e-07,20
0.9974858123460589,8,31.24415697650293,31.16560330277481,True,0.002514187653941069,0.44,127,0.3175,180,5,0.05,400,many_tiny,1e-05,2,0.637873754152824,1e-07,20
0.9962884071548146,8,46.79624840326082,46.62255978250576,True,0.0037115928451854074,0.46,111,0.2775,193,5,0.05,400,many_tiny,1e-05,2,0.6169491525423729,1e-07,20
0.9944853301719234,8,70.12369161791791,69.73698261151924,True,0.005514669828076579,0.48000000000000004,97,0.2425,205,5,0.05,400,many_tiny,1e-05,2,0.5972222222222222,1e-07,20
0.9914521908152034,8,107.9796998164345,107.05670994657201,True,0.008547809184796584,0.5,84,0.21,217,5,0.05,400,many_tiny,1e-05,2,0.5815602836879432,1e-07,20
1.0,8,1.0,1.0,True,0.0,0.02,400,1.0,1,10,0.05,400,many_tiny,1e-05,0,0.03435004329837391,1e-07,20
1.0,8,1.0,1.0,True,0.0,0.04,400,1.0,1,10,0.05,400,many_tiny,1e-05,0,0.1684466019417476,1e-07,20
0.9999999842572244,8,1.0075376568379952,1.007537640976556,True,1.5742775638649675e-08,0.06,399,0.9975,2,10,0.05,400,many_tiny,1e-05,0,0.48145454545454547,1e-07,20
0.9999999520542945,8,1.0228417667143093,1.022841717673439,True,4.794570551691635e-08,0.08,397,0.9925,4,10,0.05,400,many_tiny,1e-05,0,0.6673684210526315,1e-07,20
0.9999984158620551,8,1.1391571806763985,1.1391553760942834,True,1.5841379449321735e-06,0.1,383,0.9575,13,10,0.05,400,many_tiny,1e-05,0,0.7287933094384708,1e-07,20
0.9999926667869172,8,1.3603741419998066,1.3603641660863508,True,7.3332130827719055e-06,0.12000000000000001,361,0.9025,26,10,0.05,400,many_tiny,1e-05,0,0.7598475222363404,1e-07,20
0.9999891632758272,8,1.5585569953943423,1.5585401057420758,True,1.0836724172791357e-05,0.13999999999999999,345,0.8625,34,10,0.05,400,many_tiny,1e-05,0,0.7769028871391077,1e-07,20
0.9999850243415381,8,1.7331943853059564,1.7331684295787941,True,1.4975658461868768e-05,0.16,333,0.8325,39,10,0.05,400,many_tiny,1e-05,0,0.789261744966443,1e-07,20
0.9999829708952974,8,1.8472563740158452,1.8472249168936397,True,1.7029104702581677e-05,0.18,326,0.815,43,10,0.05,400,many_tiny,1e-05,0,0.7913279132791328,1e-07,20
0.9998544217466526,8,2.5184769636486184,2.5181103281711548,True,0.00014557825334737817,0.19999999999999998,294,0.735,49,10,0.05,400,many_tiny,1e-05,0,0.7923497267759563,1e-07,20
0.9997809558453161,8,3.770340767522379,3.7695148964160867,True,0.0002190441546838784,0.22,257,0.6425,66,10,0.05,400,many_tiny,1e-05,0,0.7849162011173185,1e-07,20
0.9996225431060398,8,5.694241982507289,5.692092651615114,True,0.0003774568939601819,0.24,224,0.56,81,10,0.05,400,many_tiny,1e-05,0,0.7884892086330935,1e-07,20
0.999564846842454,8,6.716954264258415,6.714031360401231,True,0.0004351531575460532,0.26,212,0.53,93,10,0.05,400,many_tiny,1e-05,0,0.7822222222222223,1e-07,20
0.9991963556785196,8,11.348016721302638,11.338896952104498,True,0.0008036443214803901,0.28,178,0.445,110,10,0.05,400,many_tiny,1e-05,0,0.7692307692307692,1e-07,20
0.998054886402499,8,21.88627549280882,21.8437042007491,True,0.001945113597501047,0.30000000000000004,143,0.3575,127,10,0.05,400,many_tiny,1e-05,0,0.7623456790123457,1e-07,20
0.9947761904039645,8,44.35521038577251,44.12350721212514,True,0.005223809596035522,0.32,113,0.2825,140,10,0.05,400,many_tiny,1e-05,0,0.7492163009404388,1e-07,20
0.9888044011968739,8,87.79149519890261,86.80861684032911,True,0.01119559880312615,0.34,90,0.225,156,10,0.05,400,many_tiny,1e-05,0,0.729903536977492,1e-07,20
0.9592151526420771,8,281.96192632863546,270.46215220257614,True,0.04078484735792287,0.36000000000000004,61,0.1525,170,10,0.05,400,many_tiny,1e-05,0,0.7147540983606556,1e-07,20
0.9235340293586624,8,543.9910241481016,502.39422246644165,True,0.07646597064133764,0.38,49,0.1225,177,10,0.05,400,many_tiny,1e-05,0,0.7064676616915423,1e-07,20
0.8258576131978618,8,1371.7421124828531,1132.863666938082,True,0.17414238680213823,0.4,36,0.09,188,10,0.05,400,many_tiny,1e-05,0,0.6858108108108107,1e-07,20
0.8074641621354424,8,1780.8943428778139,1438.0083584235833,True,0.19253583786455764,0.42000000000000004,33,0.0825,204,10,0.05,400,many_tiny,1e-05,0,0.65625,1e-07,20
0.6924046643554995,8,3641.3290851160673,2521.2732429877087,True,0.3075953356445005,0.44,26,0.065,216,10,0.05,400,many_tiny,1e-05,0,0.6347517730496455,1e-07,20
0.7025341753937165,8,3641.3290851160673,2558.1581261491724,True,0.29746582460628346,0.46,26,0.065,222,10,0.05,400,many_tiny,1e-05,0,0.6211849192100539,1e-07,20
0.21317679021928973,8,29130.63268092854,6209.974771977489,True,0.7868232097807103,0.48000000000000004,13,0.0325,232,10,0.05,400,many_tiny,1e-05,0,0.6058394160583942,1e-07,20
0.21956825904457325,8,29130.63268092854,6396.162302618429,True,0.7804317409554268,0.5,13,0.0325,247,10,0.05,400,many_tiny,1e-05,0,0.5666041275797373,1e-07,20
1.0,8,1.0,1.0,True,0.0,0.02,400,1.0,1,10,0.05,400,many_tiny,1e-05,1,0.03532396565183451,1e-07,20
1.0,8,1.0,1.0,True,0.0,0.04,400,1.0,1,10,0.05,400,many_tiny,1e-05,1,0.16970892945239271,1e-07,20
0.9999999682765242,8,1.0151512594410654,1.015151227236939,True,3.1723475846234805e-08,0.06,398,0.995,3,10,0.05,400,many_tiny,1e-05,1,0.47947214076246336,1e-07,20
0.999999867189709,8,1.062482469039261,1.062482327930655,True,1.3281029098699548e-07,0.08,392,0.98,9,10,0.05,400,many_tiny,1e-05,1,0.6575916230366492,1e-07,20
0.9999987362490997,8,1.1391571806763985,1.1391557410654858,True,1.2637509002599856e-06,0.1,383,0.9575,13,10,0.05,400,many_tiny,1e-05,1,0.7466666666666666,1e-07,20
0.9999984509930404,8,1.1944168551776841,1.1944150050176627,True,1.5490069595891498e-06,0.12000000000000001,377,0.9425,18,10,0.05,400,many_tiny,1e-05,1,0.7749360613810742,1e-07,20
0.9999961955534863,8,1.3161378551580007,1.3161328479819263,True,3.804446513711035e-06,0.13999999999999999,365,0.9125,24,10,0.05,400,many_tiny,1e-05,1,0.7863695937090432,1e-07,20
0.9999846338382461,8,1.5585569953943423,1.5585330463554483,True,1.5366161753904706e-05,0.16,345,0.8625,32,10,0.05,400,many_tiny,1e-05,1,0.7983870967741936,1e-07,20
0.9999597210007989,8,2.148299822093921,2.148213290727103,True,4.027899920111544e-05,0.18,310,0.775,46,10,0.05,400,many_tiny,1e-05,1,0.7934782608695652,1e-07,20
0.9999274998447023,8,2.6791838134430725,2.678989572200527,True,7.250015529769449e-05,0.19999999999999998,288,0.72,60,10,0.05,400,many_tiny,1e-05,1,0.7938718662952646,1e-07,20
0.9998994700297098,8,3.215674645274659,3.2153513735981067,True,0.00010052997029019739,0.22,271,0.6775,67,10,0.05,400,many_tiny,1e-05,1,0.7983074753173484,1e-07,20
0.9998600654540687,8,4.247067018651194,4.246472707256399,True,0.00013993454593130839,0.24,247,0.6175,81,10,0.05,400,many_tiny,1e-05,1,0.7976878612716762,1e-07,20
0.9996674037698239,8,7.111970869367319,7.109605454667045,True,0.0003325962301761187,0.26,208,0.52,96,10,0.05,400,many_tiny,1e-05,1,0.7823529411764706,1e-07,20
0.999591477318777,8,8.76546145223974,8.761880562425114,True,0.0004085226812230447,0.28,194,0.485,109,10,0.05,400,many_tiny,1e-05,1,0.7717717717717718,1e-07,20
0.9992844943165479,8,12.148767735302648,12.1400752229411,True,0.0007155056834521334,0.30000000000000004,174,0.435,118,10,0.05,400,many_tiny,1e-05,1,0.7694656488549618,1e-07,20
0.9980411685353173,8,23.83063271446918,23.783952521284778,True,0.0019588314646826754,0.32,139,0.3475,131,10,0.05,400,many_tiny,1e-05,1,0.7577639751552795,1e-07,20
0.9940387548152253,8,48.08414725770098,47.79750586639701,True,0.0059612451847746994,0.34,110,0.275,143,10,0.05,400,many_tiny,1e-05,1,0.7424960505529227,1e-07,20
0.9903595211810731,8,82.18952905399853,81.39718264001587,True,0.009640478818926934,0.36000000000000004,92,0.23,158,10,0.05,400,many_tiny,1e-05,1,0.7216828478964402,1e-07,20
0.9854118615815709,8,129.80717549727302,127.91353045341349,True,0.014588138418429097,0.38,79,0.1975,172,10,0.05,400,many_tiny,1e-05,1,0.7029702970297028,1e-07,20
0.9676741486068111,8,255.9518810463633,247.67801857585138,True,0.03232585139318889,0.4,63,0.1575,182,10,0.05,400,many_tiny,1e-05,1,0.6912751677852348,1e-07,20
0.8517949454336589,8,1078.9123215158718,919.0120620333142,True,0.14820505456634114,0.42000000000000004,39,0.0975,198,10,0.05,400,many_tiny,1e-05,1,0.6597938144329897,1e-07,20
0.8270959527759558,8,1492.7113702623906,1234.6155330066747,True,0.17290404722404418,0.44,35,0.0875,207,10,0.05,400,many_tiny,1e-05,1,0.6422338568935427,1e-07,20
0.5457713992824192,8,6010.518407212622,3280.369041517171,True,0.45422860071758075,0.46,22,0.055,216,10,0.05,400,many_tiny,1e-05,1,0.6241134751773051,1e-07,20
0.5588327910150099,8,6010.518407212622,3358.8747769497218,True,0.44116720898499007,0.48000000000000004,22,0.055,228,10,0.05,400,many_tiny,1e-05,1,0.5952813067150635,1e-07,20
0.49188391539596654,8,8000.0,3935.0713231677323,True,0.5081160846040335,0.5,20,0.05,238,10,0.05,400,many_tiny,1e-05,1,0.5719557195571956,1e-07,20
1.0,8,1.0,1.0,True,0.0,0.02,400,1.0,1,10,0.05,400,many_tiny,1e-05,2,0.0358520978850193,1e-07,20
1.0,8,1.0,1.0,True,0.0,0.04,400,1.0,1,10,0.05,400,many_tiny,1e-05,2,0.1669838249286394,1e-07,20
1.0,8,1.0,1.0,True,0.0,0.06,400,1.0,1,10,0.05,400,many_tiny,1e-05,2,0.46411149825783965,1e-07,20
0.9999996486913284,8,1.0706553754235508,1.0706549992930332,True,3.5130867159782753e-07,0.08,391,0.9775,8,10,0.05,400,many_tiny,1e-05,2,0.6618257261410787,1e-07,20
0.999995854162056,8,1.2634987068880421,1.263493468627161,True,4.145837943947406e-06,0.1,370,0.925,17,10,0.05,400,many_tiny,1e-05,2,0.732934131736527,1e-07,20
0.9999953532094648,8,1.3832370985745979,1.3832306709615403,True,4.646790535245415e-06,0.12000000000000001,359,0.8975,24,10,0.05,400,many_tiny,1e-05,2,0.769035532994924,1e-07,20
0.9999912642409626,8,1.5317629109603212,1.5317495298486288,True,8.73575903737045e-06,0.13999999999999999,347,0.8675,31,10,0.05,400,many_tiny,1e-05,2,0.783748361730013,1e-07,20
0.9999828591857624,8,1.780894342877814,1.7808638168987059,True,1.714081423764835e-05,0.16,330,0.825,36,10,0.05,400,many_tiny,1e-05,2,0.7962466487935657,1e-07,20
0.9999674697010046,8,2.2556954106290834,2.255622032182933,True,3.25302989954146e-05,0.18,305,0.7625,46,10,0.05,400,many_tiny,1e-05,2,0.8071135430916553,1e-07,20
0.9999310251518337,8,2.6514683396658545,2.6512854550397082,True,6.897484816625887e-05,0.19999999999999998,289,0.7225,53,10,0.05,400,many_tiny,1e-05,2,0.8127600554785022,1e-07,20
0.9999535377523597,8,2.853859899023302,2.8537273022779432,True,4.646224764026652e-05,0.22,282,0.705,62,10,0.05,400,many_tiny,1e-05,2,0.8118811881188119,1e-07,20
0.9999017084827782,8,4.405655098884929,4.405222060360903,True,9.829151722184903e-05,0.24,244,0.61,87,10,0.05,400,many_tiny,1e-05,2,0.7924528301886793,1e-07,20
0.9997333454357519,8,5.929296291660602,5.927715217741651,True,0.0002666545642481255,0.26,221,0.5525,92,10,0.05,400,many_tiny,1e-05,2,0.7883211678832117,1e-07,20
0.9996099101771715,8,7.881190074478478,7.878115702438646,True,0.0003900898228285099,0.28,201,0.5025,101,10,0.05,400,many_tiny,1e-05,2,0.7893175074183976,1e-07,20
0.9988446678318116,8,14.509365795621074,14.492602658577379,True,0.0011553321681884166,0.30000000000000004,164,0.41,119,10,0.05,400,many_tiny,1e-05,2,0.7696969696969697,1e-07,20
0.9984698591826929,8,19.742167295125657,19.711958999125283,True,0.0015301408173070685,0.32,148,0.37,129,10,0.05,400,many_tiny,1e-05,2,0.7580893682588598,1e-07,20
0.995467986141103,8,44.35521038577251,44.1541919575899,True,0.0045320138588970105,0.34,113,0.2825,148,10,0.05,400,many_tiny,1e-05,2,0.7393364928909953,1e-07,20
0.9936311457757886,8,60.30862941101085,59.92453254183013,True,0.006368854224211407,0.36000000000000004,102,0.255,157,10,0.05,400,many_tiny,1e-05,2,0.7258064516129032,1e-07,20
0.9802272870212241,8,157.93733836100526,154.8144887009613,True,0.01977271297877592,0.38,74,0.185,170,10,0.05,400,many_tiny,1e-05,2,0.7114754098360655,1e-07,20
0.9468329464962179,8,406.4421074023269,384.8327781318774,True,0.05316705350378215,0.4,54,0.135,181,10,0.05,400,many_tiny,1e-05,2,0.6989966555183946,1e-07,20
0.8738113953901159,8,928.5994109197487,811.4207470142252,True,0.12618860460988413,0.42000000000000004,41,0.1025,192,10,0.05,400,many_tiny,1e-05,2,0.6802721088435374,1e-07,20
0.8686126765022478,8,1166.3507799970841,1013.1070727537517,True,0.13138732349775217,0.44,38,0.095,204,10,0.05,400,many_tiny,1e-05,2,0.65625,1e-07,20
0.8480023734177216,8,1492.7113702623906,1265.8227848101267,True,0.15199762658227844,0.46,35,0.0875,215,10,0.05,400,many_tiny,1e-05,2,0.6336283185840708,1e-07,20
0.8410510998887272,8,1628.3329940972928,1369.5112556706326,True,0.15894890011127283,0.48000000000000004,34,0.085,224,10,0.05,400,many_tiny,1e-05,2,0.6151079136690647,1e-07,20
0.8472515628368182,8,1628.3329940972928,1379.607674067687,True,0.15274843716318176,0.5,34,0.085,235,10,0.05,400,many_tiny,1e-05,2,0.5871559633027523,1e-07,20
1.0,8,1.0,1.0,True,0.0,0.02,800,1.0,1,2,0.025,800,many_tiny,1e-05,0,0.010743088414724877,1e-07,40
1.0,8,1.0,1.0,True,0.0,0.04,800,1.0,1,2,0.025,800,many_tiny,1e-05,0,0.02657947879603808,1e-07,40
1.0,8,1.0,1.0,True,0.0,0.06,800,1.0,1,2,0.025,800,many_tiny,1e-05,0,0.07474040757399078,1e-07,40
1.0,8,1.0,1.0,True,0.0,0.08,800,1.0,1,2,0.025,800,many_tiny,1e-05,0,0.2010516548097742,1e-07,40
0.999999996064306,8,1.0075376568379952,1.0075376528726352,True,3.935693992929146e-09,0.1,798,0.9975,3,2,0.025,800,many_tiny,1e-05,0,0.4056939501779359,1e-07,40
0.9999999247195496,8,1.0706553754235508,1.070655294824132,True,7.528045042892728e-08,0.12000000000000001,782,0.9775,16,2,0.025,800,many_tiny,1e-05,0,0.5821462488129155,1e-07,40
0.9999998204857831,8,1.1347073529787775,1.1347071492826755,True,1.795142169358499e-07,0.13999999999999999,767,0.95875,28,2,0.025,800,many_tiny,1e-05,0,0.6955017301038062,1e-07,40
0.9999997143294734,8,1.208788027783738,1.2087876824686254,True,2.8567052656747194e-07,0.16,751,0.93875,40,2,0.025,800,many_tiny,1e-05,0,0.757556270096463,1e-07,40
0.9999994140736655,8,1.321561493357157,1.3215607190194754,True,5.859263344509813e-07,0.18,729,0.91125,55,2,0.025,800,many_tiny,1e-05,0,0.779933110367893,1e-07,40
0.9999991703174667,8,1.4066152632305737,1.4066140961864588,True,8.296825333431457e-07,0.19999999999999998,714,0.8925,64,2,0.025,800,many_tiny,1e-05,0,0.7950310559006212,1e-07,40
0.9999979635276888,8,1.614049453113389,1.614046166146369,True,2.036472311228721e-06,0.22,682,0.8525,82,2,0.025,800,many_tiny,1e-05,0,0.7957746478873239,1e-07,40
0.9999954231733885,8,1.980850338272559,1.9808412722640176,True,4.576826611479845e-06,0.24,637,0.79625,109,2,0.025,800,many_tiny,1e-05,0,0.7876614060258249,1e-07,40
0.9999940974098815,8,2.2011245295875526,2.2011115372516548,True,5.902590118456175e-06,0.26,615,0.76875,123,2,0.025,800,many_tiny,1e-05,0,0.7828612926652142,1e-07,40
0.9999769188957116,8,2.869093994528447,2.8690277726707465,True,2.3081104288391607e-05,0.28,563,0.70375,149,2,0.025,800,many_tiny,1e-05,0,0.7670830271858928,1e-07,40
0.9999727625143447,8,3.34355610374493,3.3434650336835166,True,2.7237485655251525e-05,0.30000000000000004,535,0.66875,171,2,0.025,800,many_tiny,1e-05,0,0.75,1e-07,40
0.9999661736989438,8,4.023147967602689,4.023011879388344,True,3.382630105619455e-05,0.32,503,0.62875,194,2,0.025,800,many_tiny,1e-05,0,0.7357197258187357,1e-07,40
0.9999497242265324,8,5.192111786815784,5.191850749379771,True,5.0275773467611806e-05,0.34,462,0.5775,216,2,0.025,800,many_tiny,1e-05,0,0.7165775401069518,1e-07,40
0.9999170950316585,8,6.960298930700967,6.9597218873384685,True,8.290496834151284e-05,0.36000000000000004,419,0.52375,242,2,0.025,800,many_tiny,1e-05,0,0.6993006993006993,1e-07,40
0.9998908170610099,8,8.833586496676027,8.832622019740496,True,0.00010918293899009335,0.38,387,0.48375,264,2,0.025,800,many_tiny,1e-05,0,0.6893280632411067,1e-07,40
0.9997919520743958,8,12.79945986279379,12.796796961720482,True,0.0002080479256042489,0.4,342,0.4275,291,2,0.025,800,many_tiny,1e-05,0,0.6752618855761482,1e-07,40
0.9996434402745132,8,19.94361643595499,19.93650534555337,True,0.0003565597254867603,0.42000000000000004,295,0.36875,318,2,0.025,800,many_tiny,1e-05,0,0.6562756357670222,1e-07,40
0.999569051243165,8,25.4427030327702,25.431738531527706,True,0.00043094875683502565,0.44,272,0.34,343,2,0.025,800,many_tiny,1e-05,0,0.6410684474123539,1e-07,40
0.9990527388756866,8,48.08414725770098,48.038599014308,True,0.0009472611243134255,0.46,220,0.275,372,2,0.025,800,many_tiny,1e-05,0,0.6221470836855453,1e-07,40
0.9985686914227684,8,75.83759438410765,75.72904738478906,True,0.0014313085772316159,0.48000000000000004,189,0.23625,402,2,0.025,800,many_tiny,1e-05,0,0.596885813148789,1e-07,40
0.9982180745684159,8,93.91435011269722,93.74700174384071,True,0.0017819254315840638,0.5,176,0.22,421,2,0.025,800,many_tiny,1e-05,0,0.5827464788732395,1e-07,40
1.0,8,1.0,1.0,True,0.0,0.02,800,1.0,1,2,0.025,800,many_tiny,1e-05,1,0.01068437985273685,1e-07,40
1.0,8,1.0,1.0,True,0.0,0.04,800,1.0,1,2,0.025,800,many_tiny,1e-05,1,0.026734368088011846,1e-07,40
1.0,8,1.0,1.0,True,0.0,0.06,800,1.0,1,2,0.025,800,many_tiny,1e-05,1,0.07375699703654923,1e-07,40
1.0,8,1.0,1.0,True,0.0,0.08,800,1.0,1,2,0.025,800,many_tiny,1e-05,1,0.19504830917874397,1e-07,40
0.9999999980395324,8,1.0037593945679353,1.0037593926000976,True,1.9604675660644943e-09,0.1,799,0.99875,2,2,0.025,800,many_tiny,1e-05,1,0.39054726368159204,1e-07,40
0.9999999797176292,8,1.0384574039781842,1.0384573829158061,True,2.028237078288697e-08,0.12000000000000001,790,0.9875,11,2,0.025,800,many_tiny,1e-05,1,0.5685185185185184,1e-07,40
0.9999998366391484,8,1.1302806712962963,1.1302804866526832,True,1.633608516238283e-07,0.13999999999999999,768,0.96,26,2,0.025,800,many_tiny,1e-05,1,0.6837315130830489,1e-07,40
0.9999996386944608,8,1.2332566857879905,1.2332562402055187,True,3.6130553915381114e-07,0.16,746,0.9325,43,2,0.025,800,many_tiny,1e-05,1,0.75,1e-07,40
0.9999994146199708,8,1.338012278645991,1.3380114954003242,True,5.853800292277e-07,0.18,726,0.9075,56,2,0.025,800,many_tiny,1e-05,1,0.7876344086021505,1e-07,40
0.9999985603436331,8,1.551800254841366,1.5517980207822488,True,1.4396563668972462e-06,0.19999999999999998,691,0.86375,75,2,0.025,800,many_tiny,1e-05,1,0.796116504854369,1e-07,40
0.9999972918911069,8,1.7331943853059564,1.733189691626828,True,2.708108893134664e-06,0.22,666,0.8325,86,2,0.025,800,many_tiny,1e-05,1,0.8019732205778718,1e-07,40
0.9999970499501865,8,1.821990301994003,1.8219849270318522,True,2.9500498135437425e-06,0.24,655,0.81875,96,2,0.025,800,many_tiny,1e-05,1,0.8002863278453829,1e-07,40
0.9999958964285073,8,2.148299822093921,2.148291006392013,True,4.10357149271956e-06,0.26,620,0.775,123,2,0.025,800,many_tiny,1e-05,1,0.7850877192982455,1e-07,40
0.9999938066105979,8,2.4929520544943737,2.4929366146715397,True,6.193389402109339e-06,0.28,590,0.7375,143,2,0.025,800,many_tiny,1e-05,1,0.7703703703703703,1e-07,40
0.9999899370061527,8,3.1628635343301195,3.1628317064538334,True,1.0062993847315127e-05,0.30000000000000004,545,0.68125,171,2,0.025,800,many_tiny,1e-05,1,0.7563909774436091,1e-07,40
0.9999885571996306,8,3.7484202367105417,3.7483773442860726,True,1.1442800369354522e-05,0.32,515,0.64375,197,2,0.025,800,many_tiny,1e-05,1,0.7444698703279939,1e-07,40
0.9999826304294352,8,4.6008145903979685,4.600734676224286,True,1.7369570564751413e-05,0.34,481,0.60125,219,2,0.025,800,many_tiny,1e-05,1,0.7343144848954299,1e-07,40
0.9999374103133966,8,6.8129093134705805,6.812482895611792,True,6.258968660344255e-05,0.36000000000000004,422,0.5275,244,2,0.025,800,many_tiny,1e-05,1,0.7098283931357253,1e-07,40
0.9998591852892017,8,9.945832509694078,9.944431990165578,True,0.00014081471079829821,0.38,372,0.465,277,2,0.025,800,many_tiny,1e-05,1,0.6880000000000001,1e-07,40
0.9998460444672014,8,13.026663952778343,13.024658425788905,True,0.00015395553279862195,0.4,340,0.425,303,2,0.025,800,many_tiny,1e-05,1,0.6715566422167889,1e-07,40
0.9997203789779364,8,18.22423093745444,18.219135059373386,True,0.00027962102206358086,0.42000000000000004,304,0.38,321,2,0.025,800,many_tiny,1e-05,1,0.6595218466611706,1e-07,40
0.9995349073586954,8,28.797079076272944,28.783685766703506,True,0.0004650926413045653,0.44,261,0.32625,349,2,0.025,800,many_tiny,1e-05,1,0.6404682274247491,1e-07,40
0.9990234939401832,8,48.08414725770098,48.03719279652271,True,0.0009765060598168063,0.46,220,0.275,377,2,0.025,800,many_tiny,1e-05,1,0.614468085106383,1e-07,40
0.9982147085365147,8,84.92895825343598,84.77733530926342,True,0.0017852914634852723,0.48000000000000004,182,0.2275,399,2,0.025,800,many_tiny,1e-05,1,0.5987920621225195,1e-07,40
0.9972114760264689,8,134.86404018948397,134.48796858024835,True,0.002788523973531132,0.5,156,0.195,424,2,0.025,800,many_tiny,1e-05,1,0.5787159190853122,1e-07,40
1.0,8,1.0,1.0,True,0.0,0.02,800,1.0,1,2,0.025,800,many_tiny,1e-05,2,0.010773999344320925,1e-07,40
1.0,8,1.0,1.0,True,0.0,0.04,800,1.0,1,2,0.025,800,many_tiny,1e-05,2,0.02661743211016232,1e-07,40
1.0,8,1.0,1.0,True,0.0,0.06,800,1.0,1,2,0.025,800,many_tiny,1e-05,2,0.07268129089009841,1e-07,40
1.0,8,1.0,1.0,True,0.0,0.08,800,1.0,1,2,0.025,800,many_tiny,1e-05,2,0.19191616766467065,1e-07,40
1.0,8,1.0,1.0,True,0.0,0.1,800,1.0,1,2,0.025,800,many_tiny,1e-05,2,0.38393130941429016,1e-07,40
0.9999998395996287,8,1.0665584843064053,1.0665583132300285,True,1.6040037131848095e-07,0.12000000000000001,783,0.97875,12,2,0.025,800,many_tiny,1e-05,2,0.560364464692483,1e-07,40
0.999999783657262,8,1.1302806712962963,1.1302804267682813,True,2.163427379464622e-07,0.13999999999999999,768,0.96,24,2,0.025,800,many_tiny,1e-05,2,0.670372429127293,1e-07,40
0.9999995580711141,8,1.2432290637117598,1.2432285142929247,True,4.4192888593030943e-07,0.16,744,0.93,40,2,0.025,800,many_tiny,1e-05,2,0.7336621454993835,1e-07,40
0.9999989303094295,8,1.4007216315397644,1.4007201332010433,True,1.0696905704543624e-06,0.18,715,0.89375,57,2,0.025,800,many_tiny,1e-05,2,0.774917491749175,1e-07,40
0.9999987537034867,8,1.4736827023041752,1.4736808656585616,True,1.2462965133241966e-06,0.19999999999999998,703,0.87875,66,2,0.025,800,many_tiny,1e-05,2,0.7909836065573771,1e-07,40
0.9999936029774535,8,1.7023370560873512,1.7023261661988218,True,6.3970225464560215e-06,0.22,670,0.8375,81,2,0.025,800,many_tiny,1e-05,2,0.7952480782669463,1e-07,40
0.9999924673330595,8,1.7971829101721086,1.797169372591815,True,7.5326669405351154e-06,0.24,658,0.8225,88,2,0.025,800,many_tiny,1e-05,2,0.7934705464868701,1e-07,40
0.9999880815095614,8,2.23365294114855,2.233626319377328,True,1.1918490438578289e-05,0.26,612,0.765,116,2,0.025,800,many_tiny,1e-05,2,0.7797101449275362,1e-07,40
0.9999793443812593,8,2.8998890175091616,2.899829118507226,True,2.065561874065036e-05,0.28,561,0.70125,139,2,0.025,800,many_tiny,1e-05,2,0.7679882525697503,1e-07,40
0.9999693293386355,8,4.071521977300295,4.071397101028491,True,3.067066136452912e-05,0.30000000000000004,501,0.62625,173,2,0.025,800,many_tiny,1e-05,2,0.7516778523489932,1e-07,40
0.9999592210279992,8,4.963081796173036,4.9628794067994315,True,4.077897200083225e-05,0.32,469,0.58625,201,2,0.025,800,many_tiny,1e-05,2,0.7315589353612167,1e-07,40
0.9999248247857405,8,6.910700788251809,6.910181274839369,True,7.517521425948193e-05,0.34,420,0.525,228,2,0.025,800,many_tiny,1e-05,2,0.7164869029275809,1e-07,40
0.9998788707513037,8,8.698035122360034,8.696981535900528,True,0.0001211292486963389,0.36000000000000004,389,0.48625,248,2,0.025,800,many_tiny,1e-05,2,0.707165109034268,1e-07,40
0.9998341641250649,8,11.739293764087153,11.737346968034664,True,0.00016583587493512741,0.38,352,0.44,275,2,0.025,800,many_tiny,1e-05,2,0.6956521739130436,1e-07,40
0.9997498170952316,8,14.778050992126762,14.774353776402737,True,0.00025018290476841454,0.4,326,0.4075,293,2,0.025,800,many_tiny,1e-05,2,0.6789727126805779,1e-07,40
0.999638849650105,8,22.830879192186416,22.82263381217775,True,0.00036115034989503414,0.42000000000000004,282,0.3525,329,2,0.025,800,many_tiny,1e-05,2,0.6513535684987695,1e-07,40
0.99932435815082,8,36.126331523441756,36.10192306200717,True,0.0006756418491800087,0.44,242,0.3025,354,2,0.025,800,many_tiny,1e-05,2,0.6378018318068276,1e-07,40
0.9989002497628138,8,55.28560630601447,55.22480594736645,True,0.0010997502371862256,0.46,210,0.2625,377,2,0.025,800,many_tiny,1e-05,2,0.6254237288135592,1e-07,40
0.9976288170890122,8,107.9796998164345,107.72366019749619,True,0.0023711829109878124,0.48000000000000004,168,0.21,403,2,0.025,800,many_tiny,1e-05,2,0.6046511627906977,1e-07,40
0.9973736152796858,8,125.0,124.67170190996073,True,0.002626384720314179,0.5,160,0.2,422,2,0.025,800,many_tiny,1e-05,2,0.584426946631671,1e-07,40
1.0,8,1.0,1.0,True,0.0,0.02,800,1.0,1,5,0.025,800,many_tiny,1e-05,0,0.01805296531145095,1e-07,40
1.0,8,1.0,1.0,True,0.0,0.04,800,1.0,1,5,0.025,800,many_tiny,1e-05,0,0.09332711152589827,1e-07,40
1.0,8,1.0,1.0,True,0.0,0.06,800,1.0,1,5,0.025,800,many_tiny,1e-05,0,0.3678097345132743,1e-07,40
0.9999999378355486,8,1.0267161632358142,1.026716099410567,True,6.216445136431048e-08,0.08,793,0.99125,6,5,0.025,800,many_tiny,1e-05,0,0.6746736292428198,1e-07,40
0.9999996756068321,8,1.0999295089120875,1.0999291521024697,True,3.243931678831302e-07,0.1,775,0.96875,16,5,0.025,800,many_tiny,1e-05,0,0.8110896196002579,1e-07,40
0.9999988612669769,8,1.284211391468727,1.2842099290948068,True,1.138733023098304e-06,0.12000000000000001,736,0.92,41,5,0.025,800,many_tiny,1e-05,0,0.8515679442508711,1e-07,40
0.9999982205313045,8,1.4125420051575053,1.4125394915832261,True,1.779468695506381e-06,0.13999999999999999,713,0.89125,54,5,0.025,800,many_tiny,1e-05,0,0.8652886671418388,1e-07,40
0.9999905669958088,8,1.6355379969193684,1.6355225688825885,True,9.433004191206074e-06,0.16,679,0.84875,70,5,0.025,800,many_tiny,1e-05,0,0.8625454545454546,1e-07,40
0.9999851559181545,8,2.077147505907933,2.07711667256035,True,1.4844081845488688e-05,0.18,627,0.78375,93,5,0.025,800,many_tiny,1e-05,0,0.8510638297872339,1e-07,40
0.9999730023574984,8,2.6106073944710015,2.610536914225854,True,2.6997642501580543e-05,0.19999999999999998,581,0.72625,110,5,0.025,800,many_tiny,1e-05,0,0.847457627118644,1e-07,40
0.9999579703363143,8,3.4196873175505815,3.419543589242714,True,4.202966368571648e-05,0.22,531,0.66375,129,5,0.025,800,many_tiny,1e-05,0,0.8379970544919,1e-07,40
0.9999271117039144,8,5.294584749389156,5.294198836128291,True,7.288829608564917e-05,0.24,459,0.57375,167,5,0.025,800,many_tiny,1e-05,0,0.8154761904761905,1e-07,40
0.9998378040108149,8,8.371076205176648,8.369718450191005,True,0.0001621959891850988,0.26,394,0.4925,192,5,0.025,800,many_tiny,1e-05,0,0.8075187969924813,1e-07,40
0.9995746485071567,8,14.509365795621074,14.503194215219697,True,0.00042535149284328444,0.28,328,0.41,219,5,0.025,800,many_tiny,1e-05,0,0.7917933130699086,1e-07,40
0.9993262769542005,8,21.211746717326836,21.19745587472171,True,0.0006737230457994903,0.30000000000000004,289,0.36125,244,5,0.025,800,many_tiny,1e-05,0,0.7731481481481481,1e-07,40
0.998683377524669,8,35.68216032064324,35.63518038639671,True,0.0013166224753310418,0.32,243,0.30375,269,5,0.025,800,many_tiny,1e-05,0,0.7574334898278561,1e-07,40
0.998067300055462,8,52.98234187539071,52.87994290618664,True,0.001932699944538041,0.34,213,0.26625,289,5,0.025,800,many_tiny,1e-05,0,0.7458432304038004,1e-07,40
0.9973641792838916,8,70.12369161791791,69.93885813886142,True,0.0026358207161083502,0.36000000000000004,194,0.2425,307,5,0.025,800,many_tiny,1e-05,0,0.7309236947791166,1e-07,40
0.9956463504015464,8,118.22440793701409,117.70970029087171,True,0.004353649598453635,0.38,163,0.20375,334,5,0.025,800,many_tiny,1e-05,0,0.7098360655737704,1e-07,40
0.9922883521489851,8,208.09835898999137,206.49357772708646,True,0.007711647851014858,0.4,135,0.16875,352,5,0.025,800,many_tiny,1e-05,0,0.6960132890365448,1e-07,40
0.9722422961925041,8,726.2730701633689,706.1133973984134,True,0.02775770380749587,0.42000000000000004,89,0.11125,378,5,0.025,800,many_tiny,1e-05,0,0.6762711864406779,1e-07,40
0.9267727683800092,8,2047.6150483709064,1897.6738669552713,True,0.07322723161999078,0.44,63,0.07875,399,5,0.025,800,many_tiny,1e-05,0,0.6563307493540051,1e-07,40
0.8883193909089824,8,3439.0805833003083,3055.0019690442377,True,0.11168060909101762,0.46,53,0.06625,417,5,0.025,800,many_tiny,1e-05,0,0.6427320490367776,1e-07,40
0.8738301791497074,8,4351.928193184813,3802.846192697347,True,0.1261698208502926,0.48000000000000004,49,0.06125,435,5,0.025,800,many_tiny,1e-05,0,0.6251113089937667,1e-07,40
0.7996401619271328,8,8000.0,6397.121295417062,True,0.20035983807286717,0.5,40,0.05,457,5,0.025,800,many_tiny,1e-05,0,0.6025408348457351,1e-07,40
1.0,8,1.0,1.0,True,0.0,0.02,800,1.0,1,5,0.025,800,many_tiny,1e-05,1,0.01791252139826829,1e-07,40
1.0,8,1.0,1.0,True,0.0,0.04,800,1.0,1,5,0.025,800,many_tiny,1e-05,1,0.09272581934452438,1e-07,40
1.0,8,1.0,1.0,True,0.0,0.06,800,1.0,1,5,0.025,800,many_tiny,1e-05,1,0.3692052980132451,1e-07,40
0.9999999859628651,8,1.0267161632358142,1.026716148823661,True,1.4037134898892134e-08,0.08,793,0.99125,8,5,0.025,800,many_tiny,1e-05,1,0.6739469578783152,1e-07,40
0.9999996707124859,8,1.1391571806763985,1.1391568055661623,True,3.292875141447382e-07,0.1,766,0.9575,25,5,0.025,800,many_tiny,1e-05,1,0.8118556701030928,1e-07,40
0.9999990448701525,8,1.3324984987335395,1.3324972260244516,True,9.5512984754631e-07,0.12000000000000001,727,0.90875,47,5,0.025,800,many_tiny,1e-05,1,0.8587334725121782,1e-07,40
0.999997561302974,8,1.6069702989548853,1.6069663800411964,True,2.438697025985981e-06,0.13999999999999999,683,0.85375,68,5,0.025,800,many_tiny,1e-05,1,0.8630824372759858,1e-07,40
0.9999952701847523,8,1.8387827341619691,1.838774037059356,True,4.7298152476837885e-06,0.16,653,0.81625,81,5,0.025,800,many_tiny,1e-05,1,0.8648255813953489,1e-07,40
0.9999918458777459,8,2.190422160062909,2.190404299092828,True,8.154122254078189e-06,0.18,616,0.77,101,5,0.025,800,many_tiny,1e-05,1,0.8577712609970675,1e-07,40
0.9999854770427579,8,2.7357844366011026,2.735744704920706,True,1.4522957242135703e-05,0.19999999999999998,572,0.715,119,5,0.025,800,many_tiny,1e-05,1,0.8520710059171599,1e-07,40
0.999966228200012,8,3.7266693032851985,3.726543446954867,True,3.377179998798052e-05,0.22,516,0.645,140,5,0.025,800,many_tiny,1e-05,1,0.8417159763313611,1e-07,40
0.9996870912722332,8,6.484822368239651,6.482793210722611,True,0.0003129087277667919,0.24,429,0.53625,164,5,0.025,800,many_tiny,1e-05,1,0.831712789827973,1e-07,40
0.9994776634263149,8,10.529102841264006,10.523603105761923,True,0.000522336573685056,0.26,365,0.45625,192,5,0.025,800,many_tiny,1e-05,1,0.8030075187969925,1e-07,40
0.9991419223866673,8,16.38092038696725,16.366864285897407,True,0.0008580776133326751,0.28,315,0.39375,214,5,0.025,800,many_tiny,1e-05,1,0.7993874425727413,1e-07,40
0.9991544404502275,8,25.72539716219727,25.703644806955086,True,0.000845559549772501,0.30000000000000004,271,0.33875,240,5,0.025,800,many_tiny,1e-05,1,0.7885802469135803,1e-07,40
0.9986969427481551,8,38.461385332525346,38.4112679454518,True,0.0013030572518448746,0.32,237,0.29625,268,5,0.025,800,many_tiny,1e-05,1,0.768989819890368,1e-07,40
0.9967341662786574,8,86.34441200720234,86.06242551481971,True,0.0032658337213425925,0.34,181,0.22625,297,5,0.025,800,many_tiny,1e-05,1,0.7515923566878981,1e-07,40
0.9940703336424033,8,151.7037037037037,150.80415135552903,True,0.00592966635759673,0.36000000000000004,150,0.1875,320,5,0.025,800,many_tiny,1e-05,1,0.7336032388663968,1e-07,40
0.9884192499224937,8,296.2962962962963,292.8649629399981,True,0.011580750077506252,0.38,120,0.15,343,5,0.025,800,many_tiny,1e-05,1,0.7144032921810699,1e-07,40
0.9809961427231668,8,512.0,502.2700250742614,True,0.01900385727683318,0.4,100,0.125,365,5,0.025,800,many_tiny,1e-05,1,0.7007544006705785,1e-07,40
0.962057137296561,8,1078.9123215158718,1037.9752994315463,True,0.03794286270343905,0.42000000000000004,78,0.0975,390,5,0.025,800,many_tiny,1e-05,1,0.6775021385799829,1e-07,40
0.8987880773010154,8,2915.451895043732,2620.3734032099574,True,0.1012119226989846,0.44,56,0.07,404,5,0.025,800,many_tiny,1e-05,1,0.6660899653979239,1e-07,40
0.847507020178933,8,4931.469905512266,4179.455364722785,True,0.15249297982106702,0.46,47,0.05875,423,5,0.025,800,many_tiny,1e-05,1,0.6490765171503957,1e-07,40
0.8490645149267638,8,5618.655692729767,4770.6011702881,True,0.15093548507323618,0.48000000000000004,45,0.05625,443,5,0.025,800,many_tiny,1e-05,1,0.6266786034019696,1e-07,40
0.5229707212568436,8,29130.63268092854,15234.467983813378,True,0.47702927874315637,0.5,26,0.0325,461,5,0.025,800,many_tiny,1e-05,1,0.6078252957233848,1e-07,40
1.0,8,1.0,1.0,True,0.0,0.02,800,1.0,1,5,0.025,800,many_tiny,1e-05,2,0.017886561543892683,1e-07,40
1.0,8,1.0,1.0,True,0.0,0.04,800,1.0,1,5,0.025,800,many_tiny,1e-05,2,0.0926968152022777,1e-07,40
0.999999996064306,8,1.0075376568379952,1.0075376528726352,True,3.935693992929146e-09,0.06,798,0.9975,3,5,0.025,800,many_tiny,1e-05,2,0.36777199232666485,1e-07,40
0.9999999509507278,8,1.046384525647081,1.0463844743226816,True,4.9049272199397365e-08,0.08,788,0.985,11,5,0.025,800,many_tiny,1e-05,2,0.6705081194342587,1e-07,40
0.9999995828149889,8,1.2136296296296296,1.213629123321539,True,4.1718501109233586e-07,0.1,750,0.9375,34,5,0.025,800,many_tiny,1e-05,2,0.7931688804554079,1e-07,40
0.999998602830311,8,1.3890327772207676,1.389030836506274,True,1.397169689054678e-06,0.12000000000000001,717,0.89625,52,5,0.025,800,many_tiny,1e-05,2,0.8472702142363511,1e-07,40
0.9999955006395329,8,1.6211702492803517,1.6211629550510216,True,4.499360467091762e-06,0.13999999999999999,681,0.85125,69,5,0.025,800,many_tiny,1e-05,2,0.8626334519572955,1e-07,40
0.999993631162723,8,1.9080546832820218,1.9080425311922284,True,6.3688372770043244e-06,0.16,645,0.80625,87,5,0.025,800,many_tiny,1e-05,2,0.8614718614718615,1e-07,40
0.9999881555508114,8,2.3351674294751046,2.3351397707031394,True,1.1844449188558315e-05,0.18,603,0.75375,105,5,0.025,800,many_tiny,1e-05,2,0.8554744525547444,1e-07,40
0.9999796690937935,8,2.8387334646894407,2.838675750665625,True,2.0330906206456056e-05,0.19999999999999998,565,0.70625,119,5,0.025,800,many_tiny,1e-05,2,0.8541973490427098,1e-07,40
0.9999344035915293,8,3.859752282304694,3.8594990964173883,True,6.55964084707028e-05,0.22,510,0.6375,135,5,0.025,800,many_tiny,1e-05,2,0.8244604316546763,1e-07,40
0.9999433279440676,8,4.071521977300295,4.071291235779067,True,5.667205593240521e-05,0.24,501,0.62625,149,5,0.025,800,many_tiny,1e-05,2,0.8389513108614232,1e-07,40
0.9999206338677495,8,5.39977212961613,5.399343570587169,True,7.936613225045797e-05,0.26,456,0.57,178,5,0.025,800,many_tiny,1e-05,2,0.8197718631178706,1e-07,40
0.9998490737120794,8,8.182734133714474,8.181499144026631,True,0.00015092628792057194,0.28,397,0.49625,207,5,0.025,800,many_tiny,1e-05,2,0.8015444015444015,1e-07,40
0.9997104156847383,8,13.497462477054313,13.493553823625126,True,0.000289584315261715,0.30000000000000004,336,0.42,237,5,0.025,800,many_tiny,1e-05,2,0.7849882720875685,1e-07,40
0.9995001110666211,8,22.830879192186416,22.819466288338933,True,0.0004998889333789336,0.32,282,0.3525,265,5,0.025,800,many_tiny,1e-05,2,0.768621236133122,1e-07,40
0.9980046890106502,8,61.20428759942559,61.08216601178313,True,0.0019953109893497967,0.34,203,0.25375,290,5,0.025,800,many_tiny,1e-05,2,0.7539936102236423,1e-07,40
0.9953322042252414,8,134.86404018948397,134.23452239252063,True,0.004667795774758621,0.36000000000000004,156,0.195,322,5,0.025,800,many_tiny,1e-05,2,0.7331711273317113,1e-07,40
0.9897158169409478,8,255.9518810463633,253.31962504737373,True,0.01028418305905221,0.38,126,0.1575,338,5,0.025,800,many_tiny,1e-05,2,0.719672131147541,1e-07,40
0.9771229775249876,8,578.7037037037037,565.4646860677011,True,0.022877022475012443,0.4,96,0.12,365,5,0.025,800,many_tiny,1e-05,2,0.6984924623115578,1e-07,40
0.9725481053102082,8,726.2730701633689,706.3354983252124,True,0.02745189468979181,0.42000000000000004,89,0.11125,384,5,0.025,800,many_tiny,1e-05,2,0.6797274275979557,1e-07,40
0.9744678204135796,8,726.2730701633689,707.7297357071768,True,0.0255321795864204,0.44,89,0.11125,401,5,0.025,800,many_tiny,1e-05,2,0.6608996539792388,1e-07,40
0.9291837235958735,8,2255.6954106290837,2095.955460946455,True,0.07081627640412647,0.46,61,0.07625,426,5,0.025,800,many_tiny,1e-05,2,0.6407766990291262,1e-07,40
0.9293600323554975,8,2370.3703703703704,2202.9274841019196,True,0.07063996764450253,0.48000000000000004,60,0.075,442,5,0.025,800,many_tiny,1e-05,2,0.621863799283154,1e-07,40
0.8999027187548001,8,3641.3290851160673,3276.841943576878,True,0.1000972812451999,0.5,52,0.065,458,5,0.025,800,many_tiny,1e-05,2,0.6049046321525885,1e-07,40
1.0,8,1.0,1.0,True,0.0,0.02,800,1.0,1,10,0.025,800,many_tiny,1e-05,0,0.03560280920795943,1e-07,40
1.0,8,1.0,1.0,True,0.0,0.04,800,1.0,1,10,0.025,800,many_tiny,1e-05,0,0.33663366336633666,1e-07,40
0.9999998422877834,8,1.062482469039261,1.0624823014727955,True,1.5771221661964319e-07,0.06,784,0.98,11,10,0.025,800,many_tiny,1e-05,0,0.7777777777777777,1e-07,40
0.9999989474156951,8,1.1896771112920284,1.189675859056573,True,1.0525843049391526e-06,0.08,755,0.94375,23,10,0.025,800,many_tiny,1e-05,0,0.8814256339958876,1e-07,40
0.9999969670113013,8,1.5120690590999368,1.5120644730115689,True,3.032988698747907e-06,0.1,697,0.87125,52,10,0.025,800,many_tiny,1e-05,0,0.8901569186875892,1e-07,40
0.9999909765934226,8,2.097152,2.0971330765448495,True,9.023406577379767e-06,0.12000000000000001,625,0.78125,81,10,0.025,800,many_tiny,1e-05,0,0.8832487309644671,1e-07,40
0.9999729373642792,8,2.6931864880414236,2.6931136033165695,True,2.706263572083145e-05,0.13999999999999999,575,0.71875,97,10,0.025,800,many_tiny,1e-05,0,0.8760932944606413,1e-07,40
0.9999477439688874,8,3.6413290851160673,3.6411388037101045,True,5.2256031112585255e-05,0.16,520,0.65,116,10,0.025,800,many_tiny,1e-05,0,0.8740849194729138,1e-07,40
0.9998940517346834,8,5.435453328219903,5.434877451368568,True,0.00010594826531662438,0.18,455,0.56875,144,10,0.025,800,many_tiny,1e-05,0,0.8586156111929308,1e-07,40
0.9997798792682642,8,8.307659231825474,8.305830543796352,True,0.0002201207317358289,0.19999999999999998,395,0.49375,163,10,0.025,800,many_tiny,1e-05,0,0.8522895125553914,1e-07,40
0.999436361982762,8,15.772404693165273,15.763514766256941,True,0.0005636380172380218,0.22,319,0.39875,190,10,0.025,800,many_tiny,1e-05,0,0.8407738095238095,1e-07,40
0.9974261861934018,8,44.94924554183813,44.83355455306638,True,0.0025738138065981575,0.24,225,0.28125,215,10,0.025,800,many_tiny,1e-05,0,0.8270676691729324,1e-07,40
0.9962492147272967,8,67.9988780185127,67.74382882828051,True,0.0037507852727033386,0.26,196,0.245,234,10,0.025,800,many_tiny,1e-05,0,0.8136882129277567,1e-07,40
0.9931793765893374,8,127.37335493704846,126.50458925047019,True,0.006820623410662585,0.28,159,0.19875,255,10,0.025,800,many_tiny,1e-05,0,0.8003084040092521,1e-07,40
0.9900940563584675,8,194.81962442429278,192.88975220448123,True,0.009905943641532522,0.30000000000000004,138,0.1725,278,10,0.025,800,many_tiny,1e-05,0,0.7877838684416602,1e-07,40
0.9788439716805781,8,455.1661356395084,445.53662798387717,True,0.02115602831942187,0.32,104,0.13,302,10,0.025,800,many_tiny,1e-05,0,0.7700875099443119,1e-07,40
0.8856887460123505,8,2370.3703703703704,2099.410360918164,True,0.11431125398764952,0.34,60,0.075,323,10,0.025,800,many_tiny,1e-05,0,0.7566693613581246,1e-07,40
0.8317928716546691,8,3859.7522823046943,3210.5144347738847,True,0.16820712834533091,0.36000000000000004,51,0.06375,339,10,0.025,800,many_tiny,1e-05,0,0.7442622950819672,1e-07,40
0.3825526728190841,8,29130.63268092854,11144.001393000173,True,0.6174473271809159,0.38,26,0.0325,362,10,0.025,800,many_tiny,1e-05,0,0.7228714524207013,1e-07,40
0.34448043857463245,8,37037.03703703704,12758.534762023424,True,0.6555195614253675,0.4,24,0.03,378,10,0.025,800,many_tiny,1e-05,0,0.707874682472481,1e-07,40
0.38194175830248106,8,37037.03703703704,14145.99104824004,True,0.6180582416975189,0.42000000000000004,24,0.03,395,10,0.025,800,many_tiny,1e-05,0,0.6890034364261168,1e-07,40
0.11435239206534423,8,186588.92128279884,21336.889481580263,True,0.8856476079346558,0.44,14,0.0175,418,10,0.025,800,many_tiny,1e-05,0,0.6637478108581436,1e-07,40
0.11921105222000174,8,186588.92128279884,22243.461638717527,True,0.8807889477799983,0.46,14,0.0175,434,10,0.025,800,many_tiny,1e-05,0,0.6447602131438721,1e-07,40
0.12777053455019557,8,186588.92128279884,23840.566213447568,True,0.8722294654498044,0.48000000000000004,14,0.0175,448,10,0.025,800,many_tiny,1e-05,0,0.6276978417266187,1e-07,40
0.1381115361385142,8,186588.92128279884,25770.082544795652,True,0.8618884638614858,0.5,14,0.0175,464,10,0.025,800,many_tiny,1e-05,0,0.6076642335766423,1e-07,40
1.0,8,1.0,1.0,True,0.0,0.02,800,1.0,1,10,0.025,800,many_tiny,1e-05,1,0.03522533495736906,1e-07,40
1.0,8,1.0,1.0,True,0.0,0.04,800,1.0,1,10,0.025,800,many_tiny,1e-05,1,0.3392726385159873,1e-07,40
0.9999999653887012,8,1.042410917777072,1.0424108816978763,True,3.4611298826980885e-08,0.06,789,0.98625,11,10,0.025,800,many_tiny,1e-05,1,0.778617083091226,1e-07,40
0.9999995357301207,8,1.1709669386884616,1.1709663950437823,True,4.642698793189126e-07,0.08,759,0.94875,28,10,0.025,800,many_tiny,1e-05,1,0.8850653819683414,1e-07,40
0.999998414437999,8,1.3948608791912736,1.394858667552867,True,1.5855620010274407e-06,0.1,716,0.895,49,10,0.025,800,many_tiny,1e-05,1,0.893950177935943,1e-07,40
0.999996301825715,8,1.8136707244526342,1.8136640171821994,True,3.698174285027278e-06,0.12000000000000001,656,0.82,79,10,0.025,800,many_tiny,1e-05,1,0.8896952104499275,1e-07,40
0.9999879448081707,8,2.394232981090535,2.394204118152664,True,1.2055191829341005e-05,0.13999999999999999,598,0.7475,102,10,0.025,800,many_tiny,1e-05,1,0.8830409356725147,1e-07,40
0.9999760026529725,8,3.4196873175505815,3.4196052541272968,True,2.399734702751566e-05,0.16,531,0.66375,128,10,0.025,800,many_tiny,1e-05,1,0.8741721854304635,1e-07,40
0.9999389124787459,8,4.807673166565668,4.807379477728922,True,6.108752125411065e-05,0.18,474,0.5925,142,10,0.025,800,many_tiny,1e-05,1,0.8700147710487445,1e-07,40
0.9998605773411605,8,8.182734133714474,8.181593275164975,True,0.00013942265883948313,0.19999999999999998,397,0.49625,172,10,0.025,800,many_tiny,1e-05,1,0.8565055762081784,1e-07,40
0.9993898539869215,8,18.962962962962962,18.951392786714955,True,0.0006101460130785163,0.22,300,0.375,195,10,0.025,800,many_tiny,1e-05,1,0.8422619047619048,1e-07,40
0.995517030698796,8,77.05421727362916,76.70878558306318,True,0.004482969301203954,0.24,188,0.235,222,10,0.025,800,many_tiny,1e-05,1,0.8263473053892216,1e-07,40
0.9932657677281649,8,129.80717549727302,128.93302382692355,True,0.006734232271835117,0.26,158,0.1975,244,10,0.025,800,many_tiny,1e-05,1,0.8125,1e-07,40
0.9832024862277684,8,296.2962962962963,291.31925517859804,True,0.016797513772231598,0.28,120,0.15,265,10,0.025,800,many_tiny,1e-05,1,0.802784222737819,1e-07,40
0.9296987941186841,8,1213.6296296296296,1128.3100031733718,True,0.07030120588131594,0.30000000000000004,75,0.09375,284,10,0.025,800,many_tiny,1e-05,1,0.792156862745098,1e-07,40
0.6656975621064019,8,7428.79528735799,4945.330912181741,True,0.33430243789359815,0.32,41,0.05125,301,10,0.025,800,many_tiny,1e-05,1,0.7797147385103012,1e-07,40
0.6928822760631346,8,7428.79528735799,5147.280587111692,True,0.3071177239368654,0.34,41,0.05125,321,10,0.025,800,many_tiny,1e-05,1,0.7606768734891216,1e-07,40
0.7059552587372475,8,7428.79528735799,5244.3970991928545,True,0.2940447412627525,0.36000000000000004,41,0.05125,339,10,0.025,800,many_tiny,1e-05,1,0.7414075286415712,1e-07,40
0.5175642807505212,8,17186.39857675137,8895.066018068102,True,0.4824357192494788,0.38,31,0.03875,357,10,0.025,800,many_tiny,1e-05,1,0.7281795511221945,1e-07,40
0.35045378492115803,8,37037.03703703704,12979.769811894743,True,0.649546215078842,0.4,24,0.03,384,10,0.025,800,many_tiny,1e-05,1,0.7012765957446808,1e-07,40
0.3831485587583149,8,37037.03703703704,14190.687361419068,True,0.6168514412416851,0.42000000000000004,24,0.03,401,10,0.025,800,many_tiny,1e-05,1,0.6822107081174439,1e-07,40
0.11633033745972528,8,186588.92128279884,21705.952179074106,True,0.8836696625402747,0.44,14,0.0175,420,10,0.025,800,many_tiny,1e-05,1,0.6614035087719298,1e-07,40
0.11993006993006992,8,186588.92128279884,22377.622377622378,True,0.8800699300699301,0.46,14,0.0175,430,10,0.025,800,many_tiny,1e-05,1,0.6495575221238937,1e-07,40
0.11179523712599226,8,233045.0614474283,26053.327905556685,True,0.8882047628740077,0.48000000000000004,13,0.01625,452,10,0.025,800,many_tiny,1e-05,1,0.6245487364620939,1e-07,40
0.11409430826755297,8,233045.0614474283,26589.11508101371,True,0.885905691732447,0.5,13,0.01625,466,10,0.025,800,many_tiny,1e-05,1,0.6069469835466179,1e-07,40
1.0,8,1.0,1.0,True,0.0,0.02,800,1.0,1,10,0.025,800,many_tiny,1e-05,2,0.03492771902590472,1e-07,40
1.0,8,1.0,1.0,True,0.0,0.04,800,1.0,1,10,0.025,800,many_tiny,1e-05,2,0.3287671232876712,1e-07,40
0.9999998651145129,8,1.046384525647081,1.0463843845049945,True,1.348854871130456e-07,0.06,788,0.985,8,10,0.025,800,many_tiny,1e-05,2,0.7515492957746478,1e-07,40
0.9999990361506662,8,1.218497122356024,1.2184959479083843,True,9.638493337904563e-07,0.08,749,0.93625,28,10,0.025,800,many_tiny,1e-05,2,0.8802190280629705,1e-07,40
0.9999979710004921,8,1.5055795011963358,1.5055764463762689,True,2.0289995078526246e-06,0.1,698,0.8725,55,10,0.025,800,many_tiny,1e-05,2,0.8931899641577062,1e-07,40
0.9999944063233018,8,1.8904148446332099,1.8904042702637436,True,5.593676698167904e-06,0.12000000000000001,647,0.80875,77,10,0.025,800,many_tiny,1e-05,2,0.8911465892597968,1e-07,40
0.9999609666759306,8,2.7792855009577164,2.779177016206076,True,3.9033324069404074e-05,0.13999999999999999,569,0.71125,100,10,0.025,800,many_tiny,1e-05,2,0.8838568298027757,1e-07,40
0.9999127916059672,8,4.096,4.095642794418042,True,8.720839403275615e-05,0.16,500,0.625,122,10,0.025,800,many_tiny,1e-05,2,0.8755490483162518,1e-07,40
0.9997531144989498,8,6.669651943822512,6.66800530346053,True,0.0002468855010502313,0.18,425,0.53125,143,10,0.025,800,many_tiny,1e-05,2,0.8621960206337509,1e-07,40
0.9995260875047378,8,10.704098229167927,10.69902542326661,True,0.0004739124952621854,0.19999999999999998,363,0.45375,159,10,0.025,800,many_tiny,1e-05,2,0.8596750369276218,1e-07,40
0.9992054583836448,8,17.021145881492732,17.007621872731832,True,0.0007945416163551711,0.22,311,0.38875,180,10,0.025,800,many_tiny,1e-05,2,0.8520446096654274,1e-07,40
0.9980158238566931,8,41.00209110664644,40.92073573564693,True,0.001984176143306926,0.24,232,0.29,211,10,0.025,800,many_tiny,1e-05,2,0.8397291196388262,1e-07,40
0.9940565030733334,8,100.62007118870036,100.02203610482934,True,0.005943496926666625,0.26,172,0.215,239,10,0.025,800,many_tiny,1e-05,2,0.8213740458015267,1e-07,40
0.9875764482029209,8,238.5068354102527,235.54373338657604,True,0.012423551797079102,0.28,129,0.16125,265,10,0.025,800,many_tiny,1e-05,2,0.8021722265321956,1e-07,40
0.9651419232836738,8,636.533280620421,614.3449546920596,True,0.034858076716326236,0.30000000000000004,93,0.11625,283,10,0.025,800,many_tiny,1e-05,2,0.7905882352941176,1e-07,40
0.9007022993086956,8,1953.125,1759.184178337296,True,0.09929770069130439,0.32,64,0.08,300,10,0.025,800,many_tiny,1e-05,2,0.7803330689928628,1e-07,40
0.8946403796430599,8,2255.6954106290837,2018.036198524311,True,0.10535962035694013,0.34,61,0.07625,322,10,0.025,800,many_tiny,1e-05,2,0.7599029911075184,1e-07,40
0.7610334846156596,8,6010.518407212622,4574.2057677875855,True,0.23896651538434044,0.36000000000000004,44,0.055,337,10,0.025,800,many_tiny,1e-05,2,0.7457072771872445,1e-07,40
0.6800852709335184,8,9330.806239976673,6345.7438897427,True,0.31991472906648155,0.38,38,0.0475,359,10,0.025,800,many_tiny,1e-05,2,0.7260616153205661,1e-07,40
0.7019572726109761,8,9330.806239976673,6549.8272994755025,True,0.29804272738902393,0.4,38,0.0475,373,10,0.025,800,many_tiny,1e-05,2,0.7110362257792755,1e-07,40
0.715802655952412,8,9330.806239976673,6679.015888752641,True,0.284197344047588,0.42000000000000004,38,0.0475,392,10,0.025,800,many_tiny,1e-05,2,0.6900684931506849,1e-07,40
0.7384598821091164,8,9330.806239976673,6890.426075956181,True,0.2615401178908836,0.44,38,0.0475,418,10,0.025,800,many_tiny,1e-05,2,0.660245183887916,1e-07,40
0.7564795411933385,8,9330.806239976673,7058.564023381493,True,0.2435204588066615,0.46,38,0.0475,429,10,0.025,800,many_tiny,1e-05,2,0.647787610619469,1e-07,40
0.7483305755820825,8,10107.989655104337,7564.1177165819645,True,0.2516694244179175,0.48000000000000004,37,0.04625,444,10,0.025,800,many_tiny,1e-05,2,0.6295964125560539,1e-07,40
0.5318003025718608,8,29130.63268092854,15491.679273827534,True,0.46819969742813916,0.5,26,0.0325,465,10,0.025,800,many_tiny,1e-05,2,0.6045662100456621,1e-07,40
1.0,8,1.0,1.0,True,0.0,0.02,100,1.0,1,2,1.0,100,one_giant,1e-05,0,0.04891015417331207,1e-07,1
1.0,8,1.0,1.0,True,0.0,0.04,100,1.0,1,2,1.0,100,one_giant,1e-05,0,0.0631653655074521,1e-07,1
1.0,8,1.0,1.0,True,0.0,0.06,100,1.0,1,2,1.0,100,one_giant,1e-05,0,0.08258186995728524,1e-07,1
1.0,8,1.0,1.0,True,0.0,0.08,100,1.0,1,2,1.0,100,one_giant,1e-05,0,0.10766307789740343,1e-07,1
1.0,8,1.0,1.0,True,0.0,0.1,100,1.0,1,2,1.0,100,one_giant,1e-05,0,0.13827993254637438,1e-07,1
1.0,8,1.0,1.0,True,0.0,0.12000000000000001,100,1.0,1,2,1.0,100,one_giant,1e-05,0,0.17903930131004367,1e-07,1
1.0,8,1.0,1.0,True,0.0,0.13999999999999999,100,1.0,1,2,1.0,100,one_giant,1e-05,0,0.22535211267605634,1e-07,1
1.0,8,1.0,1.0,True,0.0,0.16,100,1.0,1,2,1.0,100,one_giant,1e-05,0,0.2893772893772894,1e-07,1
1.0,8,1.0,1.0,True,0.0,0.18,100,1.0,1,2,1.0,100,one_giant,1e-05,0,0.35944700460829493,1e-07,1
1.0,8,1.0,1.0,True,0.0,0.19999999999999998,100,1.0,1,2,1.0,100,one_giant,1e-05,0,0.43697478991596644,1e-07,1
0.99999896939091,8,1.0306101521283646,1.0306090899721736,True,1.0306090899581122e-06,0.22,99,0.99,2,2,1.0,100,one_giant,1e-05,0,0.49350649350649345,1e-07,1
0.99999896939091,8,1.0306101521283646,1.0306090899721736,True,1.0306090899581122e-06,0.24,99,0.99,2,2,1.0,100,one_giant,1e-05,0,0.5584905660377357,1e-07,1
0.9999243658675102,8,1.3270149727099372,1.3269146050836753,True,7.563413248978801e-05,0.26,91,0.91,6,2,1.0,100,one_giant,1e-05,0,0.6058091286307054,1e-07,1
0.9998778899381309,8,1.6283329940972928,1.6281341582546403,True,0.00012211006186912954,0.28,85,0.85,10,2,1.0,100,one_giant,1e-05,0,0.6244343891402715,1e-07,1
0.9998400830815426,8,1.8816764231589207,1.881375511263795,True,0.0001599169184574034,0.30000000000000004,81,0.81,13,2,1.0,100,one_giant,1e-05,0,0.6476190476190475,1e-07,1
0.9998400830815426,8,1.8816764231589207,1.881375511263795,True,0.0001599169184574034,0.32,81,0.81,13,2,1.0,100,one_giant,1e-05,0,0.6699507389162562,1e-07,1
0.9998398745965261,8,2.107250627960687,2.106913203603664,True,0.00016012540347387638,0.34,78,0.78,16,2,1.0,100,one_giant,1e-05,0,0.6875,1e-07,1
0.9995740162636776,8,3.180337879096275,3.17898310688377,True,0.0004259837363224106,0.36000000000000004,68,0.68,22,2,1.0,100,one_giant,1e-05,0,0.6810810810810811,1e-07,1
0.9975040859506645,8,6.3506579281613575,6.334807231815936,True,0.002495914049335468,0.38,54,0.54,27,2,1.0,100,one_giant,1e-05,0,0.6853932584269664,1e-07,1
0.9973510356493154,8,8.0,7.978808285194523,True,0.002648964350684624,0.4,50,0.5,33,2,1.0,100,one_giant,1e-05,0,0.6511627906976744,1e-07,1
0.9853126828216892,8,15.625,15.395510669088894,True,0.014687317178310844,0.42000000000000004,40,0.4,37,2,1.0,100,one_giant,1e-05,0,0.6227544910179641,1e-07,1
0.9838275899164485,8,18.22423093745444,17.92950120127658,True,0.016172410083551525,0.44,38,0.38,41,2,1.0,100,one_giant,1e-05,0,0.6049382716049383,1e-07,1
0.9753826946042775,8,27.82647410746584,27.14146129627619,True,0.02461730539572249,0.46,33,0.33,46,2,1.0,100,one_giant,1e-05,0,0.5987261146496815,1e-07,1
0.9798457030081933,8,30.517578125,29.902517791998086,True,0.02015429699180671,0.48000000000000004,32,0.32,51,2,1.0,100,one_giant,1e-05,0,0.5526315789473685,1e-07,1
0.9780367695338148,8,33.56718472021752,32.829940906106366,True,0.021963230466185202,0.5,31,0.31,53,2,1.0,100,one_giant,1e-05,0,0.5333333333333333,1e-07,1
1.0,8,1.0,1.0,True,0.0,0.02,100,1.0,1,2,1.0,100,one_giant,1e-05,1,0.058320126782884306,1e-07,1
1.0,8,1.0,1.0,True,0.0,0.04,100,1.0,1,2,1.0,100,one_giant,1e-05,1,0.08572922111866178,1e-07,1
1.0,8,1.0,1.0,True,0.0,0.06,100,1.0,1,2,1.0,100,one_giant,1e-05,1,0.12836079791847355,1e-07,1
1.0,8,1.0,1.0,True,0.0,0.08,100,1.0,1,2,1.0,100,one_giant,1e-05,1,0.21353383458646616,1e-07,1
1.0,8,1.0,1.0,True,0.0,0.1,100,1.0,1,2,1.0,100,one_giant,1e-05,1,0.3248730964467005,1e-07,1
0.9999589069241833,8,1.284211391468727,1.2841586192726526,True,4.1093075816678315e-05,0.12000000000000001,92,0.92,7,2,1.0,100,one_giant,1e-05,1,0.43824701195219123,1e-07,1
0.9995838686253701,8,2.7939906848350566,2.792828017650673,True,0.00041613137462992444,0.13999999999999999,71,0.71,21,2,1.0,100,one_giant,1e-05,1,0.46534653465346537,1e-07,1
0.9994882001705999,8,7.111970869367319,7.108330963889679,True,0.0005117998294000836,0.16,52,0.52,45,2,1.0,100,one_giant,1e-05,1,0.4634146341463415,1e-07,1
0.9988136324417601,8,13.497462477054313,13.481449525452977,True,0.0011863675582398647,0.18,42,0.42,54,2,1.0,100,one_giant,1e-05,1,0.472972972972973,1e-07,1
0.9968879668049793,8,33.56718472021752,33.4627225271048,True,0.003112033195020736,0.19999999999999998,31,0.31,66,2,1.0,100,one_giant,1e-05,1,0.4029850746268656,1e-07,1
0.995916885945014,8,45.55393586005831,45.367933944288175,True,0.004083114054985959,0.22,28,0.28,70,2,1.0,100,one_giant,1e-05,1,0.3875968992248062,1e-07,1
0.99484273526041,8,64.0,63.66993505666624,True,0.005157264739589995,0.24,25,0.25,75,2,1.0,100,one_giant,1e-05,1,0.3548387096774193,1e-07,1
0.9941032647777938,8,72.33796296296296,71.9114051488566,True,0.00589673522220624,0.26,24,0.24,76,2,1.0,100,one_giant,1e-05,1,0.35772357723577236,1e-07,1
0.9927279507738206,8,93.91435011269722,93.23140033563304,True,0.007272049226179411,0.28,22,0.22,79,2,1.0,100,one_giant,1e-05,1,0.3333333333333333,1e-07,1
0.9927279507738206,8,93.91435011269722,93.23140033563304,True,0.007272049226179411,0.30000000000000004,22,0.22,79,2,1.0,100,one_giant,1e-05,1,0.3333333333333333,1e-07,1
0.9927279507738206,8,93.91435011269722,93.23140033563304,True,0.007272049226179411,0.32,22,0.22,79,2,1.0,100,one_giant,1e-05,1,0.3333333333333333,1e-07,1
0.991541755888651,8,107.9796998164345,107.06638115631692,True,0.00845824411134899,0.34,21,0.21,80,2,1.0,100,one_giant,1e-05,1,0.33613445378151263,1e-07,1
0.991541755888651,8,107.9796998164345,107.06638115631692,True,0.00845824411134899,0.36000000000000004,21,0.21,80,2,1.0,100,one_giant,1e-05,1,0.33613445378151263,1e-07,1
0.991541755888651,8,107.9796998164345,107.06638115631692,True,0.00845824411134899,0.38,21,0.21,80,2,1.0,100,one_giant,1e-05,1,0.33613445378151263,1e-07,1
0.991541755888651,8,107.9796998164345,107.06638115631692,True,0.00845824411134899,0.4,21,0.21,80,2,1.0,100,one_giant,1e-05,1,0.33613445378151263,1e-07,1
0.991541755888651,8,107.9796998164345,107.06638115631692,True,0.00845824411134899,0.42000000000000004,21,0.21,80,2,1.0,100,one_giant,1e-05,1,0.33613445378151263,1e-07,1
0.991541755888651,8,107.9796998164345,107.06638115631692,True,0.00845824411134899,0.44,21,0.21,80,2,1.0,100,one_giant,1e-05,1,0.33613445378151263,1e-07,1
0.991541755888651,8,107.9796998164345,107.06638115631692,True,0.00845824411134899,0.46,21,0.21,80,2,1.0,100,one_giant,1e-05,1,0.33613445378151263,1e-07,1
0.991541755888651,8,107.9796998164345,107.06638115631692,True,0.00845824411134899,0.48000000000000004,21,0.21,80,2,1.0,100,one_giant,1e-05,1,0.33613445378151263,1e-07,1
0.991541755888651,8,107.9796998164345,107.06638115631692,True,0.00845824411134899,0.5,21,0.21,80,2,1.0,100,one_giant,1e-05,1,0.33613445378151263,1e-07,1
1.0,8,1.0,1.0,True,0.0,0.02,100,1.0,1,2,1.0,100,one_giant,1e-05,2,0.04894918861399308,1e-07,1
1.0,8,1.0,1.0,True,0.0,0.04,100,1.0,1,2,1.0,100,one_giant,1e-05,2,0.061289186333215916,1e-07,1
1.0,8,1.0,1.0,True,0.0,0.06,100,1.0,1,2,1.0,100,one_giant,1e-05,2,0.07585568917668825,1e-07,1
1.0,8,1.0,1.0,True,0.0,0.08,100,1.0,1,2,1.0,100,one_giant,1e-05,2,0.09659442724458203,1e-07,1
1.0,8,1.0,1.0,True,0.0,0.1,100,1.0,1,2,1.0,100,one_giant,1e-05,2,0.12854757929883137,1e-07,1
1.0,8,1.0,1.0,True,0.0,0.12000000000000001,100,1.0,1,2,1.0,100,one_giant,1e-05,2,0.16630196936542668,1e-07,1
1.0,8,1.0,1.0,True,0.0,0.13999999999999999,100,1.0,1,2,1.0,100,one_giant,1e-05,2,0.21965317919075145,1e-07,1
1.0,8,1.0,1.0,True,0.0,0.16,100,1.0,1,2,1.0,100,one_giant,1e-05,2,0.2769784172661871,1e-07,1
1.0,8,1.0,1.0,True,0.0,0.18,100,1.0,1,2,1.0,100,one_giant,1e-05,2,0.34146341463414637,1e-07,1
1.0,8,1.0,1.0,True,0.0,0.19999999999999998,100,1.0,1,2,1.0,100,one_giant,1e-05,2,0.4141689373297002,1e-07,1
1.0,8,1.0,1.0,True,0.0,0.22,100,1.0,1,2,1.0,100,one_giant,1e-05,2,0.4643962848297213,1e-07,1
0.9999978750395774,8,1.062482469039261,1.0624802113060645,True,2.124960422622557e-06,0.24,98,0.98,3,2,1.0,100,one_giant,1e-05,2,0.5016949152542373,1e-07,1
0.999966176971416,8,1.166350779997084,1.1663113304813133,True,3.382302858401243e-05,0.26,95,0.95,4,2,1.0,100,one_giant,1e-05,2,0.510948905109489,1e-07,1
0.999954002640497,8,1.2432290637117598,1.2431718784575718,True,4.5997359502947255e-05,0.28,93,0.93,5,2,1.0,100,one_giant,1e-05,2,0.5134099616858238,1e-07,1
0.9999482490943592,8,1.3270149727099372,1.3269462984833005,True,5.175090564080165e-05,0.30000000000000004,91,0.91,7,2,1.0,100,one_giant,1e-05,2,0.5289256198347108,1e-07,1
0.9999295691982627,8,1.467411720510894,1.4673083695269398,True,7.043080173729788e-05,0.32,88,0.88,9,2,1.0,100,one_giant,1e-05,2,0.5210084033613446,1e-07,1
0.9999213967483407,8,1.5721886123234432,1.5720650331862929,True,7.860325165931492e-05,0.34,86,0.86,11,2,1.0,100,one_giant,1e-05,2,0.5150214592274679,1e-07,1
0.9999169619131976,8,1.6283329940972928,1.6281977804407857,True,8.303808680243385e-05,0.36000000000000004,85,0.85,12,2,1.0,100,one_giant,1e-05,2,0.5194805194805195,1e-07,1
0.9999169619131976,8,1.6283329940972928,1.6281977804407857,True,8.303808680243385e-05,0.38,85,0.85,12,2,1.0,100,one_giant,1e-05,2,0.5175438596491228,1e-07,1
0.9998585536933807,8,1.8136707244526342,1.8134141874272367,True,0.00014144630661927504,0.4,82,0.82,13,2,1.0,100,one_giant,1e-05,2,0.5155555555555555,1e-07,1
0.9998437744102484,8,1.953125,1.9528198718950165,True,0.00015622558975159073,0.42000000000000004,80,0.8,15,2,1.0,100,one_giant,1e-05,2,0.5067873303167421,1e-07,1
0.999835739779364,8,2.028237117144891,2.027903958468527,True,0.0001642602206359811,0.44,79,0.79,16,2,1.0,100,one_giant,1e-05,2,0.5023255813953489,1e-07,1
0.9998576428280457,8,2.190422160062909,2.1901103377588163,True,0.00014235717195432152,0.46,77,0.77,19,2,1.0,100,one_giant,1e-05,2,0.48803827751196166,1e-07,1
0.9998226613139511,8,2.5705817483554703,2.5701258847658357,True,0.00017733868604885572,0.48000000000000004,73,0.73,23,2,1.0,100,one_giant,1e-05,2,0.47572815533980584,1e-07,1
0.9998016660055533,8,2.7939906848350566,2.7934365415020865,True,0.00019833399444668665,0.5,71,0.71,25,2,1.0,100,one_giant,1e-05,2,0.48,1e-07,1
1.0,8,1.0,1.0,True,0.0,0.02,100,1.0,1,5,1.0,100,one_giant,1e-05,0,0.05585585585585586,1e-07,1
1.0,8,1.0,1.0,True,0.0,0.04,100,1.0,1,5,1.0,100,one_giant,1e-05,0,0.08258186995728524,1e-07,1
1.0,8,1.0,1.0,True,0.0,0.06,100,1.0,1,5,1.0,100,one_giant,1e-05,0,0.12734082397003746,1e-07,1
1.0,8,1.0,1.0,True,0.0,0.08,100,1.0,1,5,1.0,100,one_giant,1e-05,0,0.19999999999999998,1e-07,1
1.0,8,1.0,1.0,True,0.0,0.1,100,1.0,1,5,1.0,100,one_giant,1e-05,0,0.29909909909909915,1e-07,1
1.0,8,1.0,1.0,True,0.0,0.12000000000000001,100,1.0,1,5,1.0,100,one_giant,1e-05,0,0.4396782841823057,1e-07,1
0.99999896939091,8,1.0306101521283646,1.0306090899721736,True,1.0306090899581122e-06,0.13999999999999999,99,0.99,2,5,1.0,100,one_giant,1e-05,0,0.5364238410596027,1e-07,1
0.9999871703060232,8,1.166350779997084,1.1663358160735071,True,1.2829693976756928e-05,0.16,95,0.95,5,5,1.0,100,one_giant,1e-05,0,0.6060606060606062,1e-07,1
0.9999855525429933,8,1.2039721449004557,1.2039547505646548,True,1.4447457006738773e-05,0.18,94,0.94,6,5,1.0,100,one_giant,1e-05,0,0.6869565217391305,1e-07,1
0.9999295691982627,8,1.467411720510894,1.4673083695269398,True,7.043080173729788e-05,0.19999999999999998,88,0.88,9,5,1.0,100,one_giant,1e-05,0,0.7536231884057971,1e-07,1
0.9995143100833965,8,2.3703703703703702,2.3692191053828657,True,0.00048568991660347116,0.22,75,0.75,14,5,1.0,100,one_giant,1e-05,0,0.7875647668393781,1e-07,1
0.9994681725690091,8,2.5705817483554703,2.5692146424680904,True,0.0005318274309908944,0.24,73,0.73,16,5,1.0,100,one_giant,1e-05,0,0.7872340425531915,1e-07,1
0.998012685311384,8,3.814697265625,3.8071162617164003,True,0.0019873146886160153,0.26,64,0.64,19,5,1.0,100,one_giant,1e-05,0,0.7868852459016394,1e-07,1
0.9898220764267559,8,10.973936899862826,10.862245008798418,True,0.010177923573244096,0.28,45,0.45,25,5,1.0,100,one_giant,1e-05,0,0.7954545454545454,1e-07,1
0.9898220764267559,8,10.973936899862826,10.862245008798418,True,0.010177923573244096,0.30000000000000004,45,0.45,25,5,1.0,100,one_giant,1e-05,0,0.7999999999999999,1e-07,1
0.9407009964462407,8,37.03703703703704,34.840777646157065,True,0.05929900355375928,0.32,30,0.3,29,5,1.0,100,one_giant,1e-05,0,0.8070175438596493,1e-07,1
0.9103905521599502,8,56.89576695493855,51.797368693670364,True,0.08960944784004976,0.34,26,0.26,31,5,1.0,100,one_giant,1e-05,0,0.7928994082840236,1e-07,1
0.5627563576702215,8,364.4314868804665,205.08613617719442,True,0.4372436423297785,0.36000000000000004,14,0.14,36,5,1.0,100,one_giant,1e-05,0,0.7682926829268293,1e-07,1
0.5733389051399916,8,364.4314868804665,208.94274968658587,True,0.42666109486000836,0.38,14,0.14,37,5,1.0,100,one_giant,1e-05,0,0.7654320987654321,1e-07,1
0.5865754595981189,8,364.4314868804665,213.76656690893543,True,0.41342454040188115,0.4,14,0.14,39,5,1.0,100,one_giant,1e-05,0,0.7499999999999999,1e-07,1
0.6076173604960142,8,364.4314868804665,221.43489813994685,True,0.3923826395039858,0.42000000000000004,14,0.14,40,5,1.0,100,one_giant,1e-05,0,0.742138364779874,1e-07,1
0.6125,8,364.4314868804665,223.21428571428572,True,0.38749999999999996,0.44,14,0.14,41,5,1.0,100,one_giant,1e-05,0,0.7341772151898734,1e-07,1
0.6259124087591241,8,364.4314868804665,228.1021897810219,True,0.37408759124087587,0.46,14,0.14,46,5,1.0,100,one_giant,1e-05,0,0.6928104575163399,1e-07,1
0.6293577981651376,8,364.4314868804665,229.3577981651376,True,0.3706422018348624,0.48000000000000004,14,0.14,48,5,1.0,100,one_giant,1e-05,0,0.6754966887417218,1e-07,1
0.6390312063344201,8,364.4314868804665,232.88309268747088,True,0.3609687936655799,0.5,14,0.14,53,5,1.0,100,one_giant,1e-05,0,0.6301369863013698,1e-07,1
1.0,8,1.0,1.0,True,0.0,0.02,100,1.0,1,5,1.0,100,one_giant,1e-05,1,0.07088809239346874,1e-07,1
1.0,8,1.0,1.0,True,0.0,0.04,100,1.0,1,5,1.0,100,one_giant,1e-05,1,0.15013901760889714,1e-07,1
1.0,8,1.0,1.0,True,0.0,0.06,100,1.0,1,5,1.0,100,one_giant,1e-05,1,0.34273318872017355,1e-07,1
0.9999855525429933,8,1.2039721449004557,1.2039547505646548,True,1.4447457006738773e-05,0.08,94,0.94,6,5,1.0,100,one_giant,1e-05,1,0.5748031496062992,1e-07,1
0.9998026172946727,8,2.467770911890707,2.46728381659199,True,0.00019738270532732027,0.1,74,0.74,20,5,1.0,100,one_giant,1e-05,1,0.64,1e-07,1
0.9982365562558669,8,6.716954264258415,6.70510929328148,True,0.0017634437441330642,0.12000000000000001,53,0.53,32,5,1.0,100,one_giant,1e-05,1,0.6551724137931034,1e-07,1
0.9967280112325745,8,12.577508898587546,12.536355430749172,True,0.0032719887674255155,0.13999999999999999,43,0.43,42,5,1.0,100,one_giant,1e-05,1,0.625,1e-07,1
0.9932104752667313,8,30.517578125,30.310378273520854,True,0.006789524733268659,0.16,32,0.32,54,5,1.0,100,one_giant,1e-05,1,0.5753424657534246,1e-07,1
0.9927699954812472,8,56.89576695493855,56.48441030275644,True,0.007230004518752775,0.18,26,0.26,68,5,1.0,100,one_giant,1e-05,1,0.44274809160305345,1e-07,1
0.9922524873593215,8,82.18952905399853,81.55276463872126,True,0.007747512640678522,0.19999999999999998,23,0.23,75,5,1.0,100,one_giant,1e-05,1,0.3870967741935484,1e-07,1
0.9927279507738206,8,93.91435011269722,93.23140033563304,True,0.007272049226179411,0.22,22,0.22,79,5,1.0,100,one_giant,1e-05,1,0.3333333333333333,1e-07,1
0.991541755888651,8,107.9796998164345,107.06638115631692,True,0.00845824411134899,0.24,21,0.21,80,5,1.0,100,one_giant,1e-05,1,0.33613445378151263,1e-07,1
0.991541755888651,8,107.9796998164345,107.06638115631692,True,0.00845824411134899,0.26,21,0.21,80,5,1.0,100,one_giant,1e-05,1,0.33613445378151263,1e-07,1
0.991541755888651,8,107.9796998164345,107.06638115631692,True,0.00845824411134899,0.28,21,0.21,80,5,1.0,100,one_giant,1e-05,1,0.33613445378151263,1e-07,1
0.991541755888651,8,107.9796998164345,107.06638115631692,True,0.00845824411134899,0.30000000000000004,21,0.21,80,5,1.0,100,one_giant,1e-05,1,0.33613445378151263,1e-07,1
0.991541755888651,8,107.9796998164345,107.06638115631692,True,0.00845824411134899,0.32,21,0.21,80,5,1.0,100,one_giant,1e-05,1,0.33613445378151263,1e-07,1
0.991541755888651,8,107.9796998164345,107.06638115631692,True,0.00845824411134899,0.34,21,0.21,80,5,1.0,100,one_giant,1e-05,1,0.33613445378151263,1e-07,1
0.991541755888651,8,107.9796998164345,107.06638115631692,True,0.00845824411134899,0.36000000000000004,21,0.21,80,5,1.0,100,one_giant,1e-05,1,0.33613445378151263,1e-07,1
0.991541755888651,8,107.9796998164345,107.06638115631692,True,0.00845824411134899,0.38,21,0.21,80,5,1.0,100,one_giant,1e-05,1,0.33613445378151263,1e-07,1
0.991541755888651,8,107.9796998164345,107.06638115631692,True,0.00845824411134899,0.4,21,0.21,80,5,1.0,100,one_giant,1e-05,1,0.33613445378151263,1e-07,1
0.991541755888651,8,107.9796998164345,107.06638115631692,True,0.00845824411134899,0.42000000000000004,21,0.21,80,5,1.0,100,one_giant,1e-05,1,0.33613445378151263,1e-07,1
0.991541755888651,8,107.9796998164345,107.06638115631692,True,0.00845824411134899,0.44,21,0.21,80,5,1.0,100,one_giant,1e-05,1,0.33613445378151263,1e-07,1
0.991541755888651,8,107.9796998164345,107.06638115631692,True,0.00845824411134899,0.46,21,0.21,80,5,1.0,100,one_giant,1e-05,1,0.33613445378151263,1e-07,1
0.991541755888651,8,107.9796998164345,107.06638115631692,True,0.00845824411134899,0.48000000000000004,21,0.21,80,5,1.0,100,one_giant,1e-05,1,0.33613445378151263,1e-07,1
0.991541755888651,8,107.9796998164345,107.06638115631692,True,0.00845824411134899,0.5,21,0.21,80,5,1.0,100,one_giant,1e-05,1,0.33613445378151263,1e-07,1
1.0,8,1.0,1.0,True,0.0,0.02,100,1.0,1,5,1.0,100,one_giant,1e-05,2,0.057553956834532384,1e-07,1
1.0,8,1.0,1.0,True,0.0,0.04,100,1.0,1,5,1.0,100,one_giant,1e-05,2,0.083843617522374,1e-07,1
1.0,8,1.0,1.0,True,0.0,0.06,100,1.0,1,5,1.0,100,one_giant,1e-05,2,0.12481857764876633,1e-07,1
1.0,8,1.0,1.0,True,0.0,0.08,100,1.0,1,5,1.0,100,one_giant,1e-05,2,0.1844769403824522,1e-07,1
1.0,8,1.0,1.0,True,0.0,0.1,100,1.0,1,5,1.0,100,one_giant,1e-05,2,0.27574171029668415,1e-07,1
0.99999896939091,8,1.0306101521283646,1.0306090899721736,True,1.0306090899581122e-06,0.12000000000000001,99,0.99,2,5,1.0,100,one_giant,1e-05,2,0.37619047619047624,1e-07,1
0.99999896939091,8,1.0306101521283646,1.0306090899721736,True,1.0306090899581122e-06,0.13999999999999999,99,0.99,2,5,1.0,100,one_giant,1e-05,2,0.46017699115044247,1e-07,1
0.9999871703060232,8,1.166350779997084,1.1663358160735071,True,1.2829693976756928e-05,0.16,95,0.95,5,5,1.0,100,one_giant,1e-05,2,0.5365853658536585,1e-07,1
0.9999855525429933,8,1.2039721449004557,1.2039547505646548,True,1.4447457006738773e-05,0.18,94,0.94,6,5,1.0,100,one_giant,1e-05,2,0.596078431372549,1e-07,1
0.999983838283377,8,1.2432290637117598,1.2432089709959346,True,1.61617166229977e-05,0.19999999999999998,93,0.93,7,5,1.0,100,one_giant,1e-05,2,0.6104417670682731,1e-07,1
0.9999451333260178,8,1.3717421124828533,1.37166684955558,True,5.486667398224565e-05,0.22,90,0.9,8,5,1.0,100,one_giant,1e-05,2,0.6224066390041494,1e-07,1
0.9999025338066208,8,1.5721886123234432,1.572035377084126,True,9.746619337924756e-05,0.24,86,0.86,11,5,1.0,100,one_giant,1e-05,2,0.6212765957446809,1e-07,1
0.9999025338066208,8,1.5721886123234432,1.572035377084126,True,9.746619337924756e-05,0.26,86,0.86,11,5,1.0,100,one_giant,1e-05,2,0.6343612334801763,1e-07,1
0.9998287967610605,8,1.8816764231589207,1.8813542740606397,True,0.00017120323893948797,0.28,81,0.81,14,5,1.0,100,one_giant,1e-05,2,0.6484018264840182,1e-07,1
0.9997788162948883,8,2.190422160062909,2.1899376743737875,True,0.00022118370511170493,0.30000000000000004,77,0.77,17,5,1.0,100,one_giant,1e-05,2,0.6415094339622641,1e-07,1
0.9995803511062411,8,2.9154518950437316,2.9142284288811693,True,0.0004196488937588949,0.32,70,0.7,20,5,1.0,100,one_giant,1e-05,2,0.6407766990291262,1e-07,1
0.9995588065260121,8,3.0440566316295747,3.0427136137092505,True,0.00044119347398785536,0.34,69,0.69,21,5,1.0,100,one_giant,1e-05,2,0.6237623762376238,1e-07,1
0.9996105810686768,8,3.47830926343323,3.4769547439570525,True,0.00038941893132315997,0.36000000000000004,66,0.66,26,5,1.0,100,one_giant,1e-05,2,0.597938144329897,1e-07,1
0.9996314351082398,8,3.47830926343323,3.4770272807560447,True,0.00036856489176018137,0.38,66,0.66,27,5,1.0,100,one_giant,1e-05,2,0.5968586387434555,1e-07,1
0.9993707665543917,8,4.62962962962963,4.6267165118258875,True,0.0006292334456082793,0.4,60,0.6,31,5,1.0,100,one_giant,1e-05,2,0.5775401069518716,1e-07,1
0.9993707665543917,8,4.62962962962963,4.6267165118258875,True,0.0006292334456082793,0.42000000000000004,60,0.6,31,5,1.0,100,one_giant,1e-05,2,0.5543478260869564,1e-07,1
0.9984528368884267,8,6.3506579281613575,6.340832424480686,True,0.0015471631115733242,0.44,54,0.54,34,5,1.0,100,one_giant,1e-05,2,0.5524861878453039,1e-07,1
0.998557937380946,8,6.716954264258415,6.7072679956000325,True,0.0014420626190539965,0.46,53,0.53,38,5,1.0,100,one_giant,1e-05,2,0.5402298850574714,1e-07,1
0.9984661705391127,8,7.111970869367319,7.101062318922911,True,0.0015338294608873149,0.48000000000000004,52,0.52,39,5,1.0,100,one_giant,1e-05,2,0.5465116279069767,1e-07,1
0.998259036240796,8,8.0,7.986072289926368,True,0.0017409637592039617,0.5,50,0.5,41,5,1.0,100,one_giant,1e-05,2,0.5380116959064328,1e-07,1
1.0,8,1.0,1.0,True,0.0,0.02,100,1.0,1,10,1.0,100,one_giant,1e-05,0,0.0658465991316932,1e-07,1
1.0,8,1.0,1.0,True,0.0,0.04,100,1.0,1,10,1.0,100,one_giant,1e-05,0,0.12362637362637362,1e-07,1
1.0,8,1.0,1.0,True,0.0,0.06,100,1.0,1,10,1.0,100,one_giant,1e-05,0,0.22166246851385388,1e-07,1
1.0,8,1.0,1.0,True,0.0,0.08,100,1.0,1,10,1.0,100,one_giant,1e-05,0,0.3826879271070615,1e-07,1
0.999988697321039,8,1.1302806712962963,1.130267896096733,True,1.1302678960989354e-05,0.1,96,0.96,4,10,1.0,100,one_giant,1e-05,0,0.5824561403508772,1e-07,1
0.999983838283377,8,1.2432290637117598,1.2432089709959346,True,1.61617166229977e-05,0.12000000000000001,93,0.93,7,10,1.0,100,one_giant,1e-05,0,0.6751054852320675,1e-07,1
0.9993141254200019,8,2.5705817483554703,2.568818651678466,True,0.0006858745799981358,0.13999999999999999,73,0.73,13,10,1.0,100,one_giant,1e-05,0,0.7745098039215685,1e-07,1
0.9974325347716064,8,4.62962962962963,4.617743216535215,True,0.002567465228393573,0.16,60,0.6,17,10,1.0,100,one_giant,1e-05,0,0.8041237113402062,1e-07,1
0.9860551374870716,8,9.04224537037037,8.916152501872393,True,0.013944862512928369,0.18,48,0.48,19,10,1.0,100,one_giant,1e-05,0,0.8210526315789474,1e-07,1
0.9860551374870716,8,9.04224537037037,8.916152501872393,True,0.013944862512928369,0.19999999999999998,48,0.48,19,10,1.0,100,one_giant,1e-05,0,0.8297872340425531,1e-07,1
0.978546683325761,8,14.509365795621074,14.198091776465244,True,0.021453316674238998,0.22,41,0.41,22,10,1.0,100,one_giant,1e-05,0,0.8539325842696629,1e-07,1
0.978546683325761,8,14.509365795621074,14.198091776465244,True,0.021453316674238998,0.24,41,0.41,22,10,1.0,100,one_giant,1e-05,0,0.8587570621468926,1e-07,1
0.9501826828278142,8,30.517578125,28.997274256219914,True,0.04981731717218585,0.26,32,0.32,25,10,1.0,100,one_giant,1e-05,0,0.8505747126436782,1e-07,1
0.953167723544127,8,30.517578125,29.0883704694863,True,0.046832276455872957,0.28,32,0.32,27,10,1.0,100,one_giant,1e-05,0,0.8372093023255814,1e-07,1
0.4194142944910915,8,244.140625,102.39606799098915,True,0.5805857055089085,0.30000000000000004,16,0.16,29,10,1.0,100,one_giant,1e-05,0,0.8352941176470587,1e-07,1
0.6075348561257787,8,244.140625,148.3239394838327,True,0.39246514387422127,0.32,16,0.16,30,10,1.0,100,one_giant,1e-05,0,0.8284023668639052,1e-07,1
0.6129901227177492,8,244.140625,149.655791679138,True,0.3870098772822508,0.34,16,0.16,33,10,1.0,100,one_giant,1e-05,0,0.8072289156626505,1e-07,1
0.33730359858084136,8,751.3148009015778,253.42118601115052,True,0.6626964014191586,0.36000000000000004,11,0.11,36,10,1.0,100,one_giant,1e-05,0,0.7852760736196319,1e-07,1
0.33730359858084136,8,751.3148009015778,253.42118601115052,True,0.6626964014191586,0.38,11,0.11,36,10,1.0,100,one_giant,1e-05,0,0.7852760736196319,1e-07,1
0.26260806916426516,8,1371.7421124828531,360.2305475504323,True,0.7373919308357348,0.4,9,0.09,39,10,1.0,100,one_giant,1e-05,0,0.7625,1e-07,1
0.27080237741456165,8,1371.7421124828531,371.4710252600297,True,0.7291976225854384,0.42000000000000004,9,0.09,42,10,1.0,100,one_giant,1e-05,0,0.7388535031847133,1e-07,1
0.2881422924901186,8,1371.7421124828531,395.25691699604744,True,0.7118577075098814,0.44,9,0.09,46,10,1.0,100,one_giant,1e-05,0,0.7058823529411764,1e-07,1
0.2888272583201268,8,1371.7421124828531,396.19651347068145,True,0.7111727416798732,0.46,9,0.09,47,10,1.0,100,one_giant,1e-05,0,0.6973684210526315,1e-07,1
0.290901835594573,8,1371.7421124828531,399.0422984836393,True,0.7090981644054271,0.48000000000000004,9,0.09,48,10,1.0,100,one_giant,1e-05,0,0.6887417218543047,1e-07,1
0.300990916597853,8,1371.7421124828531,412.8819157720892,True,0.699009083402147,0.5,9,0.09,53,10,1.0,100,one_giant,1e-05,0,0.6438356164383562,1e-07,1
1.0,8,1.0,1.0,True,0.0,0.02,100,1.0,1,10,1.0,100,one_giant,1e-05,1,0.10096426545660805,1e-07,1
1.0,8,1.0,1.0,True,0.0,0.04,100,1.0,1,10,1.0,100,one_giant,1e-05,1,0.29432624113475175,1e-07,1
0.999983838283377,8,1.2432290637117598,1.2432089709959346,True,1.61617166229977e-05,0.06,93,0.93,7,10,1.0,100,one_giant,1e-05,1,0.6638297872340425,1e-07,1
0.9982179032184363,8,3.814697265625,3.80789910590529,True,0.0017820967815637134,0.08,64,0.64,20,10,1.0,100,one_giant,1e-05,1,0.783068783068783,1e-07,1
0.9817757869546543,8,15.625,15.340246671166472,True,0.018224213045345716,0.1,40,0.4,30,10,1.0,100,one_giant,1e-05,1,0.7471264367816093,1e-07,1
0.9841452041035942,8,18.22423093745444,17.935289475572137,True,0.015854795896405816,0.12000000000000001,38,0.38,35,10,1.0,100,one_giant,1e-05,1,0.7305389221556885,1e-07,1
0.958463186599143,8,50.80526342529086,48.694974678613164,True,0.04153681340085702,0.13999999999999999,27,0.27,48,10,1.0,100,one_giant,1e-05,1,0.6578947368421053,1e-07,1
0.9822367486144664,8,72.33796296296296,71.05300554213443,True,0.017763251385533585,0.16,24,0.24,59,10,1.0,100,one_giant,1e-05,1,0.557142857142857,1e-07,1
0.9827037351443124,8,107.9796998164345,106.11205432937182,True,0.017296264855687582,0.18,21,0.21,70,10,1.0,100,one_giant,1e-05,1,0.4651162790697675,1e-07,1
0.9896345372942936,8,107.9796998164345,106.86044026501389,True,0.010365462705706374,0.19999999999999998,21,0.21,77,10,1.0,100,one_giant,1e-05,1,0.3770491803278689,1e-07,1
0.991541755888651,8,107.9796998164345,107.06638115631692,True,0.00845824411134899,0.22,21,0.21,80,10,1.0,100,one_giant,1e-05,1,0.33613445378151263,1e-07,1
0.991541755888651,8,107.9796998164345,107.06638115631692,True,0.00845824411134899,0.24,21,0.21,80,10,1.0,100,one_giant,1e-05,1,0.33613445378151263,1e-07,1
0.991541755888651,8,107.9796998164345,107.06638115631692,True,0.00845824411134899,0.26,21,0.21,80,10,1.0,100,one_giant,1e-05,1,0.33613445378151263,1e-07,1
0.991541755888651,8,107.9796998164345,107.06638115631692,True,0.00845824411134899,0.28,21,0.21,80,10,1.0,100,one_giant,1e-05,1,0.33613445378151263,1e-07,1
0.991541755888651,8,107.9796998164345,107.06638115631692,True,0.00845824411134899,0.30000000000000004,21,0.21,80,10,1.0,100,one_giant,1e-05,1,0.33613445378151263,1e-07,1
0.991541755888651,8,107.9796998164345,107.06638115631692,True,0.00845824411134899,0.32,21,0.21,80,10,1.0,100,one_giant,1e-05,1,0.33613445378151263,1e-07,1
0.991541755888651,8,107.9796998164345,107.06638115631692,True,0.00845824411134899,0.34,21,0.21,80,10,1.0,100,one_giant,1e-05,1,0.33613445378151263,1e-07,1
0.991541755888651,8,107.9796998164345,107.06638115631692,True,0.00845824411134899,0.36000000000000004,21,0.21,80,10,1.0,100,one_giant,1e-05,1,0.33613445378151263,1e-07,1
0.991541755888651,8,107.9796998164345,107.06638115631692,True,0.00845824411134899,0.38,21,0.21,80,10,1.0,100,one_giant,1e-05,1,0.33613445378151263,1e-07,1
0.991541755888651,8,107.9796998164345,107.06638115631692,True,0.00845824411134899,0.4,21,0.21,80,10,1.0,100,one_giant,1e-05,1,0.33613445378151263,1e-07,1
0.991541755888651,8,107.9796998164345,107.06638115631692,True,0.00845824411134899,0.42000000000000004,21,0.21,80,10,1.0,100,one_giant,1e-05,1,0.33613445378151263,1e-07,1
0.991541755888651,8,107.9796998164345,107.06638115631692,True,0.00845824411134899,0.44,21,0.21,80,10,1.0,100,one_giant,1e-05,1,0.33613445378151263,1e-07,1
0.991541755888651,8,107.9796998164345,107.06638115631692,True,0.00845824411134899,0.46,21,0.21,80,10,1.0,100,one_giant,1e-05,1,0.33613445378151263,1e-07,1
0.991541755888651,8,107.9796998164345,107.06638115631692,True,0.00845824411134899,0.48000000000000004,21,0.21,80,10,1.0,100,one_giant,1e-05,1,0.33613445378151263,1e-07,1
0.991541755888651,8,107.9796998164345,107.06638115631692,True,0.00845824411134899,0.5,21,0.21,80,10,1.0,100,one_giant,1e-05,1,0.33613445378151263,1e-07,1
1.0,8,1.0,1.0,True,0.0,0.02,100,1.0,1,10,1.0,100,one_giant,1e-05,2,0.06721487307829818,1e-07,1
1.0,8,1.0,1.0,True,0.0,0.04,100,1.0,1,10,1.0,100,one_giant,1e-05,2,0.12774725274725274,1e-07,1
1.0,8,1.0,1.0,True,0.0,0.06,100,1.0,1,10,1.0,100,one_giant,1e-05,2,0.23359580052493437,1e-07,1
1.0,8,1.0,1.0,True,0.0,0.08,100,1.0,1,10,1.0,100,one_giant,1e-05,2,0.3761061946902655,1e-07,1
0.9999978750395774,8,1.062482469039261,1.0624802113060645,True,2.124960422622557e-06,0.1,98,0.98,3,10,1.0,100,one_giant,1e-05,2,0.5206349206349206,1e-07,1
0.9999954788977553,8,1.1302806712962963,1.130275561181816,True,4.5211022446922655e-06,0.12000000000000001,96,0.96,5,10,1.0,100,one_giant,1e-05,2,0.5820895522388061,1e-07,1
0.9999614613843071,8,1.2432290637117598,1.2431811513846551,True,3.8538615692917944e-05,0.13999999999999999,93,0.93,6,10,1.0,100,one_giant,1e-05,2,0.6204081632653061,1e-07,1
0.9999333348463013,8,1.4185020901628298,1.4184075255029673,True,6.66651536986862e-05,0.16,89,0.89,8,10,1.0,100,one_giant,1e-05,2,0.6382978723404256,1e-07,1
0.9999418447965277,8,1.4185020901628298,1.4184195968851505,True,5.8155203472298744e-05,0.18,89,0.89,9,10,1.0,100,one_giant,1e-05,2,0.6462882096069869,1e-07,1
0.9998476748656274,8,1.8136707244526342,1.8133944568158245,True,0.00015232513437257733,0.19999999999999998,82,0.82,12,10,1.0,100,one_giant,1e-05,2,0.6727272727272727,1e-07,1
0.9998400830815426,8,1.8816764231589207,1.881375511263795,True,0.0001599169184574034,0.22,81,0.81,13,10,1.0,100,one_giant,1e-05,2,0.6915887850467289,1e-07,1
0.9998019576695053,8,2.107250627960687,2.106833303135389,True,0.00019804233049469655,0.24,78,0.78,15,10,1.0,100,one_giant,1e-05,2,0.7121951219512194,1e-07,1
0.9997301617487575,8,2.5705817483554703,2.5698881070718183,True,0.0002698382512424935,0.26,73,0.73,19,10,1.0,100,one_giant,1e-05,2,0.696969696969697,1e-07,1
0.999632787955445,8,2.9154518950437316,2.914381305992551,True,0.000367212044555032,0.28,70,0.7,21,10,1.0,100,one_giant,1e-05,2,0.6871794871794872,1e-07,1
0.9995930824008138,8,3.180337879096275,3.1790437436419126,True,0.0004069175991862073,0.30000000000000004,68,0.68,23,10,1.0,100,one_giant,1e-05,2,0.6735751295336788,1e-07,1
0.9994359123662566,8,3.6413290851160673,3.6392750564087635,True,0.000564087633743382,0.32,65,0.65,24,10,1.0,100,one_giant,1e-05,2,0.6842105263157894,1e-07,1
0.9982492439917237,8,5.694241982507289,5.6842727541438345,True,0.001750756008276344,0.34,56,0.56,27,10,1.0,100,one_giant,1e-05,2,0.6774193548387097,1e-07,1
0.9962098677771594,8,9.631777159203645,9.595271450229326,True,0.0037901322228406364,0.36000000000000004,47,0.47,35,10,1.0,100,one_giant,1e-05,2,0.6477272727272728,1e-07,1
0.9954890732733435,8,11.739293764087153,11.68633867009466,True,0.004510926726656539,0.38,44,0.44,38,10,1.0,100,one_giant,1e-05,2,0.632183908045977,1e-07,1
0.9925834810607431,8,18.22423093745444,18.08907058355342,True,0.0074165189392568776,0.4,38,0.38,43,10,1.0,100,one_giant,1e-05,2,0.6107784431137725,1e-07,1
0.9925834810607431,8,18.22423093745444,18.08907058355342,True,0.0074165189392568776,0.42000000000000004,38,0.38,43,10,1.0,100,one_giant,1e-05,2,0.5988023952095808,1e-07,1
0.9923010617874074,8,19.742167295125657,19.59017356893782,True,0.007698938212592599,0.44,37,0.37,45,10,1.0,100,one_giant,1e-05,2,0.5975609756097561,1e-07,1
0.991625929861849,8,21.43347050754458,21.253985122210416,True,0.008374070138150946,0.46,36,0.36,46,10,1.0,100,one_giant,1e-05,2,0.6012269938650306,1e-07,1
0.9922586133560187,8,21.43347050754458,21.26754572522331,True,0.007741386643981274,0.48000000000000004,36,0.36,49,10,1.0,100,one_giant,1e-05,2,0.5750000000000001,1e-07,1
0.992638611122931,8,21.43347050754458,21.275690396153355,True,0.007361388877069053,0.5,36,0.36,50,10,1.0,100,one_giant,1e-05,2,0.5660377358490566,1e-07,1
1.0,8,1.0,1.0,True,0.0,0.02,200,1.0,1,2,1.0,200,one_giant,1e-05,0,0.030804522366049483,1e-07,1
1.0,8,1.0,1.0,True,0.0,0.04,200,1.0,1,2,1.0,200,one_giant,1e-05,0,0.050505050505050504,1e-07,1
1.0,8,1.0,1.0,True,0.0,0.06,200,1.0,1,2,1.0,200,one_giant,1e-05,0,0.08641655886157827,1e-07,1
1.0,8,1.0,1.0,True,0.0,0.08,200,1.0,1,2,1.0,200,one_giant,1e-05,0,0.15968457368161654,1e-07,1
1.0,8,1.0,1.0,True,0.0,0.1,200,1.0,1,2,1.0,200,one_giant,1e-05,0,0.30813397129186604,1e-07,1
0.9999990262988339,8,1.1128024162278864,1.112801332690876,True,9.737011661403727e-07,0.12000000000000001,193,0.965,8,2,1.0,200,one_giant,1e-05,0,0.499184339314845,1e-07,1
0.9999843938025681,8,1.6871828096317891,1.6871564791237583,True,1.56061974319055e-05,0.13999999999999999,168,0.84,28,2,1.0,200,one_giant,1e-05,0,0.6423690205011389,1e-07,1
0.9998854595029502,8,2.7939906848350566,2.793670659753263,True,0.00011454049704984204,0.16,142,0.71,41,2,1.0,200,one_giant,1e-05,0,0.7210526315789474,1e-07,1
0.9972203911539125,8,11.348016721302638,11.316473673638557,True,0.0027796088460875223,0.18,89,0.445,59,2,1.0,200,one_giant,1e-05,0,0.7398843930635838,1e-07,1
0.9925561319147325,8,30.517578125,30.290409299155655,True,0.007443868085267535,0.19999999999999998,64,0.32,75,2,1.0,200,one_giant,1e-05,0,0.7239263803680982,1e-07,1
0.989356941481824,8,60.30862941101085,59.66676113903847,True,0.01064305851817604,0.22,51,0.255,88,2,1.0,200,one_giant,1e-05,0,0.6794871794871795,1e-07,1
0.9117383177570093,8,328.0167288531715,299.06542056074767,True,0.08826168224299069,0.24,29,0.145,105,2,1.0,200,one_giant,1e-05,0,0.6258503401360543,1e-07,1
0.837832254510398,8,657.5162324319882,550.8883073956755,True,0.162167745489602,0.26,23,0.115,115,2,1.0,200,one_giant,1e-05,0,0.5845070422535211,1e-07,1
0.9023286858498962,8,657.5162324319882,593.2957579353308,True,0.09767131415010377,0.28,23,0.115,120,2,1.0,200,one_giant,1e-05,0,0.5591397849462365,1e-07,1
0.8975050573162509,8,751.3148009015778,674.3088334457182,True,0.10249494268374915,0.30000000000000004,22,0.11,126,2,1.0,200,one_giant,1e-05,0,0.5347985347985348,1e-07,1
0.9103967168262654,8,751.3148009015778,683.9945280437756,True,0.08960328317373456,0.32,22,0.11,133,2,1.0,200,one_giant,1e-05,0,0.49624060150375937,1e-07,1
0.8584044745363556,8,1371.7421124828531,1177.509567265234,True,0.1415955254636444,0.34,18,0.09,141,2,1.0,200,one_giant,1e-05,0,0.4573643410852713,1e-07,1
0.8491185620463187,8,1628.3329940972928,1382.6477704804702,True,0.15088143795368125,0.36000000000000004,17,0.085,148,2,1.0,200,one_giant,1e-05,0,0.41434262948207173,1e-07,1
0.8553272980501393,8,1628.3329940972928,1392.757660167131,True,0.1446727019498607,0.38,17,0.085,153,2,1.0,200,one_giant,1e-05,0,0.38211382113821135,1e-07,1
0.8745105019579922,8,1628.3329940972928,1423.9943040227838,True,0.12548949804200782,0.4,17,0.085,159,2,1.0,200,one_giant,1e-05,0,0.34166666666666673,1e-07,1
0.677115987460815,8,4629.62962962963,3134.796238244514,True,0.322884012539185,0.42000000000000004,12,0.06,161,2,1.0,200,one_giant,1e-05,0,0.32773109243697474,1e-07,1
0.8037209302325582,8,4629.62962962963,3720.9302325581393,True,0.1962790697674418,0.44,12,0.06,172,2,1.0,200,one_giant,1e-05,0,0.24669603524229075,1e-07,1
0.8197343453510436,8,4629.62962962963,3795.066413662239,True,0.18026565464895639,0.46,12,0.06,175,2,1.0,200,one_giant,1e-05,0,0.2232142857142857,1e-07,1
0.8537549407114624,8,4629.62962962963,3952.5691699604745,True,0.1462450592885376,0.48000000000000004,12,0.06,179,2,1.0,200,one_giant,1e-05,0,0.19090909090909092,1e-07,1
0.8744939271255061,8,4629.62962962963,4048.582995951417,True,0.1255060728744939,0.5,12,0.06,183,2,1.0,200,one_giant,1e-05,0,0.15740740740740738,1e-07,1
1.0,8,1.0,1.0,True,0.0,0.02,200,1.0,1,2,1.0,200,one_giant,1e-05,1,0.039009577201588416,1e-07,1
1.0,8,1.0,1.0,True,0.0,0.04,200,1.0,1,2,1.0,200,one_giant,1e-05,1,0.09308510638297873,1e-07,1
0.9999998731061087,8,1.0151512594410654,1.0151511306245717,True,1.2689389128350825e-07,0.06,199,0.995,2,2,1.0,200,one_giant,1e-05,1,0.2678375411635565,1e-07,1
0.999989848468714,8,1.657409688264027,1.6573928630177228,True,1.015153128602897e-05,0.08,169,0.845,29,2,1.0,200,one_giant,1e-05,1,0.4844124700239808,1e-07,1
0.9997573205424275,8,6.910700788251809,6.9090237031330695,True,0.0002426794575725033,0.1,105,0.525,79,2,1.0,200,one_giant,1e-05,1,0.4923076923076923,1e-07,1
0.9982430677564739,8,27.82647410746584,27.77758487788279,True,0.0017569322435261325,0.12000000000000001,66,0.33,112,2,1.0,200,one_giant,1e-05,1,0.41666666666666663,1e-07,1
0.9976727025032639,8,56.89576695493855,56.76335357892944,True,0.0023272974967361026,0.13999999999999999,52,0.26,135,2,1.0,200,one_giant,1e-05,1,0.34090909090909094,1e-07,1
0.9977772424667134,8,87.79149519890261,87.59635599159076,True,0.002222757533286601,0.16,45,0.225,150,2,1.0,200,one_giant,1e-05,1,0.28915662650602414,1e-07,1
0.9964972234087996,8,171.46776406035664,170.86715079026058,True,0.0035027765912003517,0.18,36,0.18,165,2,1.0,200,one_giant,1e-05,1,0.25641025641025633,1e-07,1
0.9957942741322523,8,203.5416242621616,202.68558398783887,True,0.0042057258677477005,0.19999999999999998,34,0.17,167,2,1.0,200,one_giant,1e-05,1,0.2586206896551724,1e-07,1
0.9943591455273698,8,268.53747776174015,267.022696929239,True,0.005640854472630186,0.22,31,0.155,170,2,1.0,200,one_giant,1e-05,1,0.26200873362445415,1e-07,1
0.9943591455273698,8,268.53747776174015,267.022696929239,True,0.005640854472630186,0.24,31,0.155,170,2,1.0,200,one_giant,1e-05,1,0.26200873362445415,1e-07,1
0.9943591455273698,8,268.53747776174015,267.022696929239,True,0.005640854472630186,0.26,31,0.155,170,2,1.0,200,one_giant,1e-05,1,0.26200873362445415,1e-07,1
0.9943591455273698,8,268.53747776174015,267.022696929239,True,0.005640854472630186,0.28,31,0.155,170,2,1.0,200,one_giant,1e-05,1,0.26200873362445415,1e-07,1
0.9943591455273698,8,268.53747776174015,267.022696929239,True,0.005640854472630186,0.30000000000000004,31,0.155,170,2,1.0,200,one_giant,1e-05,1,0.26200873362445415,1e-07,1
0.9943591455273698,8,268.53747776174015,267.022696929239,True,0.005640854472630186,0.32,31,0.155,170,2,1.0,200,one_giant,1e-05,1,0.26200873362445415,1e-07,1
0.9943591455273698,8,268.53747776174015,267.022696929239,True,0.005640854472630186,0.34,31,0.155,170,2,1.0,200,one_giant,1e-05,1,0.26200873362445415,1e-07,1
0.9943591455273698,8,268.53747776174015,267.022696929239,True,0.005640854472630186,0.36000000000000004,31,0.155,170,2,1.0,200,one_giant,1e-05,1,0.26200873362445415,1e-07,1
0.9943591455273698,8,268.53747776174015,267.022696929239,True,0.005640854472630186,0.38,31,0.155,170,2,1.0,200,one_giant,1e-05,1,0.26200873362445415,1e-07,1
0.9943591455273698,8,268.53747776174015,267.022696929239,True,0.005640854472630186,0.4,31,0.155,170,2,1.0,200,one_giant,1e-05,1,0.26200873362445415,1e-07,1
0.9943591455273698,8,268.53747776174015,267.022696929239,True,0.005640854472630186,0.42000000000000004,31,0.155,170,2,1.0,200,one_giant,1e-05,1,0.26200873362445415,1e-07,1
0.9943591455273698,8,268.53747776174015,267.022696929239,True,0.005640854472630186,0.44,31,0.155,170,2,1.0,200,one_giant,1e-05,1,0.26200873362445415,1e-07,1
0.9943591455273698,8,268.53747776174015,267.022696929239,True,0.005640854472630186,0.46,31,0.155,170,2,1.0,200,one_giant,1e-05,1,0.26200873362445415,1e-07,1
0.9943591455273698,8,268.53747776174015,267.022696929239,True,0.005640854472630186,0.48000000000000004,31,0.155,170,2,1.0,200,one_giant,1e-05,1,0.26200873362445415,1e-07,1
0.9943591455273698,8,268.53747776174015,267.022696929239,True,0.005640854472630186,0.5,31,0.155,170,2,1.0,200,one_giant,1e-05,1,0.26200873362445415,1e-07,1
1.0,8,1.0,1.0,True,0.0,0.02,200,1.0,1,2,1.0,200,one_giant,1e-05,2,0.03726575809199319,1e-07,1
1.0,8,1.0,1.0,True,0.0,0.04,200,1.0,1,2,1.0,200,one_giant,1e-05,2,0.08313349320543566,1e-07,1
1.0,8,1.0,1.0,True,0.0,0.06,200,1.0,1,2,1.0,200,one_giant,1e-05,2,0.20474777448071219,1e-07,1
0.9999976673038815,8,1.166350779997084,1.1663480592551467,True,2.332696118489963e-06,0.08,190,0.95,10,2,1.0,200,one_giant,1e-05,2,0.4629294755877035,1e-07,1
0.9999406324967872,8,2.624133830825372,2.62397804255174,True,5.9367503212781614e-05,0.1,145,0.725,44,2,1.0,200,one_giant,1e-05,2,0.6256410256410257,1e-07,1
0.9998332629467671,8,4.869046981434324,4.8682351308885865,True,0.00016673705323289045,0.12000000000000001,118,0.59,64,2,1.0,200,one_giant,1e-05,2,0.6376811594202899,1e-07,1
0.9990639033863333,8,12.148767735302648,12.137395314965408,True,0.0009360966136666704,0.13999999999999999,87,0.435,87,2,1.0,200,one_giant,1e-05,2,0.6178343949044586,1e-07,1
0.8950870240695292,8,100.62007118870036,90.06372008195798,True,0.10491297593047078,0.16,43,0.215,114,2,1.0,200,one_giant,1e-05,2,0.5296167247386759,1e-07,1
0.8623776156651949,8,222.61179285972673,191.9754271453254,True,0.13762238433480511,0.18,33,0.165,130,2,1.0,200,one_giant,1e-05,2,0.4758364312267659,1e-07,1
0.8382879045996593,8,406.4421074023269,340.71550255536624,True,0.1617120954003407,0.19999999999999998,27,0.135,148,2,1.0,200,one_giant,1e-05,2,0.40637450199203184,1e-07,1
0.8798558269923908,8,455.1661356395084,400.4805766920304,True,0.12014417300760916,0.22,26,0.13,158,2,1.0,200,one_giant,1e-05,2,0.34854771784232363,1e-07,1
0.9026294165981923,8,455.1661356395084,410.84634346754314,True,0.09737058340180771,0.24,26,0.13,163,2,1.0,200,one_giant,1e-05,2,0.3135593220338983,1e-07,1
0.9029076338230762,8,455.1661356395084,410.97297852666185,True,0.09709236617692385,0.26,26,0.13,164,2,1.0,200,one_giant,1e-05,2,0.3063829787234043,1e-07,1
0.9216570529627688,8,455.1661356395084,419.5070791819612,True,0.07834294703723121,0.28,26,0.13,165,2,1.0,200,one_giant,1e-05,2,0.2991452991452992,1e-07,1
0.9718013933429172,8,455.1661356395084,442.33108481698554,True,0.028198606657082848,0.30000000000000004,26,0.13,169,2,1.0,200,one_giant,1e-05,2,0.2695652173913044,1e-07,1
0.9888601327782154,8,455.1661356395084,450.0956453246315,True,0.011139867221784616,0.32,26,0.13,173,2,1.0,200,one_giant,1e-05,2,0.23893805309734514,1e-07,1
0.9898625816625366,8,455.1661356395084,450.5519261094841,True,0.0101374183374634,0.34,26,0.13,174,2,1.0,200,one_giant,1e-05,2,0.23111111111111116,1e-07,1
0.9898625816625366,8,455.1661356395084,450.5519261094841,True,0.0101374183374634,0.36000000000000004,26,0.13,174,2,1.0,200,one_giant,1e-05,2,0.23111111111111116,1e-07,1
0.9901971830985915,8,455.1661356395084,450.7042253521127,True,0.009802816901408495,0.38,26,0.13,175,2,1.0,200,one_giant,1e-05,2,0.2232142857142857,1e-07,1
0.9901971830985915,8,455.1661356395084,450.7042253521127,True,0.009802816901408495,0.4,26,0.13,175,2,1.0,200,one_giant,1e-05,2,0.2232142857142857,1e-07,1
0.9901971830985915,8,455.1661356395084,450.7042253521127,True,0.009802816901408495,0.42000000000000004,26,0.13,175,2,1.0,200,one_giant,1e-05,2,0.2232142857142857,1e-07,1
0.9901971830985915,8,455.1661356395084,450.7042253521127,True,0.009802816901408495,0.44,26,0.13,175,2,1.0,200,one_giant,1e-05,2,0.2232142857142857,1e-07,1
0.9901971830985915,8,455.1661356395084,450.7042253521127,True,0.009802816901408495,0.46,26,0.13,175,2,1.0,200,one_giant,1e-05,2,0.2232142857142857,1e-07,1
0.9901971830985915,8,455.1661356395084,450.7042253521127,True,0.009802816901408495,0.48000000000000004,26,0.13,175,2,1.0,200,one_giant,1e-05,2,0.2232142857142857,1e-07,1
0.9901971830985915,8,455.1661356395084,450.7042253521127,True,0.009802816901408495,0.5,26,0.13,175,2,1.0,200,one_giant,1e-05,2,0.2232142857142857,1e-07,1
1.0,8,1.0,1.0,True,0.0,0.02,200,1.0,1,5,1.0,200,one_giant,1e-05,0,0.04030172413793104,1e-07,1
1.0,8,1.0,1.0,True,0.0,0.04,200,1.0,1,5,1.0,200,one_giant,1e-05,0,0.0990990990990991,1e-07,1
1.0,8,1.0,1.0,True,0.0,0.06,200,1.0,1,5,1.0,200,one_giant,1e-05,0,0.27447833065810595,1e-07,1
0.9999956879092313,8,1.1128024162278864,1.11279761772286,True,4.3120907686766685e-06,0.08,193,0.965,6,5,1.0,200,one_giant,1e-05,0,0.5739750445632797,1e-07,1
0.9999136354775588,8,2.467770911890707,2.467557784034408,True,8.636452244115134e-05,0.1,148,0.74,30,5,1.0,200,one_giant,1e-05,0,0.7819548872180451,1e-07,1
0.9971142868273037,8,6.010518407212622,5.993173775070195,True,0.002885713172696258,0.12000000000000001,110,0.55,38,5,1.0,200,one_giant,1e-05,0,0.8228882833787465,1e-07,1
0.9844076379364912,8,21.43347050754458,21.099272075113408,True,0.01559236206350878,0.13999999999999999,72,0.36,51,5,1.0,200,one_giant,1e-05,0,0.8228571428571428,1e-07,1
0.9550827231251319,8,67.9988780185127,64.94455358737478,True,0.04491727687486813,0.16,49,0.245,63,5,1.0,200,one_giant,1e-05,0,0.8071216617210681,1e-07,1
0.8913387766593932,8,157.93733836100526,140.7756739635391,True,0.1086612233406068,0.18,37,0.185,72,5,1.0,200,one_giant,1e-05,0,0.7828746177370031,1e-07,1
0.5798951640175853,8,1166.3507799970841,676.3611768684477,True,0.42010483598241466,0.19999999999999998,19,0.095,83,5,1.0,200,one_giant,1e-05,0,0.740506329113924,1e-07,1
0.6428303655107779,8,1166.3507799970841,749.7656982193065,True,0.3571696344892221,0.22,19,0.095,92,5,1.0,200,one_giant,1e-05,0,0.7035830618892508,1e-07,1
0.6598999422743891,8,1166.3507799970841,769.6748123917645,True,0.3401000577256109,0.24,19,0.095,99,5,1.0,200,one_giant,1e-05,0,0.6733333333333333,1e-07,1
0.6860372074414883,8,1166.3507799970841,800.1600320064013,True,0.31396279255851167,0.26,19,0.095,108,5,1.0,200,one_giant,1e-05,0,0.6323024054982818,1e-07,1
0.8234093637454982,8,1166.3507799970841,960.3841536614646,True,0.17659063625450178,0.28,19,0.095,119,5,1.0,200,one_giant,1e-05,0,0.5785714285714286,1e-07,1
0.834225249331063,8,1166.3507799970841,972.9992702505473,True,0.165774750668937,0.30000000000000004,19,0.095,128,5,1.0,200,one_giant,1e-05,0,0.5313653136531366,1e-07,1
0.8465810910886201,8,1166.3507799970841,987.4105159219946,True,0.15341890891137988,0.32,19,0.095,132,5,1.0,200,one_giant,1e-05,0,0.5093632958801498,1e-07,1
0.8757660878447395,8,1166.3507799970841,1021.4504596527069,True,0.12423391215526047,0.34,19,0.095,145,5,1.0,200,one_giant,1e-05,0,0.43307086614173224,1e-07,1
0.8887017362010884,8,1166.3507799970841,1036.5379632029023,True,0.11129826379891161,0.36000000000000004,19,0.095,148,5,1.0,200,one_giant,1e-05,0,0.41434262948207173,1e-07,1
0.91064790228359,8,1166.3507799970841,1062.1348911311736,True,0.08935209771640995,0.38,19,0.095,154,5,1.0,200,one_giant,1e-05,0,0.3755102040816327,1e-07,1
0.9246427608519817,8,1166.3507799970841,1078.4578053383661,True,0.07535723914801828,0.4,19,0.095,162,5,1.0,200,one_giant,1e-05,0,0.3206751054852321,1e-07,1
0.9329434167573449,8,1166.3507799970841,1088.139281828074,True,0.06705658324265507,0.42000000000000004,19,0.095,164,5,1.0,200,one_giant,1e-05,0,0.3063829787234043,1e-07,1
0.9352148813341886,8,1371.7421124828531,1282.8736369467608,True,0.06478511866581138,0.44,18,0.09,169,5,1.0,200,one_giant,1e-05,0,0.2695652173913044,1e-07,1
0.9385884509624198,8,1953.125,1833.1805682859763,True,0.06141154903758017,0.46,16,0.08,177,5,1.0,200,one_giant,1e-05,0,0.20720720720720723,1e-07,1
0.9463955637707948,8,1953.125,1848.4288354898335,True,0.05360443622920519,0.48000000000000004,16,0.08,179,5,1.0,200,one_giant,1e-05,0,0.19090909090909092,1e-07,1
0.9477093937991671,8,1953.125,1850.994909763998,True,0.05229060620083292,0.5,16,0.08,180,5,1.0,200,one_giant,1e-05,0,0.18264840182648404,1e-07,1
1.0,8,1.0,1.0,True,0.0,0.02,200,1.0,1,5,1.0,200,one_giant,1e-05,1,0.06506710044733632,1e-07,1
0.9999998731061087,8,1.0151512594410654,1.0151511306245717,True,1.2689389128350825e-07,0.04,199,0.995,2,5,1.0,200,one_giant,1e-05,1,0.3437892095357591,1e-07,1
0.9998908351778616,8,2.6791838134430725,2.6788913408186024,True,0.00010916482213840784,0.06,144,0.72,42,5,1.0,200,one_giant,1e-05,1,0.6631299734748012,1e-07,1
0.9995538798781185,8,9.945832509694078,9.941395473682642,True,0.0004461201218814992,0.08,93,0.465,79,5,1.0,200,one_giant,1e-05,1,0.6335403726708073,1e-07,1
0.9975836141457506,8,48.08414725770098,47.96795740445383,True,0.0024163858542494143,0.1,55,0.275,116,5,1.0,200,one_giant,1e-05,1,0.5371024734982333,1e-07,1
0.9958599924727136,8,107.9796998164345,107.53266304640034,True,0.004140007527286382,0.12000000000000001,42,0.21,141,5,1.0,200,one_giant,1e-05,1,0.4341085271317829,1e-07,1
0.9939938118061032,8,244.140625,242.67427046047442,True,0.006006188193896755,0.13999999999999999,32,0.16,164,5,1.0,200,one_giant,1e-05,1,0.29787234042553196,1e-07,1
0.9941600480544617,8,268.53747776174015,266.9692317960355,True,0.005839951945538324,0.16,31,0.155,169,5,1.0,200,one_giant,1e-05,1,0.2695652173913044,1e-07,1
0.9943591455273698,8,268.53747776174015,267.022696929239,True,0.005640854472630186,0.18,31,0.155,170,5,1.0,200,one_giant,1e-05,1,0.26200873362445415,1e-07,1
0.9943591455273698,8,268.53747776174015,267.022696929239,True,0.005640854472630186,0.19999999999999998,31,0.155,170,5,1.0,200,one_giant,1e-05,1,0.26200873362445415,1e-07,1
0.9943591455273698,8,268.53747776174015,267.022696929239,True,0.005640854472630186,0.22,31,0.155,170,5,1.0,200,one_giant,1e-05,1,0.26200873362445415,1e-07,1
0.9943591455273698,8,268.53747776174015,267.022696929239,True,0.005640854472630186,0.24,31,0.155,170,5,1.0,200,one_giant,1e-05,1,0.26200873362445415,1e-07,1
0.9943591455273698,8,268.53747776174015,267.022696929239,True,0.005640854472630186,0.26,31,0.155,170,5,1.0,200,one_giant,1e-05,1,0.26200873362445415,1e-07,1
0.9943591455273698,8,268.53747776174015,267.022696929239,True,0.005640854472630186,0.28,31,0.155,170,5,1.0,200,one_giant,1e-05,1,0.26200873362445415,1e-07,1
0.9943591455273698,8,268.53747776174015,267.022696929239,True,0.005640854472630186,0.30000000000000004,31,0.155,170,5,1.0,200,one_giant,1e-05,1,0.26200873362445415,1e-07,1
0.9943591455273698,8,268.53747776174015,267.022696929239,True,0.005640854472630186,0.32,31,0.155,170,5,1.0,200,one_giant,1e-05,1,0.26200873362445415,1e-07,1
0.9943591455273698,8,268.53747776174015,267.022696929239,True,0.005640854472630186,0.34,31,0.155,170,5,1.0,200,one_giant,1e-05,1,0.26200873362445415,1e-07,1
0.9943591455273698,8,268.53747776174015,267.022696929239,True,0.005640854472630186,0.36000000000000004,31,0.155,170,5,1.0,200,one_giant,1e-05,1,0.26200873362445415,1e-07,1
0.9943591455273698,8,268.53747776174015,267.022696929239,True,0.005640854472630186,0.38,31,0.155,170,5,1.0,200,one_giant,1e-05,1,0.26200873362445415,1e-07,1
0.9943591455273698,8,268.53747776174015,267.022696929239,True,0.005640854472630186,0.4,31,0.155,170,5,1.0,200,one_giant,1e-05,1,0.26200873362445415,1e-07,1
0.9943591455273698,8,268.53747776174015,267.022696929239,True,0.005640854472630186,0.42000000000000004,31,0.155,170,5,1.0,200,one_giant,1e-05,1,0.26200873362445415,1e-07,1
0.9943591455273698,8,268.53747776174015,267.022696929239,True,0.005640854472630186,0.44,31,0.155,170,5,1.0,200,one_giant,1e-05,1,0.26200873362445415,1e-07,1
0.9943591455273698,8,268.53747776174015,267.022696929239,True,0.005640854472630186,0.46,31,0.155,170,5,1.0,200,one_giant,1e-05,1,0.26200873362445415,1e-07,1
0.9943591455273698,8,268.53747776174015,267.022696929239,True,0.005640854472630186,0.48000000000000004,31,0.155,170,5,1.0,200,one_giant,1e-05,1,0.26200873362445415,1e-07,1
0.9943591455273698,8,268.53747776174015,267.022696929239,True,0.005640854472630186,0.5,31,0.155,170,5,1.0,200,one_giant,1e-05,1,0.26200873362445415,1e-07,1
1.0,8,1.0,1.0,True,0.0,0.02,200,1.0,1,5,1.0,200,one_giant,1e-05,2,0.061263121665806226,1e-07,1
1.0,8,1.0,1.0,True,0.0,0.04,200,1.0,1,5,1.0,200,one_giant,1e-05,2,0.270979020979021,1e-07,1
0.9999952680224707,8,1.3053792885584974,1.3053731115330367,True,4.731977529259801e-06,0.06,183,0.915,16,5,1.0,200,one_giant,1e-05,2,0.6485260770975056,1e-07,1
0.9997680973990923,8,3.9992481413494265,3.9983207053037724,True,0.00023190260090766301,0.08,126,0.63,44,5,1.0,200,one_giant,1e-05,2,0.7582417582417582,1e-07,1
0.9996254596075731,8,6.530383015126816,6.527937122909632,True,0.00037454039242690307,0.1,107,0.535,62,5,1.0,200,one_giant,1e-05,2,0.7337278106508875,1e-07,1
0.995203483522228,8,22.351925478680453,22.244714099812033,True,0.004796516477772017,0.12000000000000001,71,0.355,82,5,1.0,200,one_giant,1e-05,2,0.694006309148265,1e-07,1
0.7210946658851114,8,406.4421074023269,293.08323563892145,True,0.2789053341148886,0.13999999999999999,27,0.135,108,5,1.0,200,one_giant,1e-05,2,0.6254295532646047,1e-07,1
0.7203869169604066,8,455.1661356395084,327.8957291581277,True,0.2796130830395934,0.16,26,0.13,126,5,1.0,200,one_giant,1e-05,2,0.5421245421245421,1e-07,1
0.7407906937536879,8,455.1661356395084,337.1828373935767,True,0.2592093062463121,0.18,26,0.13,147,5,1.0,200,one_giant,1e-05,2,0.42063492063492064,1e-07,1
0.7755030003529827,8,455.1661356395084,352.98270384751146,True,0.2244969996470173,0.19999999999999998,26,0.13,156,5,1.0,200,one_giant,1e-05,2,0.36213991769547327,1e-07,1
0.858203125,8,455.1661356395084,390.625,True,0.14179687500000004,0.22,26,0.13,162,5,1.0,200,one_giant,1e-05,2,0.3135593220338983,1e-07,1
0.9029076338230762,8,455.1661356395084,410.97297852666185,True,0.09709236617692385,0.24,26,0.13,164,5,1.0,200,one_giant,1e-05,2,0.3063829787234043,1e-07,1
0.9628574559000767,8,455.1661356395084,438.2601073737263,True,0.03714254409992335,0.26,26,0.13,168,5,1.0,200,one_giant,1e-05,2,0.27705627705627706,1e-07,1
0.9868613138686131,8,455.1661356395084,449.18585064570465,True,0.013138686131386912,0.28,26,0.13,172,5,1.0,200,one_giant,1e-05,2,0.24669603524229075,1e-07,1
0.9888601327782154,8,455.1661356395084,450.0956453246315,True,0.011139867221784616,0.30000000000000004,26,0.13,173,5,1.0,200,one_giant,1e-05,2,0.23893805309734514,1e-07,1
0.9898625816625366,8,455.1661356395084,450.5519261094841,True,0.0101374183374634,0.32,26,0.13,174,5,1.0,200,one_giant,1e-05,2,0.23111111111111116,1e-07,1
0.9901971830985915,8,455.1661356395084,450.7042253521127,True,0.009802816901408495,0.34,26,0.13,175,5,1.0,200,one_giant,1e-05,2,0.2232142857142857,1e-07,1
0.9901971830985915,8,455.1661356395084,450.7042253521127,True,0.009802816901408495,0.36000000000000004,26,0.13,175,5,1.0,200,one_giant,1e-05,2,0.2232142857142857,1e-07,1
0.9901971830985915,8,455.1661356395084,450.7042253521127,True,0.009802816901408495,0.38,26,0.13,175,5,1.0,200,one_giant,1e-05,2,0.2232142857142857,1e-07,1
0.9901971830985915,8,455.1661356395084,450.7042253521127,True,0.009802816901408495,0.4,26,0.13,175,5,1.0,200,one_giant,1e-05,2,0.2232142857142857,1e-07,1
0.9901971830985915,8,455.1661356395084,450.7042253521127,True,0.009802816901408495,0.42000000000000004,26,0.13,175,5,1.0,200,one_giant,1e-05,2,0.2232142857142857,1e-07,1
0.9901971830985915,8,455.1661356395084,450.7042253521127,True,0.009802816901408495,0.44,26,0.13,175,5,1.0,200,one_giant,1e-05,2,0.2232142857142857,1e-07,1
0.9901971830985915,8,455.1661356395084,450.7042253521127,True,0.009802816901408495,0.46,26,0.13,175,5,1.0,200,one_giant,1e-05,2,0.2232142857142857,1e-07,1
0.9901971830985915,8,455.1661356395084,450.7042253521127,True,0.009802816901408495,0.48000000000000004,26,0.13,175,5,1.0,200,one_giant,1e-05,2,0.2232142857142857,1e-07,1
0.9901971830985915,8,455.1661356395084,450.7042253521127,True,0.009802816901408495,0.5,26,0.13,175,5,1.0,200,one_giant,1e-05,2,0.2232142857142857,1e-07,1
1.0,8,1.0,1.0,True,0.0,0.02,200,1.0,1,10,1.0,200,one_giant,1e-05,0,0.057432432432432436,1e-07,1
1.0,8,1.0,1.0,True,0.0,0.04,200,1.0,1,10,1.0,200,one_giant,1e-05,0,0.23146944083224968,1e-07,1
0.9999930383942923,8,1.184962412251682,1.1849541630105893,True,6.961605707678231e-06,0.06,189,0.945,8,10,1.0,200,one_giant,1e-05,0,0.6447876447876447,1e-07,1
0.999752935503892,8,2.5184769636486184,2.5178547374066347,True,0.00024706449610800707,0.08,147,0.735,26,10,1.0,200,one_giant,1e-05,0,0.8320413436692505,1e-07,1
0.993807783207517,8,12.148767735302648,12.073539931724131,True,0.006192216792483052,0.1,87,0.435,41,10,1.0,200,one_giant,1e-05,0,0.8611111111111112,1e-07,1
0.9324641356899421,8,67.9988780185127,63.406515019418244,True,0.06753586431005787,0.12000000000000001,49,0.245,51,10,1.0,200,one_giant,1e-05,0,0.8505747126436781,1e-07,1
0.8587000745914424,8,157.93733836100526,135.62080423136908,True,0.14129992540855763,0.13999999999999999,37,0.185,55,10,1.0,200,one_giant,1e-05,0,0.8430232558139535,1e-07,1
0.8635309761669338,8,157.93733836100526,136.3837839680862,True,0.13646902383306625,0.16,37,0.185,61,10,1.0,200,one_giant,1e-05,0,0.8224852071005917,1e-07,1
0.9149086048695904,8,157.93733836100526,144.49822989668377,True,0.08509139513040964,0.18,37,0.185,71,10,1.0,200,one_giant,1e-05,0,0.7865853658536586,1e-07,1
0.9165973001339076,8,157.93733836100526,144.76493793203286,True,0.08340269986609239,0.19999999999999998,37,0.185,77,10,1.0,200,one_giant,1e-05,0,0.7639751552795031,1e-07,1
0.4719278932159075,8,1166.3507799970841,550.4334663547544,True,0.5280721067840926,0.22,19,0.095,93,10,1.0,200,one_giant,1e-05,0,0.6993464052287581,1e-07,1
0.6831673306772909,8,1166.3507799970841,796.8127490039841,True,0.31683266932270915,0.24,19,0.095,104,10,1.0,200,one_giant,1e-05,0,0.6508474576271187,1e-07,1
0.6947933549432739,8,1166.3507799970841,810.3727714748784,True,0.3052066450567261,0.26,19,0.095,109,10,1.0,200,one_giant,1e-05,0,0.6275862068965518,1e-07,1
0.7037759080648471,8,1166.3507799970841,820.8495793145906,True,0.29622409193515287,0.28,19,0.095,116,10,1.0,200,one_giant,1e-05,0,0.5936395759717314,1e-07,1
0.8299854791868344,8,1166.3507799970841,968.054211035818,True,0.1700145208131656,0.30000000000000004,19,0.095,125,10,1.0,200,one_giant,1e-05,0,0.5474452554744526,1e-07,1
0.8497274529236868,8,1166.3507799970841,991.0802775024777,True,0.1502725470763132,0.32,19,0.095,132,10,1.0,200,one_giant,1e-05,0,0.5093632958801498,1e-07,1
0.8560908637044433,8,1166.3507799970841,998.502246630055,True,0.14390913629555668,0.34,19,0.095,135,10,1.0,200,one_giant,1e-05,0,0.4924242424242425,1e-07,1
0.8852607124419205,8,1166.3507799970841,1032.5245224574085,True,0.1147392875580795,0.36000000000000004,19,0.095,148,10,1.0,200,one_giant,1e-05,0,0.41434262948207173,1e-07,1
0.91064790228359,8,1166.3507799970841,1062.1348911311736,True,0.08935209771640995,0.38,19,0.095,154,10,1.0,200,one_giant,1e-05,0,0.3755102040816327,1e-07,1
0.9261409667836888,8,1166.3507799970841,1080.2052389954092,True,0.07385903321631115,0.4,19,0.095,159,10,1.0,200,one_giant,1e-05,0,0.34166666666666673,1e-07,1
0.9359989082969432,8,1166.3507799970841,1091.703056768559,True,0.06400109170305679,0.42000000000000004,19,0.095,166,10,1.0,200,one_giant,1e-05,0,0.2918454935622317,1e-07,1
0.9145569620253164,8,1628.3329940972928,1489.2032762472077,True,0.08544303797468356,0.44,17,0.085,170,10,1.0,200,one_giant,1e-05,0,0.26200873362445415,1e-07,1
0.9233543733092876,8,1953.125,1803.4265103697023,True,0.0766456266907124,0.46,16,0.08,175,10,1.0,200,one_giant,1e-05,0,0.2232142857142857,1e-07,1
0.9398806792106471,8,1953.125,1835.7044515832952,True,0.06011932078935289,0.48000000000000004,16,0.08,179,10,1.0,200,one_giant,1e-05,0,0.19090909090909092,1e-07,1
0.9503480278422274,8,1953.125,1856.1484918793503,True,0.04965197215777262,0.5,16,0.08,182,10,1.0,200,one_giant,1e-05,0,0.16589861751152074,1e-07,1
1.0,8,1.0,1.0,True,0.0,0.02,200,1.0,1,10,1.0,200,one_giant,1e-05,1,0.13537117903930132,1e-07,1
0.9999822010679359,8,1.5999324828492238,1.5999040057596545,True,1.7798932064105877e-05,0.04,171,0.855,22,10,1.0,200,one_giant,1e-05,1,0.6762589928057554,1e-07,1
0.9964966913195796,8,15.625,15.57026080186843,True,0.0035033086804203695,0.06,80,0.4,62,10,1.0,200,one_giant,1e-05,1,0.7352941176470589,1e-07,1
0.9622530395136778,8,157.93733836100526,151.9756838905775,True,0.0377469604863222,0.08,37,0.185,100,10,1.0,200,one_giant,1e-05,1,0.6488294314381271,1e-07,1
0.9577251977110526,8,268.53747776174015,257.18510898218994,True,0.04227480228894742,0.1,31,0.155,123,10,1.0,200,one_giant,1e-05,1,0.5579710144927537,1e-07,1
0.9850869651478077,8,268.53747776174015,264.5327689967595,True,0.014913034852192308,0.12000000000000001,31,0.155,146,10,1.0,200,one_giant,1e-05,1,0.4268774703557312,1e-07,1
0.9925701339374958,8,268.53747776174015,266.5422802692077,True,0.007429866062504176,0.13999999999999999,31,0.155,163,10,1.0,200,one_giant,1e-05,1,0.3135593220338983,1e-07,1
0.9943591455273698,8,268.53747776174015,267.022696929239,True,0.005640854472630186,0.16,31,0.155,170,10,1.0,200,one_giant,1e-05,1,0.26200873362445415,1e-07,1
0.9943591455273698,8,268.53747776174015,267.022696929239,True,0.005640854472630186,0.18,31,0.155,170,10,1.0,200,one_giant,1e-05,1,0.26200873362445415,1e-07,1
0.9943591455273698,8,268.53747776174015,267.022696929239,True,0.005640854472630186,0.19999999999999998,31,0.155,170,10,1.0,200,one_giant,1e-05,1,0.26200873362445415,1e-07,1
0.9943591455273698,8,268.53747776174015,267.022696929239,True,0.005640854472630186,0.22,31,0.155,170,10,1.0,200,one_giant,1e-05,1,0.26200873362445415,1e-07,1
0.9943591455273698,8,268.53747776174015,267.022696929239,True,0.005640854472630186,0.24,31,0.155,170,10,1.0,200,one_giant,1e-05,1,0.26200873362445415,1e-07,1
0.9943591455273698,8,268.53747776174015,267.022696929239,True,0.005640854472630186,0.26,31,0.155,170,10,1.0,200,one_giant,1e-05,1,0.26200873362445415,1e-07,1
0.9943591455273698,8,268.53747776174015,267.022696929239,True,0.005640854472630186,0.28,31,0.155,170,10,1.0,200,one_giant,1e-05,1,0.26200873362445415,1e-07,1
0.9943591455273698,8,268.53747776174015,267.022696929239,True,0.005640854472630186,0.30000000000000004,31,0.155,170,10,1.0,200,one_giant,1e-05,1,0.26200873362445415,1e-07,1
0.9943591455273698,8,268.53747776174015,267.022696929239,True,0.005640854472630186,0.32,31,0.155,170,10,1.0,200,one_giant,1e-05,1,0.26200873362445415,1e-07,1
0.9943591455273698,8,268.53747776174015,267.022696929239,True,0.005640854472630186,0.34,31,0.155,170,10,1.0,200,one_giant,1e-05,1,0.26200873362445415,1e-07,1
0.9943591455273698,8,268.53747776174015,267.022696929239,True,0.005640854472630186,0.36000000000000004,31,0.155,170,10,1.0,200,one_giant,1e-05,1,0.26200873362445415,1e-07,1
0.9943591455273698,8,268.53747776174015,267.022696929239,True,0.005640854472630186,0.38,31,0.155,170,10,1.0,200,one_giant,1e-05,1,0.26200873362445415,1e-07,1
0.9943591455273698,8,268.53747776174015,267.022696929239,True,0.005640854472630186,0.4,31,0.155,170,10,1.0,200,one_giant,1e-05,1,0.26200873362445415,1e-07,1
0.9943591455273698,8,268.53747776174015,267.022696929239,True,0.005640854472630186,0.42000000000000004,31,0.155,170,10,1.0,200,one_giant,1e-05,1,0.26200873362445415,1e-07,1
0.9943591455273698,8,268.53747776174015,267.022696929239,True,0.005640854472630186,0.44,31,0.155,170,10,1.0,200,one_giant,1e-05,1,0.26200873362445415,1e-07,1
0.9943591455273698,8,268.53747776174015,267.022696929239,True,0.005640854472630186,0.46,31,0.155,170,10,1.0,200,one_giant,1e-05,1,0.26200873362445415,1e-07,1
0.9943591455273698,8,268.53747776174015,267.022696929239,True,0.005640854472630186,0.48000000000000004,31,0.155,170,10,1.0,200,one_giant,1e-05,1,0.26200873362445415,1e-07,1
0.9943591455273698,8,268.53747776174015,267.022696929239,True,0.005640854472630186,0.5,31,0.155,170,10,1.0,200,one_giant,1e-05,1,0.26200873362445415,1e-07,1
1.0,8,1.0,1.0,True,0.0,0.02,200,1.0,1,10,1.0,200,one_giant,1e-05,2,0.11404366243075921,1e-07,1
0.9999903650675891,8,1.2432290637117598,1.2432170852837596,True,9.634932410906849e-06,0.04,186,0.93,11,10,1.0,200,one_giant,1e-05,2,0.6516393442622951,1e-07,1
0.9998057876140944,8,3.4004395918282335,3.399779184341977,True,0.00019421238590555667,0.06,133,0.665,36,10,1.0,200,one_giant,1e-05,2,0.784,1e-07,1
0.9954081153012037,8,13.026663952778343,12.966847013897219,True,0.004591884698796345,0.08,85,0.425,52,10,1.0,200,one_giant,1e-05,2,0.7965616045845272,1e-07,1
0.9696143500380094,8,60.30862941101085,58.476112508040465,True,0.030385649961990557,0.1,51,0.255,70,10,1.0,200,one_giant,1e-05,2,0.7659574468085106,1e-07,1
0.9613355839223546,8,87.79149519890261,84.39708830045363,True,0.03866441607764537,0.12000000000000001,45,0.225,90,10,1.0,200,one_giant,1e-05,2,0.7032258064516129,1e-07,1
0.9713998996487707,8,93.91435011269722,91.2283902750536,True,0.028600100351229285,0.13999999999999999,44,0.22,103,10,1.0,200,one_giant,1e-05,2,0.6554054054054054,1e-07,1
0.9843991956918667,8,93.91435011269722,92.44921071486353,True,0.015600804308133265,0.16,44,0.22,130,10,1.0,200,one_giant,1e-05,2,0.5204460966542751,1e-07,1
0.9964206339922798,8,93.91435011269722,93.5781962802667,True,0.0035793660077202416,0.18,44,0.22,148,10,1.0,200,one_giant,1e-05,2,0.40800000000000003,1e-07,1
0.7456936784047518,8,455.1661356395084,339.41450997030125,True,0.25430632159524824,0.19999999999999998,26,0.13,157,10,1.0,200,one_giant,1e-05,2,0.35537190082644626,1e-07,1
0.7458835511797658,8,455.1661356395084,339.50093362756746,True,0.2541164488202342,0.22,26,0.13,158,10,1.0,200,one_giant,1e-05,2,0.34854771784232363,1e-07,1
0.858203125,8,455.1661356395084,390.625,True,0.14179687500000004,0.24,26,0.13,162,10,1.0,200,one_giant,1e-05,2,0.3206751054852321,1e-07,1
0.9718013933429172,8,455.1661356395084,442.33108481698554,True,0.028198606657082848,0.26,26,0.13,169,10,1.0,200,one_giant,1e-05,2,0.2695652173913044,1e-07,1
0.9868613138686131,8,455.1661356395084,449.18585064570465,True,0.013138686131386912,0.28,26,0.13,172,10,1.0,200,one_giant,1e-05,2,0.24669603524229075,1e-07,1
0.9901971830985915,8,455.1661356395084,450.7042253521127,True,0.009802816901408495,0.30000000000000004,26,0.13,175,10,1.0,200,one_giant,1e-05,2,0.2232142857142857,1e-07,1
0.9901971830985915,8,455.1661356395084,450.7042253521127,True,0.009802816901408495,0.32,26,0.13,175,10,1.0,200,one_giant,1e-05,2,0.2232142857142857,1e-07,1
0.9901971830985915,8,455.1661356395084,450.7042253521127,True,0.009802816901408495,0.34,26,0.13,175,10,1.0,200,one_giant,1e-05,2,0.2232142857142857,1e-07,1
0.9901971830985915,8,455.1661356395084,450.7042253521127,True,0.009802816901408495,0.36000000000000004,26,0.13,175,10,1.0,200,one_giant,1e-05,2,0.2232142857142857,1e-07,1
0.9901971830985915,8,455.1661356395084,450.7042253521127,True,0.009802816901408495,0.38,26,0.13,175,10,1.0,200,one_giant,1e-05,2,0.2232142857142857,1e-07,1
0.9901971830985915,8,455.1661356395084,450.7042253521127,True,0.009802816901408495,0.4,26,0.13,175,10,1.0,200,one_giant,1e-05,2,0.2232142857142857,1e-07,1
0.9901971830985915,8,455.1661356395084,450.7042253521127,True,0.009802816901408495,0.42000000000000004,26,0.13,175,10,1.0,200,one_giant,1e-05,2,0.2232142857142857,1e-07,1
0.9901971830985915,8,455.1661356395084,450.7042253521127,True,0.009802816901408495,0.44,26,0.13,175,10,1.0,200,one_giant,1e-05,2,0.2232142857142857,1e-07,1
0.9901971830985915,8,455.1661356395084,450.7042253521127,True,0.009802816901408495,0.46,26,0.13,175,10,1.0,200,one_giant,1e-05,2,0.2232142857142857,1e-07,1
0.9901971830985915,8,455.1661356395084,450.7042253521127,True,0.009802816901408495,0.48000000000000004,26,0.13,175,10,1.0,200,one_giant,1e-05,2,0.2232142857142857,1e-07,1
0.9901971830985915,8,455.1661356395084,450.7042253521127,True,0.009802816901408495,0.5,26,0.13,175,10,1.0,200,one_giant,1e-05,2,0.2232142857142857,1e-07,1
1.0,8,1.0,1.0,True,0.0,0.02,400,1.0,1,2,1.0,400,one_giant,1e-05,0,0.030473135525260625,1e-07,1
1.0,8,1.0,1.0,True,0.0,0.04,400,1.0,1,2,1.0,400,one_giant,1e-05,0,0.15767634854771787,1e-07,1
0.9999992935750794,8,1.1302806712962963,1.130279872837863,True,7.064249205601669e-07,0.06,384,0.96,15,2,1.0,400,one_giant,1e-05,0,0.54,1e-07,1
0.9999572089358609,8,3.9520134180735575,3.9518443072139067,True,4.279106413906941e-05,0.08,253,0.6325,98,2,1.0,400,one_giant,1e-05,0,0.6620305980528511,1e-07,1
0.9967327787632806,8,46.79624840326082,46.64335470667889,True,0.0032672212367194087,0.1,111,0.2775,189,2,1.0,400,one_giant,1e-05,0,0.5999999999999999,1e-07,1
0.7353209734407876,8,863.837598531476,635.1979038469173,True,0.2646790265592124,0.12000000000000001,42,0.105,266,2,1.0,400,one_giant,1e-05,0,0.46529080675422135,1e-07,1
0.6533233779294791,8,1492.7113702623906,975.2232346935666,True,0.34667662207052086,0.13999999999999999,35,0.0875,310,2,1.0,400,one_giant,1e-05,0,0.3599182004089979,1e-07,1
0.6166689546296932,8,1780.8943428778139,1098.222252728396,True,0.3833310453703068,0.16,33,0.0825,333,2,1.0,400,one_giant,1e-05,0,0.28326180257510725,1e-07,1
0.5719139950086389,8,2148.299822093921,1228.6427337300825,True,0.42808600499136107,0.18,31,0.0775,342,2,1.0,400,one_giant,1e-05,0,0.2538293216630197,1e-07,1
0.5719798786575532,8,2148.299822093921,1228.784271561324,True,0.4280201213424468,0.19999999999999998,31,0.0775,343,2,1.0,400,one_giant,1e-05,0,0.25,1e-07,1
0.5719798786575532,8,2148.299822093921,1228.784271561324,True,0.4280201213424468,0.22,31,0.0775,343,2,1.0,400,one_giant,1e-05,0,0.25,1e-07,1
0.5719798786575532,8,2148.299822093921,1228.784271561324,True,0.4280201213424468,0.24,31,0.0775,343,2,1.0,400,one_giant,1e-05,0,0.25,1e-07,1
0.5719798786575532,8,2148.299822093921,1228.784271561324,True,0.4280201213424468,0.26,31,0.0775,343,2,1.0,400,one_giant,1e-05,0,0.25,1e-07,1
0.5719798786575532,8,2148.299822093921,1228.784271561324,True,0.4280201213424468,0.28,31,0.0775,343,2,1.0,400,one_giant,1e-05,0,0.25,1e-07,1
0.5719798786575532,8,2148.299822093921,1228.784271561324,True,0.4280201213424468,0.30000000000000004,31,0.0775,343,2,1.0,400,one_giant,1e-05,0,0.25,1e-07,1
0.5980207162357476,8,2148.299822093921,1284.7277982977357,True,0.4019792837642524,0.32,31,0.0775,344,2,1.0,400,one_giant,1e-05,0,0.24615384615384614,1e-07,1
0.5980207162357476,8,2148.299822093921,1284.7277982977357,True,0.4019792837642524,0.34,31,0.0775,344,2,1.0,400,one_giant,1e-05,0,0.24615384615384614,1e-07,1
0.5980207162357476,8,2148.299822093921,1284.7277982977357,True,0.4019792837642524,0.36000000000000004,31,0.0775,344,2,1.0,400,one_giant,1e-05,0,0.24615384615384614,1e-07,1
0.5980207162357476,8,2148.299822093921,1284.7277982977357,True,0.4019792837642524,0.38,31,0.0775,344,2,1.0,400,one_giant,1e-05,0,0.24615384615384614,1e-07,1
0.6244183609306225,8,2148.299822093921,1341.437853699434,True,0.37558163906937747,0.4,31,0.0775,345,2,1.0,400,one_giant,1e-05,0,0.24229074889867838,1e-07,1
0.7304222036973471,8,2148.299822093921,1569.1658902564604,True,0.2695777963026529,0.42000000000000004,31,0.0775,349,2,1.0,400,one_giant,1e-05,0,0.22666666666666666,1e-07,1
0.8498117298037425,8,2148.299822093921,1825.6503879507075,True,0.15018827019625747,0.44,31,0.0775,354,2,1.0,400,one_giant,1e-05,0,0.20674157303370783,1e-07,1
0.9715301330550483,8,2148.299822093921,2087.1380120010435,True,0.028469866944951683,0.46,31,0.0775,363,2,1.0,400,one_giant,1e-05,0,0.16972477064220184,1e-07,1
0.9809351333552848,8,2148.299822093921,2107.342772472835,True,0.019064866644715184,0.48000000000000004,31,0.0775,365,2,1.0,400,one_giant,1e-05,0,0.16129032258064516,1e-07,1
0.9858041032428855,8,2148.299822093921,2117.802779616148,True,0.014195896757114523,0.5,31,0.0775,367,2,1.0,400,one_giant,1e-05,0,0.1527777777777778,1e-07,1
1.0,8,1.0,1.0,True,0.0,0.02,400,1.0,1,2,1.0,400,one_giant,1e-05,1,0.02019134497719435,1e-07,1
1.0,8,1.0,1.0,True,0.0,0.04,400,1.0,1,2,1.0,400,one_giant,1e-05,1,0.047635532784047634,1e-07,1
1.0,8,1.0,1.0,True,0.0,0.06,400,1.0,1,2,1.0,400,one_giant,1e-05,1,0.13525179856115108,1e-07,1
0.9999999682765242,8,1.0151512594410654,1.015151227236939,True,3.1723475846234805e-08,0.08,398,0.995,3,2,1.0,400,one_giant,1e-05,1,0.3798076923076923,1e-07,1
0.9999963413860611,8,1.338012278645991,1.3380073833756179,True,3.658613938917199e-06,0.1,363,0.9075,26,2,1.0,400,one_giant,1e-05,1,0.6630785791173304,1e-07,1
0.9999129337038525,8,3.558574808582037,3.55826497665389,True,8.706629614751993e-05,0.12000000000000001,262,0.655,71,2,1.0,400,one_giant,1e-05,1,0.768,1e-07,1
0.9945716344436304,8,24.352453053036598,24.220259035670388,True,0.005428365556369608,0.13999999999999999,138,0.345,105,2,1.0,400,one_giant,1e-05,1,0.7784090909090909,1e-07,1
0.9900322929010796,8,84.92895825343598,84.0824112733493,True,0.009967707098920364,0.16,91,0.2275,137,2,1.0,400,one_giant,1e-05,1,0.7597597597597597,1e-07,1
0.9842778407742412,8,171.46776406035664,168.77192057171487,True,0.015722159225758814,0.18,72,0.18,163,2,1.0,400,one_giant,1e-05,1,0.7189952904238618,1e-07,1
0.9707740837670286,8,328.0167288531715,318.43013941269544,True,0.02922591623297144,0.19999999999999998,58,0.145,186,2,1.0,400,one_giant,1e-05,1,0.6818923327895596,1e-07,1
0.9224792688696865,8,863.837598531476,796.8722763154618,True,0.07752073113031355,0.22,42,0.105,202,2,1.0,400,one_giant,1e-05,1,0.6566164154103853,1e-07,1
0.894328895794343,8,1263.498706888042,1129.983403368763,True,0.10567110420565695,0.24,37,0.0925,223,2,1.0,400,one_giant,1e-05,1,0.611111111111111,1e-07,1
0.8906536346976176,8,1371.7421124828531,1221.7470983506414,True,0.1093463653023824,0.26,36,0.09,236,2,1.0,400,one_giant,1e-05,1,0.5825932504440497,1e-07,1
0.9084465905993224,8,1371.7421124828531,1246.1544452665603,True,0.09155340940067758,0.28,36,0.09,256,2,1.0,400,one_giant,1e-05,1,0.5303867403314917,1e-07,1
0.9199463680100954,8,1371.7421124828531,1261.9291742250966,True,0.08005363198990456,0.30000000000000004,36,0.09,271,2,1.0,400,one_giant,1e-05,1,0.48863636363636365,1e-07,1
0.92973576182695,8,1371.7421124828531,1275.3576979793552,True,0.07026423817305005,0.32,36,0.09,290,2,1.0,400,one_giant,1e-05,1,0.4322200392927308,1e-07,1
0.8099539170506912,8,3641.3290851160673,2949.3087557603685,True,0.1900460829493088,0.34,26,0.065,306,2,1.0,400,one_giant,1e-05,1,0.38133874239350907,1e-07,1
0.8389498806682577,8,3641.3290851160673,3054.892601431981,True,0.1610501193317423,0.36000000000000004,26,0.065,320,2,1.0,400,one_giant,1e-05,1,0.33402922755741127,1e-07,1
0.8561130053580127,8,3641.3290851160673,3117.389186556259,True,0.1438869946419873,0.38,26,0.065,330,2,1.0,400,one_giant,1e-05,1,0.29850746268656714,1e-07,1
0.895364238410596,8,3641.3290851160673,3260.3158430973,True,0.10463576158940402,0.4,26,0.065,341,2,1.0,400,one_giant,1e-05,1,0.2576419213973799,1e-07,1
0.9218504143501521,8,3641.3290851160673,3356.760725899507,True,0.07814958564984786,0.42000000000000004,26,0.065,351,2,1.0,400,one_giant,1e-05,1,0.21875,1e-07,1
0.931820591665783,8,3641.3290851160673,3393.0654225426783,True,0.06817940833421698,0.44,26,0.065,358,2,1.0,400,one_giant,1e-05,1,0.1904761904761905,1e-07,1
0.9542838527527419,8,3641.3290851160673,3474.8615484851775,True,0.04571614724725814,0.46,26,0.065,361,2,1.0,400,one_giant,1e-05,1,0.1780821917808219,1e-07,1
0.9649719995607774,8,3641.3290851160673,3513.7806083232676,True,0.035028000439222606,0.48000000000000004,26,0.065,365,2,1.0,400,one_giant,1e-05,1,0.16129032258064516,1e-07,1
0.9682116743090842,8,4096.0,3965.7950179700088,True,0.03178832569091583,0.5,25,0.0625,369,2,1.0,400,one_giant,1e-05,1,0.1441860465116279,1e-07,1
1.0,8,1.0,1.0,True,0.0,0.02,400,1.0,1,2,1.0,400,one_giant,1e-05,2,0.022140938076586934,1e-07,1
1.0,8,1.0,1.0,True,0.0,0.04,400,1.0,1,2,1.0,400,one_giant,1e-05,2,0.06860215053763441,1e-07,1
1.0,8,1.0,1.0,True,0.0,0.06,400,1.0,1,2,1.0,400,one_giant,1e-05,2,0.24873096446700507,1e-07,1
0.9999983881507463,8,1.2136296296296296,1.2136276734416167,True,1.6118492537353646e-06,0.08,375,0.9375,20,2,1.0,400,one_giant,1e-05,2,0.58848167539267,1e-07,1
0.9999203895662907,8,4.047238610201027,4.0469164077799435,True,7.961043370929843e-05,0.1,251,0.6275,79,2,1.0,400,one_giant,1e-05,2,0.7154255319148937,1e-07,1
0.9981917483187347,8,18.58870486393794,18.555091807115183,True,0.0018082516812653049,0.12000000000000001,151,0.3775,115,2,1.0,400,one_giant,1e-05,2,0.7314949201741654,1e-07,1
0.9804950991511563,8,194.81962442429278,191.019686966488,True,0.01950490084884371,0.13999999999999999,69,0.1725,173,2,1.0,400,one_giant,1e-05,2,0.6953748006379585,1e-07,1
0.98274724549713,8,268.53747776174015,263.9044665830969,True,0.017252754502870005,0.16,62,0.155,205,2,1.0,400,one_giant,1e-05,2,0.6374367622259696,1e-07,1
0.981347161840473,8,364.4314868804665,357.6338053354493,True,0.018652838159527008,0.18,56,0.14,240,2,1.0,400,one_giant,1e-05,2,0.5617173524150268,1e-07,1
0.9842927291013429,8,384.6731780616078,378.6310122463468,True,0.01570727089865709,0.19999999999999998,55,0.1375,269,2,1.0,400,one_giant,1e-05,2,0.4830188679245283,1e-07,1
0.9821176026902165,8,512.0,502.84421257739086,True,0.01788239730978347,0.22,50,0.125,296,2,1.0,400,one_giant,1e-05,2,0.4055666003976143,1e-07,1
0.9191176470588235,8,1492.7113702623906,1371.977362373521,True,0.08088235294117652,0.24,35,0.0875,321,2,1.0,400,one_giant,1e-05,2,0.3305439330543933,1e-07,1
0.9225588501097388,8,1492.7113702623906,1377.1140852950036,True,0.07744114989026119,0.26,35,0.0875,332,2,1.0,400,one_giant,1e-05,2,0.291220556745182,1e-07,1
0.9383069987306868,8,1492.7113702623906,1400.6215258020748,True,0.06169300126931321,0.28,35,0.0875,344,2,1.0,400,one_giant,1e-05,2,0.24615384615384614,1e-07,1
0.9646537371192009,8,1492.7113702623906,1439.9496017639383,True,0.03534626288079912,0.30000000000000004,35,0.0875,351,2,1.0,400,one_giant,1e-05,2,0.21875,1e-07,1
0.981211094837056,8,1492.7113702623906,1464.6649578908825,True,0.01878890516294396,0.32,35,0.0875,356,2,1.0,400,one_giant,1e-05,2,0.1986455981941309,1e-07,1
0.987448180561953,8,1492.7113702623906,1473.9751266697374,True,0.012551819438046952,0.34,35,0.0875,359,2,1.0,400,one_giant,1e-05,2,0.18636363636363637,1e-07,1
0.9904592496765847,8,1492.7113702623906,1478.4697837737942,True,0.009540750323415281,0.36000000000000004,35,0.0875,362,2,1.0,400,one_giant,1e-05,2,0.17391304347826084,1e-07,1
0.990871273399584,8,1492.7113702623906,1479.084816269933,True,0.00912872660041597,0.38,35,0.0875,363,2,1.0,400,one_giant,1e-05,2,0.16972477064220184,1e-07,1
0.9914211719002913,8,1492.7113702623906,1479.905656014429,True,0.008578828099708669,0.4,35,0.0875,365,2,1.0,400,one_giant,1e-05,2,0.16129032258064516,1e-07,1
0.991558741905643,8,1492.7113702623906,1480.1110083256244,True,0.00844125809435703,0.42000000000000004,35,0.0875,366,2,1.0,400,one_giant,1e-05,2,0.15704387990762125,1e-07,1
0.991558741905643,8,1492.7113702623906,1480.1110083256244,True,0.00844125809435703,0.44,35,0.0875,366,2,1.0,400,one_giant,1e-05,2,0.15704387990762125,1e-07,1
0.991558741905643,8,1492.7113702623906,1480.1110083256244,True,0.00844125809435703,0.46,35,0.0875,366,2,1.0,400,one_giant,1e-05,2,0.15704387990762125,1e-07,1
0.991558741905643,8,1492.7113702623906,1480.1110083256244,True,0.00844125809435703,0.48000000000000004,35,0.0875,366,2,1.0,400,one_giant,1e-05,2,0.15704387990762125,1e-07,1
0.5249324932493249,8,10973.936899862825,5760.576057605761,True,0.4750675067506751,0.5,18,0.045,367,2,1.0,400,one_giant,1e-05,2,0.1527777777777778,1e-07,1
1.0,8,1.0,1.0,True,0.0,0.02,400,1.0,1,5,1.0,400,one_giant,1e-05,0,0.07772380291464262,1e-07,1
0.9999967753850142,8,1.2432290637117598,1.24322505477669,True,3.224614985808394e-06,0.04,372,0.93,17,5,1.0,400,one_giant,1e-05,0,0.6269592476489028,1e-07,1
0.9998796404225877,8,4.5157914404302195,4.515247921680767,True,0.00012035957741229897,0.06,242,0.605,79,5,1.0,400,one_giant,1e-05,0,0.7595628415300546,1e-07,1
0.9920704486617609,8,82.18952905399853,81.53780296389914,True,0.007929551338239138,0.08,92,0.23,161,5,1.0,400,one_giant,1e-05,0,0.7093750000000001,1e-07,1
0.9886023450960859,8,164.5172318947501,162.64212125986654,True,0.01139765490391409,0.1,73,0.1825,210,5,1.0,400,one_giant,1e-05,0,0.634974533106961,1e-07,1
0.5946880688399802,8,1780.8943428778139,1059.0766175740525,True,0.40531193116001984,0.12000000000000001,33,0.0825,266,5,1.0,400,one_giant,1e-05,0,0.49530956848030017,1e-07,1
0.5692910376457099,8,2148.299822093921,1223.0078348939423,True,0.4307089623542901,0.13999999999999999,31,0.0775,323,5,1.0,400,one_giant,1e-05,0,0.3235294117647059,1e-07,1
0.5717822732332732,8,2148.299822093921,1228.3597558634985,True,0.42821772676672676,0.16,31,0.0775,340,5,1.0,400,one_giant,1e-05,0,0.26143790849673204,1e-07,1
0.5719798786575532,8,2148.299822093921,1228.784271561324,True,0.4280201213424468,0.18,31,0.0775,343,5,1.0,400,one_giant,1e-05,0,0.25,1e-07,1
0.5719798786575532,8,2148.299822093921,1228.784271561324,True,0.4280201213424468,0.19999999999999998,31,0.0775,343,5,1.0,400,one_giant,1e-05,0,0.25,1e-07,1
0.5719798786575532,8,2148.299822093921,1228.784271561324,True,0.4280201213424468,0.22,31,0.0775,343,5,1.0,400,one_giant,1e-05,0,0.25,1e-07,1
0.5719798786575532,8,2148.299822093921,1228.784271561324,True,0.4280201213424468,0.24,31,0.0775,343,5,1.0,400,one_giant,1e-05,0,0.25,1e-07,1
0.5719798786575532,8,2148.299822093921,1228.784271561324,True,0.4280201213424468,0.26,31,0.0775,343,5,1.0,400,one_giant,1e-05,0,0.25,1e-07,1
0.5719798786575532,8,2148.299822093921,1228.784271561324,True,0.4280201213424468,0.28,31,0.0775,343,5,1.0,400,one_giant,1e-05,0,0.25,1e-07,1
0.5719798786575532,8,2148.299822093921,1228.784271561324,True,0.4280201213424468,0.30000000000000004,31,0.0775,343,5,1.0,400,one_giant,1e-05,0,0.25,1e-07,1
0.5719798786575532,8,2148.299822093921,1228.784271561324,True,0.4280201213424468,0.32,31,0.0775,343,5,1.0,400,one_giant,1e-05,0,0.25,1e-07,1
0.5719798786575532,8,2148.299822093921,1228.784271561324,True,0.4280201213424468,0.34,31,0.0775,343,5,1.0,400,one_giant,1e-05,0,0.25,1e-07,1
0.5719798786575532,8,2148.299822093921,1228.784271561324,True,0.4280201213424468,0.36000000000000004,31,0.0775,343,5,1.0,400,one_giant,1e-05,0,0.25,1e-07,1
0.5719798786575532,8,2148.299822093921,1228.784271561324,True,0.4280201213424468,0.38,31,0.0775,343,5,1.0,400,one_giant,1e-05,0,0.25,1e-07,1
0.5719798786575532,8,2148.299822093921,1228.784271561324,True,0.4280201213424468,0.4,31,0.0775,343,5,1.0,400,one_giant,1e-05,0,0.25,1e-07,1
0.6244183609306225,8,2148.299822093921,1341.437853699434,True,0.37558163906937747,0.42000000000000004,31,0.0775,345,5,1.0,400,one_giant,1e-05,0,0.24229074889867838,1e-07,1
0.8051621621621622,8,2148.299822093921,1729.7297297297298,True,0.1948378378378378,0.44,31,0.0775,352,5,1.0,400,one_giant,1e-05,0,0.21476510067114093,1e-07,1
0.9345902873635337,8,2148.299822093921,2007.780148073786,True,0.06540971263646633,0.46,31,0.0775,359,5,1.0,400,one_giant,1e-05,0,0.18636363636363637,1e-07,1
0.9858041032428855,8,2148.299822093921,2117.802779616148,True,0.014195896757114523,0.48000000000000004,31,0.0775,367,5,1.0,400,one_giant,1e-05,0,0.1527777777777778,1e-07,1
0.9875687860505205,8,2148.299822093921,2121.5938473778424,True,0.012431213949479547,0.5,31,0.0775,369,5,1.0,400,one_giant,1e-05,0,0.1441860465116279,1e-07,1
1.0,8,1.0,1.0,True,0.0,0.02,400,1.0,1,5,1.0,400,one_giant,1e-05,1,0.03301737040228581,1e-07,1
1.0,8,1.0,1.0,True,0.0,0.04,400,1.0,1,5,1.0,400,one_giant,1e-05,1,0.16720577258024386,1e-07,1
0.999998148499659,8,1.184962412251682,1.1849602182933714,True,1.8515003410435327e-06,0.06,378,0.945,17,5,1.0,400,one_giant,1e-05,1,0.6125954198473282,1e-07,1
0.9998317064261966,8,3.3248770626706077,3.324317507227274,True,0.00016829357380343524,0.08,268,0.67,51,5,1.0,400,one_giant,1e-05,1,0.8108808290155441,1e-07,1
0.9956511910050831,8,16.858005023685497,16.78469277980214,True,0.004348808994916853,0.1,156,0.39,78,5,1.0,400,one_giant,1e-05,1,0.8386206896551723,1e-07,1
0.985004894705245,8,58.569066198602215,57.690816883938695,True,0.014995105294755007,0.12000000000000001,103,0.2575,96,5,1.0,400,one_giant,1e-05,1,0.8425531914893618,1e-07,1
0.9799708218383036,8,129.80717549727302,127.20724445257157,True,0.02002917816169636,0.13999999999999999,79,0.1975,119,5,1.0,400,one_giant,1e-05,1,0.8193832599118942,1e-07,1
0.8062669876524035,8,616.4337381890333,497.0101731769822,True,0.19373301234759654,0.16,47,0.1175,137,5,1.0,400,one_giant,1e-05,1,0.7915407854984894,1e-07,1
0.8554769151784077,8,1371.7421124828531,1173.4937108071435,True,0.14452308482159226,0.18,36,0.09,169,5,1.0,400,one_giant,1e-05,1,0.7333333333333334,1e-07,1
0.8644162003927817,8,1371.7421124828531,1185.7561047911959,True,0.13558379960721834,0.19999999999999998,36,0.09,183,5,1.0,400,one_giant,1e-05,1,0.7045454545454546,1e-07,1
0.8792733029286495,8,1371.7421124828531,1206.1362180091214,True,0.12072669707135053,0.22,36,0.09,206,5,1.0,400,one_giant,1e-05,1,0.6543001686340641,1e-07,1
0.8845745487638405,8,1371.7421124828531,1213.4081601698772,True,0.11542545123615955,0.24,36,0.09,221,5,1.0,400,one_giant,1e-05,1,0.6193771626297577,1e-07,1
0.720327868852459,8,3641.3290851160673,2622.9508196721313,True,0.27967213114754097,0.26,26,0.065,234,5,1.0,400,one_giant,1e-05,1,0.5876106194690265,1e-07,1
0.7416659633724365,8,3641.3290851160673,2700.649843868681,True,0.2583340366275635,0.28,26,0.065,254,5,1.0,400,one_giant,1e-05,1,0.5357798165137615,1e-07,1
0.7649055618417617,8,3641.3290851160673,2785.2728697014536,True,0.23509443815823827,0.30000000000000004,26,0.065,271,5,1.0,400,one_giant,1e-05,1,0.48863636363636365,1e-07,1
0.7995632790464926,8,3641.3290851160673,2911.4730233827677,True,0.2004367209535074,0.32,26,0.065,297,5,1.0,400,one_giant,1e-05,1,0.41035856573705176,1e-07,1
0.816728624535316,8,3641.3290851160673,2973.977695167286,True,0.18327137546468397,0.34,26,0.065,306,5,1.0,400,one_giant,1e-05,1,0.38133874239350907,1e-07,1
0.8420850900728248,8,3641.3290851160673,3066.3089306247603,True,0.15791490992717516,0.36000000000000004,26,0.065,320,5,1.0,400,one_giant,1e-05,1,0.33402922755741127,1e-07,1
0.8563632820113039,8,3641.3290851160673,3118.3005262132137,True,0.14363671798869615,0.38,26,0.065,331,5,1.0,400,one_giant,1e-05,1,0.2948717948717949,1e-07,1
0.4854718066743383,8,18962.962962962964,9205.983889528194,True,0.5145281933256617,0.4,15,0.0375,345,5,1.0,400,one_giant,1e-05,1,0.24229074889867838,1e-07,1
0.5055422408627921,8,18962.962962962964,9586.578789694428,True,0.4944577591372079,0.42000000000000004,15,0.0375,349,5,1.0,400,one_giant,1e-05,1,0.22666666666666666,1e-07,1
0.5712593094109681,8,18962.962962962964,10832.76912660799,True,0.42874069058903186,0.44,15,0.0375,356,5,1.0,400,one_giant,1e-05,1,0.1986455981941309,1e-07,1
0.6005338078291815,8,18962.962962962964,11387.900355871887,True,0.39946619217081847,0.46,15,0.0375,361,5,1.0,400,one_giant,1e-05,1,0.1780821917808219,1e-07,1
0.6136363636363636,8,18962.962962962964,11636.363636363636,True,0.38636363636363635,0.48000000000000004,15,0.0375,365,5,1.0,400,one_giant,1e-05,1,0.16129032258064516,1e-07,1
0.635114791117802,8,18962.962962962964,12043.658261196839,True,0.364885208882198,0.5,15,0.0375,369,5,1.0,400,one_giant,1e-05,1,0.1441860465116279,1e-07,1
1.0,8,1.0,1.0,True,0.0,0.02,400,1.0,1,5,1.0,400,one_giant,1e-05,2,0.04227082821332022,1e-07,1
1.0,8,1.0,1.0,True,0.0,0.04,400,1.0,1,5,1.0,400,one_giant,1e-05,2,0.32415584415584414,1e-07,1
0.9999724085354699,8,2.148299822093921,2.1482405473555795,True,2.759146453013006e-05,0.06,310,0.775,48,5,1.0,400,one_giant,1e-05,2,0.7259259259259261,1e-07,1
0.9879801442223507,8,17.18639857675137,16.97982054452162,True,0.012019855777649302,0.08,155,0.3875,97,5,1.0,400,one_giant,1e-05,2,0.792079207920792,1e-07,1
0.9807452695619296,8,140.18701824402618,137.4877549968206,True,0.019254730438070355,0.1,77,0.1925,125,5,1.0,400,one_giant,1e-05,2,0.7917282127031019,1e-07,1
0.9665900443880786,8,328.0167288531715,317.0577045022194,True,0.033409955611921394,0.12000000000000001,58,0.145,152,5,1.0,400,one_giant,1e-05,2,0.7550077041602464,1e-07,1
0.8502220988339811,8,1492.7113702623906,1269.1361941778378,True,0.14977790116601886,0.13999999999999999,35,0.0875,185,5,1.0,400,one_giant,1e-05,2,0.7003257328990228,1e-07,1
0.8705230244457078,8,1492.7113702623906,1299.439616665313,True,0.12947697555429216,0.16,35,0.0875,220,5,1.0,400,one_giant,1e-05,2,0.6217616580310881,1e-07,1
0.8848598670904363,8,1492.7113702623906,1320.840384694762,True,0.11514013290956371,0.18,35,0.0875,247,5,1.0,400,one_giant,1e-05,2,0.5543478260869565,1e-07,1
0.8951686988475029,8,1492.7113702623906,1336.2284950726573,True,0.10483130115249706,0.19999999999999998,35,0.0875,277,5,1.0,400,one_giant,1e-05,2,0.47126436781609193,1e-07,1
0.902175742782594,8,1492.7113702623906,1346.687989226496,True,0.09782425721740595,0.22,35,0.0875,297,5,1.0,400,one_giant,1e-05,2,0.41035856573705176,1e-07,1
0.9075610685407053,8,1492.7113702623906,1354.7267262181956,True,0.09243893145929472,0.24,35,0.0875,327,5,1.0,400,one_giant,1e-05,2,0.3093220338983051,1e-07,1
0.9380606484925392,8,1492.7113702623906,1400.2537960005252,True,0.06193935150746077,0.26,35,0.0875,344,5,1.0,400,one_giant,1e-05,2,0.24615384615384614,1e-07,1
0.9430123608850569,8,1492.7113702623906,1407.6452733911055,True,0.05698763911494309,0.28,35,0.0875,347,5,1.0,400,one_giant,1e-05,2,0.2345132743362832,1e-07,1
0.9575442201179203,8,1492.7113702623906,1429.337144899053,True,0.042455779882079714,0.30000000000000004,35,0.0875,350,5,1.0,400,one_giant,1e-05,2,0.22271714922049,1e-07,1
0.9825602713355944,8,1492.7113702623906,1466.6788889907416,True,0.017439728664405574,0.32,35,0.0875,357,5,1.0,400,one_giant,1e-05,2,0.1945701357466063,1e-07,1
0.9886777659917908,8,1492.7113702623906,1475.8105428215654,True,0.011322234008209198,0.34,35,0.0875,361,5,1.0,400,one_giant,1e-05,2,0.1780821917808219,1e-07,1
0.9901847575057737,8,1492.7113702623906,1478.0600461893764,True,0.009815242494226273,0.36000000000000004,35,0.0875,363,5,1.0,400,one_giant,1e-05,2,0.16972477064220184,1e-07,1
0.9914211719002913,8,1492.7113702623906,1479.905656014429,True,0.008578828099708669,0.38,35,0.0875,365,5,1.0,400,one_giant,1e-05,2,0.16129032258064516,1e-07,1
0.9914211719002913,8,1492.7113702623906,1479.905656014429,True,0.008578828099708669,0.4,35,0.0875,365,5,1.0,400,one_giant,1e-05,2,0.16129032258064516,1e-07,1
0.991558741905643,8,1492.7113702623906,1480.1110083256244,True,0.00844125809435703,0.42000000000000004,35,0.0875,366,5,1.0,400,one_giant,1e-05,2,0.15704387990762125,1e-07,1
0.991558741905643,8,1492.7113702623906,1480.1110083256244,True,0.00844125809435703,0.44,35,0.0875,366,5,1.0,400,one_giant,1e-05,2,0.15704387990762125,1e-07,1
0.991558741905643,8,1492.7113702623906,1480.1110083256244,True,0.00844125809435703,0.46,35,0.0875,366,5,1.0,400,one_giant,1e-05,2,0.15704387990762125,1e-07,1
0.991558741905643,8,1492.7113702623906,1480.1110083256244,True,0.00844125809435703,0.48000000000000004,35,0.0875,366,5,1.0,400,one_giant,1e-05,2,0.15704387990762125,1e-07,1
0.991558741905643,8,1492.7113702623906,1480.1110083256244,True,0.00844125809435703,0.5,35,0.0875,366,5,1.0,400,one_giant,1e-05,2,0.15704387990762125,1e-07,1
1.0,8,1.0,1.0,True,0.0,0.02,400,1.0,1,10,1.0,400,one_giant,1e-05,0,0.2519025875190259,1e-07,1
0.9999160225968372,8,3.0112073845344294,3.010954511157892,True,8.397740316279378e-05,0.04,277,0.6925,53,10,1.0,400,one_giant,1e-05,0,0.7848761408083441,1e-07,1
0.9920295461204907,8,67.9988780185127,67.45689609740776,True,0.007970453879509343,0.06,98,0.245,115,10,1.0,400,one_giant,1e-05,0,0.8099415204678363,1e-07,1
0.4978276127134788,8,2148.299822093921,1069.482971825808,True,0.5021723872865211,0.08,31,0.0775,168,10,1.0,400,one_giant,1e-05,0,0.7353407290015848,1e-07,1
0.5151300318162955,8,2148.299822093921,1106.6537557061833,True,0.48486996818370454,0.1,31,0.0775,209,10,1.0,400,one_giant,1e-05,0,0.6474576271186441,1e-07,1
0.553736059479554,8,2148.299822093921,1189.5910780669144,True,0.44626394052044605,0.12000000000000001,31,0.0775,279,10,1.0,400,one_giant,1e-05,0,0.4653846153846154,1e-07,1
0.5696175908221798,8,2148.299822093921,1223.7093690248566,True,0.4303824091778202,0.13999999999999999,31,0.0775,325,10,1.0,400,one_giant,1e-05,0,0.3164556962025316,1e-07,1
0.5719139950086389,8,2148.299822093921,1228.6427337300825,True,0.42808600499136107,0.16,31,0.0775,342,10,1.0,400,one_giant,1e-05,0,0.2538293216630197,1e-07,1
0.5719798786575532,8,2148.299822093921,1228.784271561324,True,0.4280201213424468,0.18,31,0.0775,343,10,1.0,400,one_giant,1e-05,0,0.25,1e-07,1
0.5719798786575532,8,2148.299822093921,1228.784271561324,True,0.4280201213424468,0.19999999999999998,31,0.0775,343,10,1.0,400,one_giant,1e-05,0,0.25,1e-07,1
0.5719798786575532,8,2148.299822093921,1228.784271561324,True,0.4280201213424468,0.22,31,0.0775,343,10,1.0,400,one_giant,1e-05,0,0.25,1e-07,1
0.5719798786575532,8,2148.299822093921,1228.784271561324,True,0.4280201213424468,0.24,31,0.0775,343,10,1.0,400,one_giant,1e-05,0,0.25,1e-07,1
0.5719798786575532,8,2148.299822093921,1228.784271561324,True,0.4280201213424468,0.26,31,0.0775,343,10,1.0,400,one_giant,1e-05,0,0.25,1e-07,1
0.5719798786575532,8,2148.299822093921,1228.784271561324,True,0.4280201213424468,0.28,31,0.0775,343,10,1.0,400,one_giant,1e-05,0,0.25,1e-07,1
0.5719798786575532,8,2148.299822093921,1228.784271561324,True,0.4280201213424468,0.30000000000000004,31,0.0775,343,10,1.0,400,one_giant,1e-05,0,0.25,1e-07,1
0.5719798786575532,8,2148.299822093921,1228.784271561324,True,0.4280201213424468,0.32,31,0.0775,343,10,1.0,400,one_giant,1e-05,0,0.25,1e-07,1
0.5719798786575532,8,2148.299822093921,1228.784271561324,True,0.4280201213424468,0.34,31,0.0775,343,10,1.0,400,one_giant,1e-05,0,0.25,1e-07,1
0.5719798786575532,8,2148.299822093921,1228.784271561324,True,0.4280201213424468,0.36000000000000004,31,0.0775,343,10,1.0,400,one_giant,1e-05,0,0.25,1e-07,1
0.5719798786575532,8,2148.299822093921,1228.784271561324,True,0.4280201213424468,0.38,31,0.0775,343,10,1.0,400,one_giant,1e-05,0,0.25,1e-07,1
0.5719798786575532,8,2148.299822093921,1228.784271561324,True,0.4280201213424468,0.4,31,0.0775,343,10,1.0,400,one_giant,1e-05,0,0.25,1e-07,1
0.6244183609306225,8,2148.299822093921,1341.437853699434,True,0.37558163906937747,0.42000000000000004,31,0.0775,345,10,1.0,400,one_giant,1e-05,0,0.24229074889867838,1e-07,1
0.8051621621621622,8,2148.299822093921,1729.7297297297298,True,0.1948378378378378,0.44,31,0.0775,352,10,1.0,400,one_giant,1e-05,0,0.21476510067114093,1e-07,1
0.9563723916532906,8,2148.299822093921,2054.5746388443017,True,0.04362760834670942,0.46,31,0.0775,361,10,1.0,400,one_giant,1e-05,0,0.1780821917808219,1e-07,1
0.9858041032428855,8,2148.299822093921,2117.802779616148,True,0.014195896757114523,0.48000000000000004,31,0.0775,367,10,1.0,400,one_giant,1e-05,0,0.1527777777777778,1e-07,1
0.9875687860505205,8,2148.299822093921,2121.5938473778424,True,0.012431213949479547,0.5,31,0.0775,369,10,1.0,400,one_giant,1e-05,0,0.1441860465116279,1e-07,1
1.0,8,1.0,1.0,True,0.0,0.02,400,1.0,1,10,1.0,400,one_giant,1e-05,1,0.06420657768472476,1e-07,1
0.9999997675820139,8,1.062482469039261,1.0624822220992252,True,2.3241798607909203e-07,0.04,392,0.98,8,10,1.0,400,one_giant,1e-05,1,0.5574043261231282,1e-07,1
0.9995911465285142,8,4.460270040080405,4.458446443190754,True,0.00040885347148578166,0.06,243,0.6075,57,10,1.0,400,one_giant,1e-05,1,0.8394736842105263,1e-07,1
0.9460869390311883,8,97.19014188242119,91.95032383754676,True,0.053913060968811655,0.08,87,0.2175,81,10,1.0,400,one_giant,1e-05,1,0.8654646324549237,1e-07,1
0.8258219848017455,8,364.4314868804665,300.9555338198781,True,0.1741780151982545,0.1,56,0.14,92,10,1.0,400,one_giant,1e-05,1,0.8684582743988685,1e-07,1
0.5615792007703418,8,1371.7421124828531,770.341839191141,True,0.43842079922965815,0.12000000000000001,36,0.09,102,10,1.0,400,one_giant,1e-05,1,0.8550932568149211,1e-07,1
0.5989524494197391,8,1371.7421124828531,821.6082982438122,True,0.40104755058026087,0.13999999999999999,36,0.09,120,10,1.0,400,one_giant,1e-05,1,0.8247422680412371,1e-07,1
0.6425561217463159,8,1371.7421124828531,881.4212918330809,True,0.35744387825368407,0.16,36,0.09,147,10,1.0,400,one_giant,1e-05,1,0.7760736196319018,1e-07,1
0.7922836571118055,8,1371.7421124828531,1086.8088574921885,True,0.20771634288819452,0.18,36,0.09,165,10,1.0,400,one_giant,1e-05,1,0.7413249211356467,1e-07,1
0.8646084281531448,8,1371.7421124828531,1186.019791705274,True,0.13539157184685524,0.19999999999999998,36,0.09,183,10,1.0,400,one_giant,1e-05,1,0.7045454545454546,1e-07,1
0.8781809968378256,8,1371.7421124828531,1204.6378557446167,True,0.12181900316217442,0.22,36,0.09,208,10,1.0,400,one_giant,1e-05,1,0.649746192893401,1e-07,1
0.710371029019481,8,3641.3290851160673,2586.6946891924663,True,0.289628970980519,0.24,26,0.065,221,10,1.0,400,one_giant,1e-05,1,0.6193771626297577,1e-07,1
0.7237091328337314,8,3641.3290851160673,2635.2631145515934,True,0.2762908671662686,0.26,26,0.065,234,10,1.0,400,one_giant,1e-05,1,0.5876106194690265,1e-07,1
0.7329441201000834,8,3641.3290851160673,2668.8907422852376,True,0.26705587989991664,0.28,26,0.065,246,10,1.0,400,one_giant,1e-05,1,0.5569620253164557,1e-07,1
0.7645063070900392,8,3641.3290851160673,2783.8190517616354,True,0.2354936929099608,0.30000000000000004,26,0.065,269,10,1.0,400,one_giant,1e-05,1,0.4943396226415094,1e-07,1
0.36869128249945377,8,18962.962962962964,6991.479134804457,True,0.6313087175005463,0.32,15,0.0375,296,10,1.0,400,one_giant,1e-05,1,0.4135188866799205,1e-07,1
0.3848346636259977,8,18962.962962962964,7297.605473204105,True,0.6151653363740023,0.34,15,0.0375,307,10,1.0,400,one_giant,1e-05,1,0.3780487804878049,1e-07,1
0.4243148101584109,8,18962.962962962964,8046.266029670606,True,0.5756851898415891,0.36000000000000004,15,0.0375,320,10,1.0,400,one_giant,1e-05,1,0.33402922755741127,1e-07,1
0.43347033136398666,8,18962.962962962964,8219.881839198562,True,0.5665296686360133,0.38,15,0.0375,330,10,1.0,400,one_giant,1e-05,1,0.29850746268656714,1e-07,1
0.4809062410943289,8,18962.962962962964,9119.407238529495,True,0.5190937589056711,0.4,15,0.0375,341,10,1.0,400,one_giant,1e-05,1,0.2576419213973799,1e-07,1
0.5059970014992504,8,18962.962962962964,9595.2023988006,True,0.4940029985007496,0.42000000000000004,15,0.0375,350,10,1.0,400,one_giant,1e-05,1,0.22271714922049,1e-07,1
0.5527350147396004,8,18962.962962962964,10481.49361283983,True,0.4472649852603996,0.44,15,0.0375,356,10,1.0,400,one_giant,1e-05,1,0.1986455981941309,1e-07,1
0.5789022298456261,8,18962.962962962964,10977.70154373928,True,0.4210977701543739,0.46,15,0.0375,360,10,1.0,400,one_giant,1e-05,1,0.18223234624145784,1e-07,1
0.6238447319778189,8,18962.962962962964,11829.944547134935,True,0.37615526802218113,0.48000000000000004,15,0.0375,365,10,1.0,400,one_giant,1e-05,1,0.16129032258064516,1e-07,1
0.6343984962406015,8,18962.962962962964,12030.075187969926,True,0.3656015037593985,0.5,15,0.0375,368,10,1.0,400,one_giant,1e-05,1,0.14849187935034802,1e-07,1
1.0,8,1.0,1.0,True,0.0,0.02,400,1.0,1,10,1.0,400,one_giant,1e-05,2,0.10027855153203342,1e-07,1
0.999992786721189,8,1.518595966912831,1.5185850128567204,True,7.213278811035728e-06,0.04,348,0.87,31,10,1.0,400,one_giant,1e-05,2,0.7197231833910035,1e-07,1
0.9993454310920796,8,9.04224537037037,9.036326597693138,True,0.000654568907920372,0.06,192,0.48,84,10,1.0,400,one_giant,1e-05,2,0.8156424581005587,1e-07,1
0.9155582473386289,8,203.5416242621616,186.35421276992244,True,0.0844417526613711,0.08,68,0.17,114,10,1.0,400,one_giant,1e-05,2,0.8192419825072885,1e-07,1
0.9220465006491207,8,512.0,472.0878083323498,True,0.07795349935087925,0.1,50,0.125,129,10,1.0,400,one_giant,1e-05,2,0.8017883755588674,1e-07,1
0.9323014443891039,8,657.5162324319882,613.0033332056244,True,0.0676985556108961,0.12000000000000001,46,0.115,150,10,1.0,400,one_giant,1e-05,2,0.7673343605546996,1e-07,1
0.941663603119014,8,657.5162324319882,619.1591045411451,True,0.05833639688098602,0.13999999999999999,46,0.115,191,10,1.0,400,one_giant,1e-05,2,0.6842105263157896,1e-07,1
0.871584810538299,8,1492.7113702623906,1301.0245568385103,True,0.12841518946170105,0.16,35,0.0875,224,10,1.0,400,one_giant,1e-05,2,0.6121739130434782,1e-07,1
0.8903725547202724,8,1492.7113702623906,1329.0692362005234,True,0.10962744527972756,0.18,35,0.0875,255,10,1.0,400,one_giant,1e-05,2,0.5330882352941176,1e-07,1
0.8936015006252606,8,1492.7113702623906,1333.8891204668612,True,0.10639849937473944,0.19999999999999998,35,0.0875,273,10,1.0,400,one_giant,1e-05,2,0.48288973384030415,1e-07,1
0.8999034505918898,8,1492.7113702623906,1343.2961128368736,True,0.10009654940811019,0.22,35,0.0875,302,10,1.0,400,one_giant,1e-05,2,0.3943661971830986,1e-07,1
0.9197091252305977,8,1492.7113702623906,1372.86026856579,True,0.08029087476940233,0.24,35,0.0875,334,10,1.0,400,one_giant,1e-05,2,0.2838709677419355,1e-07,1
0.928673540114365,8,1492.7113702623906,1386.241552590539,True,0.07132645988563502,0.26,35,0.0875,344,10,1.0,400,one_giant,1e-05,2,0.24615384615384614,1e-07,1
0.936830835117773,8,1492.7113702623906,1398.4180395927108,True,0.06316916488222701,0.28,35,0.0875,347,10,1.0,400,one_giant,1e-05,2,0.2345132743362832,1e-07,1
0.9725309622102255,8,1492.7113702623906,1451.7080252234268,True,0.027469037789774498,0.30000000000000004,35,0.0875,353,10,1.0,400,one_giant,1e-05,2,0.210762331838565,1e-07,1
0.9839131632091059,8,1492.7113702623906,1468.6983660730677,True,0.016086836790894066,0.32,35,0.0875,360,10,1.0,400,one_giant,1e-05,2,0.18223234624145784,1e-07,1
0.9888145756457565,8,1492.7113702623906,1476.0147601476015,True,0.011185424354243523,0.34,35,0.0875,362,10,1.0,400,one_giant,1e-05,2,0.17391304347826084,1e-07,1
0.9914211719002913,8,1492.7113702623906,1479.905656014429,True,0.008578828099708669,0.36000000000000004,35,0.0875,365,10,1.0,400,one_giant,1e-05,2,0.16129032258064516,1e-07,1
0.991558741905643,8,1492.7113702623906,1480.1110083256244,True,0.00844125809435703,0.38,35,0.0875,366,10,1.0,400,one_giant,1e-05,2,0.15704387990762125,1e-07,1
0.991558741905643,8,1492.7113702623906,1480.1110083256244,True,0.00844125809435703,0.4,35,0.0875,366,10,1.0,400,one_giant,1e-05,2,0.15704387990762125,1e-07,1
0.991558741905643,8,1492.7113702623906,1480.1110083256244,True,0.00844125809435703,0.42000000000000004,35,0.0875,366,10,1.0,400,one_giant,1e-05,2,0.15704387990762125,1e-07,1
0.991558741905643,8,1492.7113702623906,1480.1110083256244,True,0.00844125809435703,0.44,35,0.0875,366,10,1.0,400,one_giant,1e-05,2,0.15704387990762125,1e-07,1
0.991558741905643,8,1492.7113702623906,1480.1110083256244,True,0.00844125809435703,0.46,35,0.0875,366,10,1.0,400,one_giant,1e-05,2,0.15704387990762125,1e-07,1
0.991558741905643,8,1492.7113702623906,1480.1110083256244,True,0.00844125809435703,0.48000000000000004,35,0.0875,366,10,1.0,400,one_giant,1e-05,2,0.15704387990762125,1e-07,1
0.991558741905643,8,1492.7113702623906,1480.1110083256244,True,0.00844125809435703,0.5,35,0.0875,366,10,1.0,400,one_giant,1e-05,2,0.15704387990762125,1e-07,1
1.0,8,1.0,1.0,True,0.0,0.02,800,1.0,1,2,1.0,800,one_giant,1e-05,0,0.09666152221590447,1e-07,1
0.9999854242519813,8,4.900125911223634,4.900054488223092,True,1.4575748018663681e-05,0.04,471,0.58875,237,2,1.0,800,one_giant,1e-05,0,0.5881513204853677,1e-07,1
0.9996592958064098,8,125.0,124.95741197580122,True,0.0003407041935902244,0.06,160,0.2,574,2,1.0,800,one_giant,1e-05,0,0.3111545988258317,1e-07,1
0.9986669178270761,8,928.5994109197487,927.361511599264,True,0.0013330821729239384,0.08,82,0.1025,716,2,1.0,800,one_giant,1e-05,0,0.14722536806342015,1e-07,1
0.9974534226138847,8,1780.8943428778139,1776.3591576171807,True,0.0025465773861153007,0.1,66,0.0825,735,2,1.0,800,one_giant,1e-05,0,0.14351851851851855,1e-07,1
0.9970612160265407,8,2047.6150483709064,2041.59755008294,True,0.002938783973459258,0.12000000000000001,63,0.07875,738,2,1.0,800,one_giant,1e-05,0,0.1440185830429733,1e-07,1
0.9970612160265407,8,2047.6150483709064,2041.59755008294,True,0.002938783973459258,0.13999999999999999,63,0.07875,738,2,1.0,800,one_giant,1e-05,0,0.1440185830429733,1e-07,1
0.9970612160265407,8,2047.6150483709064,2041.59755008294,True,0.002938783973459258,0.16,63,0.07875,738,2,1.0,800,one_giant,1e-05,0,0.1440185830429733,1e-07,1
0.9970612160265407,8,2047.6150483709064,2041.59755008294,True,0.002938783973459258,0.18,63,0.07875,738,2,1.0,800,one_giant,1e-05,0,0.1440185830429733,1e-07,1
0.9970612160265407,8,2047.6150483709064,2041.59755008294,True,0.002938783973459258,0.19999999999999998,63,0.07875,738,2,1.0,800,one_giant,1e-05,0,0.1440185830429733,1e-07,1
0.9970612160265407,8,2047.6150483709064,2041.59755008294,True,0.002938783973459258,0.22,63,0.07875,738,2,1.0,800,one_giant,1e-05,0,0.1440185830429733,1e-07,1
0.9970612160265407,8,2047.6150483709064,2041.59755008294,True,0.002938783973459258,0.24,63,0.07875,738,2,1.0,800,one_giant,1e-05,0,0.1440185830429733,1e-07,1
0.9970612160265407,8,2047.6150483709064,2041.59755008294,True,0.002938783973459258,0.26,63,0.07875,738,2,1.0,800,one_giant,1e-05,0,0.1440185830429733,1e-07,1
0.9970612160265407,8,2047.6150483709064,2041.59755008294,True,0.002938783973459258,0.28,63,0.07875,738,2,1.0,800,one_giant,1e-05,0,0.1440185830429733,1e-07,1
0.9970612160265407,8,2047.6150483709064,2041.59755008294,True,0.002938783973459258,0.30000000000000004,63,0.07875,738,2,1.0,800,one_giant,1e-05,0,0.1440185830429733,1e-07,1
0.9970612160265407,8,2047.6150483709064,2041.59755008294,True,0.002938783973459258,0.32,63,0.07875,738,2,1.0,800,one_giant,1e-05,0,0.1440185830429733,1e-07,1
0.9970612160265407,8,2047.6150483709064,2041.59755008294,True,0.002938783973459258,0.34,63,0.07875,738,2,1.0,800,one_giant,1e-05,0,0.1440185830429733,1e-07,1
0.9970612160265407,8,2047.6150483709064,2041.59755008294,True,0.002938783973459258,0.36000000000000004,63,0.07875,738,2,1.0,800,one_giant,1e-05,0,0.1440185830429733,1e-07,1
0.9970612160265407,8,2047.6150483709064,2041.59755008294,True,0.002938783973459258,0.38,63,0.07875,738,2,1.0,800,one_giant,1e-05,0,0.1440185830429733,1e-07,1
0.9970612160265407,8,2047.6150483709064,2041.59755008294,True,0.002938783973459258,0.4,63,0.07875,738,2,1.0,800,one_giant,1e-05,0,0.1440185830429733,1e-07,1
0.9970612160265407,8,2047.6150483709064,2041.59755008294,True,0.002938783973459258,0.42000000000000004,63,0.07875,738,2,1.0,800,one_giant,1e-05,0,0.1440185830429733,1e-07,1
0.9970612160265407,8,2047.6150483709064,2041.59755008294,True,0.002938783973459258,0.44,63,0.07875,738,2,1.0,800,one_giant,1e-05,0,0.1440185830429733,1e-07,1
0.9970612160265407,8,2047.6150483709064,2041.59755008294,True,0.002938783973459258,0.46,63,0.07875,738,2,1.0,800,one_giant,1e-05,0,0.1440185830429733,1e-07,1
0.9970612160265407,8,2047.6150483709064,2041.59755008294,True,0.002938783973459258,0.48000000000000004,63,0.07875,738,2,1.0,800,one_giant,1e-05,0,0.1440185830429733,1e-07,1
0.9970612160265407,8,2047.6150483709064,2041.59755008294,True,0.002938783973459258,0.5,63,0.07875,738,2,1.0,800,one_giant,1e-05,0,0.1440185830429733,1e-07,1
1.0,8,1.0,1.0,True,0.0,0.02,800,1.0,1,2,1.0,800,one_giant,1e-05,1,0.016422138793560127,1e-07,1
1.0,8,1.0,1.0,True,0.0,0.04,800,1.0,1,2,1.0,800,one_giant,1e-05,1,0.09008264462809919,1e-07,1
0.9999999696916848,8,1.0345238573941111,1.0345238260394358,True,3.030831519090782e-08,0.06,791,0.98875,9,2,1.0,800,one_giant,1e-05,1,0.4731595092024539,1e-07,1
0.9999673759704477,8,3.0773854244928627,3.07728502777983,True,3.262402955228616e-05,0.08,550,0.6875,113,2,1.0,800,one_giant,1e-05,1,0.7701223438506117,1e-07,1
0.9950574404219573,8,51.51747644861459,51.262848251956896,True,0.004942559578042682,0.1,215,0.26875,187,2,1.0,800,one_giant,1e-05,1,0.8227848101265823,1e-07,1
0.987678069570816,8,255.9518810463633,252.79805977489121,True,0.012321930429183947,0.12000000000000001,126,0.1575,240,2,1.0,800,one_giant,1e-05,1,0.8041085840058694,1e-07,1
0.7853616032529771,8,3641.3290851160673,2859.7600482584508,True,0.2146383967470229,0.13999999999999999,52,0.065,295,2,1.0,800,one_giant,1e-05,1,0.7668711656441718,1e-07,1
0.7326017406859541,8,6010.518407212622,4403.316247548935,True,0.2673982593140459,0.16,44,0.055,352,2,1.0,800,one_giant,1e-05,1,0.7169206094627105,1e-07,1
0.48628840063987466,8,17186.39857675137,8357.546276647841,True,0.5137115993601253,0.18,31,0.03875,405,2,1.0,800,one_giant,1e-05,1,0.661641541038526,1e-07,1
0.4988947315537395,8,17186.39857675137,8574.203704323943,True,0.5011052684462605,0.19999999999999998,31,0.03875,459,2,1.0,800,one_giant,1e-05,1,0.5982456140350877,1e-07,1
0.5127538726333907,8,17186.39857675137,8812.392426850258,True,0.4872461273666093,0.22,31,0.03875,508,2,1.0,800,one_giant,1e-05,1,0.535288725939505,1e-07,1
0.522410830147652,8,17186.39857675137,8978.360747729106,True,0.477589169852348,0.24,31,0.03875,548,2,1.0,800,one_giant,1e-05,1,0.47954329210275926,1e-07,1
0.5463231248853841,8,17186.39857675137,9389.326975976526,True,0.45367687511461585,0.26,31,0.03875,604,2,1.0,800,one_giant,1e-05,1,0.39396984924623113,1e-07,1
0.5547465643737663,8,17186.39857675137,9534.095564411009,True,0.44525343562623365,0.28,31,0.03875,650,2,1.0,800,one_giant,1e-05,1,0.3161222339304531,1e-07,1
0.563050463050463,8,17186.39857675137,9676.809676809677,True,0.436949536949537,0.30000000000000004,31,0.03875,676,2,1.0,800,one_giant,1e-05,1,0.26868905742145177,1e-07,1
0.5714093908239988,8,17186.39857675137,9820.469541199938,True,0.4285906091760012,0.32,31,0.03875,684,2,1.0,800,one_giant,1e-05,1,0.253551912568306,1e-07,1
0.7530586450960566,8,17186.39857675137,12942.36602628918,True,0.24694135490394342,0.34,31,0.03875,699,2,1.0,800,one_giant,1e-05,1,0.22444444444444445,1e-07,1
0.7583494552489564,8,17186.39857675137,13033.295998370839,True,0.24165054475104364,0.36000000000000004,31,0.03875,709,2,1.0,800,one_giant,1e-05,1,0.2044943820224719,1e-07,1
0.7647738358063357,8,17186.39857675137,13143.707963238692,True,0.23522616419366427,0.38,31,0.03875,716,2,1.0,800,one_giant,1e-05,1,0.19026047565118911,1e-07,1
0.7666632353698081,8,17186.39857675137,13176.179937207267,True,0.23333676463019193,0.4,31,0.03875,720,2,1.0,800,one_giant,1e-05,1,0.1820250284414107,1e-07,1
0.7847171004109156,8,17186.39857675137,13486.46085765462,True,0.21528289958908442,0.42000000000000004,31,0.03875,725,2,1.0,800,one_giant,1e-05,1,0.17162471395881007,1e-07,1
0.7899818596758148,8,18962.962962962964,14980.396746445082,True,0.2100181403241852,0.44,30,0.0375,729,2,1.0,800,one_giant,1e-05,1,0.16321839080459769,1e-07,1
0.814135809914365,8,18962.962962962964,15438.427210227957,True,0.18586419008563504,0.46,30,0.0375,732,2,1.0,800,one_giant,1e-05,1,0.1568627450980392,1e-07,1
0.8543222376914315,8,18962.962962962964,16200.480951778256,True,0.14567776230856855,0.48000000000000004,30,0.0375,740,2,1.0,800,one_giant,1e-05,1,0.13969732246798605,1e-07,1
0.8448926179662843,8,23323.615160349855,19705.950273266106,True,0.15510738203371566,0.5,28,0.035,747,2,1.0,800,one_giant,1e-05,1,0.12441314553990611,1e-07,1
1.0,8,1.0,1.0,True,0.0,0.02,800,1.0,1,2,1.0,800,one_giant,1e-05,2,0.02559484311309129,1e-07,1
0.9999999980395324,8,1.0037593945679353,1.0037593926000976,True,1.9604675660644943e-09,0.04,799,0.99875,2,2,1.0,800,one_giant,1e-05,2,0.3071518193224592,1e-07,1
0.9999845824699565,8,2.9788290893086473,2.9787831631216686,True,1.541753004352664e-05,0.06,556,0.695,123,2,1.0,800,one_giant,1e-05,2,0.7380025940337224,1e-07,1
0.9992864458786472,8,30.517578125,30.4958021813552,True,0.0007135541213527663,0.08,256,0.32,260,2,1.0,800,one_giant,1e-05,2,0.7403560830860533,1e-07,1
0.9858118286400253,8,336.64831100517796,331.8718870805904,True,0.014188171359974744,0.1,115,0.14375,363,2,1.0,800,one_giant,1e-05,2,0.6838709677419356,1e-07,1
0.9405313873321776,8,1371.7421124828531,1290.16651211547,True,0.05946861266782244,0.12000000000000001,72,0.09,435,2,1.0,800,one_giant,1e-05,2,0.6185567010309279,1e-07,1
0.8375144154790211,8,4351.928193184813,3644.80259692185,True,0.16248558452097894,0.13999999999999999,49,0.06125,545,2,1.0,800,one_giant,1e-05,2,0.4819734345351044,1e-07,1
0.40795473387497927,8,26012.29487374892,10611.83883269773,True,0.5920452661250207,0.16,27,0.03375,634,2,1.0,800,one_giant,1e-05,2,0.3440414507772021,1e-07,1
0.44734090909090907,8,26012.29487374892,11636.363636363636,True,0.5526590909090909,0.18,27,0.03375,687,2,1.0,800,one_giant,1e-05,2,0.24780701754385967,1e-07,1
0.49679454820797575,8,26012.29487374892,12922.766279656738,True,0.5032054517920242,0.19999999999999998,27,0.03375,707,2,1.0,800,one_giant,1e-05,2,0.20852017937219733,1e-07,1
0.5481813624463878,8,26012.29487374892,14259.455244248871,True,0.4518186375536122,0.22,27,0.03375,723,2,1.0,800,one_giant,1e-05,2,0.17579908675799089,1e-07,1
0.6199760614841879,8,26012.29487374892,16127.000125992188,True,0.38002393851581207,0.24,27,0.03375,737,2,1.0,800,one_giant,1e-05,2,0.14617169373549882,1e-07,1
0.6614800376394677,8,26012.29487374892,17206.61379217637,True,0.3385199623605323,0.26,27,0.03375,751,2,1.0,800,one_giant,1e-05,2,0.11556603773584906,1e-07,1
0.6920399409324238,8,26012.29487374892,18001.547007945996,True,0.3079600590675762,0.28,27,0.03375,754,2,1.0,800,one_giant,1e-05,2,0.10887573964497042,1e-07,1
0.776204748008518,8,26012.29487374892,20190.866787601546,True,0.22379525199148198,0.30000000000000004,27,0.03375,757,2,1.0,800,one_giant,1e-05,2,0.10213776722090262,1e-07,1
0.8693904593639576,8,26012.29487374892,22614.840989399294,True,0.13060954063604235,0.32,27,0.03375,762,2,1.0,800,one_giant,1e-05,2,0.0908004778972521,1e-07,1
0.9390744274809161,8,26012.29487374892,24427.480916030534,True,0.060925572519083926,0.34,27,0.03375,767,2,1.0,800,one_giant,1e-05,2,0.07932692307692307,1e-07,1
0.961083984375,8,26012.29487374892,25000.0,True,0.03891601562500002,0.36000000000000004,27,0.03375,772,2,1.0,800,one_giant,1e-05,2,0.06771463119709795,1e-07,1
0.9619294301632294,8,26012.29487374892,25021.99198514319,True,0.038070569836770596,0.38,27,0.03375,773,2,1.0,800,one_giant,1e-05,2,0.06537530266343826,1e-07,1
0.962211576065702,8,26012.29487374892,25029.33124755573,True,0.03778842393429804,0.4,27,0.03375,774,2,1.0,800,one_giant,1e-05,2,0.06303030303030303,1e-07,1
0.962211576065702,8,26012.29487374892,25029.33124755573,True,0.03778842393429804,0.42000000000000004,27,0.03375,774,2,1.0,800,one_giant,1e-05,2,0.06303030303030303,1e-07,1
0.962211576065702,8,26012.29487374892,25029.33124755573,True,0.03778842393429804,0.44,27,0.03375,774,2,1.0,800,one_giant,1e-05,2,0.06303030303030303,1e-07,1
0.962211576065702,8,26012.29487374892,25029.33124755573,True,0.03778842393429804,0.46,27,0.03375,774,2,1.0,800,one_giant,1e-05,2,0.06303030303030303,1e-07,1
0.962211576065702,8,26012.29487374892,25029.33124755573,True,0.03778842393429804,0.48000000000000004,27,0.03375,774,2,1.0,800,one_giant,1e-05,2,0.06303030303030303,1e-07,1
0.962211576065702,8,26012.29487374892,25029.33124755573,True,0.03778842393429804,0.5,27,0.03375,774,2,1.0,800,one_giant,1e-05,2,0.06303030303030303,1e-07,1
0.999999234032567,8,1.2332566857879905,1.2332557411535325,True,7.65967433036252e-07,0.02,746,0.9325,36,5,1.0,800,one_giant,1e-05,0,0.6371967654986523,1e-07,1
0.9994289317333183,8,34.8154255454785,34.79554356075845,True,0.0005710682666817402,0.04,245,0.30625,311,5,1.0,800,one_giant,1e-05,0,0.6785437645236252,1e-07,1
0.9943007094602775,8,1558.5569953943423,1549.674326254873,True,0.005699290539722512,0.06,69,0.08625,648,5,1.0,800,one_giant,1e-05,0,0.30736842105263157,1e-07,1
0.9970373619362813,8,2047.6150483709064,2041.5487060887594,True,0.002962638063718659,0.08,63,0.07875,737,5,1.0,800,one_giant,1e-05,0,0.14617169373549882,1e-07,1
0.9970612160265407,8,2047.6150483709064,2041.59755008294,True,0.002938783973459258,0.1,63,0.07875,738,5,1.0,800,one_giant,1e-05,0,0.1440185830429733,1e-07,1
0.9970612160265407,8,2047.6150483709064,2041.59755008294,True,0.002938783973459258,0.12000000000000001,63,0.07875,738,5,1.0,800,one_giant,1e-05,0,0.1440185830429733,1e-07,1
0.9970612160265407,8,2047.6150483709064,2041.59755008294,True,0.002938783973459258,0.13999999999999999,63,0.07875,738,5,1.0,800,one_giant,1e-05,0,0.1440185830429733,1e-07,1
0.9970612160265407,8,2047.6150483709064,2041.59755008294,True,0.002938783973459258,0.16,63,0.07875,738,5,1.0,800,one_giant,1e-05,0,0.1440185830429733,1e-07,1
0.9970612160265407,8,2047.6150483709064,2041.59755008294,True,0.002938783973459258,0.18,63,0.07875,738,5,1.0,800,one_giant,1e-05,0,0.1440185830429733,1e-07,1
0.9970612160265407,8,2047.6150483709064,2041.59755008294,True,0.002938783973459258,0.19999999999999998,63,0.07875,738,5,1.0,800,one_giant,1e-05,0,0.1440185830429733,1e-07,1
0.9970612160265407,8,2047.6150483709064,2041.59755008294,True,0.002938783973459258,0.22,63,0.07875,738,5,1.0,800,one_giant,1e-05,0,0.1440185830429733,1e-07,1
0.9970612160265407,8,2047.6150483709064,2041.59755008294,True,0.002938783973459258,0.24,63,0.07875,738,5,1.0,800,one_giant,1e-05,0,0.1440185830429733,1e-07,1
0.9970612160265407,8,2047.6150483709064,2041.59755008294,True,0.002938783973459258,0.26,63,0.07875,738,5,1.0,800,one_giant,1e-05,0,0.1440185830429733,1e-07,1
0.9970612160265407,8,2047.6150483709064,2041.59755008294,True,0.002938783973459258,0.28,63,0.07875,738,5,1.0,800,one_giant,1e-05,0,0.1440185830429733,1e-07,1
0.9970612160265407,8,2047.6150483709064,2041.59755008294,True,0.002938783973459258,0.30000000000000004,63,0.07875,738,5,1.0,800,one_giant,1e-05,0,0.1440185830429733,1e-07,1
0.9970612160265407,8,2047.6150483709064,2041.59755008294,True,0.002938783973459258,0.32,63,0.07875,738,5,1.0,800,one_giant,1e-05,0,0.1440185830429733,1e-07,1
0.9970612160265407,8,2047.6150483709064,2041.59755008294,True,0.002938783973459258,0.34,63,0.07875,738,5,1.0,800,one_giant,1e-05,0,0.1440185830429733,1e-07,1
0.9970612160265407,8,2047.6150483709064,2041.59755008294,True,0.002938783973459258,0.36000000000000004,63,0.07875,738,5,1.0,800,one_giant,1e-05,0,0.1440185830429733,1e-07,1
0.9970612160265407,8,2047.6150483709064,2041.59755008294,True,0.002938783973459258,0.38,63,0.07875,738,5,1.0,800,one_giant,1e-05,0,0.1440185830429733,1e-07,1
0.9970612160265407,8,2047.6150483709064,2041.59755008294,True,0.002938783973459258,0.4,63,0.07875,738,5,1.0,800,one_giant,1e-05,0,0.1440185830429733,1e-07,1
0.9970612160265407,8,2047.6150483709064,2041.59755008294,True,0.002938783973459258,0.42000000000000004,63,0.07875,738,5,1.0,800,one_giant,1e-05,0,0.1440185830429733,1e-07,1
0.9970612160265407,8,2047.6150483709064,2041.59755008294,True,0.002938783973459258,0.44,63,0.07875,738,5,1.0,800,one_giant,1e-05,0,0.1440185830429733,1e-07,1
0.9970612160265407,8,2047.6150483709064,2041.59755008294,True,0.002938783973459258,0.46,63,0.07875,738,5,1.0,800,one_giant,1e-05,0,0.1440185830429733,1e-07,1
0.9970612160265407,8,2047.6150483709064,2041.59755008294,True,0.002938783973459258,0.48000000000000004,63,0.07875,738,5,1.0,800,one_giant,1e-05,0,0.1440185830429733,1e-07,1
0.9970612160265407,8,2047.6150483709064,2041.59755008294,True,0.002938783973459258,0.5,63,0.07875,738,5,1.0,800,one_giant,1e-05,0,0.1440185830429733,1e-07,1
1.0,8,1.0,1.0,True,0.0,0.02,800,1.0,1,5,1.0,800,one_giant,1e-05,1,0.04274452204670124,1e-07,1
0.9999996474918649,8,1.0872543902950043,1.0872540070289867,True,3.5250813512632817e-07,0.04,778,0.9725,15,5,1.0,800,one_giant,1e-05,1,0.589245368278355,1e-07,1
0.9994927079684861,8,9.631777159203645,9.626891035401464,True,0.0005072920315138951,0.06,376,0.47,140,5,1.0,800,one_giant,1e-05,1,0.8414634146341463,1e-07,1
0.9651228982866088,8,262.144,253.0011770484448,True,0.0348771017133912,0.08,125,0.15625,185,5,1.0,800,one_giant,1e-05,1,0.8551236749116607,1e-07,1
0.5997812311406155,8,6439.684556076823,3862.4019312009655,True,0.40021876885938446,0.1,43,0.05375,219,5,1.0,800,one_giant,1e-05,1,0.8399710354815351,1e-07,1
0.39014903480971214,8,17186.39857675137,6705.256816574557,True,0.6098509651902879,0.12000000000000001,31,0.03875,251,5,1.0,800,one_giant,1e-05,1,0.814540059347181,1e-07,1
0.415205574912892,8,17186.39857675137,7135.88850174216,True,0.584794425087108,0.13999999999999999,31,0.03875,303,5,1.0,800,one_giant,1e-05,1,0.7669753086419754,1e-07,1
0.4414135427470736,8,17186.39857675137,7586.309082827085,True,0.5585864572529264,0.16,31,0.03875,360,5,1.0,800,one_giant,1e-05,1,0.7102502017756256,1e-07,1
0.48514803113702243,8,17186.39857675137,8337.947431847051,True,0.5148519688629776,0.18,31,0.03875,411,5,1.0,800,one_giant,1e-05,1,0.6548821548821548,1e-07,1
0.4969473543737906,8,17186.39857675137,8540.735303930072,True,0.5030526456262094,0.19999999999999998,31,0.03875,458,5,1.0,800,one_giant,1e-05,1,0.5994741454864154,1e-07,1
0.5087087189645162,8,17186.39857675137,8742.870803592774,True,0.4912912810354838,0.22,31,0.03875,493,5,1.0,800,one_giant,1e-05,1,0.5551537070524413,1e-07,1
0.5225207843687515,8,17186.39857675137,8980.25046479812,True,0.4774792156312485,0.24,31,0.03875,538,5,1.0,800,one_giant,1e-05,1,0.4924528301886793,1e-07,1
0.682747398817436,8,17186.39857675137,11733.96892331668,True,0.31725260118256404,0.26,31,0.03875,600,5,1.0,800,one_giant,1e-05,1,0.4004004004004004,1e-07,1
0.7061486678676401,8,17186.39857675137,12136.152460415284,True,0.2938513321323599,0.28,31,0.03875,651,5,1.0,800,one_giant,1e-05,1,0.3143459915611814,1e-07,1
0.7180976715036398,8,17186.39857675137,12341.512799498627,True,0.2819023284963602,0.30000000000000004,31,0.03875,675,5,1.0,800,one_giant,1e-05,1,0.27056277056277056,1e-07,1
0.7445888527868033,8,17186.39857675137,12796.80079980005,True,0.2554111472131967,0.32,31,0.03875,692,5,1.0,800,one_giant,1e-05,1,0.23814773980154355,1e-07,1
0.7560399959394986,8,17186.39857675137,12993.604710181708,True,0.24396000406050145,0.34,31,0.03875,705,5,1.0,800,one_giant,1e-05,1,0.21252796420581654,1e-07,1
0.7632455421192867,8,17186.39857675137,13117.442098790736,True,0.23675445788071325,0.36000000000000004,31,0.03875,714,5,1.0,800,one_giant,1e-05,1,0.1943502824858757,1e-07,1
0.7658354755784061,8,17186.39857675137,13161.953727506427,True,0.23416452442159386,0.38,31,0.03875,718,5,1.0,800,one_giant,1e-05,1,0.18615209988649264,1e-07,1
0.7672555887503864,8,17186.39857675137,13186.360358504173,True,0.23274441124961365,0.4,31,0.03875,723,5,1.0,800,one_giant,1e-05,1,0.17579908675799089,1e-07,1
0.787455064495665,8,17186.39857675137,13533.516599703955,True,0.21254493550433495,0.42000000000000004,31,0.03875,726,5,1.0,800,one_giant,1e-05,1,0.16953035509736541,1e-07,1
0.8055976203353163,8,17186.39857675137,13845.32179556517,True,0.19440237966468366,0.44,31,0.03875,729,5,1.0,800,one_giant,1e-05,1,0.16321839080459769,1e-07,1
0.8068371981831222,8,18962.962962962964,15300.023906287353,True,0.19316280181687784,0.46,30,0.0375,732,5,1.0,800,one_giant,1e-05,1,0.1568627450980392,1e-07,1
0.8658286300667009,8,18962.962962962964,16418.67624422781,True,0.13417136993329914,0.48000000000000004,30,0.0375,743,5,1.0,800,one_giant,1e-05,1,0.13317757009345793,1e-07,1
0.8140805928670681,8,29130.63268092854,23714.682723483093,True,0.18591940713293187,0.5,26,0.0325,749,5,1.0,800,one_giant,1e-05,1,0.12,1e-07,1
1.0,8,1.0,1.0,True,0.0,0.02,800,1.0,1,5,1.0,800,one_giant,1e-05,2,0.11292643697621264,1e-07,1
0.999935964658832,8,3.439080583300308,3.438860360601853,True,6.403534116794507e-05,0.04,530,0.6625,109,5,1.0,800,one_giant,1e-05,2,0.7896103896103895,1e-07,1
0.9975197490416171,8,71.21935463858473,71.04271276598696,True,0.0024802509583828902,0.06,193,0.24125,216,5,1.0,800,one_giant,1e-05,2,0.8179190751445087,1e-07,1
0.870673121183294,8,2255.6954106290837,1963.973363611256,True,0.12932687881670601,0.08,61,0.07625,300,5,1.0,800,one_giant,1e-05,2,0.7636643571978445,1e-07,1
0.8074886167182059,8,3859.7522823046943,3116.706031313156,True,0.19251138328179407,0.1,51,0.06375,375,5,1.0,800,one_giant,1e-05,2,0.69281045751634,1e-07,1
0.7970824384126389,8,4629.62962962963,3690.196474132588,True,0.20291756158736107,0.12000000000000001,48,0.06,444,5,1.0,800,one_giant,1e-05,2,0.6164502164502164,1e-07,1
0.37814108967955123,8,26012.29487374892,9836.31752862522,True,0.6218589103204488,0.13999999999999999,27,0.03375,548,5,1.0,800,one_giant,1e-05,2,0.47954329210275926,1e-07,1
0.409840503060842,8,26012.29487374892,10660.89201682422,True,0.5901594969391579,0.16,27,0.03375,646,5,1.0,800,one_giant,1e-05,2,0.323189926547744,1e-07,1
0.4472799163750398,8,26012.29487374892,11634.777075853293,True,0.5527200836249602,0.18,27,0.03375,690,5,1.0,800,one_giant,1e-05,2,0.24202420242024206,1e-07,1
0.49387765343503787,8,26012.29487374892,12846.891152707381,True,0.5061223465649621,0.19999999999999998,27,0.03375,713,5,1.0,800,one_giant,1e-05,2,0.19638826185101582,1e-07,1
0.5774172729406243,8,26012.29487374892,15019.948368927482,True,0.4225827270593757,0.22,27,0.03375,728,5,1.0,800,one_giant,1e-05,2,0.16532721010332949,1e-07,1
0.6472541926997698,8,26012.29487374892,16836.56691877672,True,0.3527458073002302,0.24,27,0.03375,742,5,1.0,800,one_giant,1e-05,2,0.13535589264877476,1e-07,1
0.6625488084017773,8,26012.29487374892,17234.414972398008,True,0.3374511915982227,0.26,27,0.03375,752,5,1.0,800,one_giant,1e-05,2,0.11334120425029515,1e-07,1
0.6628165409482759,8,26012.29487374892,17241.379310344826,True,0.3371834590517241,0.28,27,0.03375,754,5,1.0,800,one_giant,1e-05,2,0.10887573964497042,1e-07,1
0.7763884506153361,8,26012.29487374892,20195.645313979174,True,0.22361154938466388,0.30000000000000004,27,0.03375,758,5,1.0,800,one_giant,1e-05,2,0.09988109393579073,1e-07,1
0.9177935279306164,8,26012.29487374892,23873.91588174951,True,0.08220647206938358,0.32,27,0.03375,765,5,1.0,800,one_giant,1e-05,2,0.08393285371702637,1e-07,1
0.9619294301632294,8,26012.29487374892,25021.99198514319,True,0.038070569836770596,0.34,27,0.03375,773,5,1.0,800,one_giant,1e-05,2,0.06537530266343826,1e-07,1
0.962211576065702,8,26012.29487374892,25029.33124755573,True,0.03778842393429804,0.36000000000000004,27,0.03375,774,5,1.0,800,one_giant,1e-05,2,0.06303030303030303,1e-07,1
0.962211576065702,8,26012.29487374892,25029.33124755573,True,0.03778842393429804,0.38,27,0.03375,774,5,1.0,800,one_giant,1e-05,2,0.06303030303030303,1e-07,1
0.962211576065702,8,26012.29487374892,25029.33124755573,True,0.03778842393429804,0.4,27,0.03375,774,5,1.0,800,one_giant,1e-05,2,0.06303030303030303,1e-07,1
0.962211576065702,8,26012.29487374892,25029.33124755573,True,0.03778842393429804,0.42000000000000004,27,0.03375,774,5,1.0,800,one_giant,1e-05,2,0.06303030303030303,1e-07,1
0.962211576065702,8,26012.29487374892,25029.33124755573,True,0.03778842393429804,0.44,27,0.03375,774,5,1.0,800,one_giant,1e-05,2,0.06303030303030303,1e-07,1
0.962211576065702,8,26012.29487374892,25029.33124755573,True,0.03778842393429804,0.46,27,0.03375,774,5,1.0,800,one_giant,1e-05,2,0.06303030303030303,1e-07,1
0.962211576065702,8,26012.29487374892,25029.33124755573,True,0.03778842393429804,0.48000000000000004,27,0.03375,774,5,1.0,800,one_giant,1e-05,2,0.06303030303030303,1e-07,1
0.962211576065702,8,26012.29487374892,25029.33124755573,True,0.03778842393429804,0.5,27,0.03375,774,5,1.0,800,one_giant,1e-05,2,0.06303030303030303,1e-07,1
0.9999725547192323,8,3.47830926343323,3.4782138002588985,True,2.7445280767701696e-05,0.02,528,0.66,124,10,1.0,800,one_giant,1e-05,0,0.7921990585070611,1e-07,1
0.9819011439165176,8,527.6723978897227,518.1221311010905,True,0.018098856083482384,0.04,99,0.12375,352,10,1.0,800,one_giant,1e-05,0,0.6976744186046513,1e-07,1
0.9932353525322741,8,2047.6150483709064,2033.7636544190666,True,0.0067646474677258706,0.06,63,0.07875,668,10,1.0,800,one_giant,1e-05,0,0.28356605800214824,1e-07,1
0.9970373619362813,8,2047.6150483709064,2041.5487060887594,True,0.002962638063718659,0.08,63,0.07875,737,10,1.0,800,one_giant,1e-05,0,0.14617169373549882,1e-07,1
0.9970612160265407,8,2047.6150483709064,2041.59755008294,True,0.002938783973459258,0.1,63,0.07875,738,10,1.0,800,one_giant,1e-05,0,0.1440185830429733,1e-07,1
0.9970612160265407,8,2047.6150483709064,2041.59755008294,True,0.002938783973459258,0.12000000000000001,63,0.07875,738,10,1.0,800,one_giant,1e-05,0,0.1440185830429733,1e-07,1
0.9970612160265407,8,2047.6150483709064,2041.59755008294,True,0.002938783973459258,0.13999999999999999,63,0.07875,738,10,1.0,800,one_giant,1e-05,0,0.1440185830429733,1e-07,1
0.9970612160265407,8,2047.6150483709064,2041.59755008294,True,0.002938783973459258,0.16,63,0.07875,738,10,1.0,800,one_giant,1e-05,0,0.1440185830429733,1e-07,1
0.9970612160265407,8,2047.6150483709064,2041.59755008294,True,0.002938783973459258,0.18,63,0.07875,738,10,1.0,800,one_giant,1e-05,0,0.1440185830429733,1e-07,1
0.9970612160265407,8,2047.6150483709064,2041.59755008294,True,0.002938783973459258,0.19999999999999998,63,0.07875,738,10,1.0,800,one_giant,1e-05,0,0.1440185830429733,1e-07,1
0.9970612160265407,8,2047.6150483709064,2041.59755008294,True,0.002938783973459258,0.22,63,0.07875,738,10,1.0,800,one_giant,1e-05,0,0.1440185830429733,1e-07,1
0.9970612160265407,8,2047.6150483709064,2041.59755008294,True,0.002938783973459258,0.24,63,0.07875,738,10,1.0,800,one_giant,1e-05,0,0.1440185830429733,1e-07,1
0.9970612160265407,8,2047.6150483709064,2041.59755008294,True,0.002938783973459258,0.26,63,0.07875,738,10,1.0,800,one_giant,1e-05,0,0.1440185830429733,1e-07,1
0.9970612160265407,8,2047.6150483709064,2041.59755008294,True,0.002938783973459258,0.28,63,0.07875,738,10,1.0,800,one_giant,1e-05,0,0.1440185830429733,1e-07,1
0.9970612160265407,8,2047.6150483709064,2041.59755008294,True,0.002938783973459258,0.30000000000000004,63,0.07875,738,10,1.0,800,one_giant,1e-05,0,0.1440185830429733,1e-07,1
0.9970612160265407,8,2047.6150483709064,2041.59755008294,True,0.002938783973459258,0.32,63,0.07875,738,10,1.0,800,one_giant,1e-05,0,0.1440185830429733,1e-07,1
0.9970612160265407,8,2047.6150483709064,2041.59755008294,True,0.002938783973459258,0.34,63,0.07875,738,10,1.0,800,one_giant,1e-05,0,0.1440185830429733,1e-07,1
0.9970612160265407,8,2047.6150483709064,2041.59755008294,True,0.002938783973459258,0.36000000000000004,63,0.07875,738,10,1.0,800,one_giant,1e-05,0,0.1440185830429733,1e-07,1
0.9970612160265407,8,2047.6150483709064,2041.59755008294,True,0.002938783973459258,0.38,63,0.07875,738,10,1.0,800,one_giant,1e-05,0,0.1440185830429733,1e-07,1
0.9970612160265407,8,2047.6150483709064,2041.59755008294,True,0.002938783973459258,0.4,63,0.07875,738,10,1.0,800,one_giant,1e-05,0,0.1440185830429733,1e-07,1
0.9970612160265407,8,2047.6150483709064,2041.59755008294,True,0.002938783973459258,0.42000000000000004,63,0.07875,738,10,1.0,800,one_giant,1e-05,0,0.1440185830429733,1e-07,1
0.9970612160265407,8,2047.6150483709064,2041.59755008294,True,0.002938783973459258,0.44,63,0.07875,738,10,1.0,800,one_giant,1e-05,0,0.1440185830429733,1e-07,1
0.9970612160265407,8,2047.6150483709064,2041.59755008294,True,0.002938783973459258,0.46,63,0.07875,738,10,1.0,800,one_giant,1e-05,0,0.1440185830429733,1e-07,1
0.9970612160265407,8,2047.6150483709064,2041.59755008294,True,0.002938783973459258,0.48000000000000004,63,0.07875,738,10,1.0,800,one_giant,1e-05,0,0.1440185830429733,1e-07,1
0.9970612160265407,8,2047.6150483709064,2041.59755008294,True,0.002938783973459258,0.5,63,0.07875,738,10,1.0,800,one_giant,1e-05,0,0.1440185830429733,1e-07,1
1.0,8,1.0,1.0,True,0.0,0.02,800,1.0,1,10,1.0,800,one_giant,1e-05,1,0.15535889872173056,1e-07,1
0.9998086976451898,8,4.221379183117781,4.220571623339504,True,0.00019130235481024105,0.04,495,0.61875,94,10,1.0,800,one_giant,1e-05,1,0.8507853403141361,1e-07,1
0.9182324680377835,8,384.6731780616078,353.21940167944786,True,0.08176753196221653,0.06,110,0.1375,175,10,1.0,800,one_giant,1e-05,1,0.8729824561403509,1e-07,1
0.5620406170412109,8,6010.518407212622,3378.155474327338,True,0.4379593829587891,0.08,44,0.055,198,10,1.0,800,one_giant,1e-05,1,0.8593861527480371,1e-07,1
0.3507877446247321,8,17186.39857675137,6028.777994960318,True,0.6492122553752679,0.1,31,0.03875,223,10,1.0,800,one_giant,1e-05,1,0.8386627906976744,1e-07,1
0.3849463755007107,8,17186.39857675137,6615.841840031012,True,0.6150536244992892,0.12000000000000001,31,0.03875,249,10,1.0,800,one_giant,1e-05,1,0.8162962962962963,1e-07,1
0.4259995424126294,8,17186.39857675137,7321.397929417148,True,0.5740004575873706,0.13999999999999999,31,0.03875,310,10,1.0,800,one_giant,1e-05,1,0.7602792862684251,1e-07,1
0.47151087335000474,8,17186.39857675137,8103.573802665316,True,0.5284891266499953,0.16,31,0.03875,362,10,1.0,800,one_giant,1e-05,1,0.7081649151172191,1e-07,1
0.48628840063987466,8,17186.39857675137,8357.546276647841,True,0.5137115993601253,0.18,31,0.03875,414,10,1.0,800,one_giant,1e-05,1,0.6514767932489451,1e-07,1
0.49610324729392175,8,17186.39857675137,8526.228143213988,True,0.5038967527060783,0.19999999999999998,31,0.03875,452,10,1.0,800,one_giant,1e-05,1,0.6068003487358326,1e-07,1
0.5085524069648344,8,17186.39857675137,8740.184363263912,True,0.4914475930351656,0.22,31,0.03875,490,10,1.0,800,one_giant,1e-05,1,0.5590622182146078,1e-07,1
0.5179422093953198,8,17186.39857675137,8901.561250391182,True,0.48205779060468024,0.24,31,0.03875,533,10,1.0,800,one_giant,1e-05,1,0.5009380863039399,1e-07,1
0.6819971613021382,8,17186.39857675137,11721.07504235154,True,0.31800283869786183,0.26,31,0.03875,611,10,1.0,800,one_giant,1e-05,1,0.3825910931174089,1e-07,1
0.6987943328954775,8,17186.39857675137,12009.757928316758,True,0.30120566710452246,0.28,31,0.03875,654,10,1.0,800,one_giant,1e-05,1,0.308994708994709,1e-07,1
0.7191377395838362,8,17186.39857675137,12359.387824071839,True,0.2808622604161638,0.30000000000000004,31,0.03875,677,10,1.0,800,one_giant,1e-05,1,0.2668112798264642,1e-07,1
0.7359800385394535,8,17186.39857675137,12648.846286871882,True,0.2640199614605465,0.32,31,0.03875,691,10,1.0,800,one_giant,1e-05,1,0.24008810572687223,1e-07,1
0.7580021372958119,8,17186.39857675137,13027.326853595237,True,0.2419978627041881,0.34,31,0.03875,708,10,1.0,800,one_giant,1e-05,1,0.20650953984287318,1e-07,1
0.7595094839893942,8,17186.39857675137,13053.232714664491,True,0.24049051601060578,0.36000000000000004,31,0.03875,710,10,1.0,800,one_giant,1e-05,1,0.20247469066366702,1e-07,1
0.7654812683077239,8,17186.39857675137,13155.866180173698,True,0.2345187316922761,0.38,31,0.03875,717,10,1.0,800,one_giant,1e-05,1,0.18820861678004536,1e-07,1
0.7672555887503864,8,17186.39857675137,13186.360358504173,True,0.23274441124961365,0.4,31,0.03875,723,10,1.0,800,one_giant,1e-05,1,0.17579908675799089,1e-07,1
0.7919768183751595,8,17186.39857675137,13611.229264142918,True,0.20802318162484046,0.42000000000000004,31,0.03875,727,10,1.0,800,one_giant,1e-05,1,0.16743119266055048,1e-07,1
0.7955298013245033,8,17186.39857675137,13672.292245246743,True,0.20447019867549665,0.44,31,0.03875,728,10,1.0,800,one_giant,1e-05,1,0.16532721010332949,1e-07,1
0.8337450592885376,8,18962.962962962964,15810.276679841898,True,0.1662549407114624,0.46,30,0.0375,736,10,1.0,800,one_giant,1e-05,1,0.14831981460023178,1e-07,1
0.8706868752015479,8,18962.962962962964,16510.802966784908,True,0.12931312479845214,0.48000000000000004,30,0.0375,745,10,1.0,800,one_giant,1e-05,1,0.1288056206088993,1e-07,1
0.8443291008922443,8,26012.29487374892,21962.93754289636,True,0.15567089910775567,0.5,27,0.03375,750,10,1.0,800,one_giant,1e-05,1,0.11778563015312134,1e-07,1
0.9999999880135731,8,1.0228417667143093,1.0228417544540913,True,1.1986426851073873e-08,0.02,794,0.9925,7,10,1.0,800,one_giant,1e-05,2,0.5111452728670254,1e-07,1
0.9988374242323691,8,22.830879192186416,22.804336565283872,True,0.0011625757676309023,0.04,282,0.3525,163,10,1.0,800,one_giant,1e-05,2,0.8440111420612814,1e-07,1
0.7299416532460332,8,4629.62962962963,3379.359505768672,True,0.2700583467539668,0.06,48,0.06,231,10,1.0,800,one_giant,1e-05,2,0.8318713450292398,1e-07,1
0.7635987019263965,8,4629.62962962963,3535.1791755851687,True,0.23640129807360355,0.08,48,0.06,299,10,1.0,800,one_giant,1e-05,2,0.7707692307692308,1e-07,1
0.7773170080267653,8,4629.62962962963,3598.689851975765,True,0.2226829919732347,0.1,48,0.06,376,10,1.0,800,one_giant,1e-05,2,0.6933769419460344,1e-07,1
0.7963248318668184,8,4629.62962962963,3686.6890364204555,True,0.20367516813318165,0.12000000000000001,48,0.06,441,10,1.0,800,one_giant,1e-05,2,0.6200345423143351,1e-07,1
0.8249440549007907,8,4629.62962962963,3819.1854393555122,True,0.1750559450992093,0.13999999999999999,48,0.06,544,10,1.0,800,one_giant,1e-05,2,0.48530805687203793,1e-07,1
0.8495444698797032,8,4629.62962962963,3933.07624944307,True,0.15045553012029678,0.16,48,0.06,651,10,1.0,800,one_giant,1e-05,2,0.3143459915611814,1e-07,1
0.8879753340184995,8,4629.62962962963,4110.996916752312,True,0.11202466598150052,0.18,48,0.06,694,10,1.0,800,one_giant,1e-05,2,0.23425414364640887,1e-07,1
0.9020554649265905,8,4629.62962962963,4176.182707993475,True,0.0979445350734095,0.19999999999999998,48,0.06,709,10,1.0,800,one_giant,1e-05,2,0.2044943820224719,1e-07,1
0.5300247738043946,8,26012.29487374892,13787.160706591987,True,0.4699752261956054,0.22,27,0.03375,725,10,1.0,800,one_giant,1e-05,2,0.17162471395881007,1e-07,1
0.6149784415422108,8,26012.29487374892,15997.00056239455,True,0.3850215584577892,0.24,27,0.03375,735,10,1.0,800,one_giant,1e-05,2,0.15046296296296297,1e-07,1
0.6625488084017773,8,26012.29487374892,17234.414972398008,True,0.3374511915982227,0.26,27,0.03375,752,10,1.0,800,one_giant,1e-05,2,0.11334120425029515,1e-07,1
0.6628165409482759,8,26012.29487374892,17241.379310344826,True,0.3371834590517241,0.28,27,0.03375,754,10,1.0,800,one_giant,1e-05,2,0.10887573964497042,1e-07,1
0.8022089990218455,8,26012.29487374892,20867.297032931205,True,0.1977910009781545,0.30000000000000004,27,0.03375,759,10,1.0,800,one_giant,1e-05,2,0.09761904761904762,1e-07,1
0.9390744274809161,8,26012.29487374892,24427.480916030534,True,0.060925572519083926,0.32,27,0.03375,767,10,1.0,800,one_giant,1e-05,2,0.07932692307692307,1e-07,1
0.9619294301632294,8,26012.29487374892,25021.99198514319,True,0.038070569836770596,0.34,27,0.03375,773,10,1.0,800,one_giant,1e-05,2,0.06537530266343826,1e-07,1
0.962211576065702,8,26012.29487374892,25029.33124755573,True,0.03778842393429804,0.36000000000000004,27,0.03375,774,10,1.0,800,one_giant,1e-05,2,0.06303030303030303,1e-07,1
0.962211576065702,8,26012.29487374892,25029.33124755573,True,0.03778842393429804,0.38,27,0.03375,774,10,1.0,800,one_giant,1e-05,2,0.06303030303030303,1e-07,1
0.962211576065702,8,26012.29487374892,25029.33124755573,True,0.03778842393429804,0.4,27,0.03375,774,10,1.0,800,one_giant,1e-05,2,0.06303030303030303,1e-07,1
0.962211576065702,8,26012.29487374892,25029.33124755573,True,0.03778842393429804,0.42000000000000004,27,0.03375,774,10,1.0,800,one_giant,1e-05,2,0.06303030303030303,1e-07,1
0.962211576065702,8,26012.29487374892,25029.33124755573,True,0.03778842393429804,0.44,27,0.03375,774,10,1.0,800,one_giant,1e-05,2,0.06303030303030303,1e-07,1
0.962211576065702,8,26012.29487374892,25029.33124755573,True,0.03778842393429804,0.46,27,0.03375,774,10,1.0,800,one_giant,1e-05,2,0.06303030303030303,1e-07,1
0.962211576065702,8,26012.29487374892,25029.33124755573,True,0.03778842393429804,0.48000000000000004,27,0.03375,774,10,1.0,800,one_giant,1e-05,2,0.06303030303030303,1e-07,1
0.962211576065702,8,26012.29487374892,25029.33124755573,True,0.03778842393429804,0.5,27,0.03375,774,10,1.0,800,one_giant,1e-05,2,0.06303030303030303,1e-07,1
