machine,cpu,gpu,gglasso,numpy,logical_cores,blas_threads,regime,p,n_samples,lambda,seed,true_sparsity,true_n_blocks,true_sizes_json,gen_style_requested,gen_n_powerlaw,gen_n_erdos,gen_n_direct,detected_n_blocks,detected_singletons,detected_sizes_json,t_admm_median,t_admm_mean,t_admm_min,t_admm_max,t_admm_std,t_admm_trials_json,t_block_median,t_block_mean,t_block_min,t_block_max,t_block_std,t_block_trials_json,algorithmic_speedup,speedup_lo,speedup_hi,admm_iterations,admm_status,block_iterations,admm_peak_mem_mb,block_peak_mem_mb,obj_admm,obj_block,obj_rel_gap,max_abs_error,max_rel_error,support_agreement,support_precision,support_recall,support_f1,trials,warmup,tol,rtol,max_iter,true_block_min,true_block_max,true_block_mean,true_block_std,true_block_median,detected_block_min,detected_block_max,detected_block_mean,detected_block_std,detected_block_median
primary,x86_64,none,0.3.0,2.4.4,32,8,balanced,100,200,0.05,0,0.9808080808080808,5,"[20, 20, 20, 20, 20]",powerlaw,5,0,0,1,0,[100],0.017961953000849462,0.017994143111334578,0.016873170000508253,0.020035034000102314,0.000878235779299688,"[0.016873, 0.017812, 0.018155, 0.018159, 0.017346, 0.018091, 0.017513, 0.017962, 0.020035]",0.019592159999774594,0.019572371000120055,0.018107994999809307,0.020752182999785873,0.0007986794931077821,"[0.020141, 0.01989, 0.020289, 0.020752, 0.019592, 0.019046, 0.019272, 0.019061, 0.018108]",0.9167928906795428,0.8130792794513404,1.1064192363822334,27,optimal,nan,0.9413604736328125,1.4789924621582031,101.56383273762704,101.56383273762704,0.0,0.0,0.0,1.0,0.03504273504273504,0.8631578947368421,0.0673511293634497,9,2,1e-07,1e-05,1000,20.0,20.0,20.0,0.0,20.0,100.0,100.0,100.0,0.0,100.0
primary,x86_64,none,0.3.0,2.4.4,32,8,balanced,100,200,0.1,0,0.9808080808080808,5,"[20, 20, 20, 20, 20]",powerlaw,5,0,0,1,0,[100],0.032747793000453385,0.03755081388872997,0.030905054999493586,0.048853946999770415,0.007369078492869102,"[0.032748, 0.030905, 0.03102, 0.031165, 0.032678, 0.039506, 0.044925, 0.048854, 0.046156]",0.03458459600005881,0.035331559000042034,0.03010004400039179,0.044098683999436616,0.004054565450032692,"[0.033821, 0.033591, 0.034585, 0.037144, 0.044099, 0.037649, 0.035234, 0.031761, 0.0301]",0.9468895632147243,0.7008158111903842,1.623052345011008,45,optimal,nan,0.9413604736328125,1.4788637161254883,108.3157675384355,108.3157675384355,0.0,0.0,0.0,1.0,0.07014218009478673,0.7789473684210526,0.12869565217391304,9,2,1e-07,1e-05,1000,20.0,20.0,20.0,0.0,20.0,100.0,100.0,100.0,0.0,100.0
primary,x86_64,none,0.3.0,2.4.4,32,8,balanced,100,200,0.15,0,0.9808080808080808,5,"[20, 20, 20, 20, 20]",powerlaw,5,0,0,1,0,[100],0.05201462199966045,0.0527263612219839,0.05004127700067329,0.05814837700017961,0.0026831149176649214,"[0.050137, 0.058148, 0.055378, 0.051839, 0.050041, 0.050811, 0.052076, 0.054091, 0.052015]",0.04614564199982851,0.0461381216667481,0.04386002699993696,0.049251702000219666,0.0015800289209602736,"[0.049252, 0.046888, 0.046497, 0.045763, 0.046146, 0.047025, 0.04386, 0.045372, 0.044441]",1.1271838411058133,1.0160314256845397,1.3257715732884336,68,optimal,nan,0.9413604736328125,1.4789066314697266,111.3306717459956,111.3306717459956,0.0,0.0,0.0,1.0,0.1658878504672897,0.7473684210526316,0.27151051625239003,9,2,1e-07,1e-05,1000,20.0,20.0,20.0,0.0,20.0,100.0,100.0,100.0,0.0,100.0
primary,x86_64,none,0.3.0,2.4.4,32,8,balanced,100,200,0.2,0,0.9808080808080808,5,"[20, 20, 20, 20, 20]",powerlaw,5,0,0,4,3,"[97, 1, 1, 1]",0.03911545099981595,0.040122703444366276,0.036872580999443016,0.045851181999751134,0.0028512488202312608,"[0.039115, 0.039012, 0.03765, 0.041278, 0.039792, 0.036873, 0.038418, 0.043114, 0.045851]",0.04542255399974238,0.04472136877767399,0.03874025299955974,0.04808098900048208,0.0028398179981627336,"[0.04282, 0.045423, 0.04575, 0.047966, 0.048081, 0.045472, 0.044608, 0.043632, 0.03874]",0.8611460068942358,0.7668848284105245,1.1835540155164244,57,optimal,nan,0.9413604736328125,1.4069490432739258,113.03190374791131,113.03190374276473,4.553217951881081e-11,2.5158545739478733e-06,2.0854531536252827e-06,1.0,0.3469387755102041,0.7157894736842105,0.46735395189003437,9,2,1e-07,1e-05,1000,20.0,20.0,20.0,0.0,20.0,1.0,97.0,25.0,41.569219381653056,1.0
primary,x86_64,none,0.3.0,2.4.4,32,8,balanced,100,200,0.25,0,0.9808080808080808,5,"[20, 20, 20, 20, 20]",powerlaw,5,0,0,17,12,"[80, 2, 2, 2, 2, 1, 1, 1, 1, 1, 1, 1, 1, 1, 1, 1, 1]",0.041884306000611105,0.04240646799998002,0.03877824600021995,0.04952478399991378,0.0032051133803528793,"[0.039988, 0.040123, 0.042853, 0.041884, 0.041031, 0.044568, 0.049525, 0.042908, 0.038778]",0.02790110200021445,0.028706640444397635,0.02712340000016411,0.031826420000470534,0.0015837466711081532,"[0.027145, 0.027123, 0.027681, 0.027901, 0.027839, 0.031826, 0.030162, 0.029422, 0.029259]",1.501170312208069,1.2184294054953915,1.8259061916874038,52,optimal,nan,0.9413604736328125,1.0422029495239258,114.19281792042185,114.19281784197258,6.869894511575791e-10,2.8913915468747886e-05,2.4031604637811072e-05,1.0,0.63,0.6631578947368421,0.6461538461538461,9,2,1e-07,1e-05,1000,20.0,20.0,20.0,0.0,20.0,1.0,80.0,5.882352941176471,18.53417305774002,1.0
primary,x86_64,none,0.3.0,2.4.4,32,8,balanced,100,200,0.3,0,0.9808080808080808,5,"[20, 20, 20, 20, 20]",powerlaw,5,0,0,38,22,"[38, 5, 4, 3, 3, 3, 3, 3, 2, 2, 2, 2, 2, 2, 2, 2, 1, 1, 1, 1, 1, 1, 1, 1, 1, 1, 1, 1, 1, 1, 1, 1, 1, 1, 1, 1, 1, 1]",0.04105079799956002,0.04205659944434754,0.03802903999985574,0.047790091000024404,0.0029165414366412326,"[0.038029, 0.044886, 0.04779, 0.04294, 0.040832, 0.042637, 0.041051, 0.040505, 0.03984]",0.016657072999805678,0.016811425666572986,0.016065781000179413,0.017419339999833028,0.00051210521558473,"[0.017419, 0.017071, 0.016433, 0.017317, 0.016066, 0.01664, 0.017419, 0.016657, 0.01628]",2.4644664761953625,2.183150452325993,2.9746509677612756,53,optimal,nan,0.9413604736328125,0.7232131958007812,115.0784247666227,115.07842467123224,8.289169924356095e-10,6.236958300123718e-05,5.183805568446101e-05,1.0,0.7941176470588235,0.5684210526315789,0.6625766871165645,9,2,1e-07,1e-05,1000,20.0,20.0,20.0,0.0,20.0,1.0,38.0,2.6315789473684212,5.895676616817031,1.0
primary,x86_64,none,0.3.0,2.4.4,32,8,balanced,100,200,0.35,0,0.9808080808080808,5,"[20, 20, 20, 20, 20]",powerlaw,5,0,0,48,28,"[18, 8, 5, 4, 4, 3, 3, 3, 2, 2, 2, 2, 2, 2, 2, 2, 2, 2, 2, 2, 1, 1, 1, 1, 1, 1, 1, 1, 1, 1, 1, 1, 1, 1, 1, 1, 1, 1, 1, 1, 1, 1, 1, 1, 1, 1, 1, 1]",0.05007926500002213,0.051233746111190866,0.04698507899956894,0.05863517300076637,0.0037271925631633435,"[0.048168, 0.049838, 0.048654, 0.046985, 0.050079, 0.053868, 0.058635, 0.054574, 0.050301]",0.017044142000486318,0.016986358666650228,0.0143678969998291,0.019658646000607405,0.00175508138425272,"[0.014368, 0.015678, 0.015051, 0.016816, 0.017044, 0.017196, 0.019659, 0.018936, 0.018131]",2.9382097965736986,2.390046547362276,4.080985060058811,55,optimal,nan,0.9413604736328125,0.7048892974853516,115.77471757358066,115.77471754263618,2.672818198256347e-10,5.9567522161102504e-05,4.950914183082623e-05,1.0,0.9074074074074074,0.5157894736842106,0.6577181208053692,9,2,1e-07,1e-05,1000,20.0,20.0,20.0,0.0,20.0,1.0,18.0,2.0833333333333335,2.6601482832520613,1.0
primary,x86_64,none,0.3.0,2.4.4,32,8,balanced,100,200,0.4,0,0.9808080808080808,5,"[20, 20, 20, 20, 20]",powerlaw,5,0,0,56,36,"[11, 8, 5, 4, 3, 3, 3, 3, 2, 2, 2, 2, 2, 2, 2, 2, 2, 2, 2, 2, 1, 1, 1, 1, 1, 1, 1, 1, 1, 1, 1, 1, 1, 1, 1, 1, 1, 1, 1, 1, 1, 1, 1, 1, 1, 1, 1, 1, 1, 1, 1, 1, 1, 1, 1, 1]",0.037981542000125046,0.039166499555600844,0.03735819399935281,0.04339696100032597,0.002377853052948923,"[0.038554, 0.037401, 0.037412, 0.037358, 0.042778, 0.043397, 0.039989, 0.037982, 0.037628]",0.009648254999774508,0.009684138555712707,0.00944522100053291,0.009967646999939461,0.00018018088982257863,"[0.009588, 0.009506, 0.009445, 0.009717, 0.009565, 0.009648, 0.009824, 0.009896, 0.009968]",3.9366229438393496,3.747945126826793,4.594594557171025,55,optimal,nan,0.9413604736328125,0.7031822204589844,116.32824112092304,116.32824112128718,3.1302711853419516e-12,4.131500721149539e-06,3.4338687889503965e-06,1.0,0.9772727272727273,0.45263157894736844,0.6187050359712231,9,2,1e-07,1e-05,1000,20.0,20.0,20.0,0.0,20.0,1.0,11.0,1.7857142857142858,1.7291026338443147,1.0
primary,x86_64,none,0.3.0,2.4.4,32,8,balanced,100,500,0.05,0,0.9808080808080808,5,"[20, 20, 20, 20, 20]",powerlaw,5,0,0,1,0,[100],0.026486986999771034,0.02636917777777449,0.02335837000009633,0.028175372000077914,0.0017613063005959928,"[0.023358, 0.024141, 0.02537, 0.026297, 0.027996, 0.027589, 0.028175, 0.027909, 0.026487]",0.024461398999847006,0.024784089888978796,0.023749001000396674,0.026192528999672504,0.0007390172261173399,"[0.026193, 0.025423, 0.025113, 0.025094, 0.024461, 0.024268, 0.023749, 0.024368, 0.024388]",1.0828075287082597,0.8917951374755904,1.1863813555613267,29,optimal,nan,0.9413604736328125,1.4788637161254883,107.98256774689641,107.98256774689641,0.0,0.0,0.0,1.0,0.05371352785145889,0.8526315789473684,0.10106051154086089,9,2,1e-07,1e-05,1000,20.0,20.0,20.0,0.0,20.0,100.0,100.0,100.0,0.0,100.0
primary,x86_64,none,0.3.0,2.4.4,32,8,balanced,100,500,0.1,0,0.9808080808080808,5,"[20, 20, 20, 20, 20]",powerlaw,5,0,0,2,1,"[99, 1]",0.05348690099981468,0.056064333111256325,0.05207278900070378,0.06266971999957605,0.004398627076141128,"[0.052073, 0.053487, 0.053135, 0.052196, 0.052452, 0.056659, 0.059571, 0.062336, 0.06267]",0.057856279000588984,0.055739794444586245,0.04780076899987762,0.06137434100037353,0.005195281029515715,"[0.057856, 0.058052, 0.059879, 0.061374, 0.060423, 0.056336, 0.05159, 0.048346, 0.047801]",0.9244787588097426,0.8484455906481645,1.311060916190208,56,optimal,nan,0.9413604736328125,1.4547338485717773,110.96348855140631,110.96348855155226,1.3152567554462932e-12,1.3658727268661686e-07,1.2051607574286057e-07,1.0,0.2111111111111111,0.8,0.3340659340659341,9,2,1e-07,1e-05,1000,20.0,20.0,20.0,0.0,20.0,1.0,99.0,50.0,49.0,50.0
primary,x86_64,none,0.3.0,2.4.4,32,8,balanced,100,500,0.15,0,0.9808080808080808,5,"[20, 20, 20, 20, 20]",powerlaw,5,0,0,8,4,"[89, 3, 2, 2, 1, 1, 1, 1]",0.04451067399986641,0.04407505499986857,0.0403977579999264,0.046060140999543364,0.0018197369210347868,"[0.040398, 0.042327, 0.04339, 0.04386, 0.044511, 0.045268, 0.04606, 0.045721, 0.045141]",0.039124938999520964,0.03928971388884545,0.03494078299991088,0.04451423499995144,0.0030642977973793393,"[0.044514, 0.042818, 0.040318, 0.039679, 0.039125, 0.038794, 0.037622, 0.035797, 0.034941]",1.137654783318931,0.9075244806514245,1.318234368121082,54,optimal,nan,0.9413604736328125,1.2272281646728516,112.60594015888893,112.60594013563404,2.0651560839218316e-10,1.1165651504871366e-05,9.936566882566365e-06,1.0,0.5833333333333334,0.7368421052631579,0.6511627906976745,9,2,1e-07,1e-05,1000,20.0,20.0,20.0,0.0,20.0,1.0,89.0,12.5,28.922309727959142,1.5
primary,x86_64,none,0.3.0,2.4.4,32,8,balanced,100,500,0.2,0,0.9808080808080808,5,"[20, 20, 20, 20, 20]",powerlaw,5,0,0,27,12,"[41, 6, 5, 5, 5, 4, 3, 3, 3, 3, 2, 2, 2, 2, 2, 1, 1, 1, 1, 1, 1, 1, 1, 1, 1, 1, 1]",0.03837098199983302,0.03884894922228139,0.0378509309994115,0.04099023499929899,0.0012004426711892204,"[0.0383, 0.038443, 0.038217, 0.037871, 0.038371, 0.037851, 0.038776, 0.04099, 0.040822]",0.020614445000319392,0.021704018666544773,0.020052836999639112,0.025356645000101707,0.0019080385329892427,"[0.020384, 0.020614, 0.020053, 0.020117, 0.020612, 0.021532, 0.0226, 0.024067, 0.025357]",1.8613638154817418,1.4927420800054456,2.044111513998577,49,optimal,nan,0.9413604736328125,0.7260189056396484,113.8646484613214,113.86464825398564,1.820896670123864e-09,0.00010301434975253099,9.193627865587654e-05,1.0,0.8571428571428571,0.6947368421052632,0.7674418604651163,9,2,1e-07,1e-05,1000,20.0,20.0,20.0,0.0,20.0,1.0,41.0,3.7037037037037037,7.467533753298538,2.0
primary,x86_64,none,0.3.0,2.4.4,32,8,balanced,100,500,0.25,0,0.9808080808080808,5,"[20, 20, 20, 20, 20]",powerlaw,5,0,0,38,16,"[14, 10, 5, 5, 4, 4, 3, 3, 3, 3, 3, 3, 3, 3, 3, 3, 2, 2, 2, 2, 2, 2, 1, 1, 1, 1, 1, 1, 1, 1, 1, 1, 1, 1, 1, 1, 1, 1]",0.057922762999623956,0.05827487311115773,0.05332541699954163,0.060994389000370575,0.002482390866694186,"[0.053325, 0.057238, 0.059318, 0.060922, 0.060574, 0.057178, 0.057001, 0.057923, 0.060994]",0.016199945000153093,0.017432791555620497,0.012935972999912337,0.023864169000262336,0.004307466564512972,"[0.023864, 0.023694, 0.020654, 0.017421, 0.0162, 0.014916, 0.013843, 0.013367, 0.012936]",3.575491336487659,2.2345390279022674,4.7150986632999246,55,optimal,nan,0.9413604736328125,0.7018709182739258,114.88906699571461,114.88906699632795,5.338545307631371e-12,7.494132097440875e-06,6.68822955044517e-06,1.0,0.9682539682539683,0.6421052631578947,0.7721518987341772,9,2,1e-07,1e-05,1000,20.0,20.0,20.0,0.0,20.0,1.0,14.0,2.6315789473684212,2.5383485372184205,2.0
primary,x86_64,none,0.3.0,2.4.4,32,8,balanced,100,500,0.3,0,0.9808080808080808,5,"[20, 20, 20, 20, 20]",powerlaw,5,0,0,43,19,"[14, 9, 5, 4, 3, 3, 3, 3, 3, 3, 3, 3, 3, 2, 2, 2, 2, 2, 2, 2, 2, 2, 2, 2, 1, 1, 1, 1, 1, 1, 1, 1, 1, 1, 1, 1, 1, 1, 1, 1, 1, 1, 1]",0.043248537000181386,0.04202716811121516,0.038505148000695044,0.04496185400057584,0.0025281523905966133,"[0.039377, 0.038505, 0.038565, 0.043753, 0.043947, 0.043249, 0.042149, 0.043739, 0.044962]",0.014231350000045495,0.014250083888732156,0.011635844999545952,0.016725933000088844,0.002283446732060044,"[0.016726, 0.016644, 0.016427, 0.016307, 0.014231, 0.012285, 0.012139, 0.011856, 0.011636]",3.0389623612688275,2.3021225781838606,3.864081551647544,55,optimal,nan,0.9413604736328125,0.7033109664916992,115.71424008129522,115.71424008156193,2.3048962781722815e-12,3.729497420140726e-06,3.328435438431082e-06,1.0,0.9824561403508771,0.5894736842105263,0.7368421052631577,9,2,1e-07,1e-05,1000,20.0,20.0,20.0,0.0,20.0,1.0,14.0,2.3255813953488373,2.309947449644468,2.0
primary,x86_64,none,0.3.0,2.4.4,32,8,balanced,100,500,0.35,0,0.9808080808080808,5,"[20, 20, 20, 20, 20]",powerlaw,5,0,0,52,31,"[14, 8, 4, 4, 3, 3, 3, 3, 3, 2, 2, 2, 2, 2, 2, 2, 2, 2, 2, 2, 2, 1, 1, 1, 1, 1, 1, 1, 1, 1, 1, 1, 1, 1, 1, 1, 1, 1, 1, 1, 1, 1, 1, 1, 1, 1, 1, 1, 1, 1, 1, 1]",0.040258834999804094,0.04021714644447153,0.03867137400084175,0.04217162399982044,0.0011220713872658206,"[0.038671, 0.039058, 0.039615, 0.039713, 0.040259, 0.041545, 0.040359, 0.040563, 0.042172]",0.015246517999912612,0.013887683666729976,0.011995606000709813,0.01554572500026552,0.0017604564679547248,"[0.015247, 0.015269, 0.0153, 0.015488, 0.015546, 0.012015, 0.012023, 0.012107, 0.011996]",2.6405265123508754,2.487588967396583,3.5155892913892828,52,optimal,nan,0.9413604736328125,0.7034292221069336,116.36591695772756,116.36591695787672,1.281793973616388e-12,3.5148613055091538e-06,3.1368808208392e-06,1.0,0.9791666666666666,0.49473684210526314,0.6573426573426573,9,2,1e-07,1e-05,1000,20.0,20.0,20.0,0.0,20.0,1.0,14.0,1.9230769230769231,2.074072117340425,1.0
primary,x86_64,none,0.3.0,2.4.4,32,8,balanced,100,500,0.4,0,0.9808080808080808,5,"[20, 20, 20, 20, 20]",powerlaw,5,0,0,60,42,"[11, 8, 4, 3, 3, 3, 3, 3, 2, 2, 2, 2, 2, 2, 2, 2, 2, 2, 1, 1, 1, 1, 1, 1, 1, 1, 1, 1, 1, 1, 1, 1, 1, 1, 1, 1, 1, 1, 1, 1, 1, 1, 1, 1, 1, 1, 1, 1, 1, 1, 1, 1, 1, 1, 1, 1, 1, 1, 1, 1]",0.03705660200012062,0.0383234836669241,0.0355914350002422,0.04315473299993755,0.0026040233005899366,"[0.035591, 0.036965, 0.037277, 0.037057, 0.036337, 0.036852, 0.043155, 0.040573, 0.041103]",0.010384397000052559,0.010565926777720355,0.010074503000396362,0.011802070000157983,0.0005256753642224695,"[0.010343, 0.010244, 0.010184, 0.010384, 0.010075, 0.010487, 0.011802, 0.010741, 0.010834]",3.568488569912443,3.0156942807292086,4.283559496507144,52,optimal,nan,0.9413604736328125,0.7031192779541016,116.88416513372682,116.88416513386078,1.14601936363442e-12,2.9100911419499553e-06,2.5971463157308167e-06,1.0,1.0,0.42105263157894735,0.5925925925925926,9,2,1e-07,1e-05,1000,20.0,20.0,20.0,0.0,20.0,1.0,11.0,1.6666666666666667,1.6397831834998462,1.0
primary,x86_64,none,0.3.0,2.4.4,32,8,balanced,100,1000,0.05,0,0.9808080808080808,5,"[20, 20, 20, 20, 20]",powerlaw,5,0,0,1,0,[100],0.031232743000146,0.031196726333089626,0.030297124999378866,0.031706486999610206,0.00043633970061583466,"[0.030875, 0.0315, 0.031706, 0.031233, 0.031648, 0.031327, 0.031178, 0.030297, 0.031006]",0.031891710000309104,0.03185160488909686,0.030184328000359528,0.0328332640001463,0.0008339944225250317,"[0.032833, 0.032374, 0.031375, 0.03258, 0.031602, 0.031892, 0.032511, 0.031312, 0.030184]",0.9793373575717101,0.9227570246821597,1.0504287854025622,41,optimal,nan,0.9413604736328125,1.4789066314697266,108.93709033596105,108.93709033596105,0.0,0.0,0.0,1.0,0.09121245828698554,0.8631578947368421,0.16498993963782696,9,2,1e-07,1e-05,1000,20.0,20.0,20.0,0.0,20.0,100.0,100.0,100.0,0.0,100.0
primary,x86_64,none,0.3.0,2.4.4,32,8,balanced,100,1000,0.1,0,0.9808080808080808,5,"[20, 20, 20, 20, 20]",powerlaw,5,0,0,7,5,"[93, 2, 1, 1, 1, 1, 1]",0.03726200799974322,0.037400793666367664,0.0339018609993218,0.04313929599993571,0.0029065773007631106,"[0.033902, 0.034298, 0.035181, 0.037522, 0.037262, 0.036902, 0.043139, 0.039942, 0.038459]",0.03624208999917755,0.03670541266658094,0.03570660300010786,0.03763482900012605,0.0007888248058834974,"[0.035707, 0.036062, 0.037537, 0.037369, 0.037635, 0.036089, 0.036172, 0.036242, 0.037536]",1.0281418097187225,0.900810815407405,1.2081601825803872,52,optimal,nan,0.9413604736328125,1.314422607421875,110.99569541504981,110.99569534985012,5.874073350920303e-10,3.185996762113119e-05,2.7187464621462403e-05,1.0,0.6016260162601627,0.7789473684210526,0.6788990825688073,9,2,1e-07,1e-05,1000,20.0,20.0,20.0,0.0,20.0,1.0,93.0,14.285714285714286,32.13682483077757,1.0
primary,x86_64,none,0.3.0,2.4.4,32,8,balanced,100,1000,0.15,0,0.9808080808080808,5,"[20, 20, 20, 20, 20]",powerlaw,5,0,0,28,11,"[28, 10, 6, 5, 5, 5, 4, 4, 3, 3, 3, 3, 2, 2, 2, 2, 2, 1, 1, 1, 1, 1, 1, 1, 1, 1, 1, 1]",0.04129774500052008,0.041492598889110215,0.03894920400034607,0.04331858200021088,0.0012691179461072116,"[0.038949, 0.04079, 0.042408, 0.04114, 0.043319, 0.041647, 0.042704, 0.041298, 0.04118]",0.014275279999310442,0.0143244876665752,0.01394638900001155,0.014700344000630139,0.0002596694121520792,"[0.014526, 0.014561, 0.01425, 0.014494, 0.014138, 0.0147, 0.013946, 0.01403, 0.014275]",2.8929551646282903,2.6495437112680147,3.1060787132909464,55,optimal,nan,0.9413604736328125,0.7094526290893555,112.50628537756909,112.50628537918615,1.43731291409249e-11,1.073753453388615e-05,9.174143322904196e-06,1.0,0.9054054054054054,0.7052631578947368,0.7928994082840236,9,2,1e-07,1e-05,1000,20.0,20.0,20.0,0.0,20.0,1.0,28.0,3.5714285714285716,5.129944105992993,2.0
primary,x86_64,none,0.3.0,2.4.4,32,8,balanced,100,1000,0.2,0,0.9808080808080808,5,"[20, 20, 20, 20, 20]",powerlaw,5,0,0,36,15,"[13, 10, 6, 5, 5, 4, 4, 4, 3, 3, 3, 3, 3, 3, 3, 3, 2, 2, 2, 2, 2, 1, 1, 1, 1, 1, 1, 1, 1, 1, 1, 1, 1, 1, 1, 1]",0.03311822100022255,0.03291584700006448,0.03159962500012625,0.03345067299960647,0.0005679990963714806,"[0.0316, 0.032647, 0.033118, 0.033357, 0.032844, 0.033451, 0.033187, 0.033298, 0.032742]",0.011983729999883508,0.011997186777787446,0.011805630000708334,0.012217634999615257,0.0001333757557534748,"[0.012218, 0.012057, 0.011984, 0.011909, 0.011864, 0.012098, 0.012111, 0.011929, 0.011806]",2.763598729322547,2.5863945846410825,2.83345090415331,51,optimal,nan,0.9413604736328125,0.7006406784057617,113.76529982718392,113.76529982761627,3.800377131797411e-12,8.570712098143751e-06,7.322811480276897e-06,1.0,0.9846153846153847,0.6736842105263158,0.8,9,2,1e-07,1e-05,1000,20.0,20.0,20.0,0.0,20.0,1.0,13.0,2.7777777777777777,2.539806544591658,2.0
primary,x86_64,none,0.3.0,2.4.4,32,8,balanced,100,1000,0.25,0,0.9808080808080808,5,"[20, 20, 20, 20, 20]",powerlaw,5,0,0,38,15,"[11, 10, 6, 5, 4, 4, 4, 3, 3, 3, 3, 3, 3, 3, 3, 3, 2, 2, 2, 2, 2, 2, 2, 1, 1, 1, 1, 1, 1, 1, 1, 1, 1, 1, 1, 1, 1, 1]",0.0311816830007956,0.030953451777956314,0.028899634000481456,0.03229896100037877,0.0011604045502140508,"[0.0289, 0.029776, 0.030923, 0.029998, 0.031182, 0.031809, 0.031674, 0.032021, 0.032299]",0.012114336999729858,0.012086236444398915,0.011742702000447025,0.012265127999853576,0.00014801219864731782,"[0.012265, 0.012194, 0.012114, 0.012067, 0.012133, 0.012164, 0.012073, 0.012023, 0.011743]",2.5739487849389473,2.3562439789316887,2.7505561325791286,49,optimal,nan,0.9413604736328125,0.7010221481323242,114.8084501681998,114.80845016895356,6.5653524966562875e-12,7.490060553227984e-06,6.399503421374287e-06,1.0,1.0,0.6526315789473685,0.7898089171974523,9,2,1e-07,1e-05,1000,20.0,20.0,20.0,0.0,20.0,1.0,11.0,2.6315789473684212,2.2410177743203974,2.0
primary,x86_64,none,0.3.0,2.4.4,32,8,balanced,100,1000,0.3,0,0.9808080808080808,5,"[20, 20, 20, 20, 20]",powerlaw,5,0,0,46,23,"[11, 8, 5, 5, 4, 3, 3, 3, 3, 3, 3, 3, 3, 2, 2, 2, 2, 2, 2, 2, 2, 2, 2, 1, 1, 1, 1, 1, 1, 1, 1, 1, 1, 1, 1, 1, 1, 1, 1, 1, 1, 1, 1, 1, 1, 1]",0.03067944099984743,0.030536565999985516,0.02972601399960695,0.031717169000330614,0.0006533719345872433,"[0.029726, 0.030186, 0.02975, 0.030106, 0.030679, 0.030723, 0.030926, 0.031015, 0.031717]",0.011599035000472213,0.011584786889114993,0.011312888000247767,0.011772384999858332,0.00014080756775300908,"[0.011769, 0.011772, 0.011609, 0.011635, 0.011599, 0.011502, 0.011531, 0.011534, 0.011313]",2.6449994330216633,2.5250630182384173,2.803631486463577,48,optimal,nan,0.9413604736328125,0.7019519805908203,115.65463510247191,115.65463510281155,2.9366693984413315e-12,4.177554016548957e-06,3.56929974427698e-06,1.0,1.0,0.5684210526315789,0.7248322147651006,9,2,1e-07,1e-05,1000,20.0,20.0,20.0,0.0,20.0,1.0,11.0,2.1739130434782608,1.9145251179394778,1.5
primary,x86_64,none,0.3.0,2.4.4,32,8,balanced,100,1000,0.35,0,0.9808080808080808,5,"[20, 20, 20, 20, 20]",powerlaw,5,0,0,53,31,"[11, 8, 4, 4, 3, 3, 3, 3, 3, 3, 2, 2, 2, 2, 2, 2, 2, 2, 2, 2, 2, 2, 1, 1, 1, 1, 1, 1, 1, 1, 1, 1, 1, 1, 1, 1, 1, 1, 1, 1, 1, 1, 1, 1, 1, 1, 1, 1, 1, 1, 1, 1, 1]",0.030003849000422633,0.02990015555557572,0.029148970999813173,0.030270997999650717,0.00035248628410814993,"[0.029149, 0.029624, 0.030029, 0.029788, 0.030004, 0.0302, 0.029848, 0.030271, 0.030189]",0.010827269999936107,0.010917506666879085,0.010748906000117131,0.011714205999851401,0.00030257267608087767,"[0.010907, 0.010782, 0.010846, 0.010855, 0.010774, 0.010804, 0.010827, 0.010749, 0.011714]",2.7711370456818467,2.4883437255741394,2.8161933874313214,47,optimal,nan,0.9413604736328125,0.7035198211669922,116.33439123339433,116.3343912335972,1.743888112219629e-12,3.5852012261194943e-06,3.0631938606296736e-06,1.0,1.0,0.49473684210526314,0.6619718309859155,9,2,1e-07,1e-05,1000,20.0,20.0,20.0,0.0,20.0,1.0,11.0,1.8867924528301887,1.74464547253839,1.0
primary,x86_64,none,0.3.0,2.4.4,32,8,balanced,100,1000,0.4,0,0.9808080808080808,5,"[20, 20, 20, 20, 20]",powerlaw,5,0,0,57,38,"[11, 8, 4, 4, 3, 3, 3, 3, 3, 2, 2, 2, 2, 2, 2, 2, 2, 2, 2, 1, 1, 1, 1, 1, 1, 1, 1, 1, 1, 1, 1, 1, 1, 1, 1, 1, 1, 1, 1, 1, 1, 1, 1, 1, 1, 1, 1, 1, 1, 1, 1, 1, 1, 1, 1, 1, 1]",0.03022825400057627,0.03019540433322416,0.029625088999637228,0.030541708999408,0.00025132407946726375,"[0.029625, 0.030228, 0.030194, 0.030164, 0.030542, 0.030384, 0.030086, 0.030266, 0.03027]",0.010102997000103642,0.010100358666527932,0.01001394699960656,0.010169487999519333,5.5140230375719055e-05,"[0.010136, 0.010169, 0.010165, 0.010064, 0.010124, 0.010032, 0.010103, 0.010014, 0.010096]",2.9920086089569438,2.9131347616554026,3.0499171805690564,47,optimal,nan,0.9413604736328125,0.7028074264526367,116.88268734878521,116.88268734893329,1.2668865637092479e-12,3.4342129497932916e-06,2.934189564345281e-06,1.0,1.0,0.45263157894736844,0.6231884057971014,9,2,1e-07,1e-05,1000,20.0,20.0,20.0,0.0,20.0,1.0,11.0,1.7543859649122806,1.699129826358351,1.0
primary,x86_64,none,0.3.0,2.4.4,32,8,balanced,200,400,0.05,0,0.9902010050251256,5,"[40, 40, 40, 40, 40]",powerlaw,5,0,0,1,0,[200],0.10945289400024194,0.10797585444439999,0.09976071400069486,0.11415709900029469,0.005203782828167603,"[0.105202, 0.112707, 0.114157, 0.099761, 0.111132, 0.110463, 0.109453, 0.108796, 0.100111]",0.1110308540000915,0.1125512955554263,0.10915486900012183,0.11754098499932297,0.00278846929317875,"[0.113712, 0.111009, 0.112888, 0.111031, 0.110625, 0.117541, 0.109155, 0.110844, 0.116157]",0.9857880945430875,0.8487313084986439,1.04582690672431,28,optimal,nan,3.385162353515625,5.829864501953125,201.06032923867468,201.06032923867468,0.0,0.0,0.0,1.0,0.028622250970245795,0.9076923076923077,0.05549459162878194,9,2,1e-07,1e-05,1000,40.0,40.0,40.0,0.0,40.0,200.0,200.0,200.0,0.0,200.0
primary,x86_64,none,0.3.0,2.4.4,32,8,balanced,200,400,0.1,0,0.9902010050251256,5,"[40, 40, 40, 40, 40]",powerlaw,5,0,0,1,0,[200],0.18696064000050683,0.18724929033335988,0.18235379700035992,0.19256365000001097,0.002938286220936545,"[0.182354, 0.190323, 0.186961, 0.187836, 0.192564, 0.187481, 0.186917, 0.18549, 0.18532]",0.149265258000014,0.1586194418889338,0.13606926699958422,0.19661361999988003,0.022761438465269096,"[0.147142, 0.149265, 0.146841, 0.136069, 0.137255, 0.154649, 0.164716, 0.195024, 0.196614]",1.252539556126914,0.9274728627674481,1.41518841282947,53,optimal,nan,3.385162353515625,5.829714775085449,211.47750043921394,211.47750043921394,0.0,0.0,0.0,1.0,0.09895513214505225,0.8256410256410256,0.17672886937431395,9,2,1e-07,1e-05,1000,40.0,40.0,40.0,0.0,40.0,200.0,200.0,200.0,0.0,200.0
primary,x86_64,none,0.3.0,2.4.4,32,8,balanced,200,400,0.15,0,0.9902010050251256,5,"[40, 40, 40, 40, 40]",powerlaw,5,0,0,6,5,"[195, 1, 1, 1, 1, 1]",0.20525262299997848,0.20120303411103022,0.16579169200031174,0.21807459800038487,0.01569847041943769,"[0.21233, 0.211304, 0.207467, 0.199266, 0.202245, 0.205253, 0.218075, 0.189095, 0.165792]",0.15507246800007124,0.15458012133341173,0.14978290700037178,0.1594192849997853,0.0034792857152517987,"[0.15806, 0.159419, 0.155425, 0.155072, 0.157567, 0.15417, 0.151415, 0.150309, 0.149783]",1.3235916449068457,1.0399726231398856,1.4559378127161304,58,optimal,nan,3.385162353515625,5.589154243469238,215.689606228596,215.68960658339566,1.644954798575707e-09,1.5159381862972499e-05,1.2024987746385313e-05,1.0,0.3370044052863436,0.7846153846153846,0.4714946070878275,9,2,1e-07,1e-05,1000,40.0,40.0,40.0,0.0,40.0,1.0,195.0,33.333333333333336,72.2995312724932,1.0
primary,x86_64,none,0.3.0,2.4.4,32,8,balanced,200,400,0.2,0,0.9902010050251256,5,"[40, 40, 40, 40, 40]",powerlaw,5,0,0,26,18,"[166, 3, 3, 2, 2, 2, 2, 2, 1, 1, 1, 1, 1, 1, 1, 1, 1, 1, 1, 1, 1, 1, 1, 1, 1, 1]",0.183321421999608,0.18663459755538903,0.1751074650001101,0.2090520559995639,0.01002370695894625,"[0.181593, 0.183321, 0.209052, 0.184106, 0.175107, 0.184245, 0.182982, 0.183007, 0.196298]",0.15028513000015664,0.1494032097776249,0.1432050799994613,0.15230122100001608,0.0031851191627560657,"[0.151919, 0.152301, 0.150462, 0.151805, 0.150046, 0.149659, 0.150285, 0.143205, 0.144946]",1.2198240903768518,1.149744328051655,1.459808939741176,66,optimal,nan,3.385162353515625,4.313076972961426,218.50281630777576,218.50279938155592,7.746453857498599e-08,0.00029837098518838145,0.00023791299047865665,1.0,0.5982905982905983,0.717948717948718,0.6526806526806527,9,2,1e-07,1e-05,1000,40.0,40.0,40.0,0.0,40.0,1.0,166.0,7.6923076923076925,31.667465992195584,1.0
primary,x86_64,none,0.3.0,2.4.4,32,8,balanced,200,400,0.25,0,0.9902010050251256,5,"[40, 40, 40, 40, 40]",powerlaw,5,0,0,51,27,"[113, 5, 4, 4, 4, 3, 3, 3, 3, 3, 2, 2, 2, 2, 2, 2, 2, 2, 2, 2, 2, 2, 2, 2, 1, 1, 1, 1, 1, 1, 1, 1, 1, 1, 1, 1, 1, 1, 1, 1, 1, 1, 1, 1, 1, 1, 1, 1, 1, 1, 1]",0.19503914899996744,0.1958359845554393,0.18945989700023347,0.1993562870002279,0.0032256824524581193,"[0.18946, 0.194031, 0.194849, 0.194581, 0.199348, 0.199356, 0.196779, 0.199081, 0.195039]",0.0926544889998695,0.09234908033320405,0.08994381299999077,0.09358416599934571,0.0011195166768255644,"[0.092197, 0.091439, 0.093145, 0.092654, 0.092095, 0.093584, 0.09328, 0.092803, 0.089944]",2.10501564581768,2.0244866743970134,2.216453587533012,71,optimal,nan,3.385162353515625,2.5952529907226562,220.7048250732805,220.70480148611583,1.0687199364354302e-07,0.0008717145084012057,0.0006961836464190953,1.0,0.7962962962962963,0.6615384615384615,0.7226890756302522,9,2,1e-07,1e-05,1000,40.0,40.0,40.0,0.0,40.0,1.0,113.0,3.9215686274509802,15.457523248903376,1.0
primary,x86_64,none,0.3.0,2.4.4,32,8,balanced,200,400,0.3,0,0.9902010050251256,5,"[40, 40, 40, 40, 40]",powerlaw,5,0,0,86,54,"[62, 7, 7, 5, 4, 3, 3, 3, 3, 3, 3, 3, 2, 2, 2, 2, 2, 2, 2, 2, 2, 2, 2, 2, 2, 2, 2, 2, 2, 2, 2, 2, 1, 1, 1, 1, 1, 1, 1, 1, 1, 1, 1, 1, 1, 1, 1, 1, 1, 1, 1, 1, 1, 1, 1, 1, 1, 1, 1, 1, 1, 1, 1, 1, 1, 1, 1, 1, 1, 1, 1, 1, 1, 1, 1, 1, 1, 1, 1, 1, 1, 1, 1, 1, 1, 1]",0.18387110499952541,0.18333337699985147,0.1731471409993901,0.19844439400003466,0.009141785177383467,"[0.184103, 0.191367, 0.198444, 0.192399, 0.183871, 0.177404, 0.173147, 0.175713, 0.173553]",0.04558278300009988,0.04577856099988114,0.044412076999833516,0.04763092699977278,0.001164548776073114,"[0.047631, 0.044831, 0.044412, 0.044496, 0.045286, 0.046152, 0.045583, 0.046324, 0.047293]",4.0337840934179585,3.6351831027814363,4.4682529484216325,68,optimal,nan,3.385162353515625,2.410344123840332,222.48141214173523,222.4813849635846,1.221591969591325e-07,0.0013764433520546265,0.0010996710532031918,1.0,0.8983050847457628,0.5435897435897435,0.6773162939297124,9,2,1e-07,1e-05,1000,40.0,40.0,40.0,0.0,40.0,1.0,62.0,2.3255813953488373,6.572390914758344,1.0
primary,x86_64,none,0.3.0,2.4.4,32,8,balanced,200,400,0.35,0,0.9902010050251256,5,"[40, 40, 40, 40, 40]",powerlaw,5,0,0,99,69,"[30, 25, 7, 7, 4, 4, 4, 3, 3, 3, 3, 2, 2, 2, 2, 2, 2, 2, 2, 2, 2, 2, 2, 2, 2, 2, 2, 2, 2, 2, 1, 1, 1, 1, 1, 1, 1, 1, 1, 1, 1, 1, 1, 1, 1, 1, 1, 1, 1, 1, 1, 1, 1, 1, 1, 1, 1, 1, 1, 1, 1, 1, 1, 1, 1, 1, 1, 1, 1, 1, 1, 1, 1, 1, 1, 1, 1, 1, 1, 1, 1, 1, 1, 1, 1, 1, 1, 1, 1, 1, 1, 1, 1, 1, 1, 1, 1, 1, 1]",0.19028147799963335,0.1908975729999535,0.18751737599995977,0.1946472889994766,0.002421712615360804,"[0.189322, 0.188985, 0.190092, 0.192239, 0.187517, 0.194413, 0.190281, 0.190581, 0.194647]",0.03174563599986868,0.03242320611116156,0.03150579500015738,0.03534324700012803,0.0013087282736916161,"[0.035343, 0.033806, 0.032458, 0.031977, 0.031633, 0.031746, 0.03172, 0.031506, 0.031621]",5.993941277485209,5.305606923984106,6.178142433749229,70,optimal,nan,3.385162353515625,2.3606128692626953,223.9499248279469,223.94989541676495,1.3132927802515098e-07,0.0016080625679060628,0.0012847167709823175,1.0,0.9326923076923077,0.49743589743589745,0.6488294314381271,9,2,1e-07,1e-05,1000,40.0,40.0,40.0,0.0,40.0,1.0,30.0,2.0202020202020203,3.8243763549946785,1.0
primary,x86_64,none,0.3.0,2.4.4,32,8,balanced,200,400,0.4,0,0.9902010050251256,5,"[40, 40, 40, 40, 40]",powerlaw,5,0,0,117,96,"[26, 24, 7, 7, 4, 3, 3, 3, 3, 2, 2, 2, 2, 2, 2, 2, 2, 2, 2, 2, 2, 1, 1, 1, 1, 1, 1, 1, 1, 1, 1, 1, 1, 1, 1, 1, 1, 1, 1, 1, 1, 1, 1, 1, 1, 1, 1, 1, 1, 1, 1, 1, 1, 1, 1, 1, 1, 1, 1, 1, 1, 1, 1, 1, 1, 1, 1, 1, 1, 1, 1, 1, 1, 1, 1, 1, 1, 1, 1, 1, 1, 1, 1, 1, 1, 1, 1, 1, 1, 1, 1, 1, 1, 1, 1, 1, 1, 1, 1, 1, 1, 1, 1, 1, 1, 1, 1, 1, 1, 1, 1, 1, 1, 1, 1, 1, 1]",0.16760821000025317,0.16665650322233383,0.15583227899969643,0.18049312000039208,0.006587600463956597,"[0.180493, 0.167906, 0.155832, 0.161226, 0.167744, 0.167703, 0.166813, 0.164583, 0.167608]",0.024435244999949646,0.024582869777582853,0.023912819999168278,0.025577456000064558,0.0006369708124940813,"[0.025577, 0.025373, 0.025202, 0.024435, 0.024446, 0.024292, 0.023965, 0.024042, 0.023913]",6.859280928044657,6.092563662285378,7.547964648530366,72,optimal,nan,3.385162353515625,2.3550291061401367,225.16728571408575,225.16727877465243,3.081901217365165e-08,0.0006899090714940354,0.0005511836244743013,1.0,0.9529411764705882,0.4153846153846154,0.5785714285714285,9,2,1e-07,1e-05,1000,40.0,40.0,40.0,0.0,40.0,1.0,26.0,1.7094017094017093,3.20805564315361,1.0
primary,x86_64,none,0.3.0,2.4.4,32,8,balanced,200,1000,0.05,0,0.9902010050251256,5,"[40, 40, 40, 40, 40]",powerlaw,5,0,0,1,0,[200],0.08386702999996487,0.08416175088910273,0.08224751199941238,0.08675936200052092,0.0014785155083264097,"[0.084575, 0.085491, 0.083867, 0.082863, 0.082248, 0.083207, 0.083118, 0.085329, 0.086759]",0.09414811500028009,0.09478861244436605,0.09329679900019983,0.09660351299953618,0.0012560341281522467,"[0.093297, 0.093874, 0.093927, 0.093728, 0.096509, 0.094148, 0.096604, 0.095491, 0.095521]",0.8907988226818494,0.8513925575336714,0.9299286034490326,38,optimal,nan,3.385162353515625,5.829800605773926,208.38923666269838,208.38923666269838,0.0,0.0,0.0,1.0,0.05874363327674024,0.8871794871794871,0.11019108280254777,9,2,1e-07,1e-05,1000,40.0,40.0,40.0,0.0,40.0,200.0,200.0,200.0,0.0,200.0
primary,x86_64,none,0.3.0,2.4.4,32,8,balanced,200,1000,0.1,0,0.9902010050251256,5,"[40, 40, 40, 40, 40]",powerlaw,5,0,0,4,2,"[196, 2, 1, 1]",0.11936698899990006,0.12097661244428713,0.1166705629993885,0.12638529399919207,0.003657021808235043,"[0.124836, 0.125013, 0.126385, 0.122036, 0.118004, 0.118725, 0.117753, 0.116671, 0.119367]",0.12773884600028396,0.12787129811113118,0.12445943799957604,0.13531400800002302,0.0031888483152687757,"[0.127739, 0.125399, 0.126559, 0.135314, 0.129601, 0.127987, 0.12777, 0.124459, 0.126015]",0.9344611505229561,0.8622208795956191,1.015473764228492,53,optimal,nan,3.385162353515625,5.636627197265625,213.17538433956494,213.1753810589109,1.538946002670141e-08,0.00011475155592966663,9.163684880493079e-05,1.0,0.3898305084745763,0.8256410256410256,0.5296052631578947,9,2,1e-07,1e-05,1000,40.0,40.0,40.0,0.0,40.0,1.0,196.0,50.0,84.2941279093627,1.5
primary,x86_64,none,0.3.0,2.4.4,32,8,balanced,200,1000,0.15,0,0.9902010050251256,5,"[40, 40, 40, 40, 40]",powerlaw,5,0,0,31,12,"[130, 7, 5, 5, 4, 4, 4, 3, 3, 3, 3, 3, 2, 2, 2, 2, 2, 2, 2, 1, 1, 1, 1, 1, 1, 1, 1, 1, 1, 1, 1]",0.1257619349999004,0.12448172911101413,0.11796830399998726,0.12712854799974593,0.0029880280396196806,"[0.117968, 0.121596, 0.126153, 0.124686, 0.123879, 0.126511, 0.125762, 0.126652, 0.127129]",0.08450698299930082,0.08489339277780851,0.0835784920000151,0.08643520599980548,0.0010517705829859731,"[0.084068, 0.085538, 0.086435, 0.083968, 0.083578, 0.085826, 0.084507, 0.084134, 0.085986]",1.4881839409761075,1.364817757248739,1.521067740725963,52,optimal,nan,3.385162353515625,3.0122833251953125,216.3795635852042,216.37956109548034,1.1506280110726703e-08,0.0003124391398246773,0.0002496711252068073,0.99995,0.7864583333333334,0.7743589743589744,0.7803617571059431,9,2,1e-07,1e-05,1000,40.0,40.0,40.0,0.0,40.0,1.0,130.0,6.451612903225806,22.605792448778544,2.0
primary,x86_64,none,0.3.0,2.4.4,32,8,balanced,200,1000,0.2,0,0.9902010050251256,5,"[40, 40, 40, 40, 40]",powerlaw,5,0,0,52,20,"[37, 26, 18, 8, 7, 6, 5, 5, 4, 4, 4, 4, 4, 3, 3, 3, 3, 3, 3, 3, 3, 3, 3, 2, 2, 2, 2, 2, 2, 2, 2, 2, 1, 1, 1, 1, 1, 1, 1, 1, 1, 1, 1, 1, 1, 1, 1, 1, 1, 1, 1, 1]",0.151259821000167,0.14702606744443378,0.13038775499990152,0.15357392599980813,0.00824130645446957,"[0.147196, 0.149279, 0.152336, 0.151958, 0.153574, 0.15126, 0.151526, 0.135719, 0.130388]",0.03277147600056196,0.033279653111195434,0.032247864000055415,0.035385975999815855,0.0012063201519929925,"[0.035386, 0.035211, 0.033428, 0.033064, 0.032771, 0.032725, 0.032427, 0.032256, 0.032248]",4.615593786424914,3.6847296511075474,4.762297620690295,56,optimal,nan,3.385162353515625,2.3663454055786133,218.989450681099,218.9894471503261,1.61230272760857e-08,0.0006323438230925738,0.0005053079937174403,1.0,0.9415584415584416,0.7435897435897436,0.830945558739255,9,2,1e-07,1e-05,1000,40.0,40.0,40.0,0.0,40.0,1.0,37.0,3.8461538461538463,6.240021620353988,2.0
primary,x86_64,none,0.3.0,2.4.4,32,8,balanced,200,1000,0.25,0,0.9902010050251256,5,"[40, 40, 40, 40, 40]",powerlaw,5,0,0,73,37,"[21, 18, 12, 10, 8, 7, 5, 5, 5, 5, 4, 4, 4, 3, 3, 3, 3, 3, 3, 3, 3, 3, 2, 2, 2, 2, 2, 2, 2, 2, 2, 2, 2, 2, 2, 2, 1, 1, 1, 1, 1, 1, 1, 1, 1, 1, 1, 1, 1, 1, 1, 1, 1, 1, 1, 1, 1, 1, 1, 1, 1, 1, 1, 1, 1, 1, 1, 1, 1, 1, 1, 1, 1]",0.12615017000007356,0.12855781011098266,0.11832804499954364,0.1437190799997552,0.00858126544806627,"[0.121431, 0.118328, 0.12305, 0.125638, 0.132004, 0.143719, 0.140468, 0.12615, 0.126232]",0.023701465999693028,0.02409262466678936,0.02214487699984602,0.026739841000562592,0.0017479933019041755,"[0.026348, 0.02674, 0.025602, 0.024214, 0.023701, 0.023071, 0.022626, 0.022386, 0.022145]",5.322462754063711,4.425158885464356,6.489947088021962,54,optimal,nan,3.385162353515625,2.3446149826049805,221.1121985431356,221.1121982133644,1.4914202536084516e-09,0.00018688905801278466,0.00014934365040385805,1.0,0.9844961240310077,0.6512820512820513,0.7839506172839507,9,2,1e-07,1e-05,1000,40.0,40.0,40.0,0.0,40.0,1.0,21.0,2.73972602739726,3.5035301072789777,1.0
primary,x86_64,none,0.3.0,2.4.4,32,8,balanced,200,1000,0.3,0,0.9902010050251256,5,"[40, 40, 40, 40, 40]",powerlaw,5,0,0,89,53,"[18, 14, 12, 8, 7, 7, 5, 5, 5, 4, 4, 4, 3, 3, 3, 3, 3, 3, 2, 2, 2, 2, 2, 2, 2, 2, 2, 2, 2, 2, 2, 2, 2, 2, 2, 2, 1, 1, 1, 1, 1, 1, 1, 1, 1, 1, 1, 1, 1, 1, 1, 1, 1, 1, 1, 1, 1, 1, 1, 1, 1, 1, 1, 1, 1, 1, 1, 1, 1, 1, 1, 1, 1, 1, 1, 1, 1, 1, 1, 1, 1, 1, 1, 1, 1, 1, 1, 1, 1]",0.11939900899960776,0.12121047622218208,0.1185987489998297,0.12640780899982929,0.003164890772323542,"[0.119338, 0.118599, 0.119201, 0.118805, 0.119399, 0.119454, 0.126408, 0.124546, 0.125144]",0.020773510999788414,0.02093366833337819,0.01933802999974432,0.022751600999981747,0.0014254080884728885,"[0.022353, 0.02272, 0.022752, 0.021419, 0.020774, 0.020043, 0.01966, 0.019338, 0.019345]",5.747656667225097,5.212764982997234,6.53674696964999,54,optimal,nan,3.385162353515625,2.342885971069336,222.84651454638302,222.84651449418044,2.342535181343351e-10,3.333721913462151e-05,2.6639879582033375e-05,1.0,0.9910714285714286,0.5692307692307692,0.7231270358306189,9,2,1e-07,1e-05,1000,40.0,40.0,40.0,0.0,40.0,1.0,18.0,2.247191011235955,2.7612116656263628,1.0
primary,x86_64,none,0.3.0,2.4.4,32,8,balanced,200,1000,0.35,0,0.9902010050251256,5,"[40, 40, 40, 40, 40]",powerlaw,5,0,0,107,77,"[17, 14, 12, 8, 7, 7, 4, 4, 3, 3, 3, 3, 3, 3, 2, 2, 2, 2, 2, 2, 2, 2, 2, 2, 2, 2, 2, 2, 2, 2, 1, 1, 1, 1, 1, 1, 1, 1, 1, 1, 1, 1, 1, 1, 1, 1, 1, 1, 1, 1, 1, 1, 1, 1, 1, 1, 1, 1, 1, 1, 1, 1, 1, 1, 1, 1, 1, 1, 1, 1, 1, 1, 1, 1, 1, 1, 1, 1, 1, 1, 1, 1, 1, 1, 1, 1, 1, 1, 1, 1, 1, 1, 1, 1, 1, 1, 1, 1, 1, 1, 1, 1, 1, 1, 1, 1, 1]",0.1195770980002635,0.12204107033347908,0.11723449800047092,0.13016095000057248,0.005462082097052834,"[0.127664, 0.129642, 0.130161, 0.118942, 0.119577, 0.1201, 0.117234, 0.117465, 0.117585]",0.018525894999584125,0.01842272922224058,0.01720558500073821,0.019471008999971673,0.0009291061792311002,"[0.019387, 0.019336, 0.019471, 0.019023, 0.018526, 0.017569, 0.017291, 0.017996, 0.017206]",6.45459223443444,6.02097703311839,7.56504065365914,53,optimal,nan,3.385162353515625,2.343918800354004,224.27526210502916,224.27526199919186,4.719080499384436e-10,5.444774939480923e-05,4.350937251329979e-05,1.0,0.9893617021276596,0.47692307692307695,0.6435986159169551,9,2,1e-07,1e-05,1000,40.0,40.0,40.0,0.0,40.0,1.0,17.0,1.8691588785046729,2.453622582732711,1.0
primary,x86_64,none,0.3.0,2.4.4,32,8,balanced,200,1000,0.4,0,0.9902010050251256,5,"[40, 40, 40, 40, 40]",powerlaw,5,0,0,118,93,"[16, 14, 12, 8, 7, 4, 4, 3, 3, 3, 3, 3, 3, 2, 2, 2, 2, 2, 2, 2, 2, 2, 2, 2, 2, 1, 1, 1, 1, 1, 1, 1, 1, 1, 1, 1, 1, 1, 1, 1, 1, 1, 1, 1, 1, 1, 1, 1, 1, 1, 1, 1, 1, 1, 1, 1, 1, 1, 1, 1, 1, 1, 1, 1, 1, 1, 1, 1, 1, 1, 1, 1, 1, 1, 1, 1, 1, 1, 1, 1, 1, 1, 1, 1, 1, 1, 1, 1, 1, 1, 1, 1, 1, 1, 1, 1, 1, 1, 1, 1, 1, 1, 1, 1, 1, 1, 1, 1, 1, 1, 1, 1, 1, 1, 1, 1, 1, 1]",0.15020899299997836,0.1499745593333096,0.14025085999946896,0.1589239880004243,0.006355375302000499,"[0.150226, 0.1519, 0.149906, 0.150209, 0.158924, 0.157754, 0.149797, 0.140251, 0.140804]",0.016432633000476926,0.018133943333446548,0.015369973000815662,0.023580353000397736,0.003435980084025265,"[0.023479, 0.02358, 0.020408, 0.017166, 0.016433, 0.015903, 0.01546, 0.015406, 0.01537]",9.140896227379923,5.9477845813887225,10.339900271262053,52,optimal,nan,3.385162353515625,2.343064308166504,225.4680279937323,225.4680277756784,9.67116777683308e-10,8.783955894081652e-05,7.019287533420672e-05,1.0,0.9879518072289156,0.4205128205128205,0.5899280575539568,9,2,1e-07,1e-05,1000,40.0,40.0,40.0,0.0,40.0,1.0,16.0,1.694915254237288,2.2493256035497073,1.0
primary,x86_64,none,0.3.0,2.4.4,32,8,balanced,200,2000,0.05,0,0.9902010050251256,5,"[40, 40, 40, 40, 40]",powerlaw,5,0,0,1,0,[200],0.12006151199966553,0.12015887322215552,0.11821284100005869,0.12296809700001177,0.001538450515899631,"[0.122968, 0.121184, 0.120062, 0.118707, 0.118213, 0.121454, 0.118729, 0.119641, 0.120472]",0.11384346700015158,0.11567802155554495,0.1121004679998805,0.12689814799978194,0.004646171509231424,"[0.126898, 0.115005, 0.11336, 0.113843, 0.112363, 0.1121, 0.113152, 0.115991, 0.118389]",1.054619251884745,0.9315568655916225,1.0969454382665276,48,optimal,nan,3.385162353515625,5.829800605773926,209.22588583845055,209.22588583845055,0.0,0.0,0.0,1.0,0.13906752411575563,0.8871794871794871,0.24044475330090342,9,2,1e-07,1e-05,1000,40.0,40.0,40.0,0.0,40.0,200.0,200.0,200.0,0.0,200.0
primary,x86_64,none,0.3.0,2.4.4,32,8,balanced,200,2000,0.1,0,0.9902010050251256,5,"[40, 40, 40, 40, 40]",powerlaw,5,0,0,16,6,"[171, 3, 3, 3, 3, 3, 2, 2, 2, 2, 1, 1, 1, 1, 1, 1]",0.1322494320002079,0.1317115714445107,0.12461372000052506,0.13953606900031446,0.004406074863244532,"[0.132012, 0.12655, 0.124614, 0.132849, 0.139536, 0.134596, 0.132249, 0.12963, 0.133368]",0.10773821299972042,0.10882712433330097,0.1059370349994424,0.11574199300048349,0.003149787832865381,"[0.107006, 0.106691, 0.105937, 0.108262, 0.107738, 0.108765, 0.107156, 0.112147, 0.115742]",1.2275071984027717,1.0766508919541804,1.3171604151565022,51,optimal,nan,3.385162353515625,4.5176544189453125,213.16711452171577,213.16711198634695,1.1893808419948852e-08,0.00010654118354044839,8.684716010471313e-05,1.0,0.7098214285714286,0.8153846153846154,0.7589498806682579,9,2,1e-07,1e-05,1000,40.0,40.0,40.0,0.0,40.0,1.0,171.0,12.5,40.93287187579195,2.0
primary,x86_64,none,0.3.0,2.4.4,32,8,balanced,200,2000,0.15,0,0.9902010050251256,5,"[40, 40, 40, 40, 40]",powerlaw,5,0,0,43,15,"[58, 46, 7, 5, 5, 5, 4, 4, 4, 3, 3, 3, 3, 3, 3, 3, 3, 3, 2, 2, 2, 2, 2, 2, 2, 2, 2, 2, 1, 1, 1, 1, 1, 1, 1, 1, 1, 1, 1, 1, 1, 1, 1]",0.1364584980001382,0.13521642222217956,0.12658111099972302,0.13840097100001003,0.0037212463440862704,"[0.1369, 0.138203, 0.138401, 0.137736, 0.133969, 0.133052, 0.136458, 0.135648, 0.126581]",0.039083298000150535,0.03943395599981159,0.038577495999561506,0.04182483999920805,0.001001008734072623,"[0.041825, 0.040154, 0.039388, 0.038577, 0.039133, 0.039083, 0.038943, 0.039005, 0.038796]",3.491478585036826,3.0264577462130116,3.5876089780835745,55,optimal,nan,3.385162353515625,2.43056583404541,216.32279757500854,216.32279563471593,8.969431920473939e-09,0.00039762501002470196,0.00032712569322107754,0.99995,0.9263803680981595,0.7743589743589744,0.8435754189944136,9,2,1e-07,1e-05,1000,40.0,40.0,40.0,0.0,40.0,1.0,58.0,4.651162790697675,10.628797479358619,2.0
primary,x86_64,none,0.3.0,2.4.4,32,8,balanced,200,2000,0.2,0,0.9902010050251256,5,"[40, 40, 40, 40, 40]",powerlaw,5,0,0,55,21,"[23, 21, 18, 13, 8, 7, 6, 5, 5, 5, 4, 4, 4, 4, 3, 3, 3, 3, 3, 3, 3, 3, 3, 3, 3, 3, 2, 2, 2, 2, 2, 2, 2, 2, 1, 1, 1, 1, 1, 1, 1, 1, 1, 1, 1, 1, 1, 1, 1, 1, 1, 1, 1, 1, 1]",0.126196408999931,0.12671342455551995,0.12445222600035777,0.131027647999872,0.0021760109667914858,"[0.124452, 0.125187, 0.124478, 0.126982, 0.131028, 0.129178, 0.126196, 0.126839, 0.12608]",0.02586120399973879,0.028911582888718437,0.024480340000081924,0.035883444999853964,0.004763260137105962,"[0.035883, 0.03519, 0.033262, 0.030178, 0.025861, 0.025786, 0.025035, 0.024528, 0.02448]",4.879757686502362,3.4682351708667953,5.352362262919286,54,optimal,nan,3.385162353515625,2.348456382751465,218.92413866237862,218.92413819752684,2.123346393047272e-09,0.0002357998115814497,0.00019399226629334158,1.0,0.9797297297297297,0.7435897435897436,0.8454810495626821,9,2,1e-07,1e-05,1000,40.0,40.0,40.0,0.0,40.0,1.0,23.0,3.6363636363636362,4.641173975167122,2.0
primary,x86_64,none,0.3.0,2.4.4,32,8,balanced,200,2000,0.25,0,0.9902010050251256,5,"[40, 40, 40, 40, 40]",powerlaw,5,0,0,72,35,"[18, 14, 12, 10, 8, 8, 7, 7, 5, 5, 5, 4, 4, 3, 3, 3, 3, 3, 3, 3, 3, 3, 3, 2, 2, 2, 2, 2, 2, 2, 2, 2, 2, 2, 2, 2, 2, 1, 1, 1, 1, 1, 1, 1, 1, 1, 1, 1, 1, 1, 1, 1, 1, 1, 1, 1, 1, 1, 1, 1, 1, 1, 1, 1, 1, 1, 1, 1, 1, 1, 1, 1]",0.1605375009994532,0.16309962500003572,0.15235562300040328,0.17986127299991495,0.01021939021556716,"[0.155438, 0.153915, 0.152356, 0.153874, 0.160538, 0.168142, 0.179861, 0.175387, 0.168386]",0.02112494799985143,0.022685493666762743,0.02038999199976388,0.030250755000452045,0.0034514504002068026,"[0.030251, 0.026754, 0.022097, 0.021422, 0.021125, 0.021007, 0.02068, 0.020443, 0.02039]",7.599427037670448,5.0364238181204595,8.82105657530409,55,optimal,nan,3.385162353515625,2.3412656784057617,221.04998788945306,221.0499878327346,2.565866552072232e-10,3.1899456226780476e-05,2.6243650348515132e-05,1.0,0.9922480620155039,0.6564102564102564,0.7901234567901235,9,2,1e-07,1e-05,1000,40.0,40.0,40.0,0.0,40.0,1.0,18.0,2.7777777777777777,3.1676411755885403,2.0
primary,x86_64,none,0.3.0,2.4.4,32,8,balanced,200,2000,0.3,0,0.9902010050251256,5,"[40, 40, 40, 40, 40]",powerlaw,5,0,0,88,54,"[18, 14, 12, 8, 7, 7, 6, 5, 5, 4, 4, 4, 3, 3, 3, 3, 3, 3, 3, 3, 2, 2, 2, 2, 2, 2, 2, 2, 2, 2, 2, 2, 2, 2, 1, 1, 1, 1, 1, 1, 1, 1, 1, 1, 1, 1, 1, 1, 1, 1, 1, 1, 1, 1, 1, 1, 1, 1, 1, 1, 1, 1, 1, 1, 1, 1, 1, 1, 1, 1, 1, 1, 1, 1, 1, 1, 1, 1, 1, 1, 1, 1, 1, 1, 1, 1, 1, 1]",0.12810324099973514,0.128273291111125,0.12596960900009435,0.13242036499923415,0.0018759832460080617,"[0.126244, 0.129367, 0.128103, 0.12821, 0.13242, 0.127874, 0.128366, 0.127906, 0.12597]",0.019930495000153314,0.020256614444103132,0.018042642999716918,0.022511745999509003,0.0018361498814164214,"[0.022512, 0.022197, 0.022473, 0.021007, 0.01993, 0.019243, 0.018675, 0.018229, 0.018043]",6.42749921658994,5.5957280702634895,7.339299735704563,54,optimal,nan,3.385162353515625,2.3423471450805664,222.78514052877284,222.78514021248247,1.4197103422963455e-09,0.00010134157697275215,8.337361278015292e-05,1.0,1.0,0.5743589743589743,0.7296416938110749,9,2,1e-07,1e-05,1000,40.0,40.0,40.0,0.0,40.0,1.0,18.0,2.272727272727273,2.7949925708442196,1.0
primary,x86_64,none,0.3.0,2.4.4,32,8,balanced,200,2000,0.35,0,0.9902010050251256,5,"[40, 40, 40, 40, 40]",powerlaw,5,0,0,105,74,"[18, 14, 12, 8, 7, 7, 5, 4, 3, 3, 3, 3, 3, 2, 2, 2, 2, 2, 2, 2, 2, 2, 2, 2, 2, 2, 2, 2, 2, 2, 2, 1, 1, 1, 1, 1, 1, 1, 1, 1, 1, 1, 1, 1, 1, 1, 1, 1, 1, 1, 1, 1, 1, 1, 1, 1, 1, 1, 1, 1, 1, 1, 1, 1, 1, 1, 1, 1, 1, 1, 1, 1, 1, 1, 1, 1, 1, 1, 1, 1, 1, 1, 1, 1, 1, 1, 1, 1, 1, 1, 1, 1, 1, 1, 1, 1, 1, 1, 1, 1, 1, 1, 1, 1, 1]",0.12580931600041367,0.12616946888879788,0.1241316169998754,0.12874201300019195,0.0014115716198923856,"[0.125809, 0.127247, 0.128742, 0.125856, 0.124132, 0.125726, 0.125628, 0.124911, 0.127475]",0.019311895000100776,0.01916044488886352,0.017505969000012556,0.020792493000044487,0.001350931645191812,"[0.020592, 0.020502, 0.020792, 0.019908, 0.019312, 0.018393, 0.017841, 0.017506, 0.017599]",6.514602321509989,5.970020862799368,7.354178052074673,54,optimal,nan,3.385162353515625,2.3442277908325195,224.20884771248524,224.20884728026923,1.9277384310366517e-09,0.0001257029112396446,0.00010341565781956167,1.0,1.0,0.48717948717948717,0.6551724137931034,9,2,1e-07,1e-05,1000,40.0,40.0,40.0,0.0,40.0,1.0,18.0,1.9047619047619047,2.539305527572111,1.0
primary,x86_64,none,0.3.0,2.4.4,32,8,balanced,200,2000,0.4,0,0.9902010050251256,5,"[40, 40, 40, 40, 40]",powerlaw,5,0,0,115,90,"[17, 14, 12, 8, 7, 7, 4, 4, 3, 3, 3, 2, 2, 2, 2, 2, 2, 2, 2, 2, 2, 2, 2, 2, 2, 1, 1, 1, 1, 1, 1, 1, 1, 1, 1, 1, 1, 1, 1, 1, 1, 1, 1, 1, 1, 1, 1, 1, 1, 1, 1, 1, 1, 1, 1, 1, 1, 1, 1, 1, 1, 1, 1, 1, 1, 1, 1, 1, 1, 1, 1, 1, 1, 1, 1, 1, 1, 1, 1, 1, 1, 1, 1, 1, 1, 1, 1, 1, 1, 1, 1, 1, 1, 1, 1, 1, 1, 1, 1, 1, 1, 1, 1, 1, 1, 1, 1, 1, 1, 1, 1, 1, 1, 1, 1]",0.116797484000017,0.11571120977765127,0.11087271599990345,0.12287660099991626,0.00402609225662223,"[0.110873, 0.11217, 0.112448, 0.112064, 0.118529, 0.118273, 0.116797, 0.11737, 0.122877]",0.019216907999179966,0.018608995666505104,0.01673776600000565,0.020132337999712036,0.001247548074134813,"[0.019382, 0.019217, 0.019365, 0.020132, 0.019729, 0.018342, 0.017659, 0.016917, 0.016738]",6.077849985283847,5.507195239891628,7.341278459734399,51,optimal,nan,3.385162353515625,2.3436012268066406,225.39220570828158,225.3922050851931,2.764463306019885e-09,0.00015548563167475105,0.00012791787179142368,1.0,1.0,0.4358974358974359,0.6071428571428571,9,2,1e-07,1e-05,1000,40.0,40.0,40.0,0.0,40.0,1.0,17.0,1.7391304347826086,2.374088224146324,1.0
primary,x86_64,none,0.3.0,2.4.4,32,8,balanced,400,800,0.05,0,0.9950501253132832,5,"[80, 80, 80, 80, 80]",powerlaw,5,0,0,1,0,[400],0.25898952199986525,0.2562068195553972,0.24718036299964297,0.26735305700003664,0.006825778393566429,"[0.24718, 0.247392, 0.250854, 0.253808, 0.25899, 0.267353, 0.259545, 0.261192, 0.259548]",0.2758685520002473,0.2766668367775209,0.25608886099962547,0.3111179479992643,0.019065877754622873,"[0.268233, 0.256935, 0.2588, 0.256089, 0.28933, 0.311118, 0.275869, 0.278122, 0.295506]",0.9388149541584323,0.794490850139663,1.0439854976762446,26,optimal,nan,13.45904541015625,23.229501724243164,340.997549540735,340.997549540735,0.0,0.0,0.0,1.0,0.03559357836924377,0.8531645569620253,0.06833620602250837,9,2,1e-07,1e-05,1000,80.0,80.0,80.0,0.0,80.0,400.0,400.0,400.0,0.0,400.0
primary,x86_64,none,0.3.0,2.4.4,32,8,balanced,400,800,0.1,0,0.9950501253132832,5,"[80, 80, 80, 80, 80]",powerlaw,5,0,0,10,9,"[391, 1, 1, 1, 1, 1, 1, 1, 1, 1]",0.42433080400041945,0.42122186588888627,0.3885958020000544,0.44981208099943615,0.0196816737212953,"[0.449812, 0.441162, 0.425283, 0.423288, 0.404616, 0.388596, 0.401513, 0.424331, 0.432395]",0.4272135760002129,0.4415847493334392,0.397117223999885,0.5096295769999415,0.03735073713705134,"[0.426841, 0.397117, 0.408556, 0.421665, 0.461517, 0.50963, 0.488258, 0.433466, 0.427214]",0.993252152642752,0.7625063762735635,1.1326934562766946,43,optimal,nan,13.45904541015625,22.36131000518799,352.3943544840092,352.39435401184744,1.339867625555985e-09,1.5177334701847733e-05,8.831253952119354e-06,1.0,0.2983638113570741,0.7848101265822784,0.43235704323570434,9,2,1e-07,1e-05,1000,80.0,80.0,80.0,0.0,80.0,1.0,391.0,40.0,117.0,1.0
primary,x86_64,none,0.3.0,2.4.4,32,8,balanced,400,800,0.15,0,0.9950501253132832,5,"[80, 80, 80, 80, 80]",powerlaw,5,0,0,78,51,"[278, 9, 5, 4, 4, 3, 3, 3, 3, 3, 2, 2, 2, 2, 2, 2, 2, 2, 2, 2, 2, 2, 2, 2, 2, 2, 2, 1, 1, 1, 1, 1, 1, 1, 1, 1, 1, 1, 1, 1, 1, 1, 1, 1, 1, 1, 1, 1, 1, 1, 1, 1, 1, 1, 1, 1, 1, 1, 1, 1, 1, 1, 1, 1, 1, 1, 1, 1, 1, 1, 1, 1, 1, 1, 1, 1, 1, 1]",0.475990147999255,0.460875317555393,0.4187371819998589,0.4898046959997373,0.027650175275159165,"[0.440001, 0.47599, 0.489805, 0.4825, 0.479775, 0.48088, 0.418737, 0.420719, 0.459471]",0.29799545100013347,0.29865309388888917,0.27621748499950627,0.3230492309994588,0.01793830203608094,"[0.315037, 0.297995, 0.301964, 0.285396, 0.276217, 0.279671, 0.287002, 0.321546, 0.323049]",1.5973067588841878,1.2962023797560451,1.7732573881071028,45,optimal,nan,13.45904541015625,13.140376091003418,358.3236305129471,358.3230151692008,1.7172848617576041e-06,0.00391329484547627,0.002277037322814664,0.9999875,0.6952141057934509,0.6987341772151898,0.696969696969697,9,2,1e-07,1e-05,1000,80.0,80.0,80.0,0.0,80.0,1.0,278.0,5.128205128205129,31.119026653405445,1.0
primary,x86_64,none,0.3.0,2.4.4,32,8,balanced,400,800,0.2,0,0.9950501253132832,5,"[80, 80, 80, 80, 80]",powerlaw,5,0,0,149,108,"[143, 19, 10, 9, 8, 7, 6, 5, 4, 4, 4, 4, 3, 3, 3, 3, 3, 3, 3, 3, 3, 3, 3, 2, 2, 2, 2, 2, 2, 2, 2, 2, 2, 2, 2, 2, 2, 2, 2, 2, 2, 1, 1, 1, 1, 1, 1, 1, 1, 1, 1, 1, 1, 1, 1, 1, 1, 1, 1, 1, 1, 1, 1, 1, 1, 1, 1, 1, 1, 1, 1, 1, 1, 1, 1, 1, 1, 1, 1, 1, 1, 1, 1, 1, 1, 1, 1, 1, 1, 1, 1, 1, 1, 1, 1, 1, 1, 1, 1, 1, 1, 1, 1, 1, 1, 1, 1, 1, 1, 1, 1, 1, 1, 1, 1, 1, 1, 1, 1, 1, 1, 1, 1, 1, 1, 1, 1, 1, 1, 1, 1, 1, 1, 1, 1, 1, 1, 1, 1, 1, 1, 1, 1, 1, 1, 1, 1, 1, 1]",0.4124395219996586,0.4151503061110715,0.38179695700000593,0.4492371340002137,0.02084079995356167,"[0.41244, 0.400607, 0.413709, 0.440434, 0.410379, 0.381797, 0.401343, 0.426407, 0.449237]",0.12086990999978298,0.12066819666658073,0.1144630929993582,0.12389759699999559,0.0031619983104911997,"[0.123898, 0.122795, 0.122792, 0.120793, 0.119641, 0.12087, 0.123602, 0.117161, 0.114463]",3.412259693089861,3.0815525582793954,3.924733485951953,47,optimal,nan,13.45904541015625,9.247709274291992,362.7972525176764,362.79661980156936,1.743993656593326e-06,0.004363489843205427,0.0025390001730900753,0.9999625,0.9049429657794676,0.6025316455696202,0.7234042553191489,9,2,1e-07,1e-05,1000,80.0,80.0,80.0,0.0,80.0,1.0,143.0,2.684563758389262,11.710769006164092,1.0
primary,x86_64,none,0.3.0,2.4.4,32,8,balanced,400,800,0.25,0,0.9950501253132832,5,"[80, 80, 80, 80, 80]",powerlaw,5,0,0,184,135,"[85, 15, 14, 8, 8, 7, 5, 5, 5, 5, 5, 5, 4, 4, 4, 4, 4, 4, 3, 3, 3, 3, 3, 3, 3, 3, 3, 3, 3, 3, 2, 2, 2, 2, 2, 2, 2, 2, 2, 2, 2, 2, 2, 2, 2, 2, 2, 2, 2, 1, 1, 1, 1, 1, 1, 1, 1, 1, 1, 1, 1, 1, 1, 1, 1, 1, 1, 1, 1, 1, 1, 1, 1, 1, 1, 1, 1, 1, 1, 1, 1, 1, 1, 1, 1, 1, 1, 1, 1, 1, 1, 1, 1, 1, 1, 1, 1, 1, 1, 1, 1, 1, 1, 1, 1, 1, 1, 1, 1, 1, 1, 1, 1, 1, 1, 1, 1, 1, 1, 1, 1, 1, 1, 1, 1, 1, 1, 1, 1, 1, 1, 1, 1, 1, 1, 1, 1, 1, 1, 1, 1, 1, 1, 1, 1, 1, 1, 1, 1, 1, 1, 1, 1, 1, 1, 1, 1, 1, 1, 1, 1, 1, 1, 1, 1, 1, 1, 1, 1, 1, 1, 1, 1, 1, 1, 1, 1, 1, 1, 1, 1, 1, 1, 1]",0.4457712809999066,0.44822876155558333,0.41689781800050696,0.5099142159997427,0.028932966943527847,"[0.445771, 0.41901, 0.433247, 0.45882, 0.453671, 0.466859, 0.509914, 0.429868, 0.416898]",0.056297109000297496,0.05646623722249286,0.05551347200071177,0.05900658900009148,0.0010137116797181499,"[0.056662, 0.056031, 0.055757, 0.056178, 0.056399, 0.056297, 0.055513, 0.059007, 0.056352]",7.918191340829792,7.065275676244574,9.185413875630132,49,optimal,nan,13.45904541015625,8.962977409362793,366.3152411625026,366.31467747925444,1.538792779643235e-06,0.003664461215463599,0.002132249217339705,0.99995,0.9770642201834863,0.5392405063291139,0.6949429037520392,9,2,1e-07,1e-05,1000,80.0,80.0,80.0,0.0,80.0,1.0,85.0,2.1739130434782608,6.392265529617351,1.0
primary,x86_64,none,0.3.0,2.4.4,32,8,balanced,400,800,0.3,0,0.9950501253132832,5,"[80, 80, 80, 80, 80]",powerlaw,5,0,0,225,186,"[52, 17, 15, 14, 13, 8, 5, 5, 5, 4, 4, 4, 4, 4, 3, 3, 3, 3, 3, 3, 3, 3, 3, 3, 2, 2, 2, 2, 2, 2, 2, 2, 2, 2, 2, 2, 2, 2, 2, 1, 1, 1, 1, 1, 1, 1, 1, 1, 1, 1, 1, 1, 1, 1, 1, 1, 1, 1, 1, 1, 1, 1, 1, 1, 1, 1, 1, 1, 1, 1, 1, 1, 1, 1, 1, 1, 1, 1, 1, 1, 1, 1, 1, 1, 1, 1, 1, 1, 1, 1, 1, 1, 1, 1, 1, 1, 1, 1, 1, 1, 1, 1, 1, 1, 1, 1, 1, 1, 1, 1, 1, 1, 1, 1, 1, 1, 1, 1, 1, 1, 1, 1, 1, 1, 1, 1, 1, 1, 1, 1, 1, 1, 1, 1, 1, 1, 1, 1, 1, 1, 1, 1, 1, 1, 1, 1, 1, 1, 1, 1, 1, 1, 1, 1, 1, 1, 1, 1, 1, 1, 1, 1, 1, 1, 1, 1, 1, 1, 1, 1, 1, 1, 1, 1, 1, 1, 1, 1, 1, 1, 1, 1, 1, 1, 1, 1, 1, 1, 1, 1, 1, 1, 1, 1, 1, 1, 1, 1, 1, 1]",0.446386218999578,0.4427465273333332,0.40473478700005217,0.48674224600017624,0.02454543268996373,"[0.455936, 0.451837, 0.446386, 0.442118, 0.404735, 0.408763, 0.441804, 0.446397, 0.486742]",0.04106725899964658,0.0423442939997282,0.039833625000028405,0.04640547899998637,0.0025661496400404267,"[0.046405, 0.045394, 0.044757, 0.04279, 0.041067, 0.040413, 0.039834, 0.040508, 0.03993]",10.869637513509716,8.721702603267408,12.219381138418337,49,optimal,nan,13.45904541015625,8.874153137207031,369.10055567483914,369.10045675768407,2.67995139943701e-07,0.0018182761864873331,0.0010580045590486509,0.999975,0.9885714285714285,0.4379746835443038,0.6070175438596491,9,2,1e-07,1e-05,1000,80.0,80.0,80.0,0.0,80.0,1.0,52.0,1.7777777777777777,3.9026423464046287,1.0
primary,x86_64,none,0.3.0,2.4.4,32,8,balanced,400,800,0.35,0,0.9950501253132832,5,"[80, 80, 80, 80, 80]",powerlaw,5,0,0,254,221,"[21, 17, 15, 15, 12, 8, 8, 7, 6, 5, 5, 5, 5, 4, 4, 4, 3, 3, 3, 3, 2, 2, 2, 2, 2, 2, 2, 2, 2, 2, 2, 2, 2, 1, 1, 1, 1, 1, 1, 1, 1, 1, 1, 1, 1, 1, 1, 1, 1, 1, 1, 1, 1, 1, 1, 1, 1, 1, 1, 1, 1, 1, 1, 1, 1, 1, 1, 1, 1, 1, 1, 1, 1, 1, 1, 1, 1, 1, 1, 1, 1, 1, 1, 1, 1, 1, 1, 1, 1, 1, 1, 1, 1, 1, 1, 1, 1, 1, 1, 1, 1, 1, 1, 1, 1, 1, 1, 1, 1, 1, 1, 1, 1, 1, 1, 1, 1, 1, 1, 1, 1, 1, 1, 1, 1, 1, 1, 1, 1, 1, 1, 1, 1, 1, 1, 1, 1, 1, 1, 1, 1, 1, 1, 1, 1, 1, 1, 1, 1, 1, 1, 1, 1, 1, 1, 1, 1, 1, 1, 1, 1, 1, 1, 1, 1, 1, 1, 1, 1, 1, 1, 1, 1, 1, 1, 1, 1, 1, 1, 1, 1, 1, 1, 1, 1, 1, 1, 1, 1, 1, 1, 1, 1, 1, 1, 1, 1, 1, 1, 1]",0.5541419290002523,0.539224252444607,0.4934968519992253,0.5751517070002592,0.02971521358811432,"[0.56243, 0.499922, 0.518705, 0.575152, 0.557488, 0.562186, 0.529498, 0.493497, 0.554142]",0.024526604000129737,0.02617606488891195,0.023948375999680138,0.03304448500057333,0.0034386430233800196,"[0.033044, 0.031069, 0.026135, 0.02477, 0.023971, 0.024069, 0.02405, 0.023948, 0.024527]",22.593504139314234,14.934318146905998,24.016313549108343,50,optimal,nan,13.45904541015625,8.833316802978516,371.3648953333566,371.3648941388932,3.2164145066332985e-09,8.017134615323496e-05,4.6649434248596595e-05,1.0,1.0,0.369620253164557,0.5397412199630315,9,2,1e-07,1e-05,1000,80.0,80.0,80.0,0.0,80.0,1.0,21.0,1.5748031496062993,2.3174099207471865,1.0
primary,x86_64,none,0.3.0,2.4.4,32,8,balanced,400,800,0.4,0,0.9950501253132832,5,"[80, 80, 80, 80, 80]",powerlaw,5,0,0,275,252,"[21, 17, 15, 14, 12, 8, 8, 7, 6, 5, 4, 4, 3, 3, 3, 3, 3, 2, 2, 2, 2, 2, 2, 1, 1, 1, 1, 1, 1, 1, 1, 1, 1, 1, 1, 1, 1, 1, 1, 1, 1, 1, 1, 1, 1, 1, 1, 1, 1, 1, 1, 1, 1, 1, 1, 1, 1, 1, 1, 1, 1, 1, 1, 1, 1, 1, 1, 1, 1, 1, 1, 1, 1, 1, 1, 1, 1, 1, 1, 1, 1, 1, 1, 1, 1, 1, 1, 1, 1, 1, 1, 1, 1, 1, 1, 1, 1, 1, 1, 1, 1, 1, 1, 1, 1, 1, 1, 1, 1, 1, 1, 1, 1, 1, 1, 1, 1, 1, 1, 1, 1, 1, 1, 1, 1, 1, 1, 1, 1, 1, 1, 1, 1, 1, 1, 1, 1, 1, 1, 1, 1, 1, 1, 1, 1, 1, 1, 1, 1, 1, 1, 1, 1, 1, 1, 1, 1, 1, 1, 1, 1, 1, 1, 1, 1, 1, 1, 1, 1, 1, 1, 1, 1, 1, 1, 1, 1, 1, 1, 1, 1, 1, 1, 1, 1, 1, 1, 1, 1, 1, 1, 1, 1, 1, 1, 1, 1, 1, 1, 1]",0.4947054559997923,0.4906150102221242,0.45831392599939136,0.5095613290004621,0.017419936023653583,"[0.507708, 0.509561, 0.494215, 0.466377, 0.458314, 0.489111, 0.500146, 0.495398, 0.494705]",0.021723323000514938,0.023035846000008558,0.020122807000007015,0.03338524199989479,0.004172698929450196,"[0.033385, 0.02458, 0.023534, 0.022292, 0.021723, 0.021076, 0.020418, 0.02019, 0.020123]",22.77301018762487,13.728039652995049,25.322576964549953,49,optimal,nan,13.45904541015625,8.834327697753906,373.262960784426,373.26295959789377,3.178810569384198e-09,0.00011576466717699851,6.736018404925024e-05,1.0,1.0,0.31645569620253167,0.48076923076923084,9,2,1e-07,1e-05,1000,80.0,80.0,80.0,0.0,80.0,1.0,21.0,1.4545454545454546,2.1777234302920503,1.0
primary,x86_64,none,0.3.0,2.4.4,32,8,balanced,400,2000,0.05,0,0.9950501253132832,5,"[80, 80, 80, 80, 80]",powerlaw,5,0,0,1,0,[400],0.3394268780002676,0.33272680311104824,0.3153645329994106,0.35175013600019156,0.013387221523184185,"[0.321502, 0.341665, 0.320418, 0.315365, 0.31949, 0.343757, 0.35175, 0.339427, 0.341167]",0.44035550999979023,0.4162444773334452,0.32718434700018406,0.5267251690002013,0.07714866976639054,"[0.327184, 0.327846, 0.335399, 0.474172, 0.440356, 0.526725, 0.472261, 0.475923, 0.366334]",0.7708019322851877,0.5987269102747017,1.0750824091226885,34,optimal,nan,13.45904541015625,23.229458808898926,345.55311570641794,345.55311570641794,0.0,0.0,0.0,1.0,0.14279696714406065,0.8582278481012658,0.24485373781148428,9,2,1e-07,1e-05,1000,80.0,80.0,80.0,0.0,80.0,400.0,400.0,400.0,0.0,400.0
primary,x86_64,none,0.3.0,2.4.4,32,8,balanced,400,2000,0.1,0,0.9950501253132832,5,"[80, 80, 80, 80, 80]",powerlaw,5,0,0,51,24,"[299, 6, 6, 5, 4, 4, 4, 4, 4, 3, 3, 3, 3, 2, 2, 2, 2, 2, 2, 2, 2, 2, 2, 2, 2, 2, 2, 1, 1, 1, 1, 1, 1, 1, 1, 1, 1, 1, 1, 1, 1, 1, 1, 1, 1, 1, 1, 1, 1, 1, 1]",0.46619284900043567,0.47634527088909334,0.38356684599966684,0.5530813430004855,0.04988620768853193,"[0.383567, 0.456641, 0.462124, 0.466193, 0.474514, 0.534608, 0.553081, 0.503827, 0.452553]",0.32455669899991335,0.35180872955546266,0.3117644610001662,0.45102113600023586,0.04742742121762412,"[0.311764, 0.313114, 0.393652, 0.354999, 0.324557, 0.323886, 0.317366, 0.375919, 0.451021]",1.436398787752522,0.8504409558302081,1.774035889870689,41,optimal,nan,13.45904541015625,14.61673355102539,353.1441116253422,353.1439604546647,4.28070786178315e-07,0.0011554134660490128,0.000681594105412338,0.99995,0.7554479418886199,0.789873417721519,0.7722772277227723,9,2,1e-07,1e-05,1000,80.0,80.0,80.0,0.0,80.0,1.0,299.0,7.8431372549019605,41.19697901974987,2.0
primary,x86_64,none,0.3.0,2.4.4,32,8,balanced,400,2000,0.15,0,0.9950501253132832,5,"[80, 80, 80, 80, 80]",powerlaw,5,0,0,117,62,"[144, 11, 9, 9, 8, 8, 7, 7, 6, 5, 5, 5, 4, 4, 4, 4, 4, 4, 4, 4, 3, 3, 3, 3, 3, 3, 3, 3, 3, 3, 3, 3, 2, 2, 2, 2, 2, 2, 2, 2, 2, 2, 2, 2, 2, 2, 2, 2, 2, 2, 2, 2, 2, 2, 2, 1, 1, 1, 1, 1, 1, 1, 1, 1, 1, 1, 1, 1, 1, 1, 1, 1, 1, 1, 1, 1, 1, 1, 1, 1, 1, 1, 1, 1, 1, 1, 1, 1, 1, 1, 1, 1, 1, 1, 1, 1, 1, 1, 1, 1, 1, 1, 1, 1, 1, 1, 1, 1, 1, 1, 1, 1, 1, 1, 1, 1, 1]",0.4430731270003889,0.46378483288895545,0.4125920930000575,0.5953820610002367,0.0602035687523131,"[0.530465, 0.457739, 0.423728, 0.435816, 0.443073, 0.412592, 0.595382, 0.451615, 0.423653]",0.1355474600004527,0.1345539335555562,0.1314678090002417,0.13771195600020292,0.0025175842119445494,"[0.131845, 0.131835, 0.136589, 0.135656, 0.137333, 0.137712, 0.135547, 0.133001, 0.131468]",3.268767463432433,2.996051359545351,4.528728861672459,41,optimal,nan,13.45904541015625,9.247594833374023,358.80522951613074,358.8047598160324,1.3090670360880653e-06,0.0031734611949640404,0.0018720870221275504,0.9999625,0.971830985915493,0.6987341772151898,0.812960235640648,9,2,1e-07,1e-05,1000,80.0,80.0,80.0,0.0,80.0,1.0,144.0,3.4188034188034186,13.197538825357773,1.0
primary,x86_64,none,0.3.0,2.4.4,32,8,balanced,400,2000,0.2,0,0.9950501253132832,5,"[80, 80, 80, 80, 80]",powerlaw,5,0,0,160,107,"[61, 19, 17, 14, 12, 11, 9, 9, 8, 6, 5, 5, 5, 5, 5, 4, 4, 4, 4, 4, 4, 4, 3, 3, 3, 3, 3, 3, 3, 3, 3, 3, 3, 3, 2, 2, 2, 2, 2, 2, 2, 2, 2, 2, 2, 2, 2, 2, 2, 2, 2, 2, 2, 1, 1, 1, 1, 1, 1, 1, 1, 1, 1, 1, 1, 1, 1, 1, 1, 1, 1, 1, 1, 1, 1, 1, 1, 1, 1, 1, 1, 1, 1, 1, 1, 1, 1, 1, 1, 1, 1, 1, 1, 1, 1, 1, 1, 1, 1, 1, 1, 1, 1, 1, 1, 1, 1, 1, 1, 1, 1, 1, 1, 1, 1, 1, 1, 1, 1, 1, 1, 1, 1, 1, 1, 1, 1, 1, 1, 1, 1, 1, 1, 1, 1, 1, 1, 1, 1, 1, 1, 1, 1, 1, 1, 1, 1, 1, 1, 1, 1, 1, 1, 1, 1, 1, 1, 1, 1, 1]",0.3782688250003048,0.3789159156667665,0.3740846810005678,0.38791227399997297,0.004062425995002841,"[0.375925, 0.378562, 0.381368, 0.380246, 0.378269, 0.378092, 0.387912, 0.374085, 0.375785]",0.050337847000264446,0.05065974433334001,0.049041287999898486,0.052528463000271586,0.0013206787706235652,"[0.052528, 0.049475, 0.05084, 0.049041, 0.049336, 0.050338, 0.051624, 0.052515, 0.05024]",7.514600793282192,7.12156152367591,7.909912031690031,44,optimal,nan,13.45904541015625,8.89360523223877,363.2005183772977,363.20008635206574,1.1894950863984189e-06,0.004020588431169703,0.0023718061580037565,0.999975,0.9875,0.6,0.7464566929133859,9,2,1e-07,1e-05,1000,80.0,80.0,80.0,0.0,80.0,1.0,61.0,2.5,5.374709294464213,1.0
primary,x86_64,none,0.3.0,2.4.4,32,8,balanced,400,2000,0.25,0,0.9950501253132832,5,"[80, 80, 80, 80, 80]",powerlaw,5,0,0,186,136,"[39, 19, 17, 15, 14, 12, 9, 8, 7, 6, 5, 5, 5, 5, 4, 4, 4, 4, 4, 3, 3, 3, 3, 3, 3, 3, 3, 3, 3, 3, 3, 3, 3, 3, 3, 2, 2, 2, 2, 2, 2, 2, 2, 2, 2, 2, 2, 2, 2, 2, 1, 1, 1, 1, 1, 1, 1, 1, 1, 1, 1, 1, 1, 1, 1, 1, 1, 1, 1, 1, 1, 1, 1, 1, 1, 1, 1, 1, 1, 1, 1, 1, 1, 1, 1, 1, 1, 1, 1, 1, 1, 1, 1, 1, 1, 1, 1, 1, 1, 1, 1, 1, 1, 1, 1, 1, 1, 1, 1, 1, 1, 1, 1, 1, 1, 1, 1, 1, 1, 1, 1, 1, 1, 1, 1, 1, 1, 1, 1, 1, 1, 1, 1, 1, 1, 1, 1, 1, 1, 1, 1, 1, 1, 1, 1, 1, 1, 1, 1, 1, 1, 1, 1, 1, 1, 1, 1, 1, 1, 1, 1, 1, 1, 1, 1, 1, 1, 1, 1, 1, 1, 1, 1, 1, 1, 1, 1, 1, 1, 1, 1, 1, 1, 1, 1, 1]",0.4023809770005755,0.4055735562224072,0.38820429899988085,0.43953592800062324,0.01628625104302697,"[0.396042, 0.417133, 0.402381, 0.40435, 0.395794, 0.39061, 0.388204, 0.439536, 0.416112]",0.03860587899998791,0.0394066640001256,0.03671803199995338,0.044789469000534154,0.0026725617901306705,"[0.044789, 0.04103, 0.041825, 0.038606, 0.037464, 0.037061, 0.036718, 0.037815, 0.039352]",10.422790192154453,8.667311929847866,11.970574239958756,45,optimal,nan,13.45904541015625,8.852814674377441,366.6596490069633,366.6594537683031,5.324792645400433e-07,0.002577378477993164,0.0015204312596259642,0.9999875,0.9953271028037384,0.5392405063291139,0.6995073891625616,9,2,1e-07,1e-05,1000,80.0,80.0,80.0,0.0,80.0,1.0,39.0,2.150537634408602,3.7572760567814583,1.0
primary,x86_64,none,0.3.0,2.4.4,32,8,balanced,400,2000,0.3,0,0.9950501253132832,5,"[80, 80, 80, 80, 80]",powerlaw,5,0,0,223,177,"[38, 17, 15, 12, 8, 8, 7, 6, 6, 5, 5, 5, 4, 4, 4, 4, 4, 4, 3, 3, 3, 3, 3, 3, 3, 3, 3, 3, 3, 2, 2, 2, 2, 2, 2, 2, 2, 2, 2, 2, 2, 2, 2, 2, 2, 2, 1, 1, 1, 1, 1, 1, 1, 1, 1, 1, 1, 1, 1, 1, 1, 1, 1, 1, 1, 1, 1, 1, 1, 1, 1, 1, 1, 1, 1, 1, 1, 1, 1, 1, 1, 1, 1, 1, 1, 1, 1, 1, 1, 1, 1, 1, 1, 1, 1, 1, 1, 1, 1, 1, 1, 1, 1, 1, 1, 1, 1, 1, 1, 1, 1, 1, 1, 1, 1, 1, 1, 1, 1, 1, 1, 1, 1, 1, 1, 1, 1, 1, 1, 1, 1, 1, 1, 1, 1, 1, 1, 1, 1, 1, 1, 1, 1, 1, 1, 1, 1, 1, 1, 1, 1, 1, 1, 1, 1, 1, 1, 1, 1, 1, 1, 1, 1, 1, 1, 1, 1, 1, 1, 1, 1, 1, 1, 1, 1, 1, 1, 1, 1, 1, 1, 1, 1, 1, 1, 1, 1, 1, 1, 1, 1, 1, 1, 1, 1, 1, 1, 1, 1, 1]",0.4313718419998622,0.44003969677770427,0.42307359899950825,0.4634379160006574,0.015148353260393,"[0.431372, 0.428503, 0.442381, 0.455351, 0.463438, 0.457824, 0.428387, 0.430028, 0.423074]",0.03892051500042726,0.03904689844451544,0.03671446400039713,0.04123223599981429,0.0015070462127198087,"[0.037303, 0.036714, 0.038262, 0.038921, 0.038708, 0.039343, 0.040595, 0.041232, 0.040344]",11.08340529397226,10.260748386321172,12.622761318145475,45,optimal,nan,13.45904541015625,8.848546981811523,369.4013331512669,369.40133093656885,5.995371007034799e-09,8.35544005586275e-05,4.9289899016644524e-05,0.9999875,0.9943502824858758,0.44556962025316454,0.6153846153846153,9,2,1e-07,1e-05,1000,80.0,80.0,80.0,0.0,80.0,1.0,38.0,1.7937219730941705,3.103961890948226,1.0
primary,x86_64,none,0.3.0,2.4.4,32,8,balanced,400,2000,0.35,0,0.9950501253132832,5,"[80, 80, 80, 80, 80]",powerlaw,5,0,0,257,223,"[21, 17, 15, 15, 12, 8, 8, 7, 6, 5, 5, 4, 4, 4, 3, 3, 3, 3, 3, 3, 2, 2, 2, 2, 2, 2, 2, 2, 2, 2, 2, 2, 2, 2, 1, 1, 1, 1, 1, 1, 1, 1, 1, 1, 1, 1, 1, 1, 1, 1, 1, 1, 1, 1, 1, 1, 1, 1, 1, 1, 1, 1, 1, 1, 1, 1, 1, 1, 1, 1, 1, 1, 1, 1, 1, 1, 1, 1, 1, 1, 1, 1, 1, 1, 1, 1, 1, 1, 1, 1, 1, 1, 1, 1, 1, 1, 1, 1, 1, 1, 1, 1, 1, 1, 1, 1, 1, 1, 1, 1, 1, 1, 1, 1, 1, 1, 1, 1, 1, 1, 1, 1, 1, 1, 1, 1, 1, 1, 1, 1, 1, 1, 1, 1, 1, 1, 1, 1, 1, 1, 1, 1, 1, 1, 1, 1, 1, 1, 1, 1, 1, 1, 1, 1, 1, 1, 1, 1, 1, 1, 1, 1, 1, 1, 1, 1, 1, 1, 1, 1, 1, 1, 1, 1, 1, 1, 1, 1, 1, 1, 1, 1, 1, 1, 1, 1, 1, 1, 1, 1, 1, 1, 1, 1, 1, 1, 1, 1, 1, 1]",0.44040373799998633,0.4856326417777584,0.37690324499999406,0.6870360740003889,0.09766945551297504,"[0.376903, 0.432127, 0.687036, 0.575606, 0.546859, 0.440404, 0.428223, 0.445812, 0.437724]",0.025014560000272468,0.025882494222363068,0.02367169500030286,0.03368678100014222,0.003038231551586584,"[0.033687, 0.026363, 0.025651, 0.025231, 0.025015, 0.024788, 0.024568, 0.023969, 0.023672]",17.605895846066822,11.188461283920326,29.023526789762997,45,optimal,nan,13.45904541015625,8.834260940551758,371.622710728339,371.6227093588963,3.685034895652672e-09,8.828518281711606e-05,5.208060943678074e-05,1.0,1.0,0.3620253164556962,0.5315985130111525,9,2,1e-07,1e-05,1000,80.0,80.0,80.0,0.0,80.0,1.0,21.0,1.556420233463035,2.2880436196683407,1.0
primary,x86_64,none,0.3.0,2.4.4,32,8,balanced,400,2000,0.4,0,0.9950501253132832,5,"[80, 80, 80, 80, 80]",powerlaw,5,0,0,279,256,"[21, 17, 15, 13, 12, 8, 8, 7, 6, 5, 4, 3, 3, 3, 3, 2, 2, 2, 2, 2, 2, 2, 2, 1, 1, 1, 1, 1, 1, 1, 1, 1, 1, 1, 1, 1, 1, 1, 1, 1, 1, 1, 1, 1, 1, 1, 1, 1, 1, 1, 1, 1, 1, 1, 1, 1, 1, 1, 1, 1, 1, 1, 1, 1, 1, 1, 1, 1, 1, 1, 1, 1, 1, 1, 1, 1, 1, 1, 1, 1, 1, 1, 1, 1, 1, 1, 1, 1, 1, 1, 1, 1, 1, 1, 1, 1, 1, 1, 1, 1, 1, 1, 1, 1, 1, 1, 1, 1, 1, 1, 1, 1, 1, 1, 1, 1, 1, 1, 1, 1, 1, 1, 1, 1, 1, 1, 1, 1, 1, 1, 1, 1, 1, 1, 1, 1, 1, 1, 1, 1, 1, 1, 1, 1, 1, 1, 1, 1, 1, 1, 1, 1, 1, 1, 1, 1, 1, 1, 1, 1, 1, 1, 1, 1, 1, 1, 1, 1, 1, 1, 1, 1, 1, 1, 1, 1, 1, 1, 1, 1, 1, 1, 1, 1, 1, 1, 1, 1, 1, 1, 1, 1, 1, 1, 1, 1, 1, 1, 1, 1]",0.44608622000032483,0.4442226411109813,0.4122450809991278,0.4895529710001938,0.026937699595155466,"[0.440626, 0.450121, 0.446086, 0.474149, 0.412245, 0.454437, 0.41808, 0.489553, 0.412708]",0.02046710299964616,0.022162338555568165,0.01934864299983019,0.0300250660002348,0.0036653868454256276,"[0.030025, 0.02649, 0.022096, 0.02134, 0.020467, 0.020015, 0.02, 0.019679, 0.019349]",21.795278990291735,13.730030801461153,25.30166952816744,45,optimal,nan,13.45904541015625,8.834476470947266,373.49015131815025,373.49015009317174,3.2798147803846153e-09,0.00012243987968796333,7.222886881050404e-05,1.0,1.0,0.30632911392405066,0.4689922480620155,9,2,1e-07,1e-05,1000,80.0,80.0,80.0,0.0,80.0,1.0,21.0,1.4336917562724014,2.1356533902283137,1.0
primary,x86_64,none,0.3.0,2.4.4,32,8,balanced,400,4000,0.05,0,0.9950501253132832,5,"[80, 80, 80, 80, 80]",powerlaw,5,0,0,5,2,"[392, 4, 2, 1, 1]",0.28804849900006957,0.28651857355554156,0.2767166840003483,0.3002791349999825,0.008130740558994778,"[0.292109, 0.292867, 0.276717, 0.279268, 0.278762, 0.280117, 0.290499, 0.300279, 0.288048]",0.29119133400035935,0.2921729894446293,0.2885721029997512,0.30028149600002507,0.0038443823558882264,"[0.288732, 0.288572, 0.296564, 0.300281, 0.290569, 0.29003, 0.291191, 0.291747, 0.291869]",0.9892069761928908,0.92152426202221,1.040568827958541,36,optimal,nan,13.45904541015625,22.45639991760254,346.8587795745026,346.8587343434895,1.3040181116618753e-07,0.00032399542558044295,0.00019256636285362028,0.9999125,0.42019950124688277,0.8531645569620253,0.5630743525480367,9,2,1e-07,1e-05,1000,80.0,80.0,80.0,0.0,80.0,1.0,392.0,80.0,156.0038461064342,2.0
primary,x86_64,none,0.3.0,2.4.4,32,8,balanced,400,4000,0.1,0,0.9950501253132832,5,"[80, 80, 80, 80, 80]",powerlaw,5,0,0,77,23,"[167, 14, 12, 11, 9, 8, 8, 7, 7, 6, 6, 5, 5, 4, 4, 4, 4, 4, 4, 4, 4, 4, 4, 4, 3, 3, 3, 3, 3, 3, 3, 3, 2, 2, 2, 2, 2, 2, 2, 2, 2, 2, 2, 2, 2, 2, 2, 2, 2, 2, 2, 2, 2, 2, 1, 1, 1, 1, 1, 1, 1, 1, 1, 1, 1, 1, 1, 1, 1, 1, 1, 1, 1, 1, 1, 1, 1]",0.3896858099997189,0.4088438067777436,0.32772289399963483,0.48959203000049456,0.055643711721704354,"[0.374286, 0.389686, 0.489592, 0.476896, 0.457991, 0.420066, 0.327723, 0.362393, 0.380961]",0.14825762700002088,0.1498045772221101,0.14343709099921398,0.17008776900001976,0.007998036238676936,"[0.145808, 0.143437, 0.148258, 0.149483, 0.145739, 0.144975, 0.149479, 0.150974, 0.170088]",2.6284368493208383,1.9267869519741703,3.4132875017883446,37,optimal,nan,13.45904541015625,9.404062271118164,354.1327199421181,354.13256325418035,4.424554098988375e-07,0.0024657733949158267,0.001480082411170162,0.999925,0.9516616314199395,0.7974683544303798,0.8677685950413223,9,2,1e-07,1e-05,1000,80.0,80.0,80.0,0.0,80.0,1.0,167.0,5.194805194805195,18.74645522235096,2.0
primary,x86_64,none,0.3.0,2.4.4,32,8,balanced,400,4000,0.15,0,0.9950501253132832,5,"[80, 80, 80, 80, 80]",powerlaw,5,0,0,124,56,"[29, 23, 19, 17, 15, 14, 12, 11, 11, 9, 9, 8, 8, 7, 6, 5, 5, 5, 4, 4, 4, 4, 4, 4, 4, 4, 3, 3, 3, 3, 3, 3, 3, 3, 3, 3, 3, 3, 3, 3, 3, 2, 2, 2, 2, 2, 2, 2, 2, 2, 2, 2, 2, 2, 2, 2, 2, 2, 2, 2, 2, 2, 2, 2, 2, 2, 2, 2, 1, 1, 1, 1, 1, 1, 1, 1, 1, 1, 1, 1, 1, 1, 1, 1, 1, 1, 1, 1, 1, 1, 1, 1, 1, 1, 1, 1, 1, 1, 1, 1, 1, 1, 1, 1, 1, 1, 1, 1, 1, 1, 1, 1, 1, 1, 1, 1, 1, 1, 1, 1, 1, 1, 1, 1]",0.33887300900005357,0.3411840757779727,0.3018938029999845,0.39153677000012976,0.02867702767413142,"[0.341281, 0.370804, 0.305082, 0.301894, 0.335401, 0.354609, 0.338873, 0.331177, 0.391537]",0.043480999000166776,0.04371951844435292,0.04285527800038835,0.04550894800013339,0.000862604790266921,"[0.045509, 0.044639, 0.043536, 0.043997, 0.043481, 0.042855, 0.043094, 0.043076, 0.043289]",7.79358839015529,6.633724053544363,9.13625551551857,36,optimal,nan,13.45904541015625,8.844449043273926,359.7479278209057,359.7479254813267,6.503384223117147e-09,0.00037110313987895327,0.00022287615154262431,1.0,1.0,0.6987341772151898,0.8226527570789866,9,2,1e-07,1e-05,1000,80.0,80.0,80.0,0.0,80.0,1.0,29.0,3.225806451612903,4.411931604033323,2.0
primary,x86_64,none,0.3.0,2.4.4,32,8,balanced,400,4000,0.2,0,0.9950501253132832,5,"[80, 80, 80, 80, 80]",powerlaw,5,0,0,164,109,"[26, 19, 18, 17, 15, 14, 12, 10, 9, 9, 8, 6, 5, 5, 5, 5, 5, 4, 4, 4, 4, 4, 4, 4, 4, 3, 3, 3, 3, 3, 3, 3, 3, 3, 3, 3, 2, 2, 2, 2, 2, 2, 2, 2, 2, 2, 2, 2, 2, 2, 2, 2, 2, 2, 2, 1, 1, 1, 1, 1, 1, 1, 1, 1, 1, 1, 1, 1, 1, 1, 1, 1, 1, 1, 1, 1, 1, 1, 1, 1, 1, 1, 1, 1, 1, 1, 1, 1, 1, 1, 1, 1, 1, 1, 1, 1, 1, 1, 1, 1, 1, 1, 1, 1, 1, 1, 1, 1, 1, 1, 1, 1, 1, 1, 1, 1, 1, 1, 1, 1, 1, 1, 1, 1, 1, 1, 1, 1, 1, 1, 1, 1, 1, 1, 1, 1, 1, 1, 1, 1, 1, 1, 1, 1, 1, 1, 1, 1, 1, 1, 1, 1, 1, 1, 1, 1, 1, 1, 1, 1, 1, 1, 1, 1]",0.37192332799986616,0.3735648672222346,0.3670707419996688,0.3889910960006091,0.006792255959673223,"[0.367071, 0.371828, 0.368173, 0.371923, 0.367632, 0.376118, 0.373269, 0.377079, 0.388991]",0.03919712799961417,0.039827201000156895,0.038502543000504375,0.04319841000051383,0.0014961119421826252,"[0.043198, 0.041292, 0.039843, 0.039391, 0.039156, 0.038886, 0.03898, 0.039197, 0.038503]",9.488535180524632,8.497320665165747,10.102997508385704,37,optimal,nan,13.45904541015625,8.838844299316406,364.1114716777109,364.11142706993604,1.2251131400430635e-07,0.001943292122484494,0.001167088549116002,1.0,1.0,0.5974683544303797,0.7480190174326465,9,2,1e-07,1e-05,1000,80.0,80.0,80.0,0.0,80.0,1.0,26.0,2.4390243902439024,3.6109506922476995,1.0
primary,x86_64,none,0.3.0,2.4.4,32,8,balanced,400,4000,0.25,0,0.9950501253132832,5,"[80, 80, 80, 80, 80]",powerlaw,5,0,0,191,139,"[22, 18, 17, 15, 14, 14, 12, 9, 8, 6, 6, 5, 5, 5, 5, 4, 4, 4, 4, 4, 3, 3, 3, 3, 3, 3, 3, 3, 3, 3, 3, 3, 3, 3, 3, 3, 2, 2, 2, 2, 2, 2, 2, 2, 2, 2, 2, 2, 2, 2, 2, 2, 1, 1, 1, 1, 1, 1, 1, 1, 1, 1, 1, 1, 1, 1, 1, 1, 1, 1, 1, 1, 1, 1, 1, 1, 1, 1, 1, 1, 1, 1, 1, 1, 1, 1, 1, 1, 1, 1, 1, 1, 1, 1, 1, 1, 1, 1, 1, 1, 1, 1, 1, 1, 1, 1, 1, 1, 1, 1, 1, 1, 1, 1, 1, 1, 1, 1, 1, 1, 1, 1, 1, 1, 1, 1, 1, 1, 1, 1, 1, 1, 1, 1, 1, 1, 1, 1, 1, 1, 1, 1, 1, 1, 1, 1, 1, 1, 1, 1, 1, 1, 1, 1, 1, 1, 1, 1, 1, 1, 1, 1, 1, 1, 1, 1, 1, 1, 1, 1, 1, 1, 1, 1, 1, 1, 1, 1, 1, 1, 1, 1, 1, 1, 1, 1, 1, 1, 1, 1, 1]",0.32347928600029263,0.31953973866671326,0.30257881700072176,0.33382325299953663,0.011464740097810807,"[0.333823, 0.323479, 0.316427, 0.303862, 0.302579, 0.311765, 0.330205, 0.328796, 0.324921]",0.032101675999911095,0.03307752411112435,0.03168492500026332,0.0380525430000489,0.0021423415917702937,"[0.038053, 0.035032, 0.03303, 0.032282, 0.031762, 0.032102, 0.031912, 0.03184, 0.031685]",10.07671020046394,7.951605678504402,10.535712266851267,37,optimal,nan,13.45904541015625,8.834790229797363,367.55599239443734,367.5559910195726,3.7405585865867445e-09,0.0002490966247177262,0.0001496002662859726,0.9999875,1.0,0.529113924050633,0.6920529801324503,9,2,1e-07,1e-05,1000,80.0,80.0,80.0,0.0,80.0,1.0,22.0,2.094240837696335,3.0392749074309835,1.0
primary,x86_64,none,0.3.0,2.4.4,32,8,balanced,400,4000,0.3,0,0.9950501253132832,5,"[80, 80, 80, 80, 80]",powerlaw,5,0,0,224,176,"[21, 17, 17, 15, 14, 12, 8, 8, 6, 5, 5, 5, 4, 4, 4, 4, 4, 3, 3, 3, 3, 3, 3, 3, 3, 3, 2, 2, 2, 2, 2, 2, 2, 2, 2, 2, 2, 2, 2, 2, 2, 2, 2, 2, 2, 2, 2, 2, 1, 1, 1, 1, 1, 1, 1, 1, 1, 1, 1, 1, 1, 1, 1, 1, 1, 1, 1, 1, 1, 1, 1, 1, 1, 1, 1, 1, 1, 1, 1, 1, 1, 1, 1, 1, 1, 1, 1, 1, 1, 1, 1, 1, 1, 1, 1, 1, 1, 1, 1, 1, 1, 1, 1, 1, 1, 1, 1, 1, 1, 1, 1, 1, 1, 1, 1, 1, 1, 1, 1, 1, 1, 1, 1, 1, 1, 1, 1, 1, 1, 1, 1, 1, 1, 1, 1, 1, 1, 1, 1, 1, 1, 1, 1, 1, 1, 1, 1, 1, 1, 1, 1, 1, 1, 1, 1, 1, 1, 1, 1, 1, 1, 1, 1, 1, 1, 1, 1, 1, 1, 1, 1, 1, 1, 1, 1, 1, 1, 1, 1, 1, 1, 1, 1, 1, 1, 1, 1, 1, 1, 1, 1, 1, 1, 1, 1, 1, 1, 1, 1, 1]",0.3311742830001094,0.3288433093333272,0.31368263399963325,0.34103383000001486,0.009819963600808697,"[0.329226, 0.337645, 0.341034, 0.335113, 0.321233, 0.315578, 0.313683, 0.331174, 0.334905]",0.030720814999767754,0.03159468544456306,0.02927465500033577,0.03643659199951799,0.002171016128178625,"[0.036437, 0.033697, 0.031495, 0.030622, 0.029275, 0.030721, 0.031177, 0.030397, 0.030532]",10.780126861953795,8.609000369842024,11.649456842313029,37,optimal,nan,13.45904541015625,8.836268424987793,370.29217001383495,370.2921695170082,1.3417155747705199e-09,0.00010353112254576913,6.217766522359313e-05,1.0,1.0,0.44556962025316454,0.6164623467600701,9,2,1e-07,1e-05,1000,80.0,80.0,80.0,0.0,80.0,1.0,21.0,1.7857142857142858,2.6166655834306,1.0
primary,x86_64,none,0.3.0,2.4.4,32,8,balanced,400,4000,0.35,0,0.9950501253132832,5,"[80, 80, 80, 80, 80]",powerlaw,5,0,0,256,223,"[21, 17, 16, 15, 12, 8, 8, 7, 6, 5, 5, 5, 4, 4, 3, 3, 3, 3, 3, 3, 2, 2, 2, 2, 2, 2, 2, 2, 2, 2, 2, 2, 2, 1, 1, 1, 1, 1, 1, 1, 1, 1, 1, 1, 1, 1, 1, 1, 1, 1, 1, 1, 1, 1, 1, 1, 1, 1, 1, 1, 1, 1, 1, 1, 1, 1, 1, 1, 1, 1, 1, 1, 1, 1, 1, 1, 1, 1, 1, 1, 1, 1, 1, 1, 1, 1, 1, 1, 1, 1, 1, 1, 1, 1, 1, 1, 1, 1, 1, 1, 1, 1, 1, 1, 1, 1, 1, 1, 1, 1, 1, 1, 1, 1, 1, 1, 1, 1, 1, 1, 1, 1, 1, 1, 1, 1, 1, 1, 1, 1, 1, 1, 1, 1, 1, 1, 1, 1, 1, 1, 1, 1, 1, 1, 1, 1, 1, 1, 1, 1, 1, 1, 1, 1, 1, 1, 1, 1, 1, 1, 1, 1, 1, 1, 1, 1, 1, 1, 1, 1, 1, 1, 1, 1, 1, 1, 1, 1, 1, 1, 1, 1, 1, 1, 1, 1, 1, 1, 1, 1, 1, 1, 1, 1, 1, 1, 1, 1, 1, 1]",0.32939802199962287,0.3277360288887697,0.3129868260002695,0.3436304749993724,0.009362406471928217,"[0.34363, 0.330848, 0.329398, 0.333839, 0.332251, 0.32425, 0.315568, 0.312987, 0.326854]",0.025952519999918877,0.026342621444301686,0.024178657999982534,0.02881634400000621,0.0018972342375774755,"[0.028553, 0.028816, 0.028666, 0.026545, 0.025953, 0.025118, 0.024889, 0.024366, 0.024179]",12.692332844773938,10.861434261063861,14.212140103045448,37,optimal,nan,13.45904541015625,8.834026336669922,372.5100815159202,372.51008110853894,1.0936113811047326e-09,9.70233055084535e-05,5.826926730394905e-05,1.0,1.0,0.36455696202531646,0.5343228200371057,9,2,1e-07,1e-05,1000,80.0,80.0,80.0,0.0,80.0,1.0,21.0,1.5625,2.320930578453393,1.0
primary,x86_64,none,0.3.0,2.4.4,32,8,balanced,400,4000,0.4,0,0.9950501253132832,5,"[80, 80, 80, 80, 80]",powerlaw,5,0,0,278,253,"[21, 16, 15, 13, 12, 8, 8, 7, 6, 5, 4, 3, 3, 3, 3, 2, 2, 2, 2, 2, 2, 2, 2, 2, 2, 1, 1, 1, 1, 1, 1, 1, 1, 1, 1, 1, 1, 1, 1, 1, 1, 1, 1, 1, 1, 1, 1, 1, 1, 1, 1, 1, 1, 1, 1, 1, 1, 1, 1, 1, 1, 1, 1, 1, 1, 1, 1, 1, 1, 1, 1, 1, 1, 1, 1, 1, 1, 1, 1, 1, 1, 1, 1, 1, 1, 1, 1, 1, 1, 1, 1, 1, 1, 1, 1, 1, 1, 1, 1, 1, 1, 1, 1, 1, 1, 1, 1, 1, 1, 1, 1, 1, 1, 1, 1, 1, 1, 1, 1, 1, 1, 1, 1, 1, 1, 1, 1, 1, 1, 1, 1, 1, 1, 1, 1, 1, 1, 1, 1, 1, 1, 1, 1, 1, 1, 1, 1, 1, 1, 1, 1, 1, 1, 1, 1, 1, 1, 1, 1, 1, 1, 1, 1, 1, 1, 1, 1, 1, 1, 1, 1, 1, 1, 1, 1, 1, 1, 1, 1, 1, 1, 1, 1, 1, 1, 1, 1, 1, 1, 1, 1, 1, 1, 1, 1, 1, 1, 1, 1, 1]",0.3283982549992288,0.32479539055536105,0.3001803179995477,0.35661025599983986,0.01738278221682226,"[0.306174, 0.32883, 0.338444, 0.35661, 0.331615, 0.328398, 0.321513, 0.311393, 0.30018]",0.020522886000435392,0.020847685666619025,0.01894493399959174,0.022911780999493203,0.0016784284018611624,"[0.022912, 0.022896, 0.022483, 0.021732, 0.020523, 0.019904, 0.019211, 0.019023, 0.018945]",16.00156308387923,13.101570672580518,18.82351535283917,37,optimal,nan,13.45904541015625,8.83469295501709,374.37762354384614,374.37762315264405,1.044939837052388e-09,0.00010760275684287834,6.462283230986559e-05,1.0,1.0,0.30886075949367087,0.4719535783365571,9,2,1e-07,1e-05,1000,80.0,80.0,80.0,0.0,80.0,1.0,21.0,1.4388489208633093,2.1140676735275603,1.0
primary,x86_64,none,0.3.0,2.4.4,32,8,balanced,800,1600,0.05,0,0.9975125156445557,5,"[160, 160, 160, 160, 160]",powerlaw,5,0,0,1,0,[800],1.214930856999672,1.22190804955537,1.1318040090000068,1.3586968549998346,0.06933330084685912,"[1.273585, 1.167386, 1.358697, 1.25381, 1.162451, 1.243129, 1.131804, 1.214931, 1.19138]",1.2305356550004944,1.2285839301113002,1.1940611690006335,1.2642948650000108,0.027091594219016378,"[1.194061, 1.264295, 1.198132, 1.230536, 1.261981, 1.198893, 1.238089, 1.223659, 1.247609]",0.9873186949623038,0.8952057311408894,1.1378787705968134,27,optimal,nan,53.74835205078125,92.81864929199219,678.5204315243178,678.5204315243178,0.0,0.0,0.0,1.0,0.04893729672490735,0.8138364779874214,0.0923230593607306,9,2,1e-07,1e-05,1000,160.0,160.0,160.0,0.0,160.0,800.0,800.0,800.0,0.0,800.0
primary,x86_64,none,0.3.0,2.4.4,32,8,balanced,800,1600,0.1,0,0.9975125156445557,5,"[160, 160, 160, 160, 160]",powerlaw,5,0,0,87,60,"[680, 3, 3, 3, 3, 3, 3, 3, 3, 2, 2, 2, 2, 2, 2, 2, 2, 2, 2, 2, 2, 2, 2, 2, 2, 2, 2, 1, 1, 1, 1, 1, 1, 1, 1, 1, 1, 1, 1, 1, 1, 1, 1, 1, 1, 1, 1, 1, 1, 1, 1, 1, 1, 1, 1, 1, 1, 1, 1, 1, 1, 1, 1, 1, 1, 1, 1, 1, 1, 1, 1, 1, 1, 1, 1, 1, 1, 1, 1, 1, 1, 1, 1, 1, 1, 1, 1]",1.7621479569997973,1.7499585364442585,1.6814944799998557,1.8189971729998433,0.04641908372057842,"[1.780247, 1.788966, 1.736808, 1.818997, 1.681494, 1.772516, 1.717105, 1.762148, 1.691345]",1.300909870000396,1.3024774172222857,1.26546940299977,1.3387555910003357,0.02566666621664417,"[1.30091, 1.294471, 1.3154, 1.265469, 1.334119, 1.267408, 1.338756, 1.295149, 1.310615]",1.354550378650952,1.2560130402468914,1.4374090504977417,39,optimal,nan,53.74835205078125,71.14698505401611,693.3631119343485,693.361300030222,2.61321102220633e-06,0.0027664946587747444,0.0015098975719110119,0.999909375,0.4600504625735913,0.6880503144654088,0.5514112903225806,9,2,1e-07,1e-05,1000,160.0,160.0,160.0,0.0,160.0,1.0,680.0,9.195402298850574,72.33762460078529,1.0
primary,x86_64,none,0.3.0,2.4.4,32,8,balanced,800,1600,0.15,0,0.9975125156445557,5,"[160, 160, 160, 160, 160]",powerlaw,5,0,0,269,194,"[390, 10, 7, 7, 7, 6, 5, 4, 4, 4, 4, 4, 4, 4, 4, 3, 3, 3, 3, 3, 3, 3, 3, 3, 3, 3, 3, 3, 3, 3, 3, 3, 3, 3, 3, 3, 3, 2, 2, 2, 2, 2, 2, 2, 2, 2, 2, 2, 2, 2, 2, 2, 2, 2, 2, 2, 2, 2, 2, 2, 2, 2, 2, 2, 2, 2, 2, 2, 2, 2, 2, 2, 2, 2, 2, 1, 1, 1, 1, 1, 1, 1, 1, 1, 1, 1, 1, 1, 1, 1, 1, 1, 1, 1, 1, 1, 1, 1, 1, 1, 1, 1, 1, 1, 1, 1, 1, 1, 1, 1, 1, 1, 1, 1, 1, 1, 1, 1, 1, 1, 1, 1, 1, 1, 1, 1, 1, 1, 1, 1, 1, 1, 1, 1, 1, 1, 1, 1, 1, 1, 1, 1, 1, 1, 1, 1, 1, 1, 1, 1, 1, 1, 1, 1, 1, 1, 1, 1, 1, 1, 1, 1, 1, 1, 1, 1, 1, 1, 1, 1, 1, 1, 1, 1, 1, 1, 1, 1, 1, 1, 1, 1, 1, 1, 1, 1, 1, 1, 1, 1, 1, 1, 1, 1, 1, 1, 1, 1, 1, 1]",1.7211237569999867,1.7062494335551592,1.6347141769992959,1.7521174590001465,0.04163420837860182,"[1.741966, 1.733274, 1.634714, 1.713448, 1.67581, 1.721124, 1.730809, 1.652983, 1.752117]",0.680255677999412,0.6727613102220857,0.6445517439997275,0.6892722250004226,0.015548046307338973,"[0.681793, 0.689272, 0.687948, 0.644552, 0.668505, 0.680256, 0.680917, 0.66876, 0.652849]",2.530113033472503,2.371652473009911,2.7183503501634885,35,optimal,nan,53.74835205078125,37.95928764343262,702.6825074828841,702.6805157333931,2.8344941987537658e-06,0.002903010612138962,0.0015846530016482027,0.999909375,0.8194690265486726,0.5823899371069182,0.6808823529411765,9,2,1e-07,1e-05,1000,160.0,160.0,160.0,0.0,160.0,1.0,390.0,2.973977695167286,23.66909564472009,1.0
primary,x86_64,none,0.3.0,2.4.4,32,8,balanced,800,1600,0.2,0,0.9975125156445557,5,"[160, 160, 160, 160, 160]",powerlaw,5,0,0,394,322,"[171, 34, 25, 13, 12, 9, 8, 7, 7, 6, 6, 6, 5, 5, 5, 4, 4, 4, 4, 4, 4, 4, 4, 4, 4, 4, 3, 3, 3, 3, 3, 3, 3, 3, 3, 3, 3, 3, 3, 3, 3, 3, 3, 3, 3, 3, 3, 3, 3, 2, 2, 2, 2, 2, 2, 2, 2, 2, 2, 2, 2, 2, 2, 2, 2, 2, 2, 2, 2, 2, 2, 2, 1, 1, 1, 1, 1, 1, 1, 1, 1, 1, 1, 1, 1, 1, 1, 1, 1, 1, 1, 1, 1, 1, 1, 1, 1, 1, 1, 1, 1, 1, 1, 1, 1, 1, 1, 1, 1, 1, 1, 1, 1, 1, 1, 1, 1, 1, 1, 1, 1, 1, 1, 1, 1, 1, 1, 1, 1, 1, 1, 1, 1, 1, 1, 1, 1, 1, 1, 1, 1, 1, 1, 1, 1, 1, 1, 1, 1, 1, 1, 1, 1, 1, 1, 1, 1, 1, 1, 1, 1, 1, 1, 1, 1, 1, 1, 1, 1, 1, 1, 1, 1, 1, 1, 1, 1, 1, 1, 1, 1, 1, 1, 1, 1, 1, 1, 1, 1, 1, 1, 1, 1, 1, 1, 1, 1, 1, 1, 1]",1.7022052840002289,1.6896027501109832,1.6485560979999718,1.7385707339999499,0.030894404259310903,"[1.703859, 1.660667, 1.738571, 1.671581, 1.710964, 1.657348, 1.702205, 1.712673, 1.648556]",0.2707412479994673,0.26848731588840263,0.26141008799913834,0.2735457029993995,0.005003922593967893,"[0.271089, 0.273546, 0.272586, 0.272368, 0.270741, 0.270072, 0.261412, 0.26141, 0.263161]",6.287203359584049,6.026620341404488,6.650740785511233,36,optimal,nan,53.74835205078125,35.2509822845459,709.782477441966,709.7796385966851,3.9995989913412e-06,0.006295808211509886,0.0034366562011180052,0.999934375,0.9290953545232273,0.4779874213836478,0.6312292358803987,9,2,1e-07,1e-05,1000,160.0,160.0,160.0,0.0,160.0,1.0,171.0,2.030456852791878,8.860686358033895,1.0
primary,x86_64,none,0.3.0,2.4.4,32,8,balanced,800,1600,0.25,0,0.9975125156445557,5,"[160, 160, 160, 160, 160]",powerlaw,5,0,0,453,372,"[71, 34, 24, 13, 12, 10, 9, 8, 8, 7, 7, 7, 7, 6, 6, 6, 6, 5, 5, 5, 4, 4, 4, 4, 4, 4, 4, 4, 4, 4, 3, 3, 3, 3, 3, 3, 3, 3, 3, 3, 3, 3, 3, 3, 3, 3, 3, 3, 3, 3, 3, 3, 3, 3, 3, 3, 3, 3, 3, 3, 2, 2, 2, 2, 2, 2, 2, 2, 2, 2, 2, 2, 2, 2, 2, 2, 2, 2, 2, 2, 2, 1, 1, 1, 1, 1, 1, 1, 1, 1, 1, 1, 1, 1, 1, 1, 1, 1, 1, 1, 1, 1, 1, 1, 1, 1, 1, 1, 1, 1, 1, 1, 1, 1, 1, 1, 1, 1, 1, 1, 1, 1, 1, 1, 1, 1, 1, 1, 1, 1, 1, 1, 1, 1, 1, 1, 1, 1, 1, 1, 1, 1, 1, 1, 1, 1, 1, 1, 1, 1, 1, 1, 1, 1, 1, 1, 1, 1, 1, 1, 1, 1, 1, 1, 1, 1, 1, 1, 1, 1, 1, 1, 1, 1, 1, 1, 1, 1, 1, 1, 1, 1, 1, 1, 1, 1, 1, 1, 1, 1, 1, 1, 1, 1, 1, 1, 1, 1, 1, 1]",1.8018505440004446,1.8626167074446331,1.6207246590001887,2.282330980000552,0.2304723425775197,"[2.282331, 1.959217, 2.063217, 1.668283, 1.801851, 1.694981, 1.649699, 1.620725, 2.023248]",0.12944168200010608,0.1400963021112855,0.12582035600007657,0.16431091300000844,0.015873092942120765,"[0.125857, 0.12582, 0.129094, 0.145769, 0.164311, 0.160509, 0.153057, 0.129442, 0.127008]",13.920172514437567,9.863767594061786,18.13960039978875,36,optimal,nan,53.74835205078125,34.72906303405762,715.5222751602433,715.5206229806641,2.309054010688814e-06,0.004447885196156312,0.002427941795512253,0.999978125,0.9770114942528736,0.4276729559748428,0.594925634295713,9,2,1e-07,1e-05,1000,160.0,160.0,160.0,0.0,160.0,1.0,71.0,1.7660044150110374,4.00970028771871,1.0
primary,x86_64,none,0.3.0,2.4.4,32,8,balanced,800,1600,0.3,0,0.9975125156445557,5,"[160, 160, 160, 160, 160]",powerlaw,5,0,0,501,420,"[34, 34, 25, 24, 13, 10, 9, 8, 8, 7, 7, 6, 6, 6, 5, 5, 5, 4, 4, 4, 4, 4, 4, 4, 3, 3, 3, 3, 3, 3, 3, 3, 3, 3, 3, 3, 3, 3, 3, 3, 3, 3, 3, 3, 3, 3, 3, 3, 3, 3, 2, 2, 2, 2, 2, 2, 2, 2, 2, 2, 2, 2, 2, 2, 2, 2, 2, 2, 2, 2, 2, 2, 2, 2, 2, 2, 2, 2, 2, 2, 2, 1, 1, 1, 1, 1, 1, 1, 1, 1, 1, 1, 1, 1, 1, 1, 1, 1, 1, 1, 1, 1, 1, 1, 1, 1, 1, 1, 1, 1, 1, 1, 1, 1, 1, 1, 1, 1, 1, 1, 1, 1, 1, 1, 1, 1, 1, 1, 1, 1, 1, 1, 1, 1, 1, 1, 1, 1, 1, 1, 1, 1, 1, 1, 1, 1, 1, 1, 1, 1, 1, 1, 1, 1, 1, 1, 1, 1, 1, 1, 1, 1, 1, 1, 1, 1, 1, 1, 1, 1, 1, 1, 1, 1, 1, 1, 1, 1, 1, 1, 1, 1, 1, 1, 1, 1, 1, 1, 1, 1, 1, 1, 1, 1, 1, 1, 1, 1, 1, 1]",1.8586086440000145,1.879869233555736,1.6984840300001451,2.102359622000222,0.15153843881647155,"[1.717046, 2.10236, 1.858609, 2.083791, 1.901993, 1.853504, 1.973929, 1.698484, 1.729107]",0.07709625600000436,0.08540393466682872,0.07384893499965983,0.11255557100048463,0.01546913176169382,"[0.076057, 0.076912, 0.077096, 0.089707, 0.110241, 0.112556, 0.077967, 0.07425, 0.073849]",24.107638171170198,15.090181808884715,28.468381053970592,36,optimal,nan,53.74835205078125,34.665292739868164,720.2292062712288,720.2276344688946,2.182364059242806e-06,0.004464594792892698,0.0024370634734264076,0.999990625,0.9933110367892977,0.37358490566037733,0.5429616087751371,9,2,1e-07,1e-05,1000,160.0,160.0,160.0,0.0,160.0,1.0,34.0,1.596806387225549,2.7845291478611855,1.0
primary,x86_64,none,0.3.0,2.4.4,32,8,balanced,800,1600,0.35,0,0.9975125156445557,5,"[160, 160, 160, 160, 160]",powerlaw,5,0,0,549,482,"[34, 28, 24, 17, 10, 9, 9, 8, 8, 8, 7, 7, 6, 6, 5, 4, 4, 4, 4, 4, 4, 4, 3, 3, 3, 3, 3, 3, 3, 3, 3, 3, 3, 3, 3, 3, 2, 2, 2, 2, 2, 2, 2, 2, 2, 2, 2, 2, 2, 2, 2, 2, 2, 2, 2, 2, 2, 2, 2, 2, 2, 2, 2, 2, 2, 2, 2, 1, 1, 1, 1, 1, 1, 1, 1, 1, 1, 1, 1, 1, 1, 1, 1, 1, 1, 1, 1, 1, 1, 1, 1, 1, 1, 1, 1, 1, 1, 1, 1, 1, 1, 1, 1, 1, 1, 1, 1, 1, 1, 1, 1, 1, 1, 1, 1, 1, 1, 1, 1, 1, 1, 1, 1, 1, 1, 1, 1, 1, 1, 1, 1, 1, 1, 1, 1, 1, 1, 1, 1, 1, 1, 1, 1, 1, 1, 1, 1, 1, 1, 1, 1, 1, 1, 1, 1, 1, 1, 1, 1, 1, 1, 1, 1, 1, 1, 1, 1, 1, 1, 1, 1, 1, 1, 1, 1, 1, 1, 1, 1, 1, 1, 1, 1, 1, 1, 1, 1, 1, 1, 1, 1, 1, 1, 1, 1, 1, 1, 1, 1, 1]",1.6456382699998358,1.6372660546664217,1.5850590099998954,1.6803806839998288,0.029911231094881252,"[1.680381, 1.614705, 1.585059, 1.604041, 1.656135, 1.655903, 1.645019, 1.645638, 1.648514]",0.06636523599991051,0.06647183144438411,0.06573833200036461,0.06790281599933223,0.0007074359023307251,"[0.065741, 0.066467, 0.06597, 0.067228, 0.066273, 0.065738, 0.066365, 0.066561, 0.067903]",24.796691297866474,23.343052665378163,25.561656842624313,38,optimal,nan,53.74835205078125,34.65603828430176,724.125178541538,724.1170060341907,1.1286042233490339e-05,0.01214638544129766,0.006629816149759613,0.99999375,0.9960159362549801,0.31446540880503143,0.4780114722753346,9,2,1e-07,1e-05,1000,160.0,160.0,160.0,0.0,160.0,1.0,34.0,1.4571948998178506,2.3885900910822366,1.0
primary,x86_64,none,0.3.0,2.4.4,32,8,balanced,800,1600,0.4,0,0.9975125156445557,5,"[160, 160, 160, 160, 160]",powerlaw,5,0,0,578,517,"[28, 24, 23, 17, 11, 10, 9, 8, 8, 7, 7, 7, 6, 6, 4, 4, 4, 3, 3, 3, 3, 3, 3, 3, 3, 3, 3, 3, 3, 2, 2, 2, 2, 2, 2, 2, 2, 2, 2, 2, 2, 2, 2, 2, 2, 2, 2, 2, 2, 2, 2, 2, 2, 2, 2, 2, 2, 2, 2, 2, 2, 1, 1, 1, 1, 1, 1, 1, 1, 1, 1, 1, 1, 1, 1, 1, 1, 1, 1, 1, 1, 1, 1, 1, 1, 1, 1, 1, 1, 1, 1, 1, 1, 1, 1, 1, 1, 1, 1, 1, 1, 1, 1, 1, 1, 1, 1, 1, 1, 1, 1, 1, 1, 1, 1, 1, 1, 1, 1, 1, 1, 1, 1, 1, 1, 1, 1, 1, 1, 1, 1, 1, 1, 1, 1, 1, 1, 1, 1, 1, 1, 1, 1, 1, 1, 1, 1, 1, 1, 1, 1, 1, 1, 1, 1, 1, 1, 1, 1, 1, 1, 1, 1, 1, 1, 1, 1, 1, 1, 1, 1, 1, 1, 1, 1, 1, 1, 1, 1, 1, 1, 1, 1, 1, 1, 1, 1, 1, 1, 1, 1, 1, 1, 1, 1, 1, 1, 1, 1, 1]",1.5716370559994175,1.5485473528885147,1.4797920089995387,1.586181690999183,0.04414520691129881,"[1.484404, 1.479792, 1.50871, 1.571637, 1.586182, 1.576207, 1.570477, 1.576764, 1.582754]",0.060345509000399034,0.06019062933329325,0.057681163999404816,0.06252305299949512,0.00144813305260438,"[0.057681, 0.059061, 0.060346, 0.062523, 0.060626, 0.061166, 0.061102, 0.060342, 0.05887]",26.04397712494272,23.667942271013032,27.499127635765987,37,optimal,nan,53.74835205078125,34.64677810668945,727.4039788661555,727.396987002063,9.612078426307717e-06,0.011187399037704132,0.006106669438581274,0.999996875,1.0,0.2792452830188679,0.4365781710914454,9,2,1e-07,1e-05,1000,160.0,160.0,160.0,0.0,160.0,1.0,28.0,1.3840830449826989,2.0883320458174173,1.0
primary,x86_64,none,0.3.0,2.4.4,32,8,balanced,800,4000,0.05,0,0.9975125156445557,5,"[160, 160, 160, 160, 160]",powerlaw,5,0,0,10,6,"[788, 2, 2, 2, 1, 1, 1, 1, 1, 1]",1.2104992670001593,1.2097574384444871,1.1802285280000433,1.2418255149996185,0.024572685779318256,"[1.181998, 1.232763, 1.241826, 1.210499, 1.200964, 1.180229, 1.22448, 1.233277, 1.181783]",1.3052327870000227,1.2923271027778658,1.2309317020008166,1.3122807729996566,0.0288111689493023,"[1.230932, 1.255362, 1.298667, 1.306653, 1.305436, 1.312281, 1.305061, 1.31132, 1.305233]",0.9274202112118245,0.8993719578030822,1.0088500547845949,30,optimal,nan,53.74835205078125,90.49335956573486,683.2139332406897,683.2135943429873,4.960345301445907e-07,0.001005558249885366,0.0005599460870472625,0.999959375,0.26,0.8012578616352202,0.39260400616332825,9,2,1e-07,1e-05,1000,160.0,160.0,160.0,0.0,160.0,1.0,788.0,80.0,236.00042372843316,1.0
primary,x86_64,none,0.3.0,2.4.4,32,8,balanced,800,4000,0.1,0,0.9975125156445557,5,"[160, 160, 160, 160, 160]",powerlaw,5,0,0,204,104,"[395, 15, 11, 8, 7, 7, 6, 6, 6, 6, 5, 4, 4, 4, 4, 4, 4, 4, 4, 4, 3, 3, 3, 3, 3, 3, 3, 3, 3, 3, 3, 3, 3, 3, 3, 3, 3, 3, 3, 3, 3, 3, 3, 3, 3, 3, 3, 3, 2, 2, 2, 2, 2, 2, 2, 2, 2, 2, 2, 2, 2, 2, 2, 2, 2, 2, 2, 2, 2, 2, 2, 2, 2, 2, 2, 2, 2, 2, 2, 2, 2, 2, 2, 2, 2, 2, 2, 2, 2, 2, 2, 2, 2, 2, 2, 2, 2, 2, 2, 2, 1, 1, 1, 1, 1, 1, 1, 1, 1, 1, 1, 1, 1, 1, 1, 1, 1, 1, 1, 1, 1, 1, 1, 1, 1, 1, 1, 1, 1, 1, 1, 1, 1, 1, 1, 1, 1, 1, 1, 1, 1, 1, 1, 1, 1, 1, 1, 1, 1, 1, 1, 1, 1, 1, 1, 1, 1, 1, 1, 1, 1, 1, 1, 1, 1, 1, 1, 1, 1, 1, 1, 1, 1, 1, 1, 1, 1, 1, 1, 1, 1, 1, 1, 1, 1, 1, 1, 1, 1, 1, 1, 1, 1, 1, 1, 1, 1, 1, 1, 1]",1.507076822000272,1.511125635666556,1.382618456000273,1.639270550999754,0.08516263624063848,"[1.639271, 1.507077, 1.623886, 1.382618, 1.486772, 1.520536, 1.556422, 1.440733, 1.442815]",0.5976059590002478,0.5968600515554701,0.5243946969994795,0.6578457320001689,0.05225158254375005,"[0.560666, 0.650082, 0.597606, 0.609894, 0.526008, 0.524395, 0.655871, 0.589373, 0.657846]",2.5218570854305136,2.1017366059310665,3.126024272135958,31,optimal,nan,53.74835205078125,38.04883289337158,695.7338968691149,695.7311352590053,3.96934822640507e-06,0.003027149197504922,0.0016860351819269247,0.99986875,0.8605388272583201,0.6830188679245283,0.761570827489481,9,2,1e-07,1e-05,1000,160.0,160.0,160.0,0.0,160.0,1.0,395.0,3.9215686274509802,27.49979902761138,1.0
primary,x86_64,none,0.3.0,2.4.4,32,8,balanced,800,4000,0.15,0,0.9975125156445557,5,"[160, 160, 160, 160, 160]",powerlaw,5,0,0,317,192,"[106, 34, 29, 16, 13, 13, 12, 12, 11, 11, 10, 9, 8, 8, 7, 7, 7, 7, 6, 6, 6, 6, 5, 5, 4, 4, 4, 4, 4, 4, 4, 4, 4, 4, 4, 4, 3, 3, 3, 3, 3, 3, 3, 3, 3, 3, 3, 3, 3, 3, 3, 3, 3, 3, 3, 3, 3, 3, 3, 3, 3, 3, 3, 3, 2, 2, 2, 2, 2, 2, 2, 2, 2, 2, 2, 2, 2, 2, 2, 2, 2, 2, 2, 2, 2, 2, 2, 2, 2, 2, 2, 2, 2, 2, 2, 2, 2, 2, 2, 2, 2, 2, 2, 2, 2, 2, 2, 2, 2, 2, 2, 2, 2, 2, 2, 2, 2, 2, 2, 2, 2, 2, 2, 2, 2, 1, 1, 1, 1, 1, 1, 1, 1, 1, 1, 1, 1, 1, 1, 1, 1, 1, 1, 1, 1, 1, 1, 1, 1, 1, 1, 1, 1, 1, 1, 1, 1, 1, 1, 1, 1, 1, 1, 1, 1, 1, 1, 1, 1, 1, 1, 1, 1, 1, 1, 1, 1, 1, 1, 1, 1, 1, 1, 1, 1, 1, 1, 1, 1, 1, 1, 1, 1, 1, 1, 1, 1, 1, 1, 1]",1.2782550840001932,1.2729131092223218,1.210974535000787,1.3110333469994657,0.028878250239824075,"[1.2835, 1.257737, 1.300634, 1.271386, 1.210975, 1.282201, 1.278255, 1.260498, 1.311033]",0.1459024240002691,0.15258649877766098,0.14362514699951134,0.17485399499946652,0.011122311809276907,"[0.152523, 0.165289, 0.174854, 0.15701, 0.145902, 0.145071, 0.145095, 0.143625, 0.143909]",8.761027054614498,6.925632639989047,9.128160175208915,31,optimal,nan,53.74835205078125,34.874308586120605,705.0069906084532,705.0057605972971,1.7446793754370053e-06,0.0031431850827496888,0.0017507158545345689,0.9999625,0.9752577319587629,0.5949685534591195,0.7390625,9,2,1e-07,1e-05,1000,160.0,160.0,160.0,0.0,160.0,1.0,106.0,2.5236593059936907,6.625891417965266,1.0
primary,x86_64,none,0.3.0,2.4.4,32,8,balanced,800,4000,0.2,0,0.9975125156445557,5,"[160, 160, 160, 160, 160]",powerlaw,5,0,0,418,323,"[34, 25, 23, 17, 13, 12, 12, 11, 11, 10, 9, 9, 8, 8, 8, 7, 7, 7, 7, 6, 6, 6, 6, 6, 6, 5, 5, 5, 5, 4, 4, 4, 4, 4, 4, 4, 4, 4, 4, 4, 4, 4, 4, 4, 3, 3, 3, 3, 3, 3, 3, 3, 3, 3, 3, 3, 3, 3, 3, 3, 3, 3, 3, 3, 3, 2, 2, 2, 2, 2, 2, 2, 2, 2, 2, 2, 2, 2, 2, 2, 2, 2, 2, 2, 2, 2, 2, 2, 2, 2, 2, 2, 2, 2, 2, 1, 1, 1, 1, 1, 1, 1, 1, 1, 1, 1, 1, 1, 1, 1, 1, 1, 1, 1, 1, 1, 1, 1, 1, 1, 1, 1, 1, 1, 1, 1, 1, 1, 1, 1, 1, 1, 1, 1, 1, 1, 1, 1, 1, 1, 1, 1, 1, 1, 1, 1, 1, 1, 1, 1, 1, 1, 1, 1, 1, 1, 1, 1, 1, 1, 1, 1, 1, 1, 1, 1, 1, 1, 1, 1, 1, 1, 1, 1, 1, 1, 1, 1, 1, 1, 1, 1, 1, 1, 1, 1, 1, 1, 1, 1, 1, 1, 1, 1, 1, 1, 1, 1, 1, 1]",1.4057905469999241,1.4262074633334123,1.2511566510002012,1.6456928890002018,0.1329619644439862,"[1.402629, 1.305607, 1.308428, 1.414152, 1.52095, 1.251157, 1.581461, 1.405791, 1.645693]",0.08809425000072224,0.09051255266664764,0.08216834599988943,0.10609399100030714,0.0078076225924383885,"[0.088094, 0.082168, 0.098186, 0.106094, 0.094173, 0.091359, 0.084896, 0.084637, 0.085005]",15.957801411424681,11.792907771718939,20.028307360627856,31,optimal,nan,53.74835205078125,34.64445972442627,712.1222077976154,712.1203458380064,2.6146630291418515e-06,0.005119374024558546,0.0028514296899111867,0.999996875,0.9973890339425587,0.48050314465408805,0.6485568760611206,9,2,1e-07,1e-05,1000,160.0,160.0,160.0,0.0,160.0,1.0,34.0,1.9138755980861244,2.936692277846523,1.0
primary,x86_64,none,0.3.0,2.4.4,32,8,balanced,800,4000,0.25,0,0.9975125156445557,5,"[160, 160, 160, 160, 160]",powerlaw,5,0,0,456,368,"[28, 24, 23, 17, 13, 12, 11, 10, 9, 9, 8, 8, 7, 7, 7, 7, 7, 7, 6, 6, 6, 6, 6, 5, 5, 4, 4, 4, 4, 4, 4, 4, 4, 4, 4, 4, 3, 3, 3, 3, 3, 3, 3, 3, 3, 3, 3, 3, 3, 3, 3, 3, 3, 3, 3, 3, 3, 3, 3, 3, 3, 3, 3, 3, 3, 3, 2, 2, 2, 2, 2, 2, 2, 2, 2, 2, 2, 2, 2, 2, 2, 2, 2, 2, 2, 2, 2, 2, 1, 1, 1, 1, 1, 1, 1, 1, 1, 1, 1, 1, 1, 1, 1, 1, 1, 1, 1, 1, 1, 1, 1, 1, 1, 1, 1, 1, 1, 1, 1, 1, 1, 1, 1, 1, 1, 1, 1, 1, 1, 1, 1, 1, 1, 1, 1, 1, 1, 1, 1, 1, 1, 1, 1, 1, 1, 1, 1, 1, 1, 1, 1, 1, 1, 1, 1, 1, 1, 1, 1, 1, 1, 1, 1, 1, 1, 1, 1, 1, 1, 1, 1, 1, 1, 1, 1, 1, 1, 1, 1, 1, 1, 1, 1, 1, 1, 1, 1, 1, 1, 1, 1, 1, 1, 1, 1, 1, 1, 1, 1, 1]",1.5857022030004373,1.5275680747778704,1.247995770999296,1.7453465309999956,0.17940485814964935,"[1.361708, 1.387813, 1.401072, 1.247996, 1.585702, 1.696548, 1.745347, 1.635121, 1.686807]",0.09613237099983962,0.09341460111095835,0.07365763399957359,0.10280865900040226,0.008608642939235103,"[0.073658, 0.085958, 0.096366, 0.097398, 0.095048, 0.095516, 0.097846, 0.102809, 0.096132]",16.49498692800454,12.13901419523829,23.695392265927243,32,optimal,nan,53.74835205078125,34.63554763793945,717.8891938370386,717.8798889434499,1.2961462115026168e-05,0.013325403257126334,0.007421843436171203,0.999996875,1.0,0.4327044025157233,0.6040386303775243,9,2,1e-07,1e-05,1000,160.0,160.0,160.0,0.0,160.0,1.0,28.0,1.7543859649122806,2.575394377936762,1.0
primary,x86_64,none,0.3.0,2.4.4,32,8,balanced,800,4000,0.3,0,0.9975125156445557,5,"[160, 160, 160, 160, 160]",powerlaw,5,0,0,497,412,"[28, 24, 23, 17, 13, 11, 10, 9, 8, 8, 8, 7, 7, 7, 6, 6, 6, 6, 5, 5, 4, 4, 4, 4, 4, 4, 4, 3, 3, 3, 3, 3, 3, 3, 3, 3, 3, 3, 3, 3, 3, 3, 3, 3, 3, 3, 3, 3, 3, 3, 3, 3, 3, 3, 3, 3, 3, 2, 2, 2, 2, 2, 2, 2, 2, 2, 2, 2, 2, 2, 2, 2, 2, 2, 2, 2, 2, 2, 2, 2, 2, 2, 2, 2, 2, 1, 1, 1, 1, 1, 1, 1, 1, 1, 1, 1, 1, 1, 1, 1, 1, 1, 1, 1, 1, 1, 1, 1, 1, 1, 1, 1, 1, 1, 1, 1, 1, 1, 1, 1, 1, 1, 1, 1, 1, 1, 1, 1, 1, 1, 1, 1, 1, 1, 1, 1, 1, 1, 1, 1, 1, 1, 1, 1, 1, 1, 1, 1, 1, 1, 1, 1, 1, 1, 1, 1, 1, 1, 1, 1, 1, 1, 1, 1, 1, 1, 1, 1, 1, 1, 1, 1, 1, 1, 1, 1, 1, 1, 1, 1, 1, 1, 1, 1, 1, 1, 1, 1, 1, 1, 1, 1, 1, 1, 1, 1, 1, 1, 1, 1]",1.3506878209991555,1.376415109777857,1.2404560929999207,1.6023397380004099,0.10229913203689206,"[1.240456, 1.295493, 1.350688, 1.342768, 1.349985, 1.60234, 1.443142, 1.399465, 1.363399]",0.07411473600041063,0.07489216566682444,0.06904607800061058,0.08555098000033468,0.005037348646533216,"[0.076195, 0.074706, 0.074115, 0.072124, 0.069046, 0.070864, 0.071998, 0.079432, 0.085551]",18.224281619132693,14.499612897421724,23.206817597753204,32,optimal,nan,53.74835205078125,34.64138126373291,722.6081767575537,722.6000109195146,1.1300506002738052e-05,0.012285146354144919,0.0068422782238037475,0.999996875,1.0,0.38113207547169814,0.5519125683060109,9,2,1e-07,1e-05,1000,160.0,160.0,160.0,0.0,160.0,1.0,28.0,1.6096579476861168,2.373679296814753,1.0
primary,x86_64,none,0.3.0,2.4.4,32,8,balanced,800,4000,0.35,0,0.9975125156445557,5,"[160, 160, 160, 160, 160]",powerlaw,5,0,0,545,474,"[28, 24, 23, 17, 11, 10, 9, 8, 8, 8, 7, 7, 7, 6, 6, 6, 5, 5, 4, 4, 4, 4, 4, 3, 3, 3, 3, 3, 3, 3, 3, 3, 3, 3, 3, 3, 3, 3, 2, 2, 2, 2, 2, 2, 2, 2, 2, 2, 2, 2, 2, 2, 2, 2, 2, 2, 2, 2, 2, 2, 2, 2, 2, 2, 2, 2, 2, 2, 2, 2, 2, 1, 1, 1, 1, 1, 1, 1, 1, 1, 1, 1, 1, 1, 1, 1, 1, 1, 1, 1, 1, 1, 1, 1, 1, 1, 1, 1, 1, 1, 1, 1, 1, 1, 1, 1, 1, 1, 1, 1, 1, 1, 1, 1, 1, 1, 1, 1, 1, 1, 1, 1, 1, 1, 1, 1, 1, 1, 1, 1, 1, 1, 1, 1, 1, 1, 1, 1, 1, 1, 1, 1, 1, 1, 1, 1, 1, 1, 1, 1, 1, 1, 1, 1, 1, 1, 1, 1, 1, 1, 1, 1, 1, 1, 1, 1, 1, 1, 1, 1, 1, 1, 1, 1, 1, 1, 1, 1, 1, 1, 1, 1, 1, 1, 1, 1, 1, 1, 1, 1, 1, 1, 1, 1, 1, 1, 1, 1, 1, 1]",1.4358584740002698,1.490167349444568,1.3132003700002315,1.7784992360002434,0.15968994162474265,"[1.545282, 1.318916, 1.3132, 1.42412, 1.484353, 1.411987, 1.69929, 1.435858, 1.778499]",0.06146741700013081,0.06250948600023144,0.06083457700060535,0.0674419979995946,0.0022009645314849486,"[0.060835, 0.064494, 0.062621, 0.067442, 0.062635, 0.061086, 0.061004, 0.061001, 0.061467]",23.359668326346203,19.47155198468653,29.23500620350407,33,optimal,nan,53.74835205078125,34.64488506317139,726.4995140425882,726.4925247813788,9.62046233240243e-06,0.011253767283351576,0.006267565267898773,0.999996875,1.0,0.32075471698113206,0.4857142857142857,9,2,1e-07,1e-05,1000,160.0,160.0,160.0,0.0,160.0,1.0,28.0,1.4678899082568808,2.1941072345460118,1.0
primary,x86_64,none,0.3.0,2.4.4,32,8,balanced,800,4000,0.4,0,0.9975125156445557,5,"[160, 160, 160, 160, 160]",powerlaw,5,0,0,575,515,"[28, 24, 23, 17, 11, 9, 8, 8, 8, 7, 7, 6, 6, 6, 6, 4, 4, 4, 4, 3, 3, 3, 3, 3, 3, 3, 3, 3, 3, 3, 3, 3, 2, 2, 2, 2, 2, 2, 2, 2, 2, 2, 2, 2, 2, 2, 2, 2, 2, 2, 2, 2, 2, 2, 2, 2, 2, 2, 2, 2, 1, 1, 1, 1, 1, 1, 1, 1, 1, 1, 1, 1, 1, 1, 1, 1, 1, 1, 1, 1, 1, 1, 1, 1, 1, 1, 1, 1, 1, 1, 1, 1, 1, 1, 1, 1, 1, 1, 1, 1, 1, 1, 1, 1, 1, 1, 1, 1, 1, 1, 1, 1, 1, 1, 1, 1, 1, 1, 1, 1, 1, 1, 1, 1, 1, 1, 1, 1, 1, 1, 1, 1, 1, 1, 1, 1, 1, 1, 1, 1, 1, 1, 1, 1, 1, 1, 1, 1, 1, 1, 1, 1, 1, 1, 1, 1, 1, 1, 1, 1, 1, 1, 1, 1, 1, 1, 1, 1, 1, 1, 1, 1, 1, 1, 1, 1, 1, 1, 1, 1, 1, 1, 1, 1, 1, 1, 1, 1, 1, 1, 1, 1, 1, 1, 1, 1, 1, 1, 1, 1]",1.354714592000164,1.4099966410000586,1.316281119999985,1.5200034760000563,0.08434454747906964,"[1.504478, 1.520003, 1.497384, 1.352912, 1.465219, 1.348364, 1.354715, 1.316281, 1.330613]",0.05919250599981751,0.05918432699986119,0.05758725400028197,0.060782323999774235,0.0013072678511432984,"[0.057587, 0.060782, 0.059973, 0.059193, 0.057599, 0.058119, 0.058385, 0.060778, 0.060243]",22.88658959639824,21.65565633859071,26.394789999756085,32,optimal,nan,53.74835205078125,34.64512538909912,729.7676589817189,729.7616935146089,8.174474487376935e-06,0.010225512588162872,0.005695301063380397,0.999996875,1.0,0.2830188679245283,0.4411764705882353,9,2,1e-07,1e-05,1000,160.0,160.0,160.0,0.0,160.0,1.0,28.0,1.391304347826087,2.0888759289394945,1.0
primary,x86_64,none,0.3.0,2.4.4,32,8,balanced,800,8000,0.05,0,0.9975125156445557,5,"[160, 160, 160, 160, 160]",powerlaw,5,0,0,58,27,"[696, 6, 5, 4, 3, 3, 3, 3, 3, 3, 3, 3, 2, 2, 2, 2, 2, 2, 2, 2, 2, 2, 2, 2, 2, 2, 2, 2, 2, 2, 2, 1, 1, 1, 1, 1, 1, 1, 1, 1, 1, 1, 1, 1, 1, 1, 1, 1, 1, 1, 1, 1, 1, 1, 1, 1, 1, 1]",1.0262277640003958,1.0266780033335736,1.0134201930004565,1.0356312880003316,0.006507131665532063,"[1.01342, 1.024, 1.026228, 1.024725, 1.029967, 1.035631, 1.031878, 1.023042, 1.031211]",1.0434342509997805,1.0161056458888804,0.8983536569994612,1.0563498760002403,0.06290730851610123,"[0.898354, 0.913167, 1.040014, 1.043424, 1.043434, 1.05635, 1.055938, 1.04704, 1.047231]",0.9835097544642626,0.959360355905628,1.152810232285783,29,optimal,nan,53.74835205078125,73.83146381378174,683.6725649177629,683.6715475117901,1.488148018505242e-06,0.001565801164544505,0.0008836344869349808,0.99988125,0.6684155299055614,0.8012578616352202,0.72883295194508,9,2,1e-07,1e-05,1000,160.0,160.0,160.0,0.0,160.0,1.0,696.0,13.793103448275861,90.36644911055966,2.0
primary,x86_64,none,0.3.0,2.4.4,32,8,balanced,800,8000,0.1,0,0.9975125156445557,5,"[160, 160, 160, 160, 160]",powerlaw,5,0,0,247,119,"[180, 23, 16, 15, 13, 12, 12, 11, 10, 9, 8, 8, 8, 8, 7, 7, 7, 7, 6, 6, 6, 6, 6, 6, 6, 5, 5, 5, 4, 4, 4, 4, 4, 4, 4, 4, 4, 4, 4, 4, 4, 3, 3, 3, 3, 3, 3, 3, 3, 3, 3, 3, 3, 3, 3, 3, 3, 3, 3, 3, 3, 3, 3, 3, 3, 3, 3, 3, 3, 3, 3, 3, 3, 3, 3, 3, 3, 3, 2, 2, 2, 2, 2, 2, 2, 2, 2, 2, 2, 2, 2, 2, 2, 2, 2, 2, 2, 2, 2, 2, 2, 2, 2, 2, 2, 2, 2, 2, 2, 2, 2, 2, 2, 2, 2, 2, 2, 2, 2, 2, 2, 2, 2, 2, 2, 2, 2, 2, 1, 1, 1, 1, 1, 1, 1, 1, 1, 1, 1, 1, 1, 1, 1, 1, 1, 1, 1, 1, 1, 1, 1, 1, 1, 1, 1, 1, 1, 1, 1, 1, 1, 1, 1, 1, 1, 1, 1, 1, 1, 1, 1, 1, 1, 1, 1, 1, 1, 1, 1, 1, 1, 1, 1, 1, 1, 1, 1, 1, 1, 1, 1, 1, 1, 1, 1, 1, 1, 1, 1, 1]",0.990843125999163,0.9853804054440237,0.9738585819995933,0.9924590329992498,0.00789548830696686,"[0.973859, 0.978413, 0.991989, 0.990843, 0.981595, 0.991254, 0.992408, 0.992459, 0.975604]",0.22202940400075022,0.22221489055583435,0.21936031800032652,0.2250440020006863,0.001797750658730085,"[0.21936, 0.221, 0.221021, 0.221157, 0.223135, 0.222887, 0.225044, 0.224301, 0.222029]",4.46266624215149,4.327414076099764,4.524332577771758,28,optimal,nan,53.74835205078125,35.294373512268066,695.9965272409422,695.9952073068272,1.8964665244288425e-06,0.002801642055841609,0.00158130379546455,0.999959375,0.9712230215827338,0.6792452830188679,0.7994078460399703,9,2,1e-07,1e-05,1000,160.0,160.0,160.0,0.0,160.0,1.0,180.0,3.2388663967611335,11.596611763052167,2.0
primary,x86_64,none,0.3.0,2.4.4,32,8,balanced,800,8000,0.15,0,0.9975125156445557,5,"[160, 160, 160, 160, 160]",powerlaw,5,0,0,327,193,"[34, 29, 23, 17, 16, 15, 13, 13, 12, 11, 11, 11, 11, 10, 9, 8, 8, 8, 8, 8, 7, 7, 7, 6, 6, 6, 6, 6, 6, 6, 5, 5, 4, 4, 4, 4, 4, 4, 4, 4, 4, 4, 4, 4, 4, 3, 3, 3, 3, 3, 3, 3, 3, 3, 3, 3, 3, 3, 3, 3, 3, 3, 3, 3, 3, 3, 3, 3, 3, 3, 3, 3, 3, 3, 2, 2, 2, 2, 2, 2, 2, 2, 2, 2, 2, 2, 2, 2, 2, 2, 2, 2, 2, 2, 2, 2, 2, 2, 2, 2, 2, 2, 2, 2, 2, 2, 2, 2, 2, 2, 2, 2, 2, 2, 2, 2, 2, 2, 2, 2, 2, 2, 2, 2, 2, 2, 2, 2, 2, 2, 2, 2, 2, 2, 1, 1, 1, 1, 1, 1, 1, 1, 1, 1, 1, 1, 1, 1, 1, 1, 1, 1, 1, 1, 1, 1, 1, 1, 1, 1, 1, 1, 1, 1, 1, 1, 1, 1, 1, 1, 1, 1, 1, 1, 1, 1, 1, 1, 1, 1, 1, 1, 1, 1, 1, 1, 1, 1, 1, 1, 1, 1, 1, 1, 1, 1, 1, 1, 1, 1]",0.9874721710002632,0.9858305298888203,0.9811057939996317,0.9899168849997295,0.0031121899440782995,"[0.988667, 0.982022, 0.987507, 0.989917, 0.984656, 0.981106, 0.987673, 0.987472, 0.983455]",0.08687120100057655,0.08669297166680837,0.08358827000029123,0.08892882100008137,0.0015155901209280766,"[0.086502, 0.087081, 0.088929, 0.08643, 0.086871, 0.087927, 0.085502, 0.083588, 0.087407]",11.367083217759468,11.032483990749569,11.84277273589082,28,optimal,nan,53.74835205078125,34.65636730194092,705.2160008589788,705.2142796147841,2.4407333250305155e-06,0.004454948128154029,0.0025145520766384137,0.99999375,0.9978902953586498,0.5949685534591195,0.7454688731284476,9,2,1e-07,1e-05,1000,160.0,160.0,160.0,0.0,160.0,1.0,34.0,2.4464831804281344,3.565384657271114,1.0
primary,x86_64,none,0.3.0,2.4.4,32,8,balanced,800,8000,0.2,0,0.9975125156445557,5,"[160, 160, 160, 160, 160]",powerlaw,5,0,0,423,327,"[34, 24, 23, 17, 13, 12, 12, 11, 10, 10, 9, 9, 8, 8, 8, 7, 7, 7, 7, 6, 6, 6, 6, 6, 5, 5, 5, 5, 4, 4, 4, 4, 4, 4, 4, 4, 4, 4, 4, 4, 4, 4, 3, 3, 3, 3, 3, 3, 3, 3, 3, 3, 3, 3, 3, 3, 3, 3, 3, 3, 3, 3, 3, 3, 3, 2, 2, 2, 2, 2, 2, 2, 2, 2, 2, 2, 2, 2, 2, 2, 2, 2, 2, 2, 2, 2, 2, 2, 2, 2, 2, 2, 2, 2, 2, 2, 1, 1, 1, 1, 1, 1, 1, 1, 1, 1, 1, 1, 1, 1, 1, 1, 1, 1, 1, 1, 1, 1, 1, 1, 1, 1, 1, 1, 1, 1, 1, 1, 1, 1, 1, 1, 1, 1, 1, 1, 1, 1, 1, 1, 1, 1, 1, 1, 1, 1, 1, 1, 1, 1, 1, 1, 1, 1, 1, 1, 1, 1, 1, 1, 1, 1, 1, 1, 1, 1, 1, 1, 1, 1, 1, 1, 1, 1, 1, 1, 1, 1, 1, 1, 1, 1, 1, 1, 1, 1, 1, 1, 1, 1, 1, 1, 1, 1, 1, 1, 1, 1, 1, 1]",1.0182984009998108,1.0159567183333518,1.0065035919997172,1.026518145999944,0.006884575595643663,"[1.018298, 1.006504, 1.022018, 1.019607, 1.014269, 1.006653, 1.026518, 1.018807, 1.010937]",0.07427376399937202,0.07443273222199626,0.07361124199996993,0.07550975999947696,0.0006060493756624315,"[0.073611, 0.075329, 0.07551, 0.074274, 0.074136, 0.074079, 0.07442, 0.07421, 0.074326]",13.71006861869045,13.329450285720535,13.945127376065237,29,optimal,nan,53.74835205078125,34.64357280731201,712.2801612181538,712.2765583187811,5.058261578627845e-06,0.00742982022137921,0.004193396363454294,0.999996875,0.9973544973544973,0.4742138364779874,0.6427962489343564,9,2,1e-07,1e-05,1000,160.0,160.0,160.0,0.0,160.0,1.0,34.0,1.8912529550827424,2.887569198636125,1.0
primary,x86_64,none,0.3.0,2.4.4,32,8,balanced,800,8000,0.25,0,0.9975125156445557,5,"[160, 160, 160, 160, 160]",powerlaw,5,0,0,456,370,"[34, 24, 23, 17, 13, 12, 11, 10, 10, 9, 9, 8, 8, 8, 7, 7, 7, 7, 7, 6, 6, 6, 5, 5, 4, 4, 4, 4, 4, 4, 4, 4, 4, 3, 3, 3, 3, 3, 3, 3, 3, 3, 3, 3, 3, 3, 3, 3, 3, 3, 3, 3, 3, 3, 3, 3, 3, 3, 3, 3, 3, 3, 2, 2, 2, 2, 2, 2, 2, 2, 2, 2, 2, 2, 2, 2, 2, 2, 2, 2, 2, 2, 2, 2, 2, 2, 1, 1, 1, 1, 1, 1, 1, 1, 1, 1, 1, 1, 1, 1, 1, 1, 1, 1, 1, 1, 1, 1, 1, 1, 1, 1, 1, 1, 1, 1, 1, 1, 1, 1, 1, 1, 1, 1, 1, 1, 1, 1, 1, 1, 1, 1, 1, 1, 1, 1, 1, 1, 1, 1, 1, 1, 1, 1, 1, 1, 1, 1, 1, 1, 1, 1, 1, 1, 1, 1, 1, 1, 1, 1, 1, 1, 1, 1, 1, 1, 1, 1, 1, 1, 1, 1, 1, 1, 1, 1, 1, 1, 1, 1, 1, 1, 1, 1, 1, 1, 1, 1, 1, 1, 1, 1, 1, 1, 1, 1, 1, 1, 1, 1]",1.1484910509998372,1.1307864399999137,1.0149547989994971,1.1595651119996546,0.04740049796500405,"[1.014955, 1.096389, 1.156473, 1.148491, 1.146162, 1.150935, 1.155651, 1.159565, 1.148458]",0.07175189500048873,0.0715880451111338,0.06998754300002474,0.07286084799943637,0.0009324955584037821,"[0.069988, 0.071579, 0.071834, 0.071352, 0.072165, 0.072861, 0.072433, 0.071752, 0.070329]",16.00642116827736,13.930043732229805,16.568164308886292,29,optimal,nan,53.74835205078125,34.64392566680908,718.0212374833782,718.008465178588,1.778819918321478e-05,0.015423660340086562,0.00870539070916895,0.99999375,1.0,0.4327044025157233,0.6040386303775243,9,2,1e-07,1e-05,1000,160.0,160.0,160.0,0.0,160.0,1.0,34.0,1.7543859649122806,2.734000999463273,1.0
primary,x86_64,none,0.3.0,2.4.4,32,8,balanced,800,8000,0.3,0,0.9975125156445557,5,"[160, 160, 160, 160, 160]",powerlaw,5,0,0,503,416,"[28, 24, 23, 17, 13, 11, 10, 9, 8, 8, 8, 7, 7, 7, 6, 6, 6, 6, 5, 4, 4, 4, 4, 4, 4, 3, 3, 3, 3, 3, 3, 3, 3, 3, 3, 3, 3, 3, 3, 3, 3, 3, 3, 3, 3, 3, 3, 3, 3, 3, 3, 3, 2, 2, 2, 2, 2, 2, 2, 2, 2, 2, 2, 2, 2, 2, 2, 2, 2, 2, 2, 2, 2, 2, 2, 2, 2, 2, 2, 2, 2, 2, 2, 2, 2, 2, 2, 1, 1, 1, 1, 1, 1, 1, 1, 1, 1, 1, 1, 1, 1, 1, 1, 1, 1, 1, 1, 1, 1, 1, 1, 1, 1, 1, 1, 1, 1, 1, 1, 1, 1, 1, 1, 1, 1, 1, 1, 1, 1, 1, 1, 1, 1, 1, 1, 1, 1, 1, 1, 1, 1, 1, 1, 1, 1, 1, 1, 1, 1, 1, 1, 1, 1, 1, 1, 1, 1, 1, 1, 1, 1, 1, 1, 1, 1, 1, 1, 1, 1, 1, 1, 1, 1, 1, 1, 1, 1, 1, 1, 1, 1, 1, 1, 1, 1, 1, 1, 1, 1, 1, 1, 1, 1, 1, 1, 1, 1, 1, 1, 1]",1.1483851920002053,1.1483244120000664,1.1367222489998312,1.1612842140002613,0.007897918376015816,"[1.147952, 1.136722, 1.15343, 1.153903, 1.143879, 1.137869, 1.161284, 1.151495, 1.148385]",0.06846183400011796,0.06856526188898392,0.06667373500022222,0.07041734300037206,0.0011167886487773878,"[0.066674, 0.06805, 0.069038, 0.069154, 0.067793, 0.068462, 0.067895, 0.069604, 0.070417]",16.774093314506104,16.142646123325402,17.41741652835844,29,optimal,nan,53.74835205078125,34.64249801635742,722.7232814240506,722.7117185117093,1.5999086564015576e-05,0.014369405059066323,0.00811010524927424,0.999996875,1.0,0.37358490566037733,0.5439560439560439,9,2,1e-07,1e-05,1000,160.0,160.0,160.0,0.0,160.0,1.0,28.0,1.5904572564612327,2.350768325323862,1.0
primary,x86_64,none,0.3.0,2.4.4,32,8,balanced,800,8000,0.35,0,0.9975125156445557,5,"[160, 160, 160, 160, 160]",powerlaw,5,0,0,543,467,"[28, 24, 23, 17, 11, 10, 9, 8, 8, 8, 7, 7, 7, 6, 6, 5, 4, 4, 4, 4, 4, 4, 4, 3, 3, 3, 3, 3, 3, 3, 3, 3, 3, 3, 3, 3, 3, 3, 2, 2, 2, 2, 2, 2, 2, 2, 2, 2, 2, 2, 2, 2, 2, 2, 2, 2, 2, 2, 2, 2, 2, 2, 2, 2, 2, 2, 2, 2, 2, 2, 2, 2, 2, 2, 2, 2, 1, 1, 1, 1, 1, 1, 1, 1, 1, 1, 1, 1, 1, 1, 1, 1, 1, 1, 1, 1, 1, 1, 1, 1, 1, 1, 1, 1, 1, 1, 1, 1, 1, 1, 1, 1, 1, 1, 1, 1, 1, 1, 1, 1, 1, 1, 1, 1, 1, 1, 1, 1, 1, 1, 1, 1, 1, 1, 1, 1, 1, 1, 1, 1, 1, 1, 1, 1, 1, 1, 1, 1, 1, 1, 1, 1, 1, 1, 1, 1, 1, 1, 1, 1, 1, 1, 1, 1, 1, 1, 1, 1, 1, 1, 1, 1, 1, 1, 1, 1, 1, 1, 1, 1, 1, 1, 1, 1, 1, 1, 1, 1, 1, 1, 1, 1, 1, 1, 1, 1, 1, 1, 1, 1]",1.1503548229993612,1.153903209222234,1.1432736959995964,1.1709737609999138,0.00822462501422408,"[1.149773, 1.153817, 1.161055, 1.157378, 1.143274, 1.149807, 1.170974, 1.150355, 1.148696]",0.06360926500019559,0.06379923511121888,0.06241482499990525,0.06643032700048934,0.001208084422920477,"[0.062415, 0.063847, 0.06643, 0.063609, 0.062838, 0.063191, 0.06298, 0.064381, 0.064502]",18.084705474836472,17.21011693937883,18.76114786834204,29,optimal,nan,53.74835205078125,34.64673709869385,726.6146862502964,726.6046388421706,1.3827697562209587e-05,0.013327859932693975,0.007522744265607133,0.999996875,1.0,0.3232704402515723,0.48859315589353614,9,2,1e-07,1e-05,1000,160.0,160.0,160.0,0.0,160.0,1.0,28.0,1.4732965009208103,2.1896133513654026,1.0
primary,x86_64,none,0.3.0,2.4.4,32,8,balanced,800,8000,0.4,0,0.9975125156445557,5,"[160, 160, 160, 160, 160]",powerlaw,5,0,0,580,519,"[28, 24, 23, 17, 11, 9, 8, 8, 8, 7, 7, 6, 6, 6, 5, 4, 4, 4, 3, 3, 3, 3, 3, 3, 3, 3, 3, 3, 2, 2, 2, 2, 2, 2, 2, 2, 2, 2, 2, 2, 2, 2, 2, 2, 2, 2, 2, 2, 2, 2, 2, 2, 2, 2, 2, 2, 2, 2, 2, 2, 2, 1, 1, 1, 1, 1, 1, 1, 1, 1, 1, 1, 1, 1, 1, 1, 1, 1, 1, 1, 1, 1, 1, 1, 1, 1, 1, 1, 1, 1, 1, 1, 1, 1, 1, 1, 1, 1, 1, 1, 1, 1, 1, 1, 1, 1, 1, 1, 1, 1, 1, 1, 1, 1, 1, 1, 1, 1, 1, 1, 1, 1, 1, 1, 1, 1, 1, 1, 1, 1, 1, 1, 1, 1, 1, 1, 1, 1, 1, 1, 1, 1, 1, 1, 1, 1, 1, 1, 1, 1, 1, 1, 1, 1, 1, 1, 1, 1, 1, 1, 1, 1, 1, 1, 1, 1, 1, 1, 1, 1, 1, 1, 1, 1, 1, 1, 1, 1, 1, 1, 1, 1, 1, 1, 1, 1, 1, 1, 1, 1, 1, 1, 1, 1, 1, 1, 1, 1, 1, 1]",1.1936525649998657,1.19026409644448,1.1748740120001457,1.2046969399998488,0.012695626707471167,"[1.174874, 1.177024, 1.179559, 1.178215, 1.193653, 1.197605, 1.203523, 1.203227, 1.204697]",0.06054242099980911,0.06068766899978881,0.059101018999172084,0.06170836500041332,0.0008514658026793042,"[0.059101, 0.060222, 0.060542, 0.060396, 0.06007, 0.061194, 0.061604, 0.061351, 0.061708]",19.715970146017604,19.039136946705305,20.383691523435914,30,optimal,nan,53.74835205078125,34.6461763381958,729.8864190227783,729.8776402505309,1.2027586784206828e-05,0.012288264665246101,0.006935480549980841,0.999996875,1.0,0.27672955974842767,0.43349753694581283,9,2,1e-07,1e-05,1000,160.0,160.0,160.0,0.0,160.0,1.0,28.0,1.3793103448275863,2.071377903939179,1.0
primary,x86_64,none,0.3.0,2.4.4,32,8,imbalanced,100,200,0.05,0,0.9808080808080808,5,"[90, 4, 4, 1, 1]",powerlaw,3,0,2,1,0,[100],0.016525061000720598,0.016457515777801746,0.015968210000210092,0.017020170999785478,0.00037341979727591174,"[0.015968, 0.016024, 0.016101, 0.016615, 0.01702, 0.016356, 0.016632, 0.016875, 0.016525]",0.017356182000185072,0.01743863477774236,0.017274257000281068,0.017823985000177345,0.00018068990089730884,"[0.017663, 0.01741, 0.017364, 0.017274, 0.017355, 0.017349, 0.017353, 0.017356, 0.017824]",0.9521138347445531,0.895883271897458,0.9852910605364124,26,optimal,nan,0.9413604736328125,1.4787569046020508,104.17743388232437,104.17743388232437,0.0,0.0,0.0,1.0,0.0351931330472103,0.8631578947368421,0.06762886597938145,9,2,1e-07,1e-05,1000,1.0,90.0,20.0,35.02570484658374,4.0,100.0,100.0,100.0,0.0,100.0
primary,x86_64,none,0.3.0,2.4.4,32,8,imbalanced,100,200,0.1,0,0.9808080808080808,5,"[90, 4, 4, 1, 1]",powerlaw,3,0,2,1,0,[100],0.025203152000358386,0.025215552889070143,0.024806589000036183,0.025866860999485652,0.0003382948338627546,"[0.025314, 0.025561, 0.02517, 0.02489, 0.025867, 0.025209, 0.024807, 0.025203, 0.024921]",0.02552254000056564,0.025632036555786424,0.025217399000212026,0.026386905999970622,0.00040220183925078766,"[0.026102, 0.026387, 0.025845, 0.025551, 0.025501, 0.025324, 0.025523, 0.025217, 0.025238]",0.98748604174192,0.9401098029478636,1.025754519697617,39,optimal,nan,0.9413604736328125,1.4787139892578125,111.0720436383015,111.0720436383015,0.0,0.0,0.0,1.0,0.06890130353817504,0.7789473684210526,0.12660393498716851,9,2,1e-07,1e-05,1000,1.0,90.0,20.0,35.02570484658374,4.0,100.0,100.0,100.0,0.0,100.0
primary,x86_64,none,0.3.0,2.4.4,32,8,imbalanced,100,200,0.15,0,0.9808080808080808,5,"[90, 4, 4, 1, 1]",powerlaw,3,0,2,1,0,[100],0.03508993000014016,0.03511117000006278,0.03475154500029021,0.03542950200062478,0.00023892470949103299,"[0.035335, 0.035221, 0.034752, 0.035354, 0.034844, 0.03543, 0.035031, 0.03509, 0.034946]",0.036188198000672855,0.03629096622211768,0.035726330999750644,0.03682103699975414,0.00038439518217420573,"[0.036821, 0.036404, 0.036188, 0.036774, 0.036074, 0.036626, 0.036003, 0.036002, 0.035726]",0.9696512105821827,0.9437959338440752,0.9916915901851792,56,optimal,nan,0.9413604736328125,1.478799819946289,114.33071457801962,114.33071457801962,0.0,0.0,0.0,1.0,0.1460446247464503,0.7578947368421053,0.24489795918367346,9,2,1e-07,1e-05,1000,1.0,90.0,20.0,35.02570484658374,4.0,100.0,100.0,100.0,0.0,100.0
primary,x86_64,none,0.3.0,2.4.4,32,8,imbalanced,100,200,0.2,0,0.9808080808080808,5,"[90, 4, 4, 1, 1]",powerlaw,3,0,2,3,1,"[97, 2, 1]",0.0360682779992203,0.036081866777648325,0.0358355649996156,0.03653964299974177,0.00020636681558933474,"[0.036226, 0.035836, 0.0361, 0.035945, 0.035917, 0.036024, 0.03608, 0.036068, 0.03654]",0.03641497399985383,0.036391492111053796,0.035960232999968866,0.03689346300052421,0.00027670939042927554,"[0.036893, 0.03618, 0.036542, 0.036612, 0.036219, 0.036462, 0.036239, 0.036415, 0.03596]",0.9904793011623482,0.9713255976839698,1.0161125207329276,58,optimal,nan,0.9413604736328125,1.4067506790161133,116.20197222635079,116.20197217800947,4.160111859885052e-10,9.42484132113175e-06,8.444569069945188e-06,1.0,0.3175355450236967,0.7052631578947368,0.4379084967320261,9,2,1e-07,1e-05,1000,1.0,90.0,20.0,35.02570484658374,4.0,1.0,97.0,33.333333333333336,45.02098276236192,2.0
primary,x86_64,none,0.3.0,2.4.4,32,8,imbalanced,100,200,0.25,0,0.9808080808080808,5,"[90, 4, 4, 1, 1]",powerlaw,3,0,2,12,7,"[82, 4, 3, 2, 2, 1, 1, 1, 1, 1, 1, 1]",0.03353810899989185,0.03366040199984531,0.033292334000179835,0.03407121300006111,0.00028216978461826346,"[0.033947, 0.033367, 0.033876, 0.033292, 0.033464, 0.033871, 0.034071, 0.033517, 0.033538]",0.027101669999865408,0.027434777777671115,0.026827399000467267,0.03016731899970182,0.0010427747567912816,"[0.027359, 0.030167, 0.027179, 0.026827, 0.027098, 0.027102, 0.027361, 0.026835, 0.026985]",1.2374923390351371,1.1035894174258212,1.270015516579437,53,optimal,nan,0.9413604736328125,1.0797576904296875,117.48519925094045,117.48519874033335,4.3461398699602855e-09,8.035995715890976e-05,7.38225621384644e-05,1.0,0.5689655172413793,0.6947368421052632,0.6255924170616114,9,2,1e-07,1e-05,1000,1.0,90.0,20.0,35.02570484658374,4.0,1.0,82.0,8.333333333333334,22.23110933404409,1.0
primary,x86_64,none,0.3.0,2.4.4,32,8,imbalanced,100,200,0.3,0,0.9808080808080808,5,"[90, 4, 4, 1, 1]",powerlaw,3,0,2,28,14,"[46, 9, 3, 3, 3, 3, 3, 3, 3, 2, 2, 2, 2, 2, 1, 1, 1, 1, 1, 1, 1, 1, 1, 1, 1, 1, 1, 1]",0.03996861100040405,0.03992138177778139,0.03963853700042819,0.04017401599958248,0.0001980039052818848,"[0.040045, 0.039655, 0.039969, 0.040138, 0.03995, 0.039977, 0.039747, 0.040174, 0.039639]",0.018018704000496655,0.018146406444429886,0.01744048099953943,0.019069477999437368,0.0006422115124362123,"[0.018599, 0.018932, 0.018514, 0.019069, 0.018019, 0.017668, 0.017596, 0.01748, 0.01744]",2.218173460161307,2.078637758285659,2.3034924323843704,64,optimal,nan,0.9413604736328125,0.7353935241699219,118.45724322866667,118.45724322874193,6.353405205153105e-13,3.5951408043910504e-06,3.316373236233974e-06,1.0,0.8026315789473685,0.6421052631578947,0.7134502923976609,9,2,1e-07,1e-05,1000,1.0,90.0,20.0,35.02570484658374,4.0,1.0,46.0,3.5714285714285716,8.317058938576492,1.5
primary,x86_64,none,0.3.0,2.4.4,32,8,imbalanced,100,200,0.35,0,0.9808080808080808,5,"[90, 4, 4, 1, 1]",powerlaw,3,0,2,41,22,"[14, 9, 9, 7, 4, 3, 3, 3, 3, 3, 3, 3, 2, 2, 2, 2, 2, 2, 2, 1, 1, 1, 1, 1, 1, 1, 1, 1, 1, 1, 1, 1, 1, 1, 1, 1, 1, 1, 1, 1, 1]",0.03939869900023041,0.03939368555559971,0.03899976100001368,0.03963022500010993,0.0002108785758352087,"[0.039147, 0.039356, 0.03963, 0.039539, 0.039356, 0.039611, 0.039399, 0.039506, 0.039]",0.012009699000373075,0.011990833666762532,0.01164519299982203,0.01222460300050443,0.00014932874196333634,"[0.011985, 0.012023, 0.01201, 0.012033, 0.011988, 0.012023, 0.011986, 0.011645, 0.012225]",3.280573393138871,3.1902681010094485,3.4031402485742905,63,optimal,nan,0.9413604736328125,0.7021799087524414,119.21827064325444,119.21827064551218,1.8937829913495305e-11,1.4606336508238282e-05,1.347375975265963e-05,1.0,0.8688524590163934,0.5578947368421052,0.6794871794871795,9,2,1e-07,1e-05,1000,1.0,90.0,20.0,35.02570484658374,4.0,1.0,14.0,2.4390243902439024,2.6691441990837954,1.0
primary,x86_64,none,0.3.0,2.4.4,32,8,imbalanced,100,200,0.4,0,0.9808080808080808,5,"[90, 4, 4, 1, 1]",powerlaw,3,0,2,55,33,"[10, 6, 4, 4, 3, 3, 3, 3, 3, 3, 3, 2, 2, 2, 2, 2, 2, 2, 2, 2, 2, 2, 1, 1, 1, 1, 1, 1, 1, 1, 1, 1, 1, 1, 1, 1, 1, 1, 1, 1, 1, 1, 1, 1, 1, 1, 1, 1, 1, 1, 1, 1, 1, 1, 1]",0.03872905199932575,0.038708735555600365,0.038401353000153904,0.038952266999331187,0.00018716938541019727,"[0.038552, 0.038401, 0.038879, 0.038894, 0.038525, 0.038952, 0.038678, 0.038768, 0.038729]",0.010228725999695598,0.01028875044428585,0.010157486000025528,0.010722647999500623,0.0001776266452553789,"[0.010229, 0.010157, 0.010162, 0.010217, 0.010723, 0.010385, 0.010274, 0.010274, 0.010178]",3.786302614859202,3.58133112286651,3.834833441978979,62,optimal,nan,0.9413604736328125,0.7032632827758789,119.81532862349988,119.81532862434517,7.054940881778421e-12,6.814681206862572e-06,6.2862701622986175e-06,1.0,0.9347826086956522,0.45263157894736844,0.6099290780141844,9,2,1e-07,1e-05,1000,1.0,90.0,20.0,35.02570484658374,4.0,1.0,10.0,1.8181818181818181,1.5146665890660747,1.0
primary,x86_64,none,0.3.0,2.4.4,32,8,imbalanced,100,500,0.05,0,0.9808080808080808,5,"[90, 4, 4, 1, 1]",powerlaw,3,0,2,1,0,[100],0.017962900000384252,0.01834072999998979,0.017692192000140494,0.019962338999903295,0.0007322300663617672,"[0.019113, 0.01819, 0.017692, 0.019962, 0.017963, 0.018318, 0.017959, 0.017946, 0.017923]",0.018866446999709297,0.01890905866659725,0.018737030000011146,0.01909559899922897,0.00013887822489679682,"[0.018801, 0.019067, 0.018866, 0.018838, 0.018887, 0.019092, 0.018798, 0.018737, 0.019096]",0.9521082586806637,0.9265062594189823,1.0653950492629527,28,optimal,nan,0.9413604736328125,1.4787569046020508,110.84842468269065,110.84842468269065,0.0,0.0,0.0,1.0,0.05084745762711865,0.8526315789473684,0.09597156398104266,9,2,1e-07,1e-05,1000,1.0,90.0,20.0,35.02570484658374,4.0,100.0,100.0,100.0,0.0,100.0
primary,x86_64,none,0.3.0,2.4.4,32,8,imbalanced,100,500,0.1,0,0.9808080808080808,5,"[90, 4, 4, 1, 1]",powerlaw,3,0,2,1,0,[100],0.03191029699974024,0.03191900444441368,0.03163009099989722,0.032181004999984,0.00019033186468108803,"[0.032181, 0.031803, 0.032025, 0.03163, 0.031978, 0.031707, 0.03191, 0.031868, 0.032168]",0.03257044499969197,0.03262334644427432,0.032388785999501124,0.03307267899981525,0.00022245381189761113,"[0.032389, 0.03255, 0.032777, 0.033073, 0.032754, 0.03244, 0.032667, 0.03239, 0.03257]",0.9797316861971651,0.9563812777330167,0.9935847858107332,50,optimal,nan,0.9413604736328125,1.4787139892578125,114.0188484010123,114.0188484010123,0.0,0.0,0.0,1.0,0.1865671641791045,0.7894736842105263,0.3018108651911469,9,2,1e-07,1e-05,1000,1.0,90.0,20.0,35.02570484658374,4.0,100.0,100.0,100.0,0.0,100.0
primary,x86_64,none,0.3.0,2.4.4,32,8,imbalanced,100,500,0.15,0,0.9808080808080808,5,"[90, 4, 4, 1, 1]",powerlaw,3,0,2,7,4,"[92, 2, 2, 1, 1, 1, 1]",0.03349417600020388,0.03345037777782838,0.03309286400053679,0.033723328000633046,0.0002090317782489604,"[0.03353, 0.033723, 0.033659, 0.033494, 0.033435, 0.033529, 0.033093, 0.033438, 0.033152]",0.03124896200006333,0.031248566555404977,0.03089514200019039,0.03159565799978736,0.0002446006255929845,"[0.031596, 0.031409, 0.031485, 0.03109, 0.030919, 0.031217, 0.031377, 0.031249, 0.030895]",1.0718492345485267,1.0473864478707646,1.0915414468858964,53,optimal,nan,0.9413604736328125,1.2917604446411133,115.8044777798911,115.80447776285484,1.4711224622988397e-10,1.3720377898346348e-05,1.2939327636512687e-05,1.0,0.5144927536231884,0.7473684210526316,0.6094420600858369,9,2,1e-07,1e-05,1000,1.0,90.0,20.0,35.02570484658374,4.0,1.0,92.0,14.285714285714286,31.72972597114702,1.0
primary,x86_64,none,0.3.0,2.4.4,32,8,imbalanced,100,500,0.2,0,0.9808080808080808,5,"[90, 4, 4, 1, 1]",powerlaw,3,0,2,26,9,"[29, 12, 10, 6, 4, 4, 3, 3, 3, 3, 2, 2, 2, 2, 2, 2, 2, 1, 1, 1, 1, 1, 1, 1, 1, 1]",0.03189486199971725,0.03178734388883539,0.031209781000143266,0.03226767900014238,0.0003607818592133562,"[0.032096, 0.031869, 0.032268, 0.031279, 0.031895, 0.03121, 0.031935, 0.031565, 0.031971]",0.013147147000381665,0.013269176333374667,0.01292749299955176,0.014383142000042426,0.000430196558502956,"[0.013069, 0.013088, 0.01318, 0.013144, 0.013172, 0.013147, 0.012927, 0.014383, 0.013312]",2.425991129390379,2.1698861764732076,2.4960507811732104,50,optimal,nan,0.9413604736328125,0.7117748260498047,117.16253430668168,117.1625343062771,3.453177554889473e-12,8.800051534710307e-06,8.299190267133049e-06,1.0,0.85,0.7157894736842105,0.7771428571428571,9,2,1e-07,1e-05,1000,1.0,90.0,20.0,35.02570484658374,4.0,1.0,29.0,3.8461538461538463,5.688668275225945,2.0
primary,x86_64,none,0.3.0,2.4.4,32,8,imbalanced,100,500,0.25,0,0.9808080808080808,5,"[90, 4, 4, 1, 1]",powerlaw,3,0,2,32,12,"[12, 10, 9, 8, 6, 5, 4, 4, 3, 3, 3, 3, 3, 3, 2, 2, 2, 2, 2, 2, 1, 1, 1, 1, 1, 1, 1, 1, 1, 1, 1, 1]",0.03339800300000206,0.0337135655554448,0.03287320999970689,0.03529414700005873,0.0009115637967102607,"[0.035209, 0.035294, 0.033672, 0.033127, 0.03339, 0.032922, 0.033398, 0.032873, 0.033537]",0.010988607000399497,0.011752974222367306,0.01060985299955064,0.016140370000357507,0.0017032636684245186,"[0.011614, 0.011631, 0.01614, 0.011973, 0.010989, 0.010896, 0.01097, 0.010954, 0.01061]",3.039330007778771,2.036707336881295,3.3265443924202858,52,optimal,nan,0.9413604736328125,0.6999101638793945,118.27078900196456,118.27078899504835,5.847775165305783e-11,2.235601492173167e-05,2.108360624797802e-05,1.0,0.9705882352941176,0.6947368421052632,0.8098159509202455,9,2,1e-07,1e-05,1000,1.0,90.0,20.0,35.02570484658374,4.0,1.0,12.0,3.125,2.8476964374736293,2.0
primary,x86_64,none,0.3.0,2.4.4,32,8,imbalanced,100,500,0.3,0,0.9808080808080808,5,"[90, 4, 4, 1, 1]",powerlaw,3,0,2,35,16,"[10, 10, 9, 8, 6, 5, 4, 4, 3, 3, 3, 3, 3, 3, 2, 2, 2, 2, 2, 1, 1, 1, 1, 1, 1, 1, 1, 1, 1, 1, 1, 1, 1, 1, 1]",0.027753504999964207,0.027830020555484225,0.02716222100025334,0.028420776000530168,0.0003899975623147201,"[0.027162, 0.027491, 0.028205, 0.027754, 0.02819, 0.027686, 0.028421, 0.027832, 0.02773]",0.010815259000082733,0.010797581111041331,0.010134926999853633,0.01141960199947789,0.00035941171512976933,"[0.010987, 0.010967, 0.010815, 0.010953, 0.010792, 0.01142, 0.010559, 0.01055, 0.010135]",2.5661433535481586,2.378561091839734,2.8042408199822866,46,optimal,nan,0.9413604736328125,0.7001190185546875,119.16972775316692,119.16972765843992,7.948914658418396e-10,0.00011536878949272578,0.00010880249170860473,1.0,0.9846153846153847,0.6736842105263158,0.8,9,2,1e-07,1e-05,1000,1.0,90.0,20.0,35.02570484658374,4.0,1.0,10.0,2.857142857142857,2.631054727593449,2.0
primary,x86_64,none,0.3.0,2.4.4,32,8,imbalanced,100,500,0.35,0,0.9808080808080808,5,"[90, 4, 4, 1, 1]",powerlaw,3,0,2,49,28,"[8, 7, 6, 5, 4, 4, 3, 3, 3, 3, 3, 3, 3, 3, 2, 2, 2, 2, 2, 2, 2, 1, 1, 1, 1, 1, 1, 1, 1, 1, 1, 1, 1, 1, 1, 1, 1, 1, 1, 1, 1, 1, 1, 1, 1, 1, 1, 1, 1]",0.029704263999519753,0.029694237666768056,0.029166409999561438,0.030136447000586486,0.00029843818909117733,"[0.029166, 0.029627, 0.029605, 0.030136, 0.029704, 0.03007, 0.02979, 0.029422, 0.029728]",0.010202602999925148,0.010091127999961222,0.009585198999957356,0.010497059000044828,0.0003198483066164541,"[0.010281, 0.010497, 0.010317, 0.010203, 0.010174, 0.010288, 0.009776, 0.009585, 0.009699]",2.91143975706373,2.778531586746048,3.144060650250512,49,optimal,nan,0.9413604736328125,0.7005348205566406,119.88104340895306,119.88104340955584,5.028166316491252e-12,8.322133616345262e-06,7.848473393375242e-06,1.0,1.0,0.5368421052631579,0.6986301369863014,9,2,1e-07,1e-05,1000,1.0,90.0,20.0,35.02570484658374,4.0,1.0,8.0,2.0408163265306123,1.6283105514545873,1.0
primary,x86_64,none,0.3.0,2.4.4,32,8,imbalanced,100,500,0.4,0,0.9808080808080808,5,"[90, 4, 4, 1, 1]",powerlaw,3,0,2,56,36,"[7, 6, 5, 4, 4, 4, 3, 3, 3, 3, 3, 3, 2, 2, 2, 2, 2, 2, 2, 2, 1, 1, 1, 1, 1, 1, 1, 1, 1, 1, 1, 1, 1, 1, 1, 1, 1, 1, 1, 1, 1, 1, 1, 1, 1, 1, 1, 1, 1, 1, 1, 1, 1, 1, 1, 1]",0.02982893199987302,0.029749909555802232,0.02909517100033554,0.029947664000246732,0.0002594000705161843,"[0.029095, 0.029887, 0.029829, 0.029829, 0.029799, 0.029948, 0.029719, 0.029935, 0.029709]",0.00965050099966902,0.009641399000126208,0.009546018000037293,0.009713429000839824,5.069076523619491e-05,"[0.009703, 0.009653, 0.009713, 0.009633, 0.009546, 0.009621, 0.009651, 0.009601, 0.009653]",3.0909205647350384,2.9953552960360312,3.137189140029878,49,optimal,nan,0.9413604736328125,0.701451301574707,120.44348795576848,120.44348795659631,6.8732576964509045e-12,8.521972524322408e-06,8.036938326888471e-06,1.0,1.0,0.4631578947368421,0.6330935251798561,9,2,1e-07,1e-05,1000,1.0,90.0,20.0,35.02570484658374,4.0,1.0,7.0,1.7857142857142858,1.345817405815484,1.0
primary,x86_64,none,0.3.0,2.4.4,32,8,imbalanced,100,1000,0.05,0,0.9808080808080808,5,"[90, 4, 4, 1, 1]",powerlaw,3,0,2,1,0,[100],0.021732625999902666,0.021721412555456884,0.021074853000754956,0.02219686599983106,0.0003113123589074143,"[0.021075, 0.02202, 0.021733, 0.021787, 0.021788, 0.021707, 0.021591, 0.022197, 0.021595]",0.023061232000145537,0.02303840966689879,0.022784587999922223,0.02330700699985755,0.00017586587502114862,"[0.022906, 0.023307, 0.023244, 0.023061, 0.022921, 0.023102, 0.022785, 0.022886, 0.023135]",0.9423879001679317,0.9042282005958021,0.9742052829705251,35,optimal,nan,0.9413604736328125,1.4787569046020508,111.87945479090958,111.87945479090958,0.0,0.0,0.0,1.0,0.09022556390977443,0.8842105263157894,0.16374269005847952,9,2,1e-07,1e-05,1000,1.0,90.0,20.0,35.02570484658374,4.0,100.0,100.0,100.0,0.0,100.0
primary,x86_64,none,0.3.0,2.4.4,32,8,imbalanced,100,1000,0.1,0,0.9808080808080808,5,"[90, 4, 4, 1, 1]",powerlaw,3,0,2,5,4,"[96, 1, 1, 1, 1]",0.030549631999747362,0.030704115333113197,0.030018901999937952,0.03245883599993249,0.0007444473119114279,"[0.032459, 0.031269, 0.030273, 0.03055, 0.030324, 0.030019, 0.030569, 0.030278, 0.030597]",0.0291533489998983,0.029114827444270002,0.028787654999177903,0.02965439699983108,0.0003113537829675968,"[0.028839, 0.029654, 0.029451, 0.028862, 0.029298, 0.028788, 0.029153, 0.028821, 0.029166]",1.0478944288648941,1.0122917690792683,1.1275262261153063,49,optimal,nan,0.9413604736328125,1.3834047317504883,114.10672413357116,114.10672412206156,1.0086696200343661e-10,1.2435708697758341e-05,1.1539371522020131e-05,1.0,0.47468354430379744,0.7894736842105263,0.5928853754940712,9,2,1e-07,1e-05,1000,1.0,90.0,20.0,35.02570484658374,4.0,1.0,96.0,20.0,38.0,1.0
primary,x86_64,none,0.3.0,2.4.4,32,8,imbalanced,100,1000,0.15,0,0.9808080808080808,5,"[90, 4, 4, 1, 1]",powerlaw,3,0,2,25,8,"[34, 10, 9, 4, 4, 4, 3, 3, 3, 3, 3, 2, 2, 2, 2, 2, 2, 1, 1, 1, 1, 1, 1, 1, 1]",0.03206820899958984,0.03204274777747034,0.03159565699934319,0.03262149900001532,0.00036286733910842776,"[0.032621, 0.032449, 0.031942, 0.032154, 0.032234, 0.031653, 0.031667, 0.032068, 0.031596]",0.014063753999835171,0.014123251777770443,0.0136220719996345,0.0147761440002796,0.0003352585082982795,"[0.013892, 0.014108, 0.01444, 0.014064, 0.013966, 0.013981, 0.014261, 0.014776, 0.013622]",2.2802026400608035,2.1382883788047358,2.3947530890227715,51,optimal,nan,0.9413604736328125,0.7168245315551758,115.71576906897556,115.71576904041565,2.4681087307543565e-10,4.499928826164068e-05,4.175584346117298e-05,1.0,0.8987341772151899,0.7473684210526316,0.8160919540229885,9,2,1e-07,1e-05,1000,1.0,90.0,20.0,35.02570484658374,4.0,1.0,34.0,4.0,6.517668294720129,2.0
primary,x86_64,none,0.3.0,2.4.4,32,8,imbalanced,100,1000,0.2,0,0.9808080808080808,5,"[90, 4, 4, 1, 1]",powerlaw,3,0,2,31,9,"[13, 10, 9, 8, 5, 4, 4, 3, 3, 3, 3, 3, 3, 3, 3, 2, 2, 2, 2, 2, 2, 2, 1, 1, 1, 1, 1, 1, 1, 1, 1]",0.027512479000506573,0.02747593577765252,0.027213274999667192,0.027635958999780996,0.0001348879553900318,"[0.027213, 0.027529, 0.027583, 0.027304, 0.027491, 0.027512, 0.027549, 0.027636, 0.027466]",0.012511932000052184,0.012383570333339675,0.01164756700018188,0.01269596600013756,0.0003464521822814334,"[0.012696, 0.012542, 0.012599, 0.012476, 0.01248, 0.01255, 0.012512, 0.01195, 0.011648]",2.198899338678617,2.1434584024069014,2.3726808353495157,44,optimal,nan,0.9413604736328125,0.7008476257324219,117.05984614252094,117.05984611571412,2.290009529795593e-10,3.969971472088385e-05,3.683825090267349e-05,1.0,1.0,0.7263157894736842,0.8414634146341463,9,2,1e-07,1e-05,1000,1.0,90.0,20.0,35.02570484658374,4.0,1.0,13.0,3.225806451612903,2.8816401850486835,2.0
primary,x86_64,none,0.3.0,2.4.4,32,8,imbalanced,100,1000,0.25,0,0.9808080808080808,5,"[90, 4, 4, 1, 1]",powerlaw,3,0,2,32,11,"[13, 10, 9, 8, 5, 4, 4, 3, 3, 3, 3, 3, 3, 3, 3, 2, 2, 2, 2, 2, 2, 1, 1, 1, 1, 1, 1, 1, 1, 1, 1, 1]",0.029248333999930765,0.029283029888877838,0.0288660179994622,0.029591469000479265,0.00022536649235686284,"[0.029284, 0.028866, 0.029574, 0.029248, 0.029202, 0.02914, 0.029216, 0.029591, 0.029425]",0.01204175499970006,0.011968405777729963,0.011439785999755259,0.01219729400054348,0.00024006979416301444,"[0.012042, 0.012035, 0.012003, 0.012051, 0.012197, 0.012075, 0.012158, 0.011715, 0.01144]",2.4289095734516515,2.366591966888394,2.5867152585819646,47,optimal,nan,0.9413604736328125,0.7008724212646484,118.17753225251886,118.17753171289066,4.566250396075779e-09,0.00022666634247001105,0.00021032875581637162,1.0,1.0,0.7157894736842105,0.8343558282208589,9,2,1e-07,1e-05,1000,1.0,90.0,20.0,35.02570484658374,4.0,1.0,13.0,3.125,2.8804296554507283,2.0
primary,x86_64,none,0.3.0,2.4.4,32,8,imbalanced,100,1000,0.3,0,0.9808080808080808,5,"[90, 4, 4, 1, 1]",powerlaw,3,0,2,38,16,"[9, 8, 7, 6, 5, 4, 4, 4, 3, 3, 3, 3, 3, 3, 3, 3, 3, 2, 2, 2, 2, 2, 1, 1, 1, 1, 1, 1, 1, 1, 1, 1, 1, 1, 1, 1, 1, 1]",0.033470428999862634,0.03384720344456582,0.033238902000448434,0.03696113699970738,0.0011782211236369571,"[0.036961, 0.033457, 0.033479, 0.03347, 0.033392, 0.033752, 0.033269, 0.033239, 0.033606]",0.010970796999572485,0.010985835777824427,0.010627663000377652,0.011418414000218036,0.00020573874757319488,"[0.011068, 0.010971, 0.010896, 0.010936, 0.010926, 0.011, 0.011029, 0.011418, 0.010628]",3.050865766741188,2.910991141135164,3.4778235815714114,54,optimal,nan,0.9413604736328125,0.6994495391845703,119.08849420060268,119.08849420118955,4.927979576138827e-12,5.76410144792483e-06,5.348638325324191e-06,1.0,1.0,0.6526315789473685,0.7898089171974523,9,2,1e-07,1e-05,1000,1.0,90.0,20.0,35.02570484658374,4.0,1.0,9.0,2.6315789473684212,2.0316062174335565,2.0
primary,x86_64,none,0.3.0,2.4.4,32,8,imbalanced,100,1000,0.35,0,0.9808080808080808,5,"[90, 4, 4, 1, 1]",powerlaw,3,0,2,47,26,"[9, 7, 6, 5, 4, 4, 4, 3, 3, 3, 3, 3, 3, 3, 2, 2, 2, 2, 2, 2, 2, 1, 1, 1, 1, 1, 1, 1, 1, 1, 1, 1, 1, 1, 1, 1, 1, 1, 1, 1, 1, 1, 1, 1, 1, 1, 1]",0.0319245430000592,0.03228324433338356,0.031684706000305596,0.03398334800021985,0.0007465786046869209,"[0.032683, 0.033983, 0.03275, 0.03178, 0.031685, 0.032074, 0.031925, 0.031786, 0.031884]",0.010210913999799232,0.010234792666677903,0.010166983000090113,0.010321335000298859,5.4466428208166486e-05,"[0.010293, 0.010209, 0.01018, 0.010167, 0.010266, 0.010321, 0.010211, 0.010273, 0.010194]",3.126511789315521,3.069826335390543,3.342520391734563,52,optimal,nan,0.9413604736328125,0.7006721496582031,119.81860030764392,119.81860030819712,4.616980593438728e-12,7.012296496022863e-06,6.506866356408761e-06,1.0,1.0,0.5578947368421052,0.7162162162162162,9,2,1e-07,1e-05,1000,1.0,90.0,20.0,35.02570484658374,4.0,1.0,9.0,2.127659574468085,1.7457184252566822,1.0
primary,x86_64,none,0.3.0,2.4.4,32,8,imbalanced,100,1000,0.4,0,0.9808080808080808,5,"[90, 4, 4, 1, 1]",powerlaw,3,0,2,56,37,"[7, 6, 6, 5, 4, 3, 3, 3, 3, 3, 3, 3, 2, 2, 2, 2, 2, 2, 2, 1, 1, 1, 1, 1, 1, 1, 1, 1, 1, 1, 1, 1, 1, 1, 1, 1, 1, 1, 1, 1, 1, 1, 1, 1, 1, 1, 1, 1, 1, 1, 1, 1, 1, 1, 1, 1]",0.03054013299970393,0.03062891799982026,0.030479579999337147,0.030960442999457882,0.0001672753750477344,"[0.030506, 0.03054, 0.03049, 0.030683, 0.03048, 0.03096, 0.030747, 0.030755, 0.0305]",0.009285995999562147,0.009301166777832905,0.009225441999660688,0.00940472700040118,5.468667922146861e-05,"[0.009281, 0.009405, 0.009294, 0.009286, 0.009275, 0.009225, 0.009301, 0.009373, 0.009269]",3.2888376218494986,3.2408787621413113,3.355984786484659,50,optimal,nan,0.9413604736328125,0.7012996673583984,120.4014437393433,120.40144373999067,5.376690308612764e-12,7.907692596065274e-06,7.337724372838847e-06,1.0,1.0,0.4631578947368421,0.6330935251798561,9,2,1e-07,1e-05,1000,1.0,90.0,20.0,35.02570484658374,4.0,1.0,7.0,1.7857142857142858,1.410601261295107,1.0
primary,x86_64,none,0.3.0,2.4.4,32,8,imbalanced,200,400,0.05,0,0.9902010050251256,5,"[180, 8, 8, 2, 2]",powerlaw,3,0,2,1,0,[200],0.05586201300047833,0.05607652177776698,0.054800552999950014,0.058083481000721804,0.0009239400697345268,"[0.055759, 0.056, 0.05575, 0.055985, 0.055862, 0.056881, 0.058083, 0.055568, 0.054801]",0.05734853200010548,0.05735183022200848,0.05701964599938947,0.057705913999598124,0.00023512416723610771,"[0.057297, 0.057023, 0.05758, 0.057244, 0.057441, 0.05702, 0.057506, 0.057349, 0.057706]",0.9740792144492135,0.949652283478807,1.018657341389733,22,optimal,nan,3.385162353515625,5.829800605773926,173.61539383390837,173.61539383390837,0.0,0.0,0.0,1.0,0.034294621979735,0.9025641025641026,0.0660784681809649,9,2,1e-07,1e-05,1000,2.0,180.0,40.0,70.05140969316749,8.0,200.0,200.0,200.0,0.0,200.0
primary,x86_64,none,0.3.0,2.4.4,32,8,imbalanced,200,400,0.1,0,0.9902010050251256,5,"[180, 8, 8, 2, 2]",powerlaw,3,0,2,1,0,[200],0.09991973300020618,0.10007302911102063,0.09965021300013177,0.10152379699957237,0.0005726245650846805,"[0.099729, 0.09965, 0.100192, 0.09992, 0.100085, 0.099839, 0.099723, 0.099997, 0.101524]",0.10266361899994081,0.10306954888892506,0.10145018200000777,0.10524602999976196,0.0011174631104432843,"[0.10145, 0.105246, 0.102664, 0.103471, 0.102649, 0.102495, 0.102313, 0.103165, 0.104173]",0.9732730442734908,0.9468310871237343,1.000725627082311,40,optimal,nan,3.385162353515625,5.829843521118164,182.1308199442469,182.1308199442469,0.0,0.0,0.0,1.0,0.1840855106888361,0.7948717948717948,0.29893924783027964,9,2,1e-07,1e-05,1000,2.0,180.0,40.0,70.05140969316749,8.0,200.0,200.0,200.0,0.0,200.0
primary,x86_64,none,0.3.0,2.4.4,32,8,imbalanced,200,400,0.15,0,0.9902010050251256,5,"[180, 8, 8, 2, 2]",powerlaw,3,0,2,25,12,"[147, 8, 5, 4, 4, 4, 3, 3, 2, 2, 2, 2, 2, 1, 1, 1, 1, 1, 1, 1, 1, 1, 1, 1, 1]",0.10398272600014025,0.1039981612223831,0.1029450120004185,0.10548943000048894,0.0007488742575239475,"[0.104054, 0.103983, 0.104711, 0.105489, 0.1034, 0.103624, 0.102945, 0.103643, 0.104135]",0.07090767499994399,0.0710661154443086,0.0696170630008055,0.07374298399918189,0.0014989941686946616,"[0.071006, 0.072784, 0.073743, 0.072085, 0.069855, 0.06972, 0.069617, 0.070908, 0.069877]",1.466452341022638,1.3959973738187836,1.5152812464850518,42,optimal,nan,3.385162353515625,3.586771011352539,185.10704237517712,185.10704142727525,5.120830926030985e-09,0.00017800865786393727,0.00012118855618807249,1.0,0.6431924882629108,0.7025641025641025,0.6715686274509803,9,2,1e-07,1e-05,1000,2.0,180.0,40.0,70.05140969316749,8.0,1.0,147.0,8.0,28.422526277584826,2.0
primary,x86_64,none,0.3.0,2.4.4,32,8,imbalanced,200,400,0.2,0,0.9902010050251256,5,"[180, 8, 8, 2, 2]",powerlaw,3,0,2,74,41,"[56, 6, 6, 6, 6, 5, 4, 4, 4, 4, 4, 3, 3, 3, 3, 3, 3, 3, 3, 3, 3, 2, 2, 2, 2, 2, 2, 2, 2, 2, 2, 2, 2, 1, 1, 1, 1, 1, 1, 1, 1, 1, 1, 1, 1, 1, 1, 1, 1, 1, 1, 1, 1, 1, 1, 1, 1, 1, 1, 1, 1, 1, 1, 1, 1, 1, 1, 1, 1, 1, 1, 1, 1, 1]",0.11145331500028988,0.1117316734443092,0.11022800399950938,0.1127546119996623,0.0010017880114955354,"[0.110228, 0.112667, 0.111453, 0.112689, 0.11067, 0.11275, 0.111403, 0.112755, 0.11097]",0.024880198000573728,0.026343894110949704,0.024599991000286536,0.03283996199934336,0.0029775622833185817,"[0.03284, 0.029956, 0.025796, 0.025021, 0.02488, 0.024766, 0.024627, 0.024608, 0.0246]",4.47959919763178,3.356520449131866,4.583522489839487,42,optimal,nan,3.385162353515625,2.3927993774414062,186.95208737574472,186.9520853886095,1.0629114917672906e-08,0.0004607604947869659,0.00031368644223547955,1.0,0.8682170542635659,0.5743589743589743,0.691358024691358,9,2,1e-07,1e-05,1000,2.0,180.0,40.0,70.05140969316749,8.0,1.0,56.0,2.7027027027027026,6.391991885395791,1.0
primary,x86_64,none,0.3.0,2.4.4,32,8,imbalanced,200,400,0.25,0,0.9902010050251256,5,"[180, 8, 8, 2, 2]",powerlaw,3,0,2,111,72,"[21, 6, 6, 6, 5, 4, 4, 4, 3, 3, 3, 3, 3, 3, 3, 3, 3, 3, 2, 2, 2, 2, 2, 2, 2, 2, 2, 2, 2, 2, 2, 2, 2, 2, 2, 2, 2, 2, 2, 1, 1, 1, 1, 1, 1, 1, 1, 1, 1, 1, 1, 1, 1, 1, 1, 1, 1, 1, 1, 1, 1, 1, 1, 1, 1, 1, 1, 1, 1, 1, 1, 1, 1, 1, 1, 1, 1, 1, 1, 1, 1, 1, 1, 1, 1, 1, 1, 1, 1, 1, 1, 1, 1, 1, 1, 1, 1, 1, 1, 1, 1, 1, 1, 1, 1, 1, 1, 1, 1, 1, 1]",0.10259118900012254,0.10255425044437692,0.10135756799991213,0.10356241299996327,0.0006852297491441987,"[0.101749, 0.102449, 0.101358, 0.102591, 0.103562, 0.102708, 0.102547, 0.103332, 0.102692]",0.018899689000136277,0.01907514788894736,0.017616201000237197,0.02050375199996779,0.0012547318046050198,"[0.020434, 0.020504, 0.020493, 0.019872, 0.0189, 0.018209, 0.017714, 0.017616, 0.017936]",5.428194559147656,4.943366853055546,5.8788164938949565,42,optimal,nan,3.385162353515625,2.3462085723876953,188.2012096245895,188.2012096204411,2.204238907405156e-11,1.7183511591023493e-05,1.1698560705533006e-05,1.0,0.9555555555555556,0.441025641025641,0.6035087719298247,9,2,1e-07,1e-05,1000,2.0,180.0,40.0,70.05140969316749,8.0,1.0,21.0,1.8018018018018018,2.1385345652674412,1.0
primary,x86_64,none,0.3.0,2.4.4,32,8,imbalanced,200,400,0.3,0,0.9902010050251256,5,"[180, 8, 8, 2, 2]",powerlaw,3,0,2,135,107,"[15, 6, 6, 6, 5, 4, 3, 3, 3, 3, 3, 3, 3, 2, 2, 2, 2, 2, 2, 2, 2, 2, 2, 2, 2, 2, 2, 2, 1, 1, 1, 1, 1, 1, 1, 1, 1, 1, 1, 1, 1, 1, 1, 1, 1, 1, 1, 1, 1, 1, 1, 1, 1, 1, 1, 1, 1, 1, 1, 1, 1, 1, 1, 1, 1, 1, 1, 1, 1, 1, 1, 1, 1, 1, 1, 1, 1, 1, 1, 1, 1, 1, 1, 1, 1, 1, 1, 1, 1, 1, 1, 1, 1, 1, 1, 1, 1, 1, 1, 1, 1, 1, 1, 1, 1, 1, 1, 1, 1, 1, 1, 1, 1, 1, 1, 1, 1, 1, 1, 1, 1, 1, 1, 1, 1, 1, 1, 1, 1, 1, 1, 1, 1, 1, 1]",0.11404997099998582,0.11390142399957565,0.11308943199946953,0.11458426299941493,0.0005368242981850336,"[0.114426, 0.11405, 0.113537, 0.114584, 0.113506, 0.114165, 0.113366, 0.114388, 0.113089]",0.014668095999695652,0.01646463655550987,0.013562705000367714,0.020802955999897677,0.0032465890352669337,"[0.020602, 0.020803, 0.020634, 0.016062, 0.014668, 0.014268, 0.013962, 0.01362, 0.013563]",7.775376640727757,5.436219352674003,8.448481552633366,43,optimal,nan,3.385162353515625,2.3430652618408203,189.04993626368184,189.04993626195304,9.144712522472844e-12,1.2743447257435037e-05,8.675757506049648e-06,1.0,0.9692307692307692,0.3230769230769231,0.4846153846153846,9,2,1e-07,1e-05,1000,2.0,180.0,40.0,70.05140969316749,8.0,1.0,15.0,1.4814814814814814,1.5097306693915669,1.0
primary,x86_64,none,0.3.0,2.4.4,32,8,imbalanced,200,400,0.35,0,0.9902010050251256,5,"[180, 8, 8, 2, 2]",powerlaw,3,0,2,151,129,"[12, 6, 6, 6, 4, 4, 3, 2, 2, 2, 2, 2, 2, 2, 2, 2, 2, 2, 2, 2, 2, 2, 1, 1, 1, 1, 1, 1, 1, 1, 1, 1, 1, 1, 1, 1, 1, 1, 1, 1, 1, 1, 1, 1, 1, 1, 1, 1, 1, 1, 1, 1, 1, 1, 1, 1, 1, 1, 1, 1, 1, 1, 1, 1, 1, 1, 1, 1, 1, 1, 1, 1, 1, 1, 1, 1, 1, 1, 1, 1, 1, 1, 1, 1, 1, 1, 1, 1, 1, 1, 1, 1, 1, 1, 1, 1, 1, 1, 1, 1, 1, 1, 1, 1, 1, 1, 1, 1, 1, 1, 1, 1, 1, 1, 1, 1, 1, 1, 1, 1, 1, 1, 1, 1, 1, 1, 1, 1, 1, 1, 1, 1, 1, 1, 1, 1, 1, 1, 1, 1, 1, 1, 1, 1, 1, 1, 1, 1, 1, 1, 1]",0.10510710800008383,0.1051052614445022,0.10405870900012815,0.1063502269998935,0.0006299845521356599,"[0.10635, 0.104059, 0.105454, 0.104699, 0.105107, 0.104848, 0.105124, 0.105447, 0.10486]",0.012655595999603975,0.012795303555523989,0.011718804000338423,0.014791577000323741,0.0008611067689334775,"[0.012729, 0.012816, 0.012656, 0.012624, 0.014792, 0.013207, 0.012521, 0.012095, 0.011719]",8.30518831379991,7.034997620459984,9.075177551977339,43,optimal,nan,3.385162353515625,2.343510627746582,189.63420304225718,189.63420304210442,8.055861534344611e-13,1.2537360114750484e-05,8.535452825146036e-06,1.0,1.0,0.2512820512820513,0.4016393442622951,9,2,1e-07,1e-05,1000,2.0,180.0,40.0,70.05140969316749,8.0,1.0,12.0,1.3245033112582782,1.199059614280419,1.0
primary,x86_64,none,0.3.0,2.4.4,32,8,imbalanced,200,400,0.4,0,0.9902010050251256,5,"[180, 8, 8, 2, 2]",powerlaw,3,0,2,168,155,"[12, 5, 4, 3, 3, 3, 3, 2, 2, 2, 2, 2, 2, 1, 1, 1, 1, 1, 1, 1, 1, 1, 1, 1, 1, 1, 1, 1, 1, 1, 1, 1, 1, 1, 1, 1, 1, 1, 1, 1, 1, 1, 1, 1, 1, 1, 1, 1, 1, 1, 1, 1, 1, 1, 1, 1, 1, 1, 1, 1, 1, 1, 1, 1, 1, 1, 1, 1, 1, 1, 1, 1, 1, 1, 1, 1, 1, 1, 1, 1, 1, 1, 1, 1, 1, 1, 1, 1, 1, 1, 1, 1, 1, 1, 1, 1, 1, 1, 1, 1, 1, 1, 1, 1, 1, 1, 1, 1, 1, 1, 1, 1, 1, 1, 1, 1, 1, 1, 1, 1, 1, 1, 1, 1, 1, 1, 1, 1, 1, 1, 1, 1, 1, 1, 1, 1, 1, 1, 1, 1, 1, 1, 1, 1, 1, 1, 1, 1, 1, 1, 1, 1, 1, 1, 1, 1, 1, 1, 1, 1, 1, 1, 1, 1, 1, 1, 1, 1]",0.10737725499984663,0.10763846344464885,0.10671473200000037,0.10963552800058096,0.0008362711104019975,"[0.106715, 0.107377, 0.107185, 0.107336, 0.107923, 0.107166, 0.107511, 0.109636, 0.107897]",0.010402072000033513,0.010370014111079703,0.010190728999987186,0.010639535000336764,0.00015194522120198496,"[0.010268, 0.010504, 0.010427, 0.010262, 0.010191, 0.010441, 0.01064, 0.010402, 0.010195]",10.322679462274504,10.030018416840832,10.758359681698808,44,optimal,nan,3.385162353515625,2.3418989181518555,190.05039390998667,190.05039391154216,8.184627789581465e-12,1.23545107656442e-05,8.410968534551058e-06,1.0,1.0,0.1641025641025641,0.2819383259911894,9,2,1e-07,1e-05,1000,2.0,180.0,40.0,70.05140969316749,8.0,1.0,12.0,1.1904761904761905,0.9816918156232526,1.0
primary,x86_64,none,0.3.0,2.4.4,32,8,imbalanced,200,1000,0.05,0,0.9902010050251256,5,"[180, 8, 8, 2, 2]",powerlaw,3,0,2,1,0,[200],0.06656328200006101,0.06657515533344041,0.06622133500059135,0.06691947699982848,0.00021667776873144493,"[0.066221, 0.066919, 0.066363, 0.066491, 0.066486, 0.066805, 0.066701, 0.066626, 0.066563]",0.06841193200034468,0.06837578511133163,0.06784914400031994,0.06883105500037345,0.00033466046238674426,"[0.068679, 0.068685, 0.068146, 0.068551, 0.068412, 0.068079, 0.067849, 0.06815, 0.068831]",0.9729776671082121,0.962085137300773,0.9862980290438582,29,optimal,nan,3.385162353515625,5.829800605773926,179.2775711219351,179.2775711219351,0.0,0.0,0.0,1.0,0.08593350383631713,0.8615384615384616,0.15627906976744185,9,2,1e-07,1e-05,1000,2.0,180.0,40.0,70.05140969316749,8.0,200.0,200.0,200.0,0.0,200.0
primary,x86_64,none,0.3.0,2.4.4,32,8,imbalanced,200,1000,0.1,0,0.9902010050251256,5,"[180, 8, 8, 2, 2]",powerlaw,3,0,2,18,6,"[152, 9, 7, 5, 4, 3, 3, 3, 2, 2, 2, 2, 1, 1, 1, 1, 1, 1]",0.08860341900071944,0.08863468522213225,0.08815936300015892,0.08913533600025403,0.00026017445786125494,"[0.088801, 0.089135, 0.088159, 0.088596, 0.088734, 0.088619, 0.088576, 0.088488, 0.088603]",0.061536187000456266,0.061617716333482044,0.06140676999984862,0.06211678399995435,0.00024325328384049353,"[0.061536, 0.061484, 0.061568, 0.06186, 0.062117, 0.061434, 0.061745, 0.061407, 0.061408]",1.4398587777312637,1.419251888510901,1.4515555206775046,39,optimal,nan,3.385162353515625,3.7688112258911133,183.19513945804607,183.1951389902819,2.5533656763525058e-09,0.0001954925953015496,0.0001455167210514145,1.0,0.7427184466019418,0.7846153846153846,0.7630922693266833,9,2,1e-07,1e-05,1000,2.0,180.0,40.0,70.05140969316749,8.0,1.0,152.0,11.11111111111111,34.23917329104663,2.0
primary,x86_64,none,0.3.0,2.4.4,32,8,imbalanced,200,1000,0.15,0,0.9902010050251256,5,"[180, 8, 8, 2, 2]",powerlaw,3,0,2,60,19,"[30, 10, 8, 6, 6, 6, 6, 6, 5, 5, 5, 5, 5, 4, 4, 4, 4, 4, 4, 3, 3, 3, 3, 3, 3, 3, 3, 3, 3, 2, 2, 2, 2, 2, 2, 2, 2, 2, 2, 2, 2, 1, 1, 1, 1, 1, 1, 1, 1, 1, 1, 1, 1, 1, 1, 1, 1, 1, 1, 1]",0.09256905200072651,0.09273474866677134,0.0923149670006751,0.09316627199950744,0.00033566829487061866,"[0.093154, 0.093166, 0.092315, 0.093093, 0.092408, 0.092853, 0.092542, 0.092513, 0.092569]",0.02353378000043449,0.023893668444341327,0.02322389100027067,0.02502148599978682,0.0007272072833705478,"[0.024764, 0.025021, 0.02468, 0.023875, 0.023534, 0.023345, 0.023318, 0.023224, 0.023283]",3.9334544641369753,3.6894278381972043,4.011656444582074,41,optimal,nan,3.385162353515625,2.346501350402832,185.70008077910373,185.70008048864685,1.564118229991656e-09,0.0002166802528445616,0.00016128794827500694,1.0,0.9716312056737588,0.7025641025641025,0.8154761904761904,9,2,1e-07,1e-05,1000,2.0,180.0,40.0,70.05140969316749,8.0,1.0,30.0,3.3333333333333335,3.990265933772112,2.0
primary,x86_64,none,0.3.0,2.4.4,32,8,imbalanced,200,1000,0.2,0,0.9902010050251256,5,"[180, 8, 8, 2, 2]",powerlaw,3,0,2,87,43,"[12, 9, 6, 6, 6, 6, 5, 5, 5, 4, 4, 4, 4, 4, 4, 4, 4, 4, 3, 3, 3, 3, 3, 3, 3, 3, 3, 2, 2, 2, 2, 2, 2, 2, 2, 2, 2, 2, 2, 2, 2, 2, 2, 2, 1, 1, 1, 1, 1, 1, 1, 1, 1, 1, 1, 1, 1, 1, 1, 1, 1, 1, 1, 1, 1, 1, 1, 1, 1, 1, 1, 1, 1, 1, 1, 1, 1, 1, 1, 1, 1, 1, 1, 1, 1, 1, 1]",0.0949270589999287,0.09508563177779353,0.09471809199931158,0.09651806199963175,0.0005520398191508823,"[0.095036, 0.096518, 0.09506, 0.094806, 0.094878, 0.094927, 0.094718, 0.094768, 0.095059]",0.01892818300075305,0.01875720944432639,0.017077159000109532,0.020145180999861623,0.0012757089207786451,"[0.019975, 0.020048, 0.020145, 0.019736, 0.018928, 0.018095, 0.017549, 0.017262, 0.017077]",5.01511735152561,4.701774186092555,5.651880503016496,42,optimal,nan,3.385162353515625,2.3376684188842773,187.46413181281764,187.46413181308674,1.4354572380585178e-12,1.0931955716886321e-05,8.137302236057448e-06,1.0,0.9912280701754386,0.5794871794871795,0.731391585760518,9,2,1e-07,1e-05,1000,2.0,180.0,40.0,70.05140969316749,8.0,1.0,12.0,2.2988505747126435,1.9185419663178234,2.0
primary,x86_64,none,0.3.0,2.4.4,32,8,imbalanced,200,1000,0.25,0,0.9902010050251256,5,"[180, 8, 8, 2, 2]",powerlaw,3,0,2,116,76,"[12, 6, 6, 6, 5, 5, 4, 4, 4, 4, 3, 3, 3, 3, 3, 3, 3, 3, 2, 2, 2, 2, 2, 2, 2, 2, 2, 2, 2, 2, 2, 2, 2, 2, 2, 2, 2, 2, 2, 2, 1, 1, 1, 1, 1, 1, 1, 1, 1, 1, 1, 1, 1, 1, 1, 1, 1, 1, 1, 1, 1, 1, 1, 1, 1, 1, 1, 1, 1, 1, 1, 1, 1, 1, 1, 1, 1, 1, 1, 1, 1, 1, 1, 1, 1, 1, 1, 1, 1, 1, 1, 1, 1, 1, 1, 1, 1, 1, 1, 1, 1, 1, 1, 1, 1, 1, 1, 1, 1, 1, 1, 1, 1, 1, 1, 1]",0.09022410200032027,0.09027964177787201,0.08996764200037433,0.09089018600025156,0.0002818955586585989,"[0.090142, 0.090331, 0.090368, 0.090129, 0.089968, 0.090224, 0.09089, 0.090463, 0.090002]",0.017010668999319023,0.016534423111200642,0.014961362000576628,0.017584141999577696,0.0010702838646641482,"[0.017419, 0.017584, 0.017429, 0.017464, 0.017011, 0.016208, 0.015568, 0.015166, 0.014961]",5.303971407822476,5.116407840799682,6.074994107939408,40,optimal,nan,3.385162353515625,2.34228515625,188.6660339418031,188.66603394582103,2.1296468340436637e-11,9.007559504947693e-06,6.704860152305543e-06,1.0,1.0,0.4307692307692308,0.6021505376344086,9,2,1e-07,1e-05,1000,2.0,180.0,40.0,70.05140969316749,8.0,1.0,12.0,1.7241379310344827,1.4889605660264909,1.0
primary,x86_64,none,0.3.0,2.4.4,32,8,imbalanced,200,1000,0.3,0,0.9902010050251256,5,"[180, 8, 8, 2, 2]",powerlaw,3,0,2,136,102,"[12, 6, 6, 5, 5, 4, 3, 3, 3, 3, 2, 2, 2, 2, 2, 2, 2, 2, 2, 2, 2, 2, 2, 2, 2, 2, 2, 2, 2, 2, 2, 2, 2, 2, 1, 1, 1, 1, 1, 1, 1, 1, 1, 1, 1, 1, 1, 1, 1, 1, 1, 1, 1, 1, 1, 1, 1, 1, 1, 1, 1, 1, 1, 1, 1, 1, 1, 1, 1, 1, 1, 1, 1, 1, 1, 1, 1, 1, 1, 1, 1, 1, 1, 1, 1, 1, 1, 1, 1, 1, 1, 1, 1, 1, 1, 1, 1, 1, 1, 1, 1, 1, 1, 1, 1, 1, 1, 1, 1, 1, 1, 1, 1, 1, 1, 1, 1, 1, 1, 1, 1, 1, 1, 1, 1, 1, 1, 1, 1, 1, 1, 1, 1, 1, 1, 1]",0.08554489099969942,0.08568050844425873,0.08540122500016878,0.08654579699941678,0.0003552159030414728,"[0.085401, 0.085577, 0.0857, 0.085527, 0.086546, 0.085886, 0.085545, 0.085474, 0.085469]",0.015366236999398097,0.014868883555411432,0.013543707999815524,0.015493279000111215,0.0007824912604744025,"[0.015454, 0.015411, 0.015366, 0.015462, 0.015493, 0.015001, 0.014307, 0.013781, 0.013544]",5.567068307162661,5.512146589469908,6.390110965224265,38,optimal,nan,3.385162353515625,2.343968391418457,189.49100003154456,189.49100003617545,2.4438581385247703e-11,2.2350185318709137e-05,1.6636567065777193e-05,1.0,1.0,0.3282051282051282,0.4942084942084942,9,2,1e-07,1e-05,1000,2.0,180.0,40.0,70.05140969316749,8.0,1.0,12.0,1.4705882352941178,1.2772971029769686,1.0
primary,x86_64,none,0.3.0,2.4.4,32,8,imbalanced,200,1000,0.35,0,0.9902010050251256,5,"[180, 8, 8, 2, 2]",powerlaw,3,0,2,156,140,"[12, 6, 6, 5, 5, 4, 3, 3, 2, 2, 2, 2, 2, 2, 2, 2, 1, 1, 1, 1, 1, 1, 1, 1, 1, 1, 1, 1, 1, 1, 1, 1, 1, 1, 1, 1, 1, 1, 1, 1, 1, 1, 1, 1, 1, 1, 1, 1, 1, 1, 1, 1, 1, 1, 1, 1, 1, 1, 1, 1, 1, 1, 1, 1, 1, 1, 1, 1, 1, 1, 1, 1, 1, 1, 1, 1, 1, 1, 1, 1, 1, 1, 1, 1, 1, 1, 1, 1, 1, 1, 1, 1, 1, 1, 1, 1, 1, 1, 1, 1, 1, 1, 1, 1, 1, 1, 1, 1, 1, 1, 1, 1, 1, 1, 1, 1, 1, 1, 1, 1, 1, 1, 1, 1, 1, 1, 1, 1, 1, 1, 1, 1, 1, 1, 1, 1, 1, 1, 1, 1, 1, 1, 1, 1, 1, 1, 1, 1, 1, 1, 1, 1, 1, 1, 1, 1]",0.08373304700035078,0.08367711077799969,0.08309070900031656,0.0839942560005511,0.00030503935467106894,"[0.083816, 0.083994, 0.083733, 0.08362, 0.083386, 0.083987, 0.083942, 0.083524, 0.083091]",0.010942298999907507,0.0109360987777715,0.010672778000298422,0.011138205999486672,0.00012087001162531338,"[0.010913, 0.011138, 0.010954, 0.010927, 0.010942, 0.010914, 0.01096, 0.011004, 0.010673]",7.652235330167688,7.459972369351579,7.869952508915911,37,optimal,nan,3.385162353515625,2.341517448425293,190.06236665585945,190.06236665763888,9.362328878292308e-12,1.3260421629190944e-05,9.870517485025529e-06,1.0,1.0,0.22564102564102564,0.36820083682008364,9,2,1e-07,1e-05,1000,2.0,180.0,40.0,70.05140969316749,8.0,1.0,12.0,1.2820512820512822,1.1755788088561694,1.0
primary,x86_64,none,0.3.0,2.4.4,32,8,imbalanced,200,1000,0.4,0,0.9902010050251256,5,"[180, 8, 8, 2, 2]",powerlaw,3,0,2,166,155,"[12, 6, 5, 5, 3, 3, 3, 2, 2, 2, 2, 1, 1, 1, 1, 1, 1, 1, 1, 1, 1, 1, 1, 1, 1, 1, 1, 1, 1, 1, 1, 1, 1, 1, 1, 1, 1, 1, 1, 1, 1, 1, 1, 1, 1, 1, 1, 1, 1, 1, 1, 1, 1, 1, 1, 1, 1, 1, 1, 1, 1, 1, 1, 1, 1, 1, 1, 1, 1, 1, 1, 1, 1, 1, 1, 1, 1, 1, 1, 1, 1, 1, 1, 1, 1, 1, 1, 1, 1, 1, 1, 1, 1, 1, 1, 1, 1, 1, 1, 1, 1, 1, 1, 1, 1, 1, 1, 1, 1, 1, 1, 1, 1, 1, 1, 1, 1, 1, 1, 1, 1, 1, 1, 1, 1, 1, 1, 1, 1, 1, 1, 1, 1, 1, 1, 1, 1, 1, 1, 1, 1, 1, 1, 1, 1, 1, 1, 1, 1, 1, 1, 1, 1, 1, 1, 1, 1, 1, 1, 1, 1, 1, 1, 1, 1, 1]",0.0747996840000269,0.07483807422239705,0.07433781800045836,0.07540402800077572,0.00027448395461643344,"[0.0748, 0.07482, 0.074984, 0.07484, 0.074761, 0.074338, 0.075404, 0.074798, 0.074798]",0.01008387000001676,0.010095610888735488,0.010035189999143768,0.010218035999969288,5.0855412496571074e-05,"[0.010114, 0.010218, 0.010066, 0.010079, 0.010087, 0.0101, 0.010084, 0.010077, 0.010035]",7.417755683076297,7.2751571829147785,7.51396117135893,36,optimal,nan,3.385162353515625,2.3414793014526367,190.48124100426676,190.48124100475175,2.5461197499734385e-12,9.150978065974869e-06,6.811615219550193e-06,1.0,1.0,0.17435897435897435,0.296943231441048,9,2,1e-07,1e-05,1000,2.0,180.0,40.0,70.05140969316749,8.0,1.0,12.0,1.2048192771084338,1.0614724501935788,1.0
primary,x86_64,none,0.3.0,2.4.4,32,8,imbalanced,200,2000,0.05,0,0.9902010050251256,5,"[180, 8, 8, 2, 2]",powerlaw,3,0,2,1,0,[200],0.07135528099934163,0.07136649522201172,0.07085660999928223,0.07231107099960354,0.0004467707215766646,"[0.070857, 0.071567, 0.072311, 0.071431, 0.071346, 0.071355, 0.071551, 0.070905, 0.070975]",0.07341527399967163,0.07340485177761973,0.0730721399995673,0.07368241999938618,0.00017422388152479155,"[0.073682, 0.07334, 0.073496, 0.073382, 0.073491, 0.073072, 0.073253, 0.073511, 0.073415]",0.9719405392352113,0.9616487894924258,0.989584689869925,34,optimal,nan,3.385162353515625,5.8297576904296875,179.7571871362706,179.7571871362706,0.0,0.0,0.0,1.0,0.2609375,0.8564102564102564,0.4,9,2,1e-07,1e-05,1000,2.0,180.0,40.0,70.05140969316749,8.0,200.0,200.0,200.0,0.0,200.0
primary,x86_64,none,0.3.0,2.4.4,32,8,imbalanced,200,2000,0.1,0,0.9902010050251256,5,"[180, 8, 8, 2, 2]",powerlaw,3,0,2,41,8,"[59, 12, 10, 6, 6, 6, 6, 6, 5, 5, 5, 5, 5, 4, 4, 4, 4, 4, 3, 3, 3, 3, 3, 3, 2, 2, 2, 2, 2, 2, 2, 2, 2, 1, 1, 1, 1, 1, 1, 1, 1]",0.07936965999942913,0.07927454266660384,0.0789030450005157,0.07959049999954004,0.00023851610516366462,"[0.079067, 0.079098, 0.079435, 0.079082, 0.07959, 0.078903, 0.07937, 0.079474, 0.079452]",0.026655229999960284,0.026992955666779988,0.026033076999738114,0.028537125999719137,0.00097087283865786,"[0.028537, 0.028409, 0.027564, 0.027051, 0.026655, 0.026094, 0.026033, 0.026225, 0.026369]",2.977639285031395,2.76492611769287,3.0572836242270056,38,optimal,nan,3.385162353515625,2.3962268829345703,183.1720935710651,183.1720930161873,3.0292703969158744e-09,0.0003127724393283404,0.0002380518745366082,0.99995,0.9386503067484663,0.7846153846153846,0.8547486033519552,9,2,1e-07,1e-05,1000,2.0,180.0,40.0,70.05140969316749,8.0,1.0,59.0,4.878048780487805,8.879120814396257,3.0
primary,x86_64,none,0.3.0,2.4.4,32,8,imbalanced,200,2000,0.15,0,0.9902010050251256,5,"[180, 8, 8, 2, 2]",powerlaw,3,0,2,63,19,"[24, 10, 7, 6, 6, 6, 6, 6, 5, 5, 5, 5, 4, 4, 4, 4, 4, 4, 4, 4, 3, 3, 3, 3, 3, 3, 3, 3, 3, 3, 2, 2, 2, 2, 2, 2, 2, 2, 2, 2, 2, 2, 2, 2, 1, 1, 1, 1, 1, 1, 1, 1, 1, 1, 1, 1, 1, 1, 1, 1, 1, 1, 1]",0.08476956999948015,0.0847954265554007,0.08440031400004955,0.08523024799978884,0.00025075548602529837,"[0.08523, 0.084758, 0.084614, 0.08477, 0.08499, 0.0844, 0.084975, 0.084572, 0.084849]",0.021084345999952347,0.02175095833333924,0.02016773900049884,0.023969523000232584,0.001669112360286249,"[0.023885, 0.02397, 0.023599, 0.022139, 0.021084, 0.020415, 0.020168, 0.02024, 0.020259]",4.020497956145841,3.521151171812246,4.226068574056849,39,optimal,nan,3.385162353515625,2.3418445587158203,185.6809610441681,185.68096102116303,1.2389569450782811e-10,6.086602115702722e-05,4.6325278402542706e-05,1.0,0.9927536231884058,0.7025641025641025,0.8228228228228228,9,2,1e-07,1e-05,1000,2.0,180.0,40.0,70.05140969316749,8.0,1.0,24.0,3.1746031746031744,3.244236317991346,2.0
primary,x86_64,none,0.3.0,2.4.4,32,8,imbalanced,200,2000,0.2,0,0.9902010050251256,5,"[180, 8, 8, 2, 2]",powerlaw,3,0,2,84,38,"[12, 9, 6, 6, 6, 5, 5, 5, 5, 5, 4, 4, 4, 4, 4, 4, 4, 4, 3, 3, 3, 3, 3, 3, 3, 3, 3, 3, 2, 2, 2, 2, 2, 2, 2, 2, 2, 2, 2, 2, 2, 2, 2, 2, 2, 2, 1, 1, 1, 1, 1, 1, 1, 1, 1, 1, 1, 1, 1, 1, 1, 1, 1, 1, 1, 1, 1, 1, 1, 1, 1, 1, 1, 1, 1, 1, 1, 1, 1, 1, 1, 1, 1, 1]",0.08332460600013292,0.08338080544449945,0.08285086700016109,0.08402512100019521,0.0004092176520114353,"[0.083374, 0.083399, 0.082943, 0.083325, 0.084019, 0.084025, 0.083198, 0.082851, 0.083293]",0.018334523999328667,0.01890905255550024,0.017486781000116025,0.02084688300055859,0.0014831282500579487,"[0.020823, 0.020847, 0.020403, 0.019517, 0.018335, 0.017581, 0.017487, 0.017544, 0.017646]",4.544683352738469,3.9742568228516992,4.805065094578453,40,optimal,nan,3.385162353515625,2.3383846282958984,187.46379694599298,187.46379694644057,2.3875814285301627e-12,7.83351921337938e-06,5.9621107134538e-06,1.0,1.0,0.5948717948717949,0.7459807073954984,9,2,1e-07,1e-05,1000,2.0,180.0,40.0,70.05140969316749,8.0,1.0,12.0,2.380952380952381,1.9204709361976937,2.0
primary,x86_64,none,0.3.0,2.4.4,32,8,imbalanced,200,2000,0.25,0,0.9902010050251256,5,"[180, 8, 8, 2, 2]",powerlaw,3,0,2,116,77,"[12, 9, 6, 6, 6, 5, 4, 4, 3, 3, 3, 3, 3, 3, 3, 3, 3, 2, 2, 2, 2, 2, 2, 2, 2, 2, 2, 2, 2, 2, 2, 2, 2, 2, 2, 2, 2, 2, 2, 1, 1, 1, 1, 1, 1, 1, 1, 1, 1, 1, 1, 1, 1, 1, 1, 1, 1, 1, 1, 1, 1, 1, 1, 1, 1, 1, 1, 1, 1, 1, 1, 1, 1, 1, 1, 1, 1, 1, 1, 1, 1, 1, 1, 1, 1, 1, 1, 1, 1, 1, 1, 1, 1, 1, 1, 1, 1, 1, 1, 1, 1, 1, 1, 1, 1, 1, 1, 1, 1, 1, 1, 1, 1, 1, 1, 1]",0.08043824099968333,0.08052240900017044,0.08032782200007205,0.08074813100029132,0.00015769654107068373,"[0.080417, 0.080724, 0.080328, 0.080432, 0.080748, 0.080386, 0.080438, 0.080552, 0.080676]",0.016700777999176353,0.01624432077763534,0.014666906000456947,0.01724219300012919,0.0010446672720770163,"[0.017157, 0.017148, 0.017242, 0.017106, 0.016701, 0.01592, 0.015295, 0.014964, 0.014667]",4.816436755440398,4.658793808854255,5.505464547040502,39,optimal,nan,3.385162353515625,2.3423776626586914,188.672895224204,188.67289522864866,2.3557404781772043e-11,1.964513439678406e-05,1.4951960043258373e-05,1.0,1.0,0.4307692307692308,0.6021505376344086,9,2,1e-07,1e-05,1000,2.0,180.0,40.0,70.05140969316749,8.0,1.0,12.0,1.7241379310344827,1.5843317251945028,1.0
primary,x86_64,none,0.3.0,2.4.4,32,8,imbalanced,200,2000,0.3,0,0.9902010050251256,5,"[180, 8, 8, 2, 2]",powerlaw,3,0,2,137,105,"[12, 6, 6, 5, 5, 4, 3, 3, 3, 3, 3, 2, 2, 2, 2, 2, 2, 2, 2, 2, 2, 2, 2, 2, 2, 2, 2, 2, 2, 2, 2, 2, 1, 1, 1, 1, 1, 1, 1, 1, 1, 1, 1, 1, 1, 1, 1, 1, 1, 1, 1, 1, 1, 1, 1, 1, 1, 1, 1, 1, 1, 1, 1, 1, 1, 1, 1, 1, 1, 1, 1, 1, 1, 1, 1, 1, 1, 1, 1, 1, 1, 1, 1, 1, 1, 1, 1, 1, 1, 1, 1, 1, 1, 1, 1, 1, 1, 1, 1, 1, 1, 1, 1, 1, 1, 1, 1, 1, 1, 1, 1, 1, 1, 1, 1, 1, 1, 1, 1, 1, 1, 1, 1, 1, 1, 1, 1, 1, 1, 1, 1, 1, 1, 1, 1, 1, 1]",0.07995619000030274,0.07989590111103301,0.07929129399963131,0.0803052609999213,0.00031794031330936945,"[0.080305, 0.07977, 0.080141, 0.07998, 0.080206, 0.079956, 0.07981, 0.079604, 0.079291]",0.015051596999910544,0.014618886222403185,0.013309805000062624,0.015159642000071472,0.0006965459196143928,"[0.015063, 0.015137, 0.01516, 0.015079, 0.015052, 0.014808, 0.014263, 0.013698, 0.01331]",5.312139967657781,5.230419953139888,6.033541513158417,38,optimal,nan,3.385162353515625,2.3437423706054688,189.49812832437655,189.4981283313549,3.682545023765276e-11,2.5690519044552218e-05,1.9553117187123565e-05,1.0,1.0,0.3230769230769231,0.48837209302325585,9,2,1e-07,1e-05,1000,2.0,180.0,40.0,70.05140969316749,8.0,1.0,12.0,1.4598540145985401,1.2787687882196526,1.0
primary,x86_64,none,0.3.0,2.4.4,32,8,imbalanced,200,2000,0.35,0,0.9902010050251256,5,"[180, 8, 8, 2, 2]",powerlaw,3,0,2,155,137,"[12, 6, 5, 5, 5, 4, 3, 3, 2, 2, 2, 2, 2, 2, 2, 2, 2, 2, 1, 1, 1, 1, 1, 1, 1, 1, 1, 1, 1, 1, 1, 1, 1, 1, 1, 1, 1, 1, 1, 1, 1, 1, 1, 1, 1, 1, 1, 1, 1, 1, 1, 1, 1, 1, 1, 1, 1, 1, 1, 1, 1, 1, 1, 1, 1, 1, 1, 1, 1, 1, 1, 1, 1, 1, 1, 1, 1, 1, 1, 1, 1, 1, 1, 1, 1, 1, 1, 1, 1, 1, 1, 1, 1, 1, 1, 1, 1, 1, 1, 1, 1, 1, 1, 1, 1, 1, 1, 1, 1, 1, 1, 1, 1, 1, 1, 1, 1, 1, 1, 1, 1, 1, 1, 1, 1, 1, 1, 1, 1, 1, 1, 1, 1, 1, 1, 1, 1, 1, 1, 1, 1, 1, 1, 1, 1, 1, 1, 1, 1, 1, 1, 1, 1, 1, 1]",0.07710425899949769,0.07723090544439198,0.0765699659996244,0.07830700900012744,0.00048708317307570267,"[0.077104, 0.077072, 0.07657, 0.077462, 0.076964, 0.078307, 0.077249, 0.077431, 0.076919]",0.011508646999573102,0.011487275888612203,0.010929237999334873,0.011882652000167582,0.00025240497113485186,"[0.011623, 0.011883, 0.011583, 0.011522, 0.0115, 0.011509, 0.011458, 0.011379, 0.010929]",6.6996805968901265,6.443844858752451,7.164910216512168,37,optimal,nan,3.385162353515625,2.341947555541992,190.06845130865207,190.06845130897915,1.7208380973965483e-12,5.929216981614971e-06,4.512741631893217e-06,1.0,1.0,0.23076923076923078,0.375,9,2,1e-07,1e-05,1000,2.0,180.0,40.0,70.05140969316749,8.0,1.0,12.0,1.2903225806451613,1.1582397207747785,1.0
primary,x86_64,none,0.3.0,2.4.4,32,8,imbalanced,200,2000,0.4,0,0.9902010050251256,5,"[180, 8, 8, 2, 2]",powerlaw,3,0,2,168,159,"[12, 6, 5, 5, 4, 3, 2, 2, 2, 1, 1, 1, 1, 1, 1, 1, 1, 1, 1, 1, 1, 1, 1, 1, 1, 1, 1, 1, 1, 1, 1, 1, 1, 1, 1, 1, 1, 1, 1, 1, 1, 1, 1, 1, 1, 1, 1, 1, 1, 1, 1, 1, 1, 1, 1, 1, 1, 1, 1, 1, 1, 1, 1, 1, 1, 1, 1, 1, 1, 1, 1, 1, 1, 1, 1, 1, 1, 1, 1, 1, 1, 1, 1, 1, 1, 1, 1, 1, 1, 1, 1, 1, 1, 1, 1, 1, 1, 1, 1, 1, 1, 1, 1, 1, 1, 1, 1, 1, 1, 1, 1, 1, 1, 1, 1, 1, 1, 1, 1, 1, 1, 1, 1, 1, 1, 1, 1, 1, 1, 1, 1, 1, 1, 1, 1, 1, 1, 1, 1, 1, 1, 1, 1, 1, 1, 1, 1, 1, 1, 1, 1, 1, 1, 1, 1, 1, 1, 1, 1, 1, 1, 1, 1, 1, 1, 1, 1, 1]",0.0693962069999543,0.06942615322208844,0.06911006299924338,0.0698901300002035,0.00023835640363939446,"[0.06961, 0.06989, 0.069396, 0.069549, 0.0692, 0.069241, 0.069464, 0.06911, 0.069375]",0.00943084499976976,0.009425700666724879,0.009300241000346432,0.009554326999932528,7.546236282733566e-05,"[0.009443, 0.009554, 0.0093, 0.009408, 0.00948, 0.009377, 0.009358, 0.009431, 0.00948]",7.358429387997417,7.233378447245048,7.514873001420082,36,optimal,nan,3.385162353515625,2.3405895233154297,190.4840738045045,190.48407380728887,1.461729125405294e-11,1.258687359351196e-05,9.579900506556182e-06,1.0,1.0,0.1641025641025641,0.2819383259911894,9,2,1e-07,1e-05,1000,2.0,180.0,40.0,70.05140969316749,8.0,1.0,12.0,1.1904761904761905,1.0575824911672769,1.0
primary,x86_64,none,0.3.0,2.4.4,32,8,imbalanced,400,800,0.05,0,0.9950501253132832,5,"[360, 16, 16, 4, 4]",powerlaw,5,0,0,1,0,[400],0.16151406399967527,0.1616682838886037,0.1610486370000217,0.16298277499936376,0.0005642548344877408,"[0.162983, 0.161892, 0.161833, 0.161357, 0.16131, 0.161049, 0.161344, 0.161514, 0.161733]",0.1676429859999189,0.16776910422201277,0.16730578699934995,0.16846698199969978,0.00042327754895521387,"[0.167643, 0.168117, 0.167334, 0.167306, 0.16744, 0.16829, 0.168467, 0.167622, 0.167704]",0.9634406297186416,0.9559655849969978,0.9741610133306209,20,optimal,nan,13.45904541015625,23.229501724243164,290.80078203168904,290.80078203168904,0.0,0.0,0.0,1.0,0.053361969271435654,0.8177215189873418,0.10018610421836228,9,2,1e-07,1e-05,1000,4.0,360.0,80.0,140.10281938633497,16.0,400.0,400.0,400.0,0.0,400.0
primary,x86_64,none,0.3.0,2.4.4,32,8,imbalanced,400,800,0.1,0,0.9950501253132832,5,"[360, 16, 16, 4, 4]",powerlaw,5,0,0,51,26,"[310, 9, 5, 3, 3, 3, 3, 3, 3, 2, 2, 2, 2, 2, 2, 2, 2, 2, 2, 2, 2, 2, 2, 2, 2, 1, 1, 1, 1, 1, 1, 1, 1, 1, 1, 1, 1, 1, 1, 1, 1, 1, 1, 1, 1, 1, 1, 1, 1, 1, 1]",0.2480681580000237,0.24767040711119787,0.24634773900015716,0.24867606200041337,0.0008604754240669793,"[0.248125, 0.248392, 0.246348, 0.248068, 0.248339, 0.246721, 0.248676, 0.246707, 0.247657]",0.19559356799982197,0.19594897166664144,0.19507352399978117,0.19724512500033597,0.0007542521883312312,"[0.195693, 0.197107, 0.197245, 0.196207, 0.195507, 0.195594, 0.195074, 0.195532, 0.195582]",1.2682838220950572,1.2489420917233698,1.2747812050634422,31,optimal,nan,13.45904541015625,15.433496475219727,298.86921370390917,298.8691430586027,2.3637532155980825e-07,0.0011957821008457409,0.0007410885139984093,0.9999625,0.6134831460674157,0.6911392405063291,0.65,9,2,1e-07,1e-05,1000,4.0,360.0,80.0,140.10281938633497,16.0,1.0,310.0,7.8431372549019605,42.75161849889755,1.0
primary,x86_64,none,0.3.0,2.4.4,32,8,imbalanced,400,800,0.15,0,0.9950501253132832,5,"[360, 16, 16, 4, 4]",powerlaw,5,0,0,167,95,"[86, 8, 7, 7, 7, 7, 7, 6, 5, 5, 5, 5, 5, 4, 4, 4, 4, 3, 3, 3, 3, 3, 3, 3, 3, 3, 3, 3, 3, 3, 3, 3, 3, 3, 3, 3, 2, 2, 2, 2, 2, 2, 2, 2, 2, 2, 2, 2, 2, 2, 2, 2, 2, 2, 2, 2, 2, 2, 2, 2, 2, 2, 2, 2, 2, 2, 2, 2, 2, 2, 2, 2, 1, 1, 1, 1, 1, 1, 1, 1, 1, 1, 1, 1, 1, 1, 1, 1, 1, 1, 1, 1, 1, 1, 1, 1, 1, 1, 1, 1, 1, 1, 1, 1, 1, 1, 1, 1, 1, 1, 1, 1, 1, 1, 1, 1, 1, 1, 1, 1, 1, 1, 1, 1, 1, 1, 1, 1, 1, 1, 1, 1, 1, 1, 1, 1, 1, 1, 1, 1, 1, 1, 1, 1, 1, 1, 1, 1, 1, 1, 1, 1, 1, 1, 1, 1, 1, 1, 1, 1, 1, 1, 1, 1, 1, 1, 1]",0.2574443779994908,0.25696958388895536,0.25542950500039296,0.25840491599956295,0.0010319122445959985,"[0.25543, 0.2562, 0.25554, 0.25745, 0.258405, 0.257765, 0.257444, 0.257569, 0.256923]",0.05808346100002382,0.05821881555524063,0.057583601999795064,0.05946193499949004,0.0006002117747298124,"[0.058798, 0.058095, 0.057812, 0.057584, 0.057818, 0.05782, 0.058083, 0.058498, 0.059462]",4.432318143014674,4.295681010087943,4.4874739860921276,32,optimal,nan,13.45904541015625,8.965267181396484,302.73000171909297,302.72991100326425,2.9965919533567965e-07,0.001952841381893694,0.00121055262546109,0.9999875,0.9404255319148936,0.5594936708860759,0.7015873015873016,9,2,1e-07,1e-05,1000,4.0,360.0,80.0,140.10281938633497,16.0,1.0,86.0,2.395209580838323,6.64854050332397,1.0
primary,x86_64,none,0.3.0,2.4.4,32,8,imbalanced,400,800,0.2,0,0.9950501253132832,5,"[360, 16, 16, 4, 4]",powerlaw,5,0,0,241,176,"[18, 15, 10, 10, 7, 7, 6, 6, 6, 5, 4, 4, 4, 4, 4, 4, 3, 3, 3, 3, 3, 3, 3, 3, 3, 3, 3, 3, 2, 2, 2, 2, 2, 2, 2, 2, 2, 2, 2, 2, 2, 2, 2, 2, 2, 2, 2, 2, 2, 2, 2, 2, 2, 2, 2, 2, 2, 2, 2, 2, 2, 2, 2, 2, 2, 1, 1, 1, 1, 1, 1, 1, 1, 1, 1, 1, 1, 1, 1, 1, 1, 1, 1, 1, 1, 1, 1, 1, 1, 1, 1, 1, 1, 1, 1, 1, 1, 1, 1, 1, 1, 1, 1, 1, 1, 1, 1, 1, 1, 1, 1, 1, 1, 1, 1, 1, 1, 1, 1, 1, 1, 1, 1, 1, 1, 1, 1, 1, 1, 1, 1, 1, 1, 1, 1, 1, 1, 1, 1, 1, 1, 1, 1, 1, 1, 1, 1, 1, 1, 1, 1, 1, 1, 1, 1, 1, 1, 1, 1, 1, 1, 1, 1, 1, 1, 1, 1, 1, 1, 1, 1, 1, 1, 1, 1, 1, 1, 1, 1, 1, 1, 1, 1, 1, 1, 1, 1, 1, 1, 1, 1, 1, 1, 1, 1, 1, 1, 1, 1, 1]",0.25538675199913996,0.2555575954443662,0.2537019549999968,0.25717010100015614,0.0011721091434420399,"[0.254987, 0.253702, 0.254426, 0.255515, 0.256499, 0.255249, 0.25717, 0.255387, 0.257083]",0.027634761999252078,0.02838316611107277,0.026919997999357292,0.031969650000064576,0.0019277105776839777,"[0.03197, 0.031307, 0.028646, 0.027635, 0.02692, 0.027746, 0.027093, 0.027021, 0.02711]",9.24150358183117,7.93571262117303,9.553124818445232,32,optimal,nan,13.45904541015625,8.831842422485352,305.05704950462757,305.05704938599655,3.888814293698552e-10,4.232061112863228e-05,2.623421691944997e-05,1.0,0.9937106918238994,0.4,0.5703971119133574,9,2,1e-07,1e-05,1000,4.0,360.0,80.0,140.10281938633497,16.0,1.0,18.0,1.6597510373443984,1.8714934958002325,1.0
primary,x86_64,none,0.3.0,2.4.4,32,8,imbalanced,400,800,0.25,0,0.9950501253132832,5,"[360, 16, 16, 4, 4]",powerlaw,5,0,0,308,274,"[18, 15, 10, 7, 7, 5, 5, 4, 3, 3, 3, 2, 2, 2, 2, 2, 2, 2, 2, 2, 2, 2, 2, 2, 2, 2, 2, 2, 2, 2, 2, 2, 2, 2, 1, 1, 1, 1, 1, 1, 1, 1, 1, 1, 1, 1, 1, 1, 1, 1, 1, 1, 1, 1, 1, 1, 1, 1, 1, 1, 1, 1, 1, 1, 1, 1, 1, 1, 1, 1, 1, 1, 1, 1, 1, 1, 1, 1, 1, 1, 1, 1, 1, 1, 1, 1, 1, 1, 1, 1, 1, 1, 1, 1, 1, 1, 1, 1, 1, 1, 1, 1, 1, 1, 1, 1, 1, 1, 1, 1, 1, 1, 1, 1, 1, 1, 1, 1, 1, 1, 1, 1, 1, 1, 1, 1, 1, 1, 1, 1, 1, 1, 1, 1, 1, 1, 1, 1, 1, 1, 1, 1, 1, 1, 1, 1, 1, 1, 1, 1, 1, 1, 1, 1, 1, 1, 1, 1, 1, 1, 1, 1, 1, 1, 1, 1, 1, 1, 1, 1, 1, 1, 1, 1, 1, 1, 1, 1, 1, 1, 1, 1, 1, 1, 1, 1, 1, 1, 1, 1, 1, 1, 1, 1, 1, 1, 1, 1, 1, 1]",0.24884582699996827,0.24883250433332352,0.24740799099981814,0.2504665129999921,0.0008874998485787308,"[0.248008, 0.248313, 0.247408, 0.249223, 0.248796, 0.248846, 0.250467, 0.249534, 0.248898]",0.020173672000055376,0.020683557888838147,0.01906353200047306,0.022781016000408272,0.0016326728417576325,"[0.022718, 0.022781, 0.022456, 0.021262, 0.020174, 0.0195, 0.019066, 0.019064, 0.019131]",12.335177601741774,10.860270279226537,13.138515622067139,31,optimal,nan,13.45904541015625,8.83206844329834,306.46934661373564,306.4693464938954,3.910350344146461e-10,4.8661769661673127e-05,3.016514132405065e-05,1.0,1.0,0.23291139240506328,0.37782340862423,9,2,1e-07,1e-05,1000,4.0,360.0,80.0,140.10281938633497,16.0,1.0,18.0,1.2987012987012987,1.4929699770377085,1.0
primary,x86_64,none,0.3.0,2.4.4,32,8,imbalanced,400,800,0.3,0,0.9950501253132832,5,"[360, 16, 16, 4, 4]",powerlaw,5,0,0,335,318,"[18, 15, 8, 7, 5, 4, 4, 3, 2, 2, 2, 2, 2, 2, 2, 2, 2, 1, 1, 1, 1, 1, 1, 1, 1, 1, 1, 1, 1, 1, 1, 1, 1, 1, 1, 1, 1, 1, 1, 1, 1, 1, 1, 1, 1, 1, 1, 1, 1, 1, 1, 1, 1, 1, 1, 1, 1, 1, 1, 1, 1, 1, 1, 1, 1, 1, 1, 1, 1, 1, 1, 1, 1, 1, 1, 1, 1, 1, 1, 1, 1, 1, 1, 1, 1, 1, 1, 1, 1, 1, 1, 1, 1, 1, 1, 1, 1, 1, 1, 1, 1, 1, 1, 1, 1, 1, 1, 1, 1, 1, 1, 1, 1, 1, 1, 1, 1, 1, 1, 1, 1, 1, 1, 1, 1, 1, 1, 1, 1, 1, 1, 1, 1, 1, 1, 1, 1, 1, 1, 1, 1, 1, 1, 1, 1, 1, 1, 1, 1, 1, 1, 1, 1, 1, 1, 1, 1, 1, 1, 1, 1, 1, 1, 1, 1, 1, 1, 1, 1, 1, 1, 1, 1, 1, 1, 1, 1, 1, 1, 1, 1, 1, 1, 1, 1, 1, 1, 1, 1, 1, 1, 1, 1, 1, 1, 1, 1, 1, 1, 1]",0.2413028110004234,0.2409293333335477,0.23954677200072183,0.24208524900041084,0.0008749226884040026,"[0.239547, 0.241303, 0.241741, 0.240129, 0.241305, 0.239943, 0.241488, 0.240823, 0.242085]",0.017324116000054346,0.017053011888795783,0.015490901000703161,0.018224100000225008,0.001166079274489838,"[0.01821, 0.018224, 0.018159, 0.017984, 0.017324, 0.01652, 0.015943, 0.015622, 0.015491]",13.928722885465927,13.144504913700223,15.62757705245306,30,optimal,nan,13.45904541015625,8.8313570022583,307.452395351653,307.45239524210336,3.563142186119244e-10,5.3242208638670796e-05,3.300466400662377e-05,1.0,1.0,0.16455696202531644,0.2826086956521739,9,2,1e-07,1e-05,1000,4.0,360.0,80.0,140.10281938633497,16.0,1.0,18.0,1.1940298507462686,1.3431840759164397,1.0
primary,x86_64,none,0.3.0,2.4.4,32,8,imbalanced,400,800,0.35,0,0.9950501253132832,5,"[360, 16, 16, 4, 4]",powerlaw,5,0,0,344,331,"[18, 15, 7, 5, 5, 4, 3, 2, 2, 2, 2, 2, 2, 1, 1, 1, 1, 1, 1, 1, 1, 1, 1, 1, 1, 1, 1, 1, 1, 1, 1, 1, 1, 1, 1, 1, 1, 1, 1, 1, 1, 1, 1, 1, 1, 1, 1, 1, 1, 1, 1, 1, 1, 1, 1, 1, 1, 1, 1, 1, 1, 1, 1, 1, 1, 1, 1, 1, 1, 1, 1, 1, 1, 1, 1, 1, 1, 1, 1, 1, 1, 1, 1, 1, 1, 1, 1, 1, 1, 1, 1, 1, 1, 1, 1, 1, 1, 1, 1, 1, 1, 1, 1, 1, 1, 1, 1, 1, 1, 1, 1, 1, 1, 1, 1, 1, 1, 1, 1, 1, 1, 1, 1, 1, 1, 1, 1, 1, 1, 1, 1, 1, 1, 1, 1, 1, 1, 1, 1, 1, 1, 1, 1, 1, 1, 1, 1, 1, 1, 1, 1, 1, 1, 1, 1, 1, 1, 1, 1, 1, 1, 1, 1, 1, 1, 1, 1, 1, 1, 1, 1, 1, 1, 1, 1, 1, 1, 1, 1, 1, 1, 1, 1, 1, 1, 1, 1, 1, 1, 1, 1, 1, 1, 1, 1, 1, 1, 1, 1, 1]",0.2329714139996213,0.23316455111105622,0.2314575890004562,0.23456360299951484,0.0010375501463340158,"[0.231458, 0.232274, 0.233406, 0.23281, 0.232971, 0.232523, 0.23416, 0.234564, 0.234315]",0.016646158000185096,0.016220176000085,0.014641970000411675,0.017438097999729507,0.0011079566663154245,"[0.017252, 0.017438, 0.017119, 0.017032, 0.016646, 0.015814, 0.015227, 0.014812, 0.014642]",13.9955065905917,13.273098304875136,16.019948339801257,29,optimal,nan,13.45904541015625,8.830232620239258,308.2209833429119,308.22098323927514,3.362417107775797e-10,5.500601677133066e-05,3.409823703117915e-05,1.0,1.0,0.14177215189873418,0.2483370288248337,9,2,1e-07,1e-05,1000,4.0,360.0,80.0,140.10281938633497,16.0,1.0,18.0,1.1627906976744187,1.2791754713193553,1.0
primary,x86_64,none,0.3.0,2.4.4,32,8,imbalanced,400,800,0.4,0,0.9950501253132832,5,"[360, 16, 16, 4, 4]",powerlaw,5,0,0,352,341,"[18, 14, 7, 4, 4, 2, 2, 2, 2, 2, 2, 1, 1, 1, 1, 1, 1, 1, 1, 1, 1, 1, 1, 1, 1, 1, 1, 1, 1, 1, 1, 1, 1, 1, 1, 1, 1, 1, 1, 1, 1, 1, 1, 1, 1, 1, 1, 1, 1, 1, 1, 1, 1, 1, 1, 1, 1, 1, 1, 1, 1, 1, 1, 1, 1, 1, 1, 1, 1, 1, 1, 1, 1, 1, 1, 1, 1, 1, 1, 1, 1, 1, 1, 1, 1, 1, 1, 1, 1, 1, 1, 1, 1, 1, 1, 1, 1, 1, 1, 1, 1, 1, 1, 1, 1, 1, 1, 1, 1, 1, 1, 1, 1, 1, 1, 1, 1, 1, 1, 1, 1, 1, 1, 1, 1, 1, 1, 1, 1, 1, 1, 1, 1, 1, 1, 1, 1, 1, 1, 1, 1, 1, 1, 1, 1, 1, 1, 1, 1, 1, 1, 1, 1, 1, 1, 1, 1, 1, 1, 1, 1, 1, 1, 1, 1, 1, 1, 1, 1, 1, 1, 1, 1, 1, 1, 1, 1, 1, 1, 1, 1, 1, 1, 1, 1, 1, 1, 1, 1, 1, 1, 1, 1, 1, 1, 1, 1, 1, 1, 1]",0.22924205199979042,0.22930484888871028,0.2282898280000154,0.23017409600015526,0.0007671877075861014,"[0.22829, 0.230076, 0.22841, 0.229997, 0.230174, 0.229996, 0.228694, 0.229242, 0.228866]",0.016181917000722024,0.015656332666771453,0.014133798999864666,0.016843252000398934,0.0009960232841937455,"[0.016394, 0.016843, 0.016342, 0.016399, 0.016182, 0.015416, 0.014783, 0.014413, 0.014134]",14.166557150772794,13.553785693796444,16.28536644693753,29,optimal,nan,13.45904541015625,8.830445289611816,308.8460540744023,308.8460540105033,2.0689593956953894e-10,5.0773668838766106e-05,3.147460454675671e-05,1.0,1.0,0.12151898734177215,0.21670428893905191,9,2,1e-07,1e-05,1000,4.0,360.0,80.0,140.10281938633497,16.0,1.0,18.0,1.1363636363636365,1.2054027823796474,1.0
primary,x86_64,none,0.3.0,2.4.4,32,8,imbalanced,400,2000,0.05,0,0.9950501253132832,5,"[360, 16, 16, 4, 4]",powerlaw,5,0,0,6,5,"[395, 1, 1, 1, 1, 1]",0.19278553900039697,0.19260612288902243,0.19139638100023149,0.1931999120006367,0.0005576396053240497,"[0.191396, 0.192511, 0.193041, 0.192381, 0.193006, 0.192904, 0.192786, 0.19223, 0.1932]",0.19861169299929315,0.19867026633316223,0.1963664790000621,0.20118579199970554,0.0012766194188250097,"[0.201186, 0.19896, 0.198612, 0.199177, 0.198254, 0.197833, 0.196366, 0.199085, 0.198559]",0.970665604270757,0.9513414396604687,0.9838741977981669,24,optimal,nan,13.45904541015625,22.74467182159424,293.5343206586877,293.5343206742788,5.311498067270327e-11,4.981687617289232e-05,3.2003060227435105e-05,1.0,0.30528375733855184,0.789873417721519,0.4403669724770642,9,2,1e-07,1e-05,1000,4.0,360.0,80.0,140.10281938633497,16.0,1.0,395.0,66.66666666666667,146.83513052248617,1.0
primary,x86_64,none,0.3.0,2.4.4,32,8,imbalanced,400,2000,0.1,0,0.9950501253132832,5,"[360, 16, 16, 4, 4]",powerlaw,5,0,0,111,37,"[88, 14, 12, 9, 9, 8, 8, 7, 6, 6, 6, 6, 6, 5, 5, 5, 5, 4, 4, 4, 4, 4, 4, 4, 4, 4, 4, 4, 4, 4, 4, 3, 3, 3, 3, 3, 3, 3, 3, 3, 3, 3, 3, 3, 3, 3, 3, 2, 2, 2, 2, 2, 2, 2, 2, 2, 2, 2, 2, 2, 2, 2, 2, 2, 2, 2, 2, 2, 2, 2, 2, 2, 2, 2, 1, 1, 1, 1, 1, 1, 1, 1, 1, 1, 1, 1, 1, 1, 1, 1, 1, 1, 1, 1, 1, 1, 1, 1, 1, 1, 1, 1, 1, 1, 1, 1, 1, 1, 1, 1, 1]",0.23693703300068591,0.23713518144439957,0.236110662000101,0.2379984899998817,0.0007313466521213646,"[0.236937, 0.237925, 0.236111, 0.236581, 0.237614, 0.236345, 0.237885, 0.236822, 0.237998]",0.053881544999967446,0.054686148333126364,0.05371769500015944,0.05918646800000715,0.001786399337742052,"[0.059186, 0.055494, 0.05462, 0.053749, 0.053797, 0.053773, 0.053718, 0.053882, 0.053956]",4.397368950738682,3.9892676481399847,4.4305417423285816,30,optimal,nan,13.45904541015625,8.968902587890625,299.45159821482224,299.4515233586498,2.4997753519582467e-07,0.002658018411317506,0.0017092957786133062,0.9999625,0.9523809523809523,0.7088607594936709,0.8127721335268505,9,2,1e-07,1e-05,1000,4.0,360.0,80.0,140.10281938633497,16.0,1.0,88.0,3.6036036036036037,8.36905419358258,2.0
primary,x86_64,none,0.3.0,2.4.4,32,8,imbalanced,400,2000,0.15,0,0.9950501253132832,5,"[360, 16, 16, 4, 4]",powerlaw,5,0,0,177,90,"[33, 10, 9, 8, 7, 7, 7, 7, 7, 6, 6, 6, 5, 5, 5, 5, 4, 4, 4, 4, 4, 4, 4, 3, 3, 3, 3, 3, 3, 3, 3, 3, 3, 3, 3, 3, 3, 3, 3, 3, 3, 3, 3, 3, 2, 2, 2, 2, 2, 2, 2, 2, 2, 2, 2, 2, 2, 2, 2, 2, 2, 2, 2, 2, 2, 2, 2, 2, 2, 2, 2, 2, 2, 2, 2, 2, 2, 2, 2, 2, 2, 2, 2, 2, 2, 2, 2, 1, 1, 1, 1, 1, 1, 1, 1, 1, 1, 1, 1, 1, 1, 1, 1, 1, 1, 1, 1, 1, 1, 1, 1, 1, 1, 1, 1, 1, 1, 1, 1, 1, 1, 1, 1, 1, 1, 1, 1, 1, 1, 1, 1, 1, 1, 1, 1, 1, 1, 1, 1, 1, 1, 1, 1, 1, 1, 1, 1, 1, 1, 1, 1, 1, 1, 1, 1, 1, 1, 1, 1, 1, 1, 1, 1, 1, 1, 1, 1, 1, 1, 1, 1, 1, 1, 1, 1, 1, 1]",0.20827049200033798,0.20781904877791627,0.20574269900043873,0.20872760900056164,0.0011151348092434225,"[0.206146, 0.208728, 0.205743, 0.208669, 0.208694, 0.208354, 0.207999, 0.20827, 0.207768]",0.03808669100089901,0.038644201888928364,0.037801735999892117,0.041347059000145236,0.0011743503660435683,"[0.041347, 0.039821, 0.038404, 0.038087, 0.038086, 0.038163, 0.03805, 0.037802, 0.038039]",5.468327295627281,4.975993552521258,5.521640831552216,30,optimal,nan,13.45904541015625,8.839539527893066,303.20581250513857,303.20565316795097,5.255083544754761e-07,0.00376351617296862,0.002420217251158346,0.9999875,1.0,0.5645569620253165,0.7216828478964402,9,2,1e-07,1e-05,1000,4.0,360.0,80.0,140.10281938633497,16.0,1.0,33.0,2.2598870056497176,2.858276907489483,1.0
primary,x86_64,none,0.3.0,2.4.4,32,8,imbalanced,400,2000,0.2,0,0.9950501253132832,5,"[360, 16, 16, 4, 4]",powerlaw,5,0,0,252,184,"[18, 15, 10, 8, 7, 7, 5, 5, 4, 4, 4, 4, 3, 3, 3, 3, 3, 3, 3, 3, 3, 3, 3, 3, 3, 2, 2, 2, 2, 2, 2, 2, 2, 2, 2, 2, 2, 2, 2, 2, 2, 2, 2, 2, 2, 2, 2, 2, 2, 2, 2, 2, 2, 2, 2, 2, 2, 2, 2, 2, 2, 2, 2, 2, 2, 2, 2, 2, 1, 1, 1, 1, 1, 1, 1, 1, 1, 1, 1, 1, 1, 1, 1, 1, 1, 1, 1, 1, 1, 1, 1, 1, 1, 1, 1, 1, 1, 1, 1, 1, 1, 1, 1, 1, 1, 1, 1, 1, 1, 1, 1, 1, 1, 1, 1, 1, 1, 1, 1, 1, 1, 1, 1, 1, 1, 1, 1, 1, 1, 1, 1, 1, 1, 1, 1, 1, 1, 1, 1, 1, 1, 1, 1, 1, 1, 1, 1, 1, 1, 1, 1, 1, 1, 1, 1, 1, 1, 1, 1, 1, 1, 1, 1, 1, 1, 1, 1, 1, 1, 1, 1, 1, 1, 1, 1, 1, 1, 1, 1, 1, 1, 1, 1, 1, 1, 1, 1, 1, 1, 1, 1, 1, 1, 1, 1, 1, 1, 1, 1, 1]",0.20617962599953898,0.2063858229999419,0.20418137600063346,0.20793922800021392,0.0011481142820048721,"[0.204181, 0.207939, 0.207179, 0.206061, 0.20618, 0.207058, 0.20536, 0.207355, 0.206158]",0.026914056000350683,0.0278695811111902,0.026706276000368234,0.03134630400018068,0.0017689509947596692,"[0.031346, 0.03048, 0.027833, 0.026706, 0.026922, 0.026889, 0.026854, 0.026882, 0.026914]",7.660667199208195,6.513730486358345,7.786155883259306,30,optimal,nan,13.45904541015625,8.833927154541016,305.4644616933127,305.46446155402623,4.5598266327655636e-10,6.655777685260489e-05,4.2801467349634956e-05,1.0,1.0,0.37468354430379747,0.5451197053406999,9,2,1e-07,1e-05,1000,4.0,360.0,80.0,140.10281938633497,16.0,1.0,18.0,1.5873015873015872,1.7401415800356328,1.0
primary,x86_64,none,0.3.0,2.4.4,32,8,imbalanced,400,2000,0.25,0,0.9950501253132832,5,"[360, 16, 16, 4, 4]",powerlaw,5,0,0,312,283,"[18, 15, 10, 7, 7, 5, 5, 4, 4, 3, 3, 2, 2, 2, 2, 2, 2, 2, 2, 2, 2, 2, 2, 2, 2, 2, 2, 2, 2, 1, 1, 1, 1, 1, 1, 1, 1, 1, 1, 1, 1, 1, 1, 1, 1, 1, 1, 1, 1, 1, 1, 1, 1, 1, 1, 1, 1, 1, 1, 1, 1, 1, 1, 1, 1, 1, 1, 1, 1, 1, 1, 1, 1, 1, 1, 1, 1, 1, 1, 1, 1, 1, 1, 1, 1, 1, 1, 1, 1, 1, 1, 1, 1, 1, 1, 1, 1, 1, 1, 1, 1, 1, 1, 1, 1, 1, 1, 1, 1, 1, 1, 1, 1, 1, 1, 1, 1, 1, 1, 1, 1, 1, 1, 1, 1, 1, 1, 1, 1, 1, 1, 1, 1, 1, 1, 1, 1, 1, 1, 1, 1, 1, 1, 1, 1, 1, 1, 1, 1, 1, 1, 1, 1, 1, 1, 1, 1, 1, 1, 1, 1, 1, 1, 1, 1, 1, 1, 1, 1, 1, 1, 1, 1, 1, 1, 1, 1, 1, 1, 1, 1, 1, 1, 1, 1, 1, 1, 1, 1, 1, 1, 1, 1, 1, 1, 1, 1, 1, 1, 1]",0.2038334870003382,0.20400921022216303,0.20092812900020363,0.20880121299978782,0.0022988038368323012,"[0.200928, 0.20281, 0.202754, 0.204381, 0.20251, 0.203833, 0.203962, 0.208801, 0.206104]",0.01940428800025984,0.019590960999873158,0.01804600100058451,0.02120663300047454,0.0014065846747627767,"[0.021115, 0.021153, 0.021207, 0.020482, 0.019404, 0.018724, 0.018046, 0.018076, 0.018111]",10.504558940663461,9.474777490406302,11.570497696028319,29,optimal,nan,13.45904541015625,8.83226490020752,306.8454287318988,306.8454285694817,5.293122759659849e-10,7.694348661124728e-05,4.948032907494605e-05,1.0,1.0,0.22278481012658227,0.36438923395445133,9,2,1e-07,1e-05,1000,4.0,360.0,80.0,140.10281938633497,16.0,1.0,18.0,1.2820512820512822,1.4862397561479663,1.0
primary,x86_64,none,0.3.0,2.4.4,32,8,imbalanced,400,2000,0.3,0,0.9950501253132832,5,"[360, 16, 16, 4, 4]",powerlaw,5,0,0,334,317,"[18, 15, 7, 7, 6, 5, 4, 3, 2, 2, 2, 2, 2, 2, 2, 2, 2, 1, 1, 1, 1, 1, 1, 1, 1, 1, 1, 1, 1, 1, 1, 1, 1, 1, 1, 1, 1, 1, 1, 1, 1, 1, 1, 1, 1, 1, 1, 1, 1, 1, 1, 1, 1, 1, 1, 1, 1, 1, 1, 1, 1, 1, 1, 1, 1, 1, 1, 1, 1, 1, 1, 1, 1, 1, 1, 1, 1, 1, 1, 1, 1, 1, 1, 1, 1, 1, 1, 1, 1, 1, 1, 1, 1, 1, 1, 1, 1, 1, 1, 1, 1, 1, 1, 1, 1, 1, 1, 1, 1, 1, 1, 1, 1, 1, 1, 1, 1, 1, 1, 1, 1, 1, 1, 1, 1, 1, 1, 1, 1, 1, 1, 1, 1, 1, 1, 1, 1, 1, 1, 1, 1, 1, 1, 1, 1, 1, 1, 1, 1, 1, 1, 1, 1, 1, 1, 1, 1, 1, 1, 1, 1, 1, 1, 1, 1, 1, 1, 1, 1, 1, 1, 1, 1, 1, 1, 1, 1, 1, 1, 1, 1, 1, 1, 1, 1, 1, 1, 1, 1, 1, 1, 1, 1, 1, 1, 1, 1, 1, 1, 1]",0.19629759500003274,0.19622754444430435,0.19452968499990675,0.198071445000096,0.0010533500201203483,"[0.19453, 0.196643, 0.196225, 0.198071, 0.194786, 0.196618, 0.196218, 0.196659, 0.196298]",0.01696079499924963,0.016796416999871628,0.015277180999873963,0.018110115000126825,0.0012018511484730061,"[0.017996, 0.01811, 0.017911, 0.017795, 0.016961, 0.016112, 0.015497, 0.015277, 0.015509]",11.573608136217509,10.741493634830285,12.965182843728178,28,optimal,nan,13.45904541015625,8.830632209777832,307.81178998226,307.8117898320535,4.879816898989035e-10,8.312687766509619e-05,5.3456962198734105e-05,1.0,1.0,0.1670886075949367,0.28633405639913234,9,2,1e-07,1e-05,1000,4.0,360.0,80.0,140.10281938633497,16.0,1.0,18.0,1.1976047904191616,1.3480503595760431,1.0
primary,x86_64,none,0.3.0,2.4.4,32,8,imbalanced,400,2000,0.35,0,0.9950501253132832,5,"[360, 16, 16, 4, 4]",powerlaw,5,0,0,345,332,"[18, 15, 7, 5, 4, 4, 3, 2, 2, 2, 2, 2, 2, 1, 1, 1, 1, 1, 1, 1, 1, 1, 1, 1, 1, 1, 1, 1, 1, 1, 1, 1, 1, 1, 1, 1, 1, 1, 1, 1, 1, 1, 1, 1, 1, 1, 1, 1, 1, 1, 1, 1, 1, 1, 1, 1, 1, 1, 1, 1, 1, 1, 1, 1, 1, 1, 1, 1, 1, 1, 1, 1, 1, 1, 1, 1, 1, 1, 1, 1, 1, 1, 1, 1, 1, 1, 1, 1, 1, 1, 1, 1, 1, 1, 1, 1, 1, 1, 1, 1, 1, 1, 1, 1, 1, 1, 1, 1, 1, 1, 1, 1, 1, 1, 1, 1, 1, 1, 1, 1, 1, 1, 1, 1, 1, 1, 1, 1, 1, 1, 1, 1, 1, 1, 1, 1, 1, 1, 1, 1, 1, 1, 1, 1, 1, 1, 1, 1, 1, 1, 1, 1, 1, 1, 1, 1, 1, 1, 1, 1, 1, 1, 1, 1, 1, 1, 1, 1, 1, 1, 1, 1, 1, 1, 1, 1, 1, 1, 1, 1, 1, 1, 1, 1, 1, 1, 1, 1, 1, 1, 1, 1, 1, 1, 1, 1, 1, 1, 1, 1]",0.23148485799993068,0.22465383988906573,0.19540591999975732,0.2328752040002655,0.012692527007639866,"[0.195406, 0.217238, 0.217404, 0.232263, 0.232359, 0.232875, 0.230299, 0.232556, 0.231485]",0.01662359700003435,0.016158037222238717,0.014601599000343413,0.01716026300073281,0.0010248351798598386,"[0.017094, 0.01716, 0.016952, 0.017009, 0.016624, 0.015861, 0.015176, 0.014944, 0.014602]",13.925076383856775,11.387116851962741,15.9486097375218,28,optimal,nan,13.45904541015625,8.830639839172363,308.56925821919054,308.5692581099228,3.541108316594563e-10,8.231440135586521e-05,5.293447772463354e-05,1.0,1.0,0.13924050632911392,0.2444444444444444,9,2,1e-07,1e-05,1000,4.0,360.0,80.0,140.10281938633497,16.0,1.0,18.0,1.1594202898550725,1.2697504993512758,1.0
primary,x86_64,none,0.3.0,2.4.4,32,8,imbalanced,400,2000,0.4,0,0.9950501253132832,5,"[360, 16, 16, 4, 4]",powerlaw,5,0,0,353,344,"[18, 15, 7, 4, 4, 2, 2, 2, 2, 1, 1, 1, 1, 1, 1, 1, 1, 1, 1, 1, 1, 1, 1, 1, 1, 1, 1, 1, 1, 1, 1, 1, 1, 1, 1, 1, 1, 1, 1, 1, 1, 1, 1, 1, 1, 1, 1, 1, 1, 1, 1, 1, 1, 1, 1, 1, 1, 1, 1, 1, 1, 1, 1, 1, 1, 1, 1, 1, 1, 1, 1, 1, 1, 1, 1, 1, 1, 1, 1, 1, 1, 1, 1, 1, 1, 1, 1, 1, 1, 1, 1, 1, 1, 1, 1, 1, 1, 1, 1, 1, 1, 1, 1, 1, 1, 1, 1, 1, 1, 1, 1, 1, 1, 1, 1, 1, 1, 1, 1, 1, 1, 1, 1, 1, 1, 1, 1, 1, 1, 1, 1, 1, 1, 1, 1, 1, 1, 1, 1, 1, 1, 1, 1, 1, 1, 1, 1, 1, 1, 1, 1, 1, 1, 1, 1, 1, 1, 1, 1, 1, 1, 1, 1, 1, 1, 1, 1, 1, 1, 1, 1, 1, 1, 1, 1, 1, 1, 1, 1, 1, 1, 1, 1, 1, 1, 1, 1, 1, 1, 1, 1, 1, 1, 1, 1, 1, 1, 1, 1, 1]",0.19085493700004008,0.1903528352223576,0.18820960100038064,0.19186178000018117,0.0012108723245349152,"[0.18821, 0.191392, 0.188813, 0.190855, 0.190974, 0.191862, 0.190229, 0.191032, 0.18981]",0.015587070000037784,0.01505554877763239,0.013677867999831506,0.016060809000009613,0.0008642685612485969,"[0.015613, 0.015757, 0.016061, 0.015587, 0.015587, 0.014898, 0.014344, 0.013975, 0.013678]",12.244439589966392,11.7185629316847,14.027170024052335,27,optimal,nan,13.45904541015625,8.83185863494873,309.18226734422166,309.18226725035646,3.035917852295075e-10,8.636552841356782e-05,5.5540041186440184e-05,1.0,1.0,0.1189873417721519,0.21266968325791855,9,2,1e-07,1e-05,1000,4.0,360.0,80.0,140.10281938633497,16.0,1.0,18.0,1.13314447592068,1.2330921192652766,1.0
primary,x86_64,none,0.3.0,2.4.4,32,8,imbalanced,400,4000,0.05,0,0.9950501253132832,5,"[360, 16, 16, 4, 4]",powerlaw,5,0,0,36,15,"[308, 9, 8, 6, 6, 4, 4, 4, 4, 4, 4, 3, 3, 3, 3, 2, 2, 2, 2, 2, 2, 1, 1, 1, 1, 1, 1, 1, 1, 1, 1, 1, 1, 1, 1, 1]",0.18022490499970445,0.1800280739996904,0.17845461900014925,0.1806095939991792,0.0006398523090891664,"[0.178455, 0.179894, 0.179827, 0.180249, 0.180418, 0.180225, 0.18061, 0.180169, 0.180407]",0.1356246059995101,0.1359044165555032,0.1343149969998194,0.13915686800010008,0.0015807244746799726,"[0.135665, 0.134967, 0.139157, 0.137717, 0.135895, 0.135625, 0.134367, 0.134315, 0.135432]",1.328851086213334,1.2823989326924268,1.3446718388373415,25,optimal,nan,13.45904541015625,15.280939102172852,294.59598685698387,294.59595711344775,1.0096381975515748e-07,0.0007875064492455508,0.000516982670201531,0.99995,0.7577937649880095,0.8,0.7783251231527093,9,2,1e-07,1e-05,1000,4.0,360.0,80.0,140.10281938633497,16.0,1.0,308.0,11.11111111111111,50.22382003358001,2.0
primary,x86_64,none,0.3.0,2.4.4,32,8,imbalanced,400,4000,0.1,0,0.9950501253132832,5,"[360, 16, 16, 4, 4]",powerlaw,5,0,0,111,31,"[43, 14, 12, 10, 9, 9, 9, 9, 9, 8, 7, 7, 6, 6, 6, 6, 6, 5, 5, 5, 5, 5, 5, 5, 4, 4, 4, 4, 4, 4, 4, 4, 4, 4, 4, 4, 4, 4, 4, 4, 3, 3, 3, 3, 3, 3, 3, 3, 3, 3, 3, 3, 3, 3, 2, 2, 2, 2, 2, 2, 2, 2, 2, 2, 2, 2, 2, 2, 2, 2, 2, 2, 2, 2, 2, 2, 2, 2, 2, 2, 1, 1, 1, 1, 1, 1, 1, 1, 1, 1, 1, 1, 1, 1, 1, 1, 1, 1, 1, 1, 1, 1, 1, 1, 1, 1, 1, 1, 1, 1, 1]",0.18458590899990668,0.1839626999999382,0.18080193599962513,0.18652835600005346,0.0019168946631738372,"[0.182476, 0.184586, 0.18297, 0.185342, 0.186528, 0.185669, 0.180802, 0.185099, 0.182192]",0.04356733199983864,0.0441255022221109,0.043047287999797845,0.04644063399973675,0.0012739105257902309,"[0.046441, 0.044672, 0.043617, 0.043136, 0.043513, 0.045955, 0.043567, 0.043181, 0.043047]",4.2367962536836155,3.89318405947365,4.333103539552351,26,optimal,nan,13.45904541015625,8.845099449157715,300.3991651268204,300.3991568443607,2.757151372065848e-08,0.000819371246923814,0.0005404994725994035,1.0,1.0,0.7316455696202532,0.8450292397660819,9,2,1e-07,1e-05,1000,4.0,360.0,80.0,140.10281938633497,16.0,1.0,43.0,3.6036036036036037,4.538681157966563,2.0
primary,x86_64,none,0.3.0,2.4.4,32,8,imbalanced,400,4000,0.15,0,0.9950501253132832,5,"[360, 16, 16, 4, 4]",powerlaw,5,0,0,179,94,"[33, 10, 9, 8, 7, 7, 7, 7, 7, 6, 6, 6, 5, 5, 5, 5, 5, 4, 4, 4, 4, 4, 4, 3, 3, 3, 3, 3, 3, 3, 3, 3, 3, 3, 3, 3, 3, 3, 3, 3, 3, 3, 3, 2, 2, 2, 2, 2, 2, 2, 2, 2, 2, 2, 2, 2, 2, 2, 2, 2, 2, 2, 2, 2, 2, 2, 2, 2, 2, 2, 2, 2, 2, 2, 2, 2, 2, 2, 2, 2, 2, 2, 2, 2, 2, 1, 1, 1, 1, 1, 1, 1, 1, 1, 1, 1, 1, 1, 1, 1, 1, 1, 1, 1, 1, 1, 1, 1, 1, 1, 1, 1, 1, 1, 1, 1, 1, 1, 1, 1, 1, 1, 1, 1, 1, 1, 1, 1, 1, 1, 1, 1, 1, 1, 1, 1, 1, 1, 1, 1, 1, 1, 1, 1, 1, 1, 1, 1, 1, 1, 1, 1, 1, 1, 1, 1, 1, 1, 1, 1, 1, 1, 1, 1, 1, 1, 1, 1, 1, 1, 1, 1, 1, 1, 1, 1, 1, 1, 1]",0.18184676999953808,0.18230929422214912,0.1812174930000765,0.18458827799986466,0.0013026617893293598,"[0.181217, 0.181993, 0.181282, 0.181847, 0.181343, 0.182468, 0.184409, 0.184588, 0.181637]",0.03722113299954799,0.03781808855526631,0.037025225999968825,0.04063347600003908,0.0012129661030483153,"[0.040633, 0.038962, 0.037679, 0.037394, 0.037221, 0.037153, 0.037077, 0.037216, 0.037025]",4.885578577141819,4.459807794930028,4.985473363485211,26,optimal,nan,13.45904541015625,8.83914852142334,304.11371129457643,304.11367469441905,1.20350237517404e-07,0.0017602581207201845,0.0011611569191257445,1.0,1.0,0.5594936708860759,0.7175324675324676,9,2,1e-07,1e-05,1000,4.0,360.0,80.0,140.10281938633497,16.0,1.0,33.0,2.2346368715083798,2.8521727985181706,1.0
primary,x86_64,none,0.3.0,2.4.4,32,8,imbalanced,400,4000,0.2,0,0.9950501253132832,5,"[360, 16, 16, 4, 4]",powerlaw,5,0,0,250,185,"[33, 10, 8, 7, 7, 5, 5, 5, 4, 4, 4, 3, 3, 3, 3, 3, 3, 3, 3, 3, 3, 3, 3, 3, 3, 3, 2, 2, 2, 2, 2, 2, 2, 2, 2, 2, 2, 2, 2, 2, 2, 2, 2, 2, 2, 2, 2, 2, 2, 2, 2, 2, 2, 2, 2, 2, 2, 2, 2, 2, 2, 2, 2, 2, 2, 1, 1, 1, 1, 1, 1, 1, 1, 1, 1, 1, 1, 1, 1, 1, 1, 1, 1, 1, 1, 1, 1, 1, 1, 1, 1, 1, 1, 1, 1, 1, 1, 1, 1, 1, 1, 1, 1, 1, 1, 1, 1, 1, 1, 1, 1, 1, 1, 1, 1, 1, 1, 1, 1, 1, 1, 1, 1, 1, 1, 1, 1, 1, 1, 1, 1, 1, 1, 1, 1, 1, 1, 1, 1, 1, 1, 1, 1, 1, 1, 1, 1, 1, 1, 1, 1, 1, 1, 1, 1, 1, 1, 1, 1, 1, 1, 1, 1, 1, 1, 1, 1, 1, 1, 1, 1, 1, 1, 1, 1, 1, 1, 1, 1, 1, 1, 1, 1, 1, 1, 1, 1, 1, 1, 1, 1, 1, 1, 1, 1, 1, 1, 1, 1, 1]",0.18805642200004513,0.1886624806669109,0.1862493299995549,0.19323786400036624,0.001977518471857646,"[0.186249, 0.188705, 0.187718, 0.187355, 0.188035, 0.18889, 0.188056, 0.189716, 0.193238]",0.03036201500071911,0.031051053000131407,0.03022309799962386,0.03310471199984022,0.0011431240068849448,"[0.033105, 0.03276, 0.031502, 0.030681, 0.030223, 0.030248, 0.030362, 0.030225, 0.030353]",6.193805714001232,5.626067068653364,6.393714635169802,27,optimal,nan,13.45904541015625,8.844876289367676,306.35672103914936,306.3565259489217,6.368074020805754e-07,0.004138569330515041,0.0027300340975463452,1.0,1.0,0.379746835443038,0.5504587155963303,9,2,1e-07,1e-05,1000,4.0,360.0,80.0,140.10281938633497,16.0,1.0,33.0,1.6,2.2891046284519194,1.0
primary,x86_64,none,0.3.0,2.4.4,32,8,imbalanced,400,4000,0.25,0,0.9950501253132832,5,"[360, 16, 16, 4, 4]",powerlaw,5,0,0,310,279,"[33, 10, 7, 7, 5, 4, 4, 4, 3, 2, 2, 2, 2, 2, 2, 2, 2, 2, 2, 2, 2, 2, 2, 2, 2, 2, 2, 2, 2, 2, 2, 1, 1, 1, 1, 1, 1, 1, 1, 1, 1, 1, 1, 1, 1, 1, 1, 1, 1, 1, 1, 1, 1, 1, 1, 1, 1, 1, 1, 1, 1, 1, 1, 1, 1, 1, 1, 1, 1, 1, 1, 1, 1, 1, 1, 1, 1, 1, 1, 1, 1, 1, 1, 1, 1, 1, 1, 1, 1, 1, 1, 1, 1, 1, 1, 1, 1, 1, 1, 1, 1, 1, 1, 1, 1, 1, 1, 1, 1, 1, 1, 1, 1, 1, 1, 1, 1, 1, 1, 1, 1, 1, 1, 1, 1, 1, 1, 1, 1, 1, 1, 1, 1, 1, 1, 1, 1, 1, 1, 1, 1, 1, 1, 1, 1, 1, 1, 1, 1, 1, 1, 1, 1, 1, 1, 1, 1, 1, 1, 1, 1, 1, 1, 1, 1, 1, 1, 1, 1, 1, 1, 1, 1, 1, 1, 1, 1, 1, 1, 1, 1, 1, 1, 1, 1, 1, 1, 1, 1, 1, 1, 1, 1, 1, 1, 1, 1, 1, 1, 1]",0.19665020400043431,0.19674189088861263,0.19438124599946605,0.19860571099980007,0.0013183904886749007,"[0.195611, 0.197634, 0.194381, 0.19665, 0.196401, 0.198606, 0.196377, 0.19833, 0.196686]",0.022682461999465886,0.022956731888977327,0.02242006600044988,0.02381872200021462,0.0005667483809694843,"[0.023571, 0.023819, 0.023664, 0.022903, 0.022682, 0.022546, 0.02242, 0.022473, 0.022532]",8.669702786455233,8.160859595981453,8.85839100544195,28,optimal,nan,13.45904541015625,8.844901084899902,307.7277760462406,307.7275452391146,7.500367011624e-07,0.004506923160364967,0.0029730054819443958,0.9999875,1.0,0.22784810126582278,0.3711340206185567,9,2,1e-07,1e-05,1000,4.0,360.0,80.0,140.10281938633497,16.0,1.0,33.0,1.2903225806451613,1.9837004909706535,1.0
primary,x86_64,none,0.3.0,2.4.4,32,8,imbalanced,400,4000,0.3,0,0.9950501253132832,5,"[360, 16, 16, 4, 4]",powerlaw,5,0,0,339,325,"[33, 7, 5, 5, 4, 4, 3, 2, 2, 2, 2, 2, 2, 2, 1, 1, 1, 1, 1, 1, 1, 1, 1, 1, 1, 1, 1, 1, 1, 1, 1, 1, 1, 1, 1, 1, 1, 1, 1, 1, 1, 1, 1, 1, 1, 1, 1, 1, 1, 1, 1, 1, 1, 1, 1, 1, 1, 1, 1, 1, 1, 1, 1, 1, 1, 1, 1, 1, 1, 1, 1, 1, 1, 1, 1, 1, 1, 1, 1, 1, 1, 1, 1, 1, 1, 1, 1, 1, 1, 1, 1, 1, 1, 1, 1, 1, 1, 1, 1, 1, 1, 1, 1, 1, 1, 1, 1, 1, 1, 1, 1, 1, 1, 1, 1, 1, 1, 1, 1, 1, 1, 1, 1, 1, 1, 1, 1, 1, 1, 1, 1, 1, 1, 1, 1, 1, 1, 1, 1, 1, 1, 1, 1, 1, 1, 1, 1, 1, 1, 1, 1, 1, 1, 1, 1, 1, 1, 1, 1, 1, 1, 1, 1, 1, 1, 1, 1, 1, 1, 1, 1, 1, 1, 1, 1, 1, 1, 1, 1, 1, 1, 1, 1, 1, 1, 1, 1, 1, 1, 1, 1, 1, 1, 1, 1, 1, 1, 1, 1, 1]",0.26848393300042517,0.2698009283334007,0.26677538600051776,0.2816405670000677,0.004609676662517395,"[0.268533, 0.267382, 0.268002, 0.268484, 0.267208, 0.266775, 0.27091, 0.281641, 0.269275]",0.022084055000050284,0.02195780388885598,0.02049899000030564,0.02330105199962418,0.001158003865377173,"[0.022896, 0.023178, 0.022732, 0.022084, 0.023301, 0.02176, 0.020625, 0.020499, 0.020545]",12.157365710229115,11.44907045419325,13.73924115265525,28,optimal,nan,13.45904541015625,8.842055320739746,308.68142001714926,308.6814197446477,8.827922068482469e-10,0.00015248374011245236,0.00010058636024820493,1.0,1.0,0.1518987341772152,0.26373626373626374,9,2,1e-07,1e-05,1000,4.0,360.0,80.0,140.10281938633497,16.0,1.0,33.0,1.1799410029498525,1.8095319550160929,1.0
primary,x86_64,none,0.3.0,2.4.4,32,8,imbalanced,400,4000,0.35,0,0.9950501253132832,5,"[360, 16, 16, 4, 4]",powerlaw,5,0,0,344,331,"[18, 15, 7, 5, 5, 4, 3, 2, 2, 2, 2, 2, 2, 1, 1, 1, 1, 1, 1, 1, 1, 1, 1, 1, 1, 1, 1, 1, 1, 1, 1, 1, 1, 1, 1, 1, 1, 1, 1, 1, 1, 1, 1, 1, 1, 1, 1, 1, 1, 1, 1, 1, 1, 1, 1, 1, 1, 1, 1, 1, 1, 1, 1, 1, 1, 1, 1, 1, 1, 1, 1, 1, 1, 1, 1, 1, 1, 1, 1, 1, 1, 1, 1, 1, 1, 1, 1, 1, 1, 1, 1, 1, 1, 1, 1, 1, 1, 1, 1, 1, 1, 1, 1, 1, 1, 1, 1, 1, 1, 1, 1, 1, 1, 1, 1, 1, 1, 1, 1, 1, 1, 1, 1, 1, 1, 1, 1, 1, 1, 1, 1, 1, 1, 1, 1, 1, 1, 1, 1, 1, 1, 1, 1, 1, 1, 1, 1, 1, 1, 1, 1, 1, 1, 1, 1, 1, 1, 1, 1, 1, 1, 1, 1, 1, 1, 1, 1, 1, 1, 1, 1, 1, 1, 1, 1, 1, 1, 1, 1, 1, 1, 1, 1, 1, 1, 1, 1, 1, 1, 1, 1, 1, 1, 1, 1, 1, 1, 1, 1, 1]",0.22238999399996828,0.22326187811116446,0.22098777600058384,0.22749900899998465,0.00217889720421551,"[0.220988, 0.227499, 0.221866, 0.224908, 0.22239, 0.22435, 0.221513, 0.224496, 0.221346]",0.014882990999467438,0.01685235022220392,0.014215719999810972,0.022762010999940685,0.0035816769791466615,"[0.022762, 0.022502, 0.018821, 0.015551, 0.014883, 0.014433, 0.014223, 0.014216, 0.01428]",14.942560538263184,9.708622669638448,16.003340597803682,28,optimal,nan,13.45904541015625,8.830227851867676,309.44299707154886,309.44299686082206,6.809874452063501e-10,0.0001565532210089371,0.00010327042761440507,1.0,1.0,0.14177215189873418,0.2483370288248337,9,2,1e-07,1e-05,1000,4.0,360.0,80.0,140.10281938633497,16.0,1.0,18.0,1.1627906976744187,1.2791754713193553,1.0
primary,x86_64,none,0.3.0,2.4.4,32,8,imbalanced,400,4000,0.4,0,0.9950501253132832,5,"[360, 16, 16, 4, 4]",powerlaw,5,0,0,354,345,"[18, 15, 7, 4, 3, 2, 2, 2, 2, 1, 1, 1, 1, 1, 1, 1, 1, 1, 1, 1, 1, 1, 1, 1, 1, 1, 1, 1, 1, 1, 1, 1, 1, 1, 1, 1, 1, 1, 1, 1, 1, 1, 1, 1, 1, 1, 1, 1, 1, 1, 1, 1, 1, 1, 1, 1, 1, 1, 1, 1, 1, 1, 1, 1, 1, 1, 1, 1, 1, 1, 1, 1, 1, 1, 1, 1, 1, 1, 1, 1, 1, 1, 1, 1, 1, 1, 1, 1, 1, 1, 1, 1, 1, 1, 1, 1, 1, 1, 1, 1, 1, 1, 1, 1, 1, 1, 1, 1, 1, 1, 1, 1, 1, 1, 1, 1, 1, 1, 1, 1, 1, 1, 1, 1, 1, 1, 1, 1, 1, 1, 1, 1, 1, 1, 1, 1, 1, 1, 1, 1, 1, 1, 1, 1, 1, 1, 1, 1, 1, 1, 1, 1, 1, 1, 1, 1, 1, 1, 1, 1, 1, 1, 1, 1, 1, 1, 1, 1, 1, 1, 1, 1, 1, 1, 1, 1, 1, 1, 1, 1, 1, 1, 1, 1, 1, 1, 1, 1, 1, 1, 1, 1, 1, 1, 1, 1, 1, 1, 1, 1]",0.2160853479999787,0.21632967111094736,0.214299626999491,0.2185003449994838,0.0014616746659339938,"[0.214995, 0.215356, 0.2143, 0.216172, 0.215823, 0.217388, 0.216085, 0.2185, 0.218347]",0.014067305000025954,0.016043788444322773,0.013159009000446531,0.021412033999695268,0.0036151916557547454,"[0.021209, 0.021412, 0.019714, 0.014768, 0.014067, 0.013506, 0.013338, 0.013159, 0.013221]",15.360820569368476,10.008373188765761,16.604620073750944,27,optimal,nan,13.45904541015625,8.832452774047852,310.0632754973076,310.0632752957608,6.500183258309002e-10,0.00017171416171474219,0.00011327185669719339,1.0,1.0,0.11645569620253164,0.20861678004535147,9,2,1e-07,1e-05,1000,4.0,360.0,80.0,140.10281938633497,16.0,1.0,18.0,1.1299435028248588,1.2259236099256106,1.0
primary,x86_64,none,0.3.0,2.4.4,32,8,imbalanced,800,1600,0.05,0,0.9975125156445557,5,"[720, 32, 32, 8, 8]",powerlaw,5,0,0,12,9,"[787, 2, 2, 1, 1, 1, 1, 1, 1, 1, 1, 1]",0.817783192999741,0.8182743431111198,0.8126551790001031,0.825557733000096,0.0041545909406956,"[0.817155, 0.815141, 0.825558, 0.817783, 0.812655, 0.814037, 0.822678, 0.8192, 0.820261]",0.8346620290003557,0.836076246111083,0.8311867550000898,0.844101165000211,0.004101051079252873,"[0.833783, 0.832527, 0.834662, 0.831187, 0.84036, 0.836869, 0.837463, 0.844101, 0.833734]",0.9797776400337393,0.9627461881300684,0.9932277289476381,21,optimal,nan,53.74835205078125,90.30129718780518,394.16099076779943,394.1609700130884,5.265541626651725e-08,0.00512646018587648,0.002525652156911277,0.999996875,0.28481927710843374,0.7433962264150943,0.4118466898954704,9,2,1e-07,1e-05,1000,8.0,720.0,160.0,280.20563877266994,32.0,1.0,787.0,66.66666666666667,217.18898580626865,1.0
primary,x86_64,none,0.3.0,2.4.4,32,8,imbalanced,800,1600,0.1,0,0.9975125156445557,5,"[720, 32, 32, 8, 8]",powerlaw,5,0,0,371,249,"[196, 11, 9, 7, 7, 7, 7, 7, 6, 6, 6, 6, 6, 5, 5, 4, 4, 4, 4, 4, 4, 4, 4, 4, 4, 4, 3, 3, 3, 3, 3, 3, 3, 3, 3, 3, 3, 3, 3, 3, 3, 3, 3, 3, 3, 3, 3, 3, 3, 3, 2, 2, 2, 2, 2, 2, 2, 2, 2, 2, 2, 2, 2, 2, 2, 2, 2, 2, 2, 2, 2, 2, 2, 2, 2, 2, 2, 2, 2, 2, 2, 2, 2, 2, 2, 2, 2, 2, 2, 2, 2, 2, 2, 2, 2, 2, 2, 2, 2, 2, 2, 2, 2, 2, 2, 2, 2, 2, 2, 2, 2, 2, 2, 2, 2, 2, 2, 2, 2, 2, 2, 2, 1, 1, 1, 1, 1, 1, 1, 1, 1, 1, 1, 1, 1, 1, 1, 1, 1, 1, 1, 1, 1, 1, 1, 1, 1, 1, 1, 1, 1, 1, 1, 1, 1, 1, 1, 1, 1, 1, 1, 1, 1, 1, 1, 1, 1, 1, 1, 1, 1, 1, 1, 1, 1, 1, 1, 1, 1, 1, 1, 1, 1, 1, 1, 1, 1, 1, 1, 1, 1, 1, 1, 1, 1, 1, 1, 1, 1, 1]",0.7721878510001261,0.7830124753332307,0.7665611809998154,0.8458476819996577,0.0262383204929164,"[0.845848, 0.804479, 0.766561, 0.772981, 0.766983, 0.777257, 0.771465, 0.772188, 0.769351]",0.17367087799993897,0.17385161322221798,0.17096261400001822,0.1765524890006418,0.0016127795878163357,"[0.170963, 0.173355, 0.174564, 0.173635, 0.173671, 0.175318, 0.172414, 0.174193, 0.176552]",4.446271360477589,4.341831629442669,4.947559365228046,20,optimal,nan,53.74835205078125,35.4301872253418,402.2821573472137,402.2807613939631,3.4700849269905764e-06,0.008958031439554315,0.004420342693048308,0.999946875,0.8918918918918919,0.4981132075471698,0.639225181598063,9,2,1e-07,1e-05,1000,8.0,720.0,160.0,280.20563877266994,32.0,1.0,196.0,2.1563342318059298,10.16003117428353,1.0
primary,x86_64,none,0.3.0,2.4.4,32,8,imbalanced,800,1600,0.15,0,0.9975125156445557,5,"[720, 32, 32, 8, 8]",powerlaw,5,0,0,614,566,"[49, 24, 21, 16, 13, 8, 7, 6, 6, 4, 3, 3, 3, 3, 2, 2, 2, 2, 2, 2, 2, 2, 2, 2, 2, 2, 2, 2, 2, 2, 2, 2, 2, 2, 2, 2, 2, 2, 2, 2, 2, 2, 2, 2, 2, 2, 2, 2, 1, 1, 1, 1, 1, 1, 1, 1, 1, 1, 1, 1, 1, 1, 1, 1, 1, 1, 1, 1, 1, 1, 1, 1, 1, 1, 1, 1, 1, 1, 1, 1, 1, 1, 1, 1, 1, 1, 1, 1, 1, 1, 1, 1, 1, 1, 1, 1, 1, 1, 1, 1, 1, 1, 1, 1, 1, 1, 1, 1, 1, 1, 1, 1, 1, 1, 1, 1, 1, 1, 1, 1, 1, 1, 1, 1, 1, 1, 1, 1, 1, 1, 1, 1, 1, 1, 1, 1, 1, 1, 1, 1, 1, 1, 1, 1, 1, 1, 1, 1, 1, 1, 1, 1, 1, 1, 1, 1, 1, 1, 1, 1, 1, 1, 1, 1, 1, 1, 1, 1, 1, 1, 1, 1, 1, 1, 1, 1, 1, 1, 1, 1, 1, 1, 1, 1, 1, 1, 1, 1, 1, 1, 1, 1, 1, 1, 1, 1, 1, 1, 1, 1]",0.7686460589993658,0.7686005411109768,0.7625005230001989,0.7743582149996655,0.004129507942660446,"[0.773442, 0.762501, 0.768646, 0.77163, 0.763295, 0.768657, 0.7663, 0.768577, 0.774358]",0.05434932099979051,0.05468678277783409,0.05232495100062806,0.057235684000261244,0.0015505768807204587,"[0.052325, 0.054349, 0.057236, 0.05531, 0.05434, 0.055655, 0.05614, 0.053762, 0.053065]",14.142698470921625,13.322117771785841,14.799024178548601,20,optimal,nan,53.74835205078125,34.67251491546631,405.85928879909335,405.85857140656697,1.7675892758436535e-06,0.008960944187941688,0.004421786344833572,0.99999375,0.9786096256684492,0.23018867924528302,0.3727087576374745,9,2,1e-07,1e-05,1000,8.0,720.0,160.0,280.20563877266994,32.0,1.0,49.0,1.3029315960912051,2.4679227847609826,1.0
primary,x86_64,none,0.3.0,2.4.4,32,8,imbalanced,800,1600,0.2,0,0.9975125156445557,5,"[720, 32, 32, 8, 8]",powerlaw,5,0,0,691,680,"[28, 22, 21, 21, 8, 6, 4, 3, 3, 2, 2, 1, 1, 1, 1, 1, 1, 1, 1, 1, 1, 1, 1, 1, 1, 1, 1, 1, 1, 1, 1, 1, 1, 1, 1, 1, 1, 1, 1, 1, 1, 1, 1, 1, 1, 1, 1, 1, 1, 1, 1, 1, 1, 1, 1, 1, 1, 1, 1, 1, 1, 1, 1, 1, 1, 1, 1, 1, 1, 1, 1, 1, 1, 1, 1, 1, 1, 1, 1, 1, 1, 1, 1, 1, 1, 1, 1, 1, 1, 1, 1, 1, 1, 1, 1, 1, 1, 1, 1, 1, 1, 1, 1, 1, 1, 1, 1, 1, 1, 1, 1, 1, 1, 1, 1, 1, 1, 1, 1, 1, 1, 1, 1, 1, 1, 1, 1, 1, 1, 1, 1, 1, 1, 1, 1, 1, 1, 1, 1, 1, 1, 1, 1, 1, 1, 1, 1, 1, 1, 1, 1, 1, 1, 1, 1, 1, 1, 1, 1, 1, 1, 1, 1, 1, 1, 1, 1, 1, 1, 1, 1, 1, 1, 1, 1, 1, 1, 1, 1, 1, 1, 1, 1, 1, 1, 1, 1, 1, 1, 1, 1, 1, 1, 1, 1, 1, 1, 1, 1, 1]",0.7657086010003695,0.7650137577778272,0.7626120750001064,0.7669267829996897,0.001646069827494349,"[0.766749, 0.766279, 0.764311, 0.762851, 0.765709, 0.766927, 0.763862, 0.765825, 0.762612]",0.038835869000649836,0.03896475800007061,0.03861977699943964,0.03961118500046723,0.0003284207240961908,"[0.039014, 0.039361, 0.038797, 0.039611, 0.038641, 0.038836, 0.038833, 0.03862, 0.03897]",19.716530637889345,19.25244283883734,19.858394910224824,20,optimal,nan,53.74835205078125,34.64008140563965,407.9484282894683,407.94774896985496,1.6652095369430099e-06,0.008963383456835228,0.004422995328145755,0.999990625,0.9818181818181818,0.13584905660377358,0.23867403314917124,9,2,1e-07,1e-05,1000,8.0,720.0,160.0,280.20563877266994,32.0,1.0,28.0,1.1577424023154848,1.7206526536412847,1.0
primary,x86_64,none,0.3.0,2.4.4,32,8,imbalanced,800,1600,0.25,0,0.9975125156445557,5,"[720, 32, 32, 8, 8]",powerlaw,5,0,0,701,691,"[28, 20, 18, 15, 8, 6, 6, 4, 2, 2, 1, 1, 1, 1, 1, 1, 1, 1, 1, 1, 1, 1, 1, 1, 1, 1, 1, 1, 1, 1, 1, 1, 1, 1, 1, 1, 1, 1, 1, 1, 1, 1, 1, 1, 1, 1, 1, 1, 1, 1, 1, 1, 1, 1, 1, 1, 1, 1, 1, 1, 1, 1, 1, 1, 1, 1, 1, 1, 1, 1, 1, 1, 1, 1, 1, 1, 1, 1, 1, 1, 1, 1, 1, 1, 1, 1, 1, 1, 1, 1, 1, 1, 1, 1, 1, 1, 1, 1, 1, 1, 1, 1, 1, 1, 1, 1, 1, 1, 1, 1, 1, 1, 1, 1, 1, 1, 1, 1, 1, 1, 1, 1, 1, 1, 1, 1, 1, 1, 1, 1, 1, 1, 1, 1, 1, 1, 1, 1, 1, 1, 1, 1, 1, 1, 1, 1, 1, 1, 1, 1, 1, 1, 1, 1, 1, 1, 1, 1, 1, 1, 1, 1, 1, 1, 1, 1, 1, 1, 1, 1, 1, 1, 1, 1, 1, 1, 1, 1, 1, 1, 1, 1, 1, 1, 1, 1, 1, 1, 1, 1, 1, 1, 1, 1, 1, 1, 1, 1, 1, 1]",0.7695447870000862,0.7705719362223439,0.7679359710000426,0.7742857189996357,0.0023551476810602695,"[0.769545, 0.772675, 0.767936, 0.768665, 0.77355, 0.769157, 0.774286, 0.770672, 0.768664]",0.0375143860001117,0.03797677855557898,0.0369646589997501,0.039292982000006305,0.0008655635274436076,"[0.037448, 0.0381, 0.03902, 0.039293, 0.038833, 0.037514, 0.036965, 0.037225, 0.037393]",20.51332486150233,19.543845539641644,20.94664850025724,20,optimal,nan,53.74835205078125,34.63514041900635,409.59617758704036,409.5955804501263,1.457867398983735e-06,0.008965499285324086,0.004424044005924135,1.0,1.0,0.12452830188679245,0.2214765100671141,9,2,1e-07,1e-05,1000,8.0,720.0,160.0,280.20563877266994,32.0,1.0,28.0,1.1412268188302426,1.5439442907062055,1.0
primary,x86_64,none,0.3.0,2.4.4,32,8,imbalanced,800,1600,0.3,0,0.9975125156445557,5,"[720, 32, 32, 8, 8]",powerlaw,5,0,0,717,707,"[28, 17, 9, 8, 8, 6, 6, 6, 3, 2, 1, 1, 1, 1, 1, 1, 1, 1, 1, 1, 1, 1, 1, 1, 1, 1, 1, 1, 1, 1, 1, 1, 1, 1, 1, 1, 1, 1, 1, 1, 1, 1, 1, 1, 1, 1, 1, 1, 1, 1, 1, 1, 1, 1, 1, 1, 1, 1, 1, 1, 1, 1, 1, 1, 1, 1, 1, 1, 1, 1, 1, 1, 1, 1, 1, 1, 1, 1, 1, 1, 1, 1, 1, 1, 1, 1, 1, 1, 1, 1, 1, 1, 1, 1, 1, 1, 1, 1, 1, 1, 1, 1, 1, 1, 1, 1, 1, 1, 1, 1, 1, 1, 1, 1, 1, 1, 1, 1, 1, 1, 1, 1, 1, 1, 1, 1, 1, 1, 1, 1, 1, 1, 1, 1, 1, 1, 1, 1, 1, 1, 1, 1, 1, 1, 1, 1, 1, 1, 1, 1, 1, 1, 1, 1, 1, 1, 1, 1, 1, 1, 1, 1, 1, 1, 1, 1, 1, 1, 1, 1, 1, 1, 1, 1, 1, 1, 1, 1, 1, 1, 1, 1, 1, 1, 1, 1, 1, 1, 1, 1, 1, 1, 1, 1, 1, 1, 1, 1, 1, 1]",0.72921998000038,0.732886938999804,0.7262101339993023,0.7490754360005667,0.007512095019131187,"[0.731685, 0.727111, 0.727707, 0.738365, 0.728867, 0.737741, 0.72922, 0.749075, 0.72621]",0.03699671499998658,0.03712665988900375,0.03688629400039645,0.03766042400002334,0.00028633950506782847,"[0.03766, 0.036905, 0.036917, 0.036886, 0.037478, 0.036947, 0.037322, 0.037028, 0.036997]",19.71039807184623,19.28311093892231,20.307690330519943,19,optimal,nan,53.74835205078125,34.62786674499512,410.9549400088626,410.95392789573157,2.4628323752571132e-06,0.011141683141735026,0.005503796602168815,1.0,1.0,0.10440251572327044,0.18906605922551253,9,2,1e-07,1e-05,1000,8.0,720.0,160.0,280.20563877266994,32.0,1.0,28.0,1.1157601115760112,1.303033640278568,1.0
primary,x86_64,none,0.3.0,2.4.4,32,8,imbalanced,800,1600,0.35,0,0.9975125156445557,5,"[720, 32, 32, 8, 8]",powerlaw,5,0,0,733,723,"[28, 16, 7, 6, 6, 5, 3, 2, 2, 2, 1, 1, 1, 1, 1, 1, 1, 1, 1, 1, 1, 1, 1, 1, 1, 1, 1, 1, 1, 1, 1, 1, 1, 1, 1, 1, 1, 1, 1, 1, 1, 1, 1, 1, 1, 1, 1, 1, 1, 1, 1, 1, 1, 1, 1, 1, 1, 1, 1, 1, 1, 1, 1, 1, 1, 1, 1, 1, 1, 1, 1, 1, 1, 1, 1, 1, 1, 1, 1, 1, 1, 1, 1, 1, 1, 1, 1, 1, 1, 1, 1, 1, 1, 1, 1, 1, 1, 1, 1, 1, 1, 1, 1, 1, 1, 1, 1, 1, 1, 1, 1, 1, 1, 1, 1, 1, 1, 1, 1, 1, 1, 1, 1, 1, 1, 1, 1, 1, 1, 1, 1, 1, 1, 1, 1, 1, 1, 1, 1, 1, 1, 1, 1, 1, 1, 1, 1, 1, 1, 1, 1, 1, 1, 1, 1, 1, 1, 1, 1, 1, 1, 1, 1, 1, 1, 1, 1, 1, 1, 1, 1, 1, 1, 1, 1, 1, 1, 1, 1, 1, 1, 1, 1, 1, 1, 1, 1, 1, 1, 1, 1, 1, 1, 1, 1, 1, 1, 1, 1, 1]",0.7330656650001401,0.7329706792222876,0.7296461910000289,0.7365622999996049,0.0023126356902945,"[0.736068, 0.730298, 0.731672, 0.733543, 0.733066, 0.732753, 0.736562, 0.733127, 0.729646]",0.03509582299921021,0.035181837666439404,0.0347218189999694,0.03626414100017428,0.0004338807017169061,"[0.035201, 0.034984, 0.035228, 0.036264, 0.035096, 0.035072, 0.034938, 0.035131, 0.034722]",20.887547359030073,20.120321917911205,21.213240585127583,19,optimal,nan,53.74835205078125,34.628329277038574,412.1084619055028,412.1074643967519,2.420500531100578e-06,0.011143489264342055,0.005504693706396383,1.0,1.0,0.08427672955974842,0.1554524361948956,9,2,1e-07,1e-05,1000,8.0,720.0,160.0,280.20563877266994,32.0,1.0,28.0,1.0914051841746248,1.200770473811725,1.0
primary,x86_64,none,0.3.0,2.4.4,32,8,imbalanced,800,1600,0.4,0,0.9975125156445557,5,"[720, 32, 32, 8, 8]",powerlaw,5,0,0,737,727,"[28, 16, 6, 6, 5, 3, 3, 2, 2, 2, 1, 1, 1, 1, 1, 1, 1, 1, 1, 1, 1, 1, 1, 1, 1, 1, 1, 1, 1, 1, 1, 1, 1, 1, 1, 1, 1, 1, 1, 1, 1, 1, 1, 1, 1, 1, 1, 1, 1, 1, 1, 1, 1, 1, 1, 1, 1, 1, 1, 1, 1, 1, 1, 1, 1, 1, 1, 1, 1, 1, 1, 1, 1, 1, 1, 1, 1, 1, 1, 1, 1, 1, 1, 1, 1, 1, 1, 1, 1, 1, 1, 1, 1, 1, 1, 1, 1, 1, 1, 1, 1, 1, 1, 1, 1, 1, 1, 1, 1, 1, 1, 1, 1, 1, 1, 1, 1, 1, 1, 1, 1, 1, 1, 1, 1, 1, 1, 1, 1, 1, 1, 1, 1, 1, 1, 1, 1, 1, 1, 1, 1, 1, 1, 1, 1, 1, 1, 1, 1, 1, 1, 1, 1, 1, 1, 1, 1, 1, 1, 1, 1, 1, 1, 1, 1, 1, 1, 1, 1, 1, 1, 1, 1, 1, 1, 1, 1, 1, 1, 1, 1, 1, 1, 1, 1, 1, 1, 1, 1, 1, 1, 1, 1, 1, 1, 1, 1, 1, 1, 1]",0.7308441739996852,0.7310481222222935,0.7249752719999378,0.7367795600002864,0.003450771061915572,"[0.73678, 0.730844, 0.731425, 0.731787, 0.728308, 0.724975, 0.730757, 0.734942, 0.729615]",0.03473606499937887,0.03471825577768565,0.03430625700002565,0.03522167699975398,0.00027444114064991034,"[0.034396, 0.034641, 0.034792, 0.034626, 0.034306, 0.035222, 0.034736, 0.034936, 0.03481]",21.039924182913456,20.583212775615472,21.476535898385404,19,optimal,nan,53.74835205078125,34.628947257995605,413.1225503058585,413.12155399998625,2.4116472739763768e-06,0.011145087958045252,0.0055054877816636694,1.0,1.0,0.07924528301886792,0.14685314685314685,9,2,1e-07,1e-05,1000,8.0,720.0,160.0,280.20563877266994,32.0,1.0,28.0,1.0854816824966078,1.1796641048514842,1.0
primary,x86_64,none,0.3.0,2.4.4,32,8,imbalanced,800,4000,0.05,0,0.9975125156445557,5,"[720, 32, 32, 8, 8]",powerlaw,5,0,0,106,43,"[554, 9, 8, 6, 6, 6, 6, 5, 5, 5, 5, 4, 4, 4, 4, 4, 4, 4, 4, 4, 3, 3, 3, 3, 3, 3, 3, 3, 3, 3, 3, 3, 3, 3, 3, 3, 3, 3, 3, 3, 2, 2, 2, 2, 2, 2, 2, 2, 2, 2, 2, 2, 2, 2, 2, 2, 2, 2, 2, 2, 2, 2, 2, 1, 1, 1, 1, 1, 1, 1, 1, 1, 1, 1, 1, 1, 1, 1, 1, 1, 1, 1, 1, 1, 1, 1, 1, 1, 1, 1, 1, 1, 1, 1, 1, 1, 1, 1, 1, 1, 1, 1, 1, 1, 1, 1]",0.8134253970001737,0.814321824000217,0.810489174000395,0.8212723709993952,0.0034382909348464556,"[0.821272, 0.815333, 0.812772, 0.817828, 0.810489, 0.811184, 0.813425, 0.81205, 0.814541]",0.43920651500047825,0.4392632391110156,0.437644005999573,0.4416464409996479,0.001213431163036743,"[0.439207, 0.438267, 0.439632, 0.438501, 0.437644, 0.440266, 0.441646, 0.439699, 0.438507]",1.852033995896641,1.8351538668938152,1.8765763034355292,21,optimal,nan,53.74835205078125,52.16830253601074,396.6900189623555,396.68888636786295,2.855112149085054e-06,0.006108403163916032,0.003210630367313602,0.999984375,0.783180026281209,0.7496855345911949,0.7660668380462725,9,2,1e-07,1e-05,1000,8.0,720.0,160.0,280.20563877266994,32.0,1.0,554.0,7.547169811320755,53.35235880542902,2.0
primary,x86_64,none,0.3.0,2.4.4,32,8,imbalanced,800,4000,0.1,0,0.9975125156445557,5,"[720, 32, 32, 8, 8]",powerlaw,5,0,0,395,246,"[28, 21, 21, 18, 16, 14, 11, 9, 9, 8, 8, 8, 7, 7, 7, 6, 6, 6, 6, 6, 6, 5, 5, 5, 5, 4, 4, 4, 4, 4, 4, 4, 4, 4, 4, 4, 4, 4, 4, 4, 4, 4, 3, 3, 3, 3, 3, 3, 3, 3, 3, 3, 3, 3, 3, 3, 3, 3, 3, 3, 3, 3, 3, 3, 3, 3, 2, 2, 2, 2, 2, 2, 2, 2, 2, 2, 2, 2, 2, 2, 2, 2, 2, 2, 2, 2, 2, 2, 2, 2, 2, 2, 2, 2, 2, 2, 2, 2, 2, 2, 2, 2, 2, 2, 2, 2, 2, 2, 2, 2, 2, 2, 2, 2, 2, 2, 2, 2, 2, 2, 2, 2, 2, 2, 2, 2, 2, 2, 2, 2, 2, 2, 2, 2, 2, 2, 2, 2, 2, 2, 2, 2, 2, 2, 2, 2, 2, 2, 2, 1, 1, 1, 1, 1, 1, 1, 1, 1, 1, 1, 1, 1, 1, 1, 1, 1, 1, 1, 1, 1, 1, 1, 1, 1, 1, 1, 1, 1, 1, 1, 1, 1, 1, 1, 1, 1, 1, 1, 1, 1, 1, 1, 1, 1, 1, 1, 1, 1, 1, 1]",0.7982918389998304,0.7990052897777988,0.7955242079997333,0.803381857000204,0.0025104861699444423,"[0.801521, 0.796449, 0.797691, 0.799999, 0.800328, 0.797861, 0.803382, 0.798292, 0.795524]",0.07536120200074947,0.07522756288916652,0.073645533000672,0.07594892199995229,0.0007463589167420691,"[0.073646, 0.075725, 0.075727, 0.075258, 0.075361, 0.075152, 0.075782, 0.074449, 0.075949]",10.592875615119452,10.474463455850408,10.908765600119606,19,optimal,nan,53.74835205078125,34.63563823699951,404.62401650575265,404.6228280021008,2.937303776785902e-06,0.006159526355091316,0.00324167906763207,1.0,0.9975369458128078,0.5094339622641509,0.6744379683597002,9,2,1e-07,1e-05,1000,8.0,720.0,160.0,280.20563877266994,32.0,1.0,28.0,2.0253164556962027,2.674656885811303,1.0
primary,x86_64,none,0.3.0,2.4.4,32,8,imbalanced,800,4000,0.15,0,0.9975125156445557,5,"[720, 32, 32, 8, 8]",powerlaw,5,0,0,626,581,"[28, 21, 21, 18, 16, 14, 8, 6, 5, 5, 4, 4, 3, 3, 3, 2, 2, 2, 2, 2, 2, 2, 2, 2, 2, 2, 2, 2, 2, 2, 2, 2, 2, 2, 2, 2, 2, 2, 2, 2, 2, 2, 2, 2, 2, 1, 1, 1, 1, 1, 1, 1, 1, 1, 1, 1, 1, 1, 1, 1, 1, 1, 1, 1, 1, 1, 1, 1, 1, 1, 1, 1, 1, 1, 1, 1, 1, 1, 1, 1, 1, 1, 1, 1, 1, 1, 1, 1, 1, 1, 1, 1, 1, 1, 1, 1, 1, 1, 1, 1, 1, 1, 1, 1, 1, 1, 1, 1, 1, 1, 1, 1, 1, 1, 1, 1, 1, 1, 1, 1, 1, 1, 1, 1, 1, 1, 1, 1, 1, 1, 1, 1, 1, 1, 1, 1, 1, 1, 1, 1, 1, 1, 1, 1, 1, 1, 1, 1, 1, 1, 1, 1, 1, 1, 1, 1, 1, 1, 1, 1, 1, 1, 1, 1, 1, 1, 1, 1, 1, 1, 1, 1, 1, 1, 1, 1, 1, 1, 1, 1, 1, 1, 1, 1, 1, 1, 1, 1, 1, 1, 1, 1, 1, 1, 1, 1, 1, 1, 1, 1]",0.7245477260003099,0.7318796597779106,0.7230730790006419,0.7531192650003504,0.012310014142139109,"[0.753119, 0.750481, 0.738765, 0.725494, 0.72411, 0.724045, 0.723282, 0.724548, 0.723073]",0.04680629500035138,0.04705497144439303,0.04623282299962739,0.04834386699985771,0.0006777500549861801,"[0.046233, 0.04705, 0.046716, 0.046806, 0.046745, 0.047108, 0.046544, 0.04795, 0.048344]",15.479706864106006,14.956872999066668,16.289709694050483,18,optimal,nan,53.74835205078125,34.6417179107666,408.20245178333005,408.20091535797025,3.763880773106604e-06,0.007860258156684674,0.004140458234493639,1.0,1.0,0.2188679245283019,0.35913312693498456,9,2,1e-07,1e-05,1000,8.0,720.0,160.0,280.20563877266994,32.0,1.0,28.0,1.2779552715654952,1.9291093571224482,1.0
primary,x86_64,none,0.3.0,2.4.4,32,8,imbalanced,800,4000,0.2,0,0.9975125156445557,5,"[720, 32, 32, 8, 8]",powerlaw,5,0,0,684,672,"[28, 21, 21, 18, 8, 7, 6, 6, 4, 4, 3, 2, 1, 1, 1, 1, 1, 1, 1, 1, 1, 1, 1, 1, 1, 1, 1, 1, 1, 1, 1, 1, 1, 1, 1, 1, 1, 1, 1, 1, 1, 1, 1, 1, 1, 1, 1, 1, 1, 1, 1, 1, 1, 1, 1, 1, 1, 1, 1, 1, 1, 1, 1, 1, 1, 1, 1, 1, 1, 1, 1, 1, 1, 1, 1, 1, 1, 1, 1, 1, 1, 1, 1, 1, 1, 1, 1, 1, 1, 1, 1, 1, 1, 1, 1, 1, 1, 1, 1, 1, 1, 1, 1, 1, 1, 1, 1, 1, 1, 1, 1, 1, 1, 1, 1, 1, 1, 1, 1, 1, 1, 1, 1, 1, 1, 1, 1, 1, 1, 1, 1, 1, 1, 1, 1, 1, 1, 1, 1, 1, 1, 1, 1, 1, 1, 1, 1, 1, 1, 1, 1, 1, 1, 1, 1, 1, 1, 1, 1, 1, 1, 1, 1, 1, 1, 1, 1, 1, 1, 1, 1, 1, 1, 1, 1, 1, 1, 1, 1, 1, 1, 1, 1, 1, 1, 1, 1, 1, 1, 1, 1, 1, 1, 1, 1, 1, 1, 1, 1, 1]",0.7546793540004728,0.7439815269998589,0.7204669099992316,0.7670464200000424,0.018854765127574707,"[0.727318, 0.720467, 0.72618, 0.724121, 0.759905, 0.767046, 0.754679, 0.756357, 0.75976]",0.03955655400022806,0.03953702888894542,0.039072128999578126,0.040551522999521694,0.00044083077917695507,"[0.039482, 0.039072, 0.039218, 0.040552, 0.039557, 0.039108, 0.039602, 0.039596, 0.039648]",19.078490861365776,17.76670410153842,19.63154912823728,18,optimal,nan,53.74835205078125,34.63607597351074,410.30793373336303,410.3062827091143,4.023866254983195e-06,0.00786038190636651,0.004140523690602339,1.0,1.0,0.1459119496855346,0.25466520307354557,9,2,1e-07,1e-05,1000,8.0,720.0,160.0,280.20563877266994,32.0,1.0,28.0,1.1695906432748537,1.6911912673031724,1.0
primary,x86_64,none,0.3.0,2.4.4,32,8,imbalanced,800,4000,0.25,0,0.9975125156445557,5,"[720, 32, 32, 8, 8]",powerlaw,5,0,0,701,691,"[28, 21, 18, 15, 8, 6, 6, 3, 2, 2, 1, 1, 1, 1, 1, 1, 1, 1, 1, 1, 1, 1, 1, 1, 1, 1, 1, 1, 1, 1, 1, 1, 1, 1, 1, 1, 1, 1, 1, 1, 1, 1, 1, 1, 1, 1, 1, 1, 1, 1, 1, 1, 1, 1, 1, 1, 1, 1, 1, 1, 1, 1, 1, 1, 1, 1, 1, 1, 1, 1, 1, 1, 1, 1, 1, 1, 1, 1, 1, 1, 1, 1, 1, 1, 1, 1, 1, 1, 1, 1, 1, 1, 1, 1, 1, 1, 1, 1, 1, 1, 1, 1, 1, 1, 1, 1, 1, 1, 1, 1, 1, 1, 1, 1, 1, 1, 1, 1, 1, 1, 1, 1, 1, 1, 1, 1, 1, 1, 1, 1, 1, 1, 1, 1, 1, 1, 1, 1, 1, 1, 1, 1, 1, 1, 1, 1, 1, 1, 1, 1, 1, 1, 1, 1, 1, 1, 1, 1, 1, 1, 1, 1, 1, 1, 1, 1, 1, 1, 1, 1, 1, 1, 1, 1, 1, 1, 1, 1, 1, 1, 1, 1, 1, 1, 1, 1, 1, 1, 1, 1, 1, 1, 1, 1, 1, 1, 1, 1, 1, 1]",0.761363906999577,0.7620795936665874,0.758139165999637,0.7690707570000086,0.003436716680993514,"[0.759493, 0.761958, 0.758139, 0.763856, 0.761364, 0.765147, 0.760241, 0.769071, 0.759449]",0.03833599299923662,0.03850208544443174,0.03781476299991482,0.03936420699938026,0.0004756019458265114,"[0.038151, 0.038336, 0.038298, 0.037815, 0.03829, 0.038532, 0.039364, 0.038655, 0.039078]",19.860289180842084,19.2596072368884,20.33784416424191,18,optimal,nan,53.74835205078125,34.634337425231934,411.95109874459456,411.949637430725,3.5472993615914374e-06,0.007860475441165748,0.004140573164868423,1.0,1.0,0.12452830188679245,0.2214765100671141,9,2,1e-07,1e-05,1000,8.0,720.0,160.0,280.20563877266994,32.0,1.0,28.0,1.1412268188302426,1.5595724133891873,1.0
primary,x86_64,none,0.3.0,2.4.4,32,8,imbalanced,800,4000,0.3,0,0.9975125156445557,5,"[720, 32, 32, 8, 8]",powerlaw,5,0,0,723,713,"[28, 17, 9, 8, 6, 6, 5, 3, 3, 2, 1, 1, 1, 1, 1, 1, 1, 1, 1, 1, 1, 1, 1, 1, 1, 1, 1, 1, 1, 1, 1, 1, 1, 1, 1, 1, 1, 1, 1, 1, 1, 1, 1, 1, 1, 1, 1, 1, 1, 1, 1, 1, 1, 1, 1, 1, 1, 1, 1, 1, 1, 1, 1, 1, 1, 1, 1, 1, 1, 1, 1, 1, 1, 1, 1, 1, 1, 1, 1, 1, 1, 1, 1, 1, 1, 1, 1, 1, 1, 1, 1, 1, 1, 1, 1, 1, 1, 1, 1, 1, 1, 1, 1, 1, 1, 1, 1, 1, 1, 1, 1, 1, 1, 1, 1, 1, 1, 1, 1, 1, 1, 1, 1, 1, 1, 1, 1, 1, 1, 1, 1, 1, 1, 1, 1, 1, 1, 1, 1, 1, 1, 1, 1, 1, 1, 1, 1, 1, 1, 1, 1, 1, 1, 1, 1, 1, 1, 1, 1, 1, 1, 1, 1, 1, 1, 1, 1, 1, 1, 1, 1, 1, 1, 1, 1, 1, 1, 1, 1, 1, 1, 1, 1, 1, 1, 1, 1, 1, 1, 1, 1, 1, 1, 1, 1, 1, 1, 1, 1, 1]",0.7590379260000191,0.7590309381113103,0.7531013529996926,0.7672114010001678,0.00417914510043763,"[0.75827, 0.762254, 0.756452, 0.767211, 0.7549, 0.760725, 0.759038, 0.759326, 0.753101]",0.037288780999915616,0.03745315811102046,0.03673905499999819,0.03916117500011751,0.000746851870189679,"[0.038009, 0.039161, 0.037474, 0.037017, 0.037144, 0.036739, 0.037434, 0.036811, 0.037289]",20.355664777610638,19.23081605690924,20.882720064525493,18,optimal,nan,53.74835205078125,34.62875270843506,413.3009681080724,413.29951400354315,3.5182703198818865e-06,0.007860549222561408,0.004140612190779125,1.0,1.0,0.09685534591194969,0.176605504587156,9,2,1e-07,1e-05,1000,8.0,720.0,160.0,280.20563877266994,32.0,1.0,28.0,1.1065006915629323,1.2692770547444578,1.0
primary,x86_64,none,0.3.0,2.4.4,32,8,imbalanced,800,4000,0.35,0,0.9975125156445557,5,"[720, 32, 32, 8, 8]",powerlaw,5,0,0,733,723,"[28, 16, 7, 6, 6, 5, 3, 2, 2, 2, 1, 1, 1, 1, 1, 1, 1, 1, 1, 1, 1, 1, 1, 1, 1, 1, 1, 1, 1, 1, 1, 1, 1, 1, 1, 1, 1, 1, 1, 1, 1, 1, 1, 1, 1, 1, 1, 1, 1, 1, 1, 1, 1, 1, 1, 1, 1, 1, 1, 1, 1, 1, 1, 1, 1, 1, 1, 1, 1, 1, 1, 1, 1, 1, 1, 1, 1, 1, 1, 1, 1, 1, 1, 1, 1, 1, 1, 1, 1, 1, 1, 1, 1, 1, 1, 1, 1, 1, 1, 1, 1, 1, 1, 1, 1, 1, 1, 1, 1, 1, 1, 1, 1, 1, 1, 1, 1, 1, 1, 1, 1, 1, 1, 1, 1, 1, 1, 1, 1, 1, 1, 1, 1, 1, 1, 1, 1, 1, 1, 1, 1, 1, 1, 1, 1, 1, 1, 1, 1, 1, 1, 1, 1, 1, 1, 1, 1, 1, 1, 1, 1, 1, 1, 1, 1, 1, 1, 1, 1, 1, 1, 1, 1, 1, 1, 1, 1, 1, 1, 1, 1, 1, 1, 1, 1, 1, 1, 1, 1, 1, 1, 1, 1, 1, 1, 1, 1, 1, 1, 1]",0.7286972779993448,0.7287856721111692,0.7248029009997481,0.7325263760003509,0.002629306635534005,"[0.724803, 0.732526, 0.727224, 0.730856, 0.729233, 0.725622, 0.731681, 0.728697, 0.728429]",0.03533564800000022,0.03543709777770548,0.03506850299982034,0.03620357499949023,0.0003656720805739131,"[0.035069, 0.035613, 0.035617, 0.035133, 0.036204, 0.035625, 0.035153, 0.035185, 0.035336]",20.622156922078812,20.02020245265706,20.888441574027375,18,optimal,nan,53.74835205078125,34.628952980041504,414.4577523621577,414.45630839202676,3.4839983634180185e-06,0.007860608411655923,0.0041406434982443506,1.0,1.0,0.08427672955974842,0.1554524361948956,9,2,1e-07,1e-05,1000,8.0,720.0,160.0,280.20563877266994,32.0,1.0,28.0,1.0914051841746248,1.200770473811725,1.0
primary,x86_64,none,0.3.0,2.4.4,32,8,imbalanced,800,4000,0.4,0,0.9975125156445557,5,"[720, 32, 32, 8, 8]",powerlaw,5,0,0,736,727,"[28, 16, 6, 6, 5, 5, 3, 2, 2, 1, 1, 1, 1, 1, 1, 1, 1, 1, 1, 1, 1, 1, 1, 1, 1, 1, 1, 1, 1, 1, 1, 1, 1, 1, 1, 1, 1, 1, 1, 1, 1, 1, 1, 1, 1, 1, 1, 1, 1, 1, 1, 1, 1, 1, 1, 1, 1, 1, 1, 1, 1, 1, 1, 1, 1, 1, 1, 1, 1, 1, 1, 1, 1, 1, 1, 1, 1, 1, 1, 1, 1, 1, 1, 1, 1, 1, 1, 1, 1, 1, 1, 1, 1, 1, 1, 1, 1, 1, 1, 1, 1, 1, 1, 1, 1, 1, 1, 1, 1, 1, 1, 1, 1, 1, 1, 1, 1, 1, 1, 1, 1, 1, 1, 1, 1, 1, 1, 1, 1, 1, 1, 1, 1, 1, 1, 1, 1, 1, 1, 1, 1, 1, 1, 1, 1, 1, 1, 1, 1, 1, 1, 1, 1, 1, 1, 1, 1, 1, 1, 1, 1, 1, 1, 1, 1, 1, 1, 1, 1, 1, 1, 1, 1, 1, 1, 1, 1, 1, 1, 1, 1, 1, 1, 1, 1, 1, 1, 1, 1, 1, 1, 1, 1, 1, 1, 1, 1, 1, 1, 1]",0.7284894829999757,0.7291345849997823,0.7208063759999277,0.7365501459998995,0.004881446607106138,"[0.720806, 0.728489, 0.725435, 0.734064, 0.727243, 0.727233, 0.733664, 0.73655, 0.728727]",0.03473130500060506,0.03468922111116828,0.03420532399923104,0.03502219700021669,0.00029136179160128156,"[0.034205, 0.035017, 0.035022, 0.034799, 0.034731, 0.03473, 0.034676, 0.03424, 0.034782]",20.97501038291779,20.581415152095335,21.533201849409693,18,optimal,nan,53.74835205078125,34.627989768981934,415.47863806239707,415.4771963103402,3.4700991212743787e-06,0.007860655606902744,0.0041406684616880985,1.0,1.0,0.08050314465408805,0.1490104772991851,9,2,1e-07,1e-05,1000,8.0,720.0,160.0,280.20563877266994,32.0,1.0,28.0,1.0869565217391304,1.1866757909775734,1.0
primary,x86_64,none,0.3.0,2.4.4,32,8,imbalanced,800,8000,0.05,0,0.9975125156445557,5,"[720, 32, 32, 8, 8]",powerlaw,5,0,0,173,52,"[247, 23, 18, 12, 12, 9, 9, 8, 8, 8, 7, 7, 7, 7, 7, 7, 7, 7, 7, 6, 6, 6, 6, 6, 6, 6, 6, 5, 5, 5, 5, 5, 5, 5, 4, 4, 4, 4, 4, 4, 4, 4, 4, 4, 4, 4, 4, 4, 4, 4, 4, 4, 4, 4, 4, 4, 4, 4, 4, 3, 3, 3, 3, 3, 3, 3, 3, 3, 3, 3, 3, 3, 3, 3, 3, 3, 3, 3, 3, 3, 3, 3, 3, 2, 2, 2, 2, 2, 2, 2, 2, 2, 2, 2, 2, 2, 2, 2, 2, 2, 2, 2, 2, 2, 2, 2, 2, 2, 2, 2, 2, 2, 2, 2, 2, 2, 2, 2, 2, 2, 2, 1, 1, 1, 1, 1, 1, 1, 1, 1, 1, 1, 1, 1, 1, 1, 1, 1, 1, 1, 1, 1, 1, 1, 1, 1, 1, 1, 1, 1, 1, 1, 1, 1, 1, 1, 1, 1, 1, 1, 1, 1, 1, 1, 1, 1, 1, 1, 1, 1, 1, 1, 1]",0.8561957310002981,0.8548985313332701,0.8480163419999371,0.8584005799993975,0.003104624548106447,"[0.848016, 0.856719, 0.853343, 0.856659, 0.858401, 0.8554, 0.856495, 0.856196, 0.852858]",0.22904351699980907,0.2291611930001333,0.22711175800031924,0.2312400479995631,0.0011467028808043716,"[0.227112, 0.230025, 0.228624, 0.228395, 0.229617, 0.229044, 0.23124, 0.229472, 0.228921]",3.738135626868722,3.6672555179608826,3.7796395376332335,21,optimal,nan,53.74835205078125,35.91651916503906,397.0578070735358,397.0563322059775,3.7144907668297276e-06,0.006568749557755771,0.003463200302595741,0.999971875,0.9541864139020537,0.759748427672956,0.84593837535014,9,2,1e-07,1e-05,1000,8.0,720.0,160.0,280.20563877266994,32.0,1.0,247.0,4.624277456647399,18.70497724165627,2.0
primary,x86_64,none,0.3.0,2.4.4,32,8,imbalanced,800,8000,0.1,0,0.9975125156445557,5,"[720, 32, 32, 8, 8]",powerlaw,5,0,0,398,253,"[28, 21, 21, 18, 16, 14, 11, 9, 9, 8, 8, 8, 7, 7, 7, 7, 6, 6, 6, 6, 6, 5, 5, 5, 5, 4, 4, 4, 4, 4, 4, 4, 4, 4, 4, 4, 4, 4, 4, 4, 4, 4, 3, 3, 3, 3, 3, 3, 3, 3, 3, 3, 3, 3, 3, 3, 3, 3, 3, 3, 3, 3, 3, 3, 3, 3, 2, 2, 2, 2, 2, 2, 2, 2, 2, 2, 2, 2, 2, 2, 2, 2, 2, 2, 2, 2, 2, 2, 2, 2, 2, 2, 2, 2, 2, 2, 2, 2, 2, 2, 2, 2, 2, 2, 2, 2, 2, 2, 2, 2, 2, 2, 2, 2, 2, 2, 2, 2, 2, 2, 2, 2, 2, 2, 2, 2, 2, 2, 2, 2, 2, 2, 2, 2, 2, 2, 2, 2, 2, 2, 2, 2, 2, 2, 2, 1, 1, 1, 1, 1, 1, 1, 1, 1, 1, 1, 1, 1, 1, 1, 1, 1, 1, 1, 1, 1, 1, 1, 1, 1, 1, 1, 1, 1, 1, 1, 1, 1, 1, 1, 1, 1, 1, 1, 1, 1, 1, 1, 1, 1, 1, 1, 1, 1, 1, 1, 1, 1, 1, 1]",0.7696820880000814,0.7707721674442938,0.768031711999356,0.7763702239999475,0.0025037809807744098,"[0.769682, 0.769351, 0.77637, 0.769134, 0.769658, 0.77153, 0.768032, 0.770539, 0.772654]",0.0741026250007053,0.07395816911119052,0.0724023920001855,0.07478176899985556,0.0006905405903202345,"[0.072402, 0.074111, 0.07367, 0.073828, 0.074103, 0.073819, 0.074782, 0.07428, 0.074629]",10.38670476238535,10.270306817706325,10.72299136191465,19,optimal,nan,53.74835205078125,34.63552474975586,404.930691985095,404.92954455417873,2.833647680883802e-06,0.005995553524145825,0.0031648742899292766,1.0,1.0,0.5056603773584906,0.6716791979949875,9,2,1e-07,1e-05,1000,8.0,720.0,160.0,280.20563877266994,32.0,1.0,28.0,2.0100502512562812,2.672190582656414,1.0
primary,x86_64,none,0.3.0,2.4.4,32,8,imbalanced,800,8000,0.15,0,0.9975125156445557,5,"[720, 32, 32, 8, 8]",powerlaw,5,0,0,628,588,"[28, 21, 21, 18, 16, 14, 8, 8, 6, 5, 4, 4, 3, 3, 3, 2, 2, 2, 2, 2, 2, 2, 2, 2, 2, 2, 2, 2, 2, 2, 2, 2, 2, 2, 2, 2, 2, 2, 2, 2, 1, 1, 1, 1, 1, 1, 1, 1, 1, 1, 1, 1, 1, 1, 1, 1, 1, 1, 1, 1, 1, 1, 1, 1, 1, 1, 1, 1, 1, 1, 1, 1, 1, 1, 1, 1, 1, 1, 1, 1, 1, 1, 1, 1, 1, 1, 1, 1, 1, 1, 1, 1, 1, 1, 1, 1, 1, 1, 1, 1, 1, 1, 1, 1, 1, 1, 1, 1, 1, 1, 1, 1, 1, 1, 1, 1, 1, 1, 1, 1, 1, 1, 1, 1, 1, 1, 1, 1, 1, 1, 1, 1, 1, 1, 1, 1, 1, 1, 1, 1, 1, 1, 1, 1, 1, 1, 1, 1, 1, 1, 1, 1, 1, 1, 1, 1, 1, 1, 1, 1, 1, 1, 1, 1, 1, 1, 1, 1, 1, 1, 1, 1, 1, 1, 1, 1, 1, 1, 1, 1, 1, 1, 1, 1, 1, 1, 1, 1, 1, 1, 1, 1, 1, 1, 1, 1, 1, 1, 1, 1]",0.7296007100003408,0.730883806777658,0.7259794149995287,0.7406700390001788,0.004491603307682214,"[0.725979, 0.73406, 0.726928, 0.730287, 0.729318, 0.728193, 0.74067, 0.732918, 0.729601]",0.04600721899987548,0.045920412999900385,0.04518915900007414,0.046185315999537124,0.0003044550915392421,"[0.045189, 0.046007, 0.046116, 0.045856, 0.046037, 0.046185, 0.045935, 0.045797, 0.04616]",15.858396266079797,15.718836155777401,16.39043645399472,18,optimal,nan,53.74835205078125,34.64075565338135,408.4859024805554,408.48441124846335,3.6506329423090685e-06,0.007662864263472624,0.00404856124824725,1.0,1.0,0.21635220125786164,0.35573940020682526,9,2,1e-07,1e-05,1000,8.0,720.0,160.0,280.20563877266994,32.0,1.0,28.0,1.2738853503184713,1.9380910726701495,1.0
primary,x86_64,none,0.3.0,2.4.4,32,8,imbalanced,800,8000,0.2,0,0.9975125156445557,5,"[720, 32, 32, 8, 8]",powerlaw,5,0,0,684,671,"[28, 21, 21, 18, 8, 8, 6, 4, 4, 4, 3, 2, 2, 1, 1, 1, 1, 1, 1, 1, 1, 1, 1, 1, 1, 1, 1, 1, 1, 1, 1, 1, 1, 1, 1, 1, 1, 1, 1, 1, 1, 1, 1, 1, 1, 1, 1, 1, 1, 1, 1, 1, 1, 1, 1, 1, 1, 1, 1, 1, 1, 1, 1, 1, 1, 1, 1, 1, 1, 1, 1, 1, 1, 1, 1, 1, 1, 1, 1, 1, 1, 1, 1, 1, 1, 1, 1, 1, 1, 1, 1, 1, 1, 1, 1, 1, 1, 1, 1, 1, 1, 1, 1, 1, 1, 1, 1, 1, 1, 1, 1, 1, 1, 1, 1, 1, 1, 1, 1, 1, 1, 1, 1, 1, 1, 1, 1, 1, 1, 1, 1, 1, 1, 1, 1, 1, 1, 1, 1, 1, 1, 1, 1, 1, 1, 1, 1, 1, 1, 1, 1, 1, 1, 1, 1, 1, 1, 1, 1, 1, 1, 1, 1, 1, 1, 1, 1, 1, 1, 1, 1, 1, 1, 1, 1, 1, 1, 1, 1, 1, 1, 1, 1, 1, 1, 1, 1, 1, 1, 1, 1, 1, 1, 1, 1, 1, 1, 1, 1, 1]",0.7415426890001982,0.7417936124444774,0.7277484890000778,0.7577792019992557,0.00861066310117888,"[0.727748, 0.733053, 0.74025, 0.743503, 0.739975, 0.743195, 0.749095, 0.741543, 0.757779]",0.039823687000534846,0.04220148100001905,0.03946868099956191,0.05270960300003935,0.00474127931414229,"[0.04781, 0.05271, 0.040533, 0.039824, 0.039469, 0.039815, 0.03972, 0.039634, 0.0403]",18.620643763854385,13.806753372806366,19.1995066165922,18,optimal,nan,53.74835205078125,34.63714408874512,410.58629847834226,410.58455223227344,4.2530549004948285e-06,0.0077571541469035055,0.004098380595235919,0.999996875,1.0,0.1459119496855346,0.25466520307354557,9,2,1e-07,1e-05,1000,8.0,720.0,160.0,280.20563877266994,32.0,1.0,28.0,1.1695906432748537,1.6903265737703832,1.0
primary,x86_64,none,0.3.0,2.4.4,32,8,imbalanced,800,8000,0.25,0,0.9975125156445557,5,"[720, 32, 32, 8, 8]",powerlaw,5,0,0,701,691,"[28, 21, 18, 15, 8, 6, 6, 3, 2, 2, 1, 1, 1, 1, 1, 1, 1, 1, 1, 1, 1, 1, 1, 1, 1, 1, 1, 1, 1, 1, 1, 1, 1, 1, 1, 1, 1, 1, 1, 1, 1, 1, 1, 1, 1, 1, 1, 1, 1, 1, 1, 1, 1, 1, 1, 1, 1, 1, 1, 1, 1, 1, 1, 1, 1, 1, 1, 1, 1, 1, 1, 1, 1, 1, 1, 1, 1, 1, 1, 1, 1, 1, 1, 1, 1, 1, 1, 1, 1, 1, 1, 1, 1, 1, 1, 1, 1, 1, 1, 1, 1, 1, 1, 1, 1, 1, 1, 1, 1, 1, 1, 1, 1, 1, 1, 1, 1, 1, 1, 1, 1, 1, 1, 1, 1, 1, 1, 1, 1, 1, 1, 1, 1, 1, 1, 1, 1, 1, 1, 1, 1, 1, 1, 1, 1, 1, 1, 1, 1, 1, 1, 1, 1, 1, 1, 1, 1, 1, 1, 1, 1, 1, 1, 1, 1, 1, 1, 1, 1, 1, 1, 1, 1, 1, 1, 1, 1, 1, 1, 1, 1, 1, 1, 1, 1, 1, 1, 1, 1, 1, 1, 1, 1, 1, 1, 1, 1, 1, 1, 1]",0.6779952659999253,0.6875241216666836,0.67553634900014,0.7440787750001618,0.02248604548898735,"[0.675536, 0.681814, 0.676502, 0.744079, 0.699519, 0.675803, 0.679666, 0.677995, 0.676803]",0.04945636199954606,0.049584064000050096,0.049376811999536585,0.049962157000663865,0.0002268413221332693,"[0.049398, 0.049867, 0.049771, 0.049377, 0.049595, 0.049456, 0.049962, 0.049449, 0.04938]",13.708959547128606,13.520960453952457,15.069396845773381,18,optimal,nan,53.74835205078125,34.634687423706055,412.23563092835747,412.2342189994272,3.4250531112546447e-06,0.007665156398794837,0.004049777168462788,1.0,1.0,0.12452830188679245,0.2214765100671141,9,2,1e-07,1e-05,1000,8.0,720.0,160.0,280.20563877266994,32.0,1.0,28.0,1.1412268188302426,1.5595724133891873,1.0
primary,x86_64,none,0.3.0,2.4.4,32,8,imbalanced,800,8000,0.3,0,0.9975125156445557,5,"[720, 32, 32, 8, 8]",powerlaw,5,0,0,723,713,"[28, 17, 9, 8, 6, 6, 5, 3, 3, 2, 1, 1, 1, 1, 1, 1, 1, 1, 1, 1, 1, 1, 1, 1, 1, 1, 1, 1, 1, 1, 1, 1, 1, 1, 1, 1, 1, 1, 1, 1, 1, 1, 1, 1, 1, 1, 1, 1, 1, 1, 1, 1, 1, 1, 1, 1, 1, 1, 1, 1, 1, 1, 1, 1, 1, 1, 1, 1, 1, 1, 1, 1, 1, 1, 1, 1, 1, 1, 1, 1, 1, 1, 1, 1, 1, 1, 1, 1, 1, 1, 1, 1, 1, 1, 1, 1, 1, 1, 1, 1, 1, 1, 1, 1, 1, 1, 1, 1, 1, 1, 1, 1, 1, 1, 1, 1, 1, 1, 1, 1, 1, 1, 1, 1, 1, 1, 1, 1, 1, 1, 1, 1, 1, 1, 1, 1, 1, 1, 1, 1, 1, 1, 1, 1, 1, 1, 1, 1, 1, 1, 1, 1, 1, 1, 1, 1, 1, 1, 1, 1, 1, 1, 1, 1, 1, 1, 1, 1, 1, 1, 1, 1, 1, 1, 1, 1, 1, 1, 1, 1, 1, 1, 1, 1, 1, 1, 1, 1, 1, 1, 1, 1, 1, 1, 1, 1, 1, 1, 1, 1]",0.7469627339996805,0.746505223111146,0.7388878179999665,0.7543133899998793,0.005499013910805498,"[0.739955, 0.740881, 0.738888, 0.746818, 0.746963, 0.751888, 0.754313, 0.748392, 0.750449]",0.048780779000480834,0.04879740122224677,0.0485017599994535,0.0492355199994563,0.0002421764172933215,"[0.049072, 0.048896, 0.04853, 0.048781, 0.048502, 0.048677, 0.049236, 0.048821, 0.048662]",15.312644638010346,15.007210607466437,15.552289030508968,18,optimal,nan,53.74835205078125,34.62845802307129,413.5904409038656,413.5890192187363,3.4374226014030446e-06,0.00766604864232634,0.004050250482041563,1.0,1.0,0.09685534591194969,0.176605504587156,9,2,1e-07,1e-05,1000,8.0,720.0,160.0,280.20563877266994,32.0,1.0,28.0,1.1065006915629323,1.2692770547444578,1.0
primary,x86_64,none,0.3.0,2.4.4,32,8,imbalanced,800,8000,0.35,0,0.9975125156445557,5,"[720, 32, 32, 8, 8]",powerlaw,5,0,0,731,721,"[28, 16, 8, 6, 6, 6, 3, 2, 2, 2, 1, 1, 1, 1, 1, 1, 1, 1, 1, 1, 1, 1, 1, 1, 1, 1, 1, 1, 1, 1, 1, 1, 1, 1, 1, 1, 1, 1, 1, 1, 1, 1, 1, 1, 1, 1, 1, 1, 1, 1, 1, 1, 1, 1, 1, 1, 1, 1, 1, 1, 1, 1, 1, 1, 1, 1, 1, 1, 1, 1, 1, 1, 1, 1, 1, 1, 1, 1, 1, 1, 1, 1, 1, 1, 1, 1, 1, 1, 1, 1, 1, 1, 1, 1, 1, 1, 1, 1, 1, 1, 1, 1, 1, 1, 1, 1, 1, 1, 1, 1, 1, 1, 1, 1, 1, 1, 1, 1, 1, 1, 1, 1, 1, 1, 1, 1, 1, 1, 1, 1, 1, 1, 1, 1, 1, 1, 1, 1, 1, 1, 1, 1, 1, 1, 1, 1, 1, 1, 1, 1, 1, 1, 1, 1, 1, 1, 1, 1, 1, 1, 1, 1, 1, 1, 1, 1, 1, 1, 1, 1, 1, 1, 1, 1, 1, 1, 1, 1, 1, 1, 1, 1, 1, 1, 1, 1, 1, 1, 1, 1, 1, 1, 1, 1, 1, 1, 1, 1, 1, 1]",0.7283931290003238,0.7285862640000131,0.7235702650004896,0.7327327559996775,0.003076487833205484,"[0.72357, 0.73073, 0.730219, 0.728393, 0.724847, 0.727992, 0.732733, 0.727114, 0.731678]",0.036128763999840885,0.0362600282221845,0.03571320500032016,0.03731607800000347,0.0004925177802058209,"[0.03642, 0.036687, 0.035998, 0.03623, 0.035713, 0.037316, 0.035979, 0.036129, 0.035869]",20.16103094485966,19.390308515284545,20.517138016403422,18,optimal,nan,53.74835205078125,34.628400802612305,414.75278018055695,414.751387389388,3.3581237679298465e-06,0.0076667593090782304,0.004050627473856734,1.0,1.0,0.08679245283018867,0.1597222222222222,9,2,1e-07,1e-05,1000,8.0,720.0,160.0,280.20563877266994,32.0,1.0,28.0,1.094391244870041,1.2146433298490869,1.0
primary,x86_64,none,0.3.0,2.4.4,32,8,imbalanced,800,8000,0.4,0,0.9975125156445557,5,"[720, 32, 32, 8, 8]",powerlaw,5,0,0,734,723,"[28, 16, 7, 6, 6, 3, 3, 2, 2, 2, 2, 1, 1, 1, 1, 1, 1, 1, 1, 1, 1, 1, 1, 1, 1, 1, 1, 1, 1, 1, 1, 1, 1, 1, 1, 1, 1, 1, 1, 1, 1, 1, 1, 1, 1, 1, 1, 1, 1, 1, 1, 1, 1, 1, 1, 1, 1, 1, 1, 1, 1, 1, 1, 1, 1, 1, 1, 1, 1, 1, 1, 1, 1, 1, 1, 1, 1, 1, 1, 1, 1, 1, 1, 1, 1, 1, 1, 1, 1, 1, 1, 1, 1, 1, 1, 1, 1, 1, 1, 1, 1, 1, 1, 1, 1, 1, 1, 1, 1, 1, 1, 1, 1, 1, 1, 1, 1, 1, 1, 1, 1, 1, 1, 1, 1, 1, 1, 1, 1, 1, 1, 1, 1, 1, 1, 1, 1, 1, 1, 1, 1, 1, 1, 1, 1, 1, 1, 1, 1, 1, 1, 1, 1, 1, 1, 1, 1, 1, 1, 1, 1, 1, 1, 1, 1, 1, 1, 1, 1, 1, 1, 1, 1, 1, 1, 1, 1, 1, 1, 1, 1, 1, 1, 1, 1, 1, 1, 1, 1, 1, 1, 1, 1, 1, 1, 1, 1, 1, 1, 1]",0.6880588739995801,0.7059630385556375,0.6713818719999836,0.751791497999875,0.03335140862157801,"[0.743607, 0.751791, 0.74897, 0.708431, 0.671382, 0.677518, 0.686806, 0.688059, 0.677102]",0.046648360999824945,0.04659664688885338,0.04598940199957724,0.04767301299943938,0.000522791690963236,"[0.046648, 0.046657, 0.045989, 0.047005, 0.046464, 0.04669, 0.047673, 0.04619, 0.046054]",14.749904589405878,14.083059361233971,16.34705965532637,18,optimal,nan,53.74835205078125,34.62881851196289,415.7742092190111,415.7728181854712,3.3456465289565026e-06,0.007667363667471561,0.004050948071838004,1.0,1.0,0.0830188679245283,0.15331010452961671,9,2,1e-07,1e-05,1000,8.0,720.0,160.0,280.20563877266994,32.0,1.0,28.0,1.0899182561307903,1.193799486524595,1.0
primary,x86_64,none,0.3.0,2.4.4,32,8,many_tiny,100,200,0.05,0,0.9808080808080808,5,"[20, 20, 20, 20, 20]",powerlaw,5,0,0,1,0,[100],0.018005609000283584,0.01797130933341072,0.017694533000394586,0.018078035999678832,0.00011860307579232392,"[0.017695, 0.01797, 0.018032, 0.01807, 0.018078, 0.01799, 0.018006, 0.017885, 0.018017]",0.01903026099989802,0.01904833444425296,0.018931714000245847,0.019200046999685583,8.033639846705979e-05,"[0.018985, 0.01903, 0.019047, 0.019024, 0.019142, 0.018932, 0.019014, 0.0192, 0.019061]",0.9461567027577853,0.9215880044816739,0.9549075165325269,27,optimal,nan,0.9413604736328125,1.478799819946289,101.56383273762704,101.56383273762704,0.0,0.0,0.0,1.0,0.03504273504273504,0.8631578947368421,0.0673511293634497,9,2,1e-07,1e-05,1000,20.0,20.0,20.0,0.0,20.0,100.0,100.0,100.0,0.0,100.0
primary,x86_64,none,0.3.0,2.4.4,32,8,many_tiny,100,200,0.1,0,0.9808080808080808,5,"[20, 20, 20, 20, 20]",powerlaw,5,0,0,1,0,[100],0.02953917300055764,0.02962795744446743,0.02939906899973721,0.0298894300003667,0.00018585429506245984,"[0.029399, 0.029401, 0.029539, 0.029848, 0.029715, 0.029538, 0.029538, 0.029889, 0.029784]",0.030054466999899887,0.030097605999900325,0.029864496999834955,0.030319237999719917,0.0001463011701270844,"[0.030319, 0.030019, 0.030054, 0.030045, 0.029864, 0.030204, 0.030096, 0.030284, 0.029993]",0.9828546618596176,0.9696506554686102,1.0008348709349393,45,optimal,nan,0.9413604736328125,1.478799819946289,108.3157675384355,108.3157675384355,0.0,0.0,0.0,1.0,0.07014218009478673,0.7789473684210526,0.12869565217391304,9,2,1e-07,1e-05,1000,20.0,20.0,20.0,0.0,20.0,100.0,100.0,100.0,0.0,100.0
primary,x86_64,none,0.3.0,2.4.4,32,8,many_tiny,100,200,0.15,0,0.9808080808080808,5,"[20, 20, 20, 20, 20]",powerlaw,5,0,0,1,0,[100],0.04387479599972721,0.04393600877766504,0.04340936900007364,0.044492199999695003,0.0003366873686879008,"[0.044127, 0.044351, 0.044492, 0.043875, 0.043684, 0.043766, 0.043904, 0.043409, 0.043817]",0.04481277300055808,0.044818842333269354,0.044582434999938414,0.044992058999923756,0.00014019919182688525,"[0.044813, 0.044756, 0.044582, 0.044992, 0.044718, 0.044866, 0.044949, 0.044712, 0.044981]",0.9790689810510234,0.964822903529425,0.9979759965949923,68,optimal,nan,0.9413604736328125,1.4788427352905273,111.3306717459956,111.3306717459956,0.0,0.0,0.0,1.0,0.1658878504672897,0.7473684210526316,0.27151051625239003,9,2,1e-07,1e-05,1000,20.0,20.0,20.0,0.0,20.0,100.0,100.0,100.0,0.0,100.0
primary,x86_64,none,0.3.0,2.4.4,32,8,many_tiny,100,200,0.2,0,0.9808080808080808,5,"[20, 20, 20, 20, 20]",powerlaw,5,0,0,4,3,"[97, 1, 1, 1]",0.03725552299965784,0.0371241269999195,0.0365633199999138,0.03756897399944137,0.0004091475412660537,"[0.03725, 0.037473, 0.037569, 0.037371, 0.037256, 0.037413, 0.036563, 0.036643, 0.03658]",0.03585093199944822,0.03585884688871172,0.03578562900020188,0.03596728799948323,6.319028698135617e-05,"[0.035803, 0.035926, 0.035864, 0.035967, 0.035851, 0.035786, 0.035801, 0.035909, 0.035822]",1.0391786467428863,1.016571502428516,1.049834110760759,57,optimal,nan,0.9413604736328125,1.40679931640625,113.03190374791131,113.03190374276473,4.553217951881081e-11,2.5158545739478733e-06,2.0854531536252827e-06,1.0,0.3469387755102041,0.7157894736842105,0.46735395189003437,9,2,1e-07,1e-05,1000,20.0,20.0,20.0,0.0,20.0,1.0,97.0,25.0,41.569219381653056,1.0
primary,x86_64,none,0.3.0,2.4.4,32,8,many_tiny,100,200,0.25,0,0.9808080808080808,5,"[20, 20, 20, 20, 20]",powerlaw,5,0,0,17,12,"[80, 2, 2, 2, 2, 1, 1, 1, 1, 1, 1, 1, 1, 1, 1, 1, 1]",0.03390729900002043,0.03386336822222802,0.033311267000499356,0.03435016699950211,0.00032851977359808375,"[0.034139, 0.034031, 0.03409, 0.03435, 0.033739, 0.033311, 0.033907, 0.033678, 0.033525]",0.02440641700013657,0.02439164111102501,0.024171328999727848,0.024750736999521905,0.00022493006147800376,"[0.024192, 0.024751, 0.024717, 0.024406, 0.024418, 0.024215, 0.024184, 0.024469, 0.024171]",1.3892780328972785,1.3458697008150833,1.4211120538671609,52,optimal,nan,0.9413604736328125,1.04205322265625,114.19281792042185,114.19281784197258,6.869894511575791e-10,2.8913915468747886e-05,2.4031604637811072e-05,1.0,0.63,0.6631578947368421,0.6461538461538461,9,2,1e-07,1e-05,1000,20.0,20.0,20.0,0.0,20.0,1.0,80.0,5.882352941176471,18.53417305774002,1.0
primary,x86_64,none,0.3.0,2.4.4,32,8,many_tiny,100,200,0.3,0,0.9808080808080808,5,"[20, 20, 20, 20, 20]",powerlaw,5,0,0,38,22,"[38, 5, 4, 3, 3, 3, 3, 3, 2, 2, 2, 2, 2, 2, 2, 2, 1, 1, 1, 1, 1, 1, 1, 1, 1, 1, 1, 1, 1, 1, 1, 1, 1, 1, 1, 1, 1, 1]",0.03435729099965101,0.03435399288911059,0.03398566200030473,0.034800159000042186,0.0003036927559448324,"[0.034357, 0.034684, 0.034639, 0.0348, 0.034192, 0.034415, 0.033986, 0.034112, 0.034001]",0.016504844999872148,0.01642001777781843,0.016197330000068177,0.0166378240000995,0.00017255739715805795,"[0.016542, 0.016519, 0.016638, 0.016582, 0.016505, 0.016353, 0.016197, 0.016208, 0.016237]",2.0816488128132775,2.042674691119553,2.1485120695753994,53,optimal,nan,0.9413604736328125,0.7231979370117188,115.0784247666227,115.07842467123224,8.289169924356095e-10,6.236958300123718e-05,5.183805568446101e-05,1.0,0.7941176470588235,0.5684210526315789,0.6625766871165645,9,2,1e-07,1e-05,1000,20.0,20.0,20.0,0.0,20.0,1.0,38.0,2.6315789473684212,5.895676616817031,1.0
primary,x86_64,none,0.3.0,2.4.4,32,8,many_tiny,100,200,0.35,0,0.9808080808080808,5,"[20, 20, 20, 20, 20]",powerlaw,5,0,0,48,28,"[18, 8, 5, 4, 4, 3, 3, 3, 2, 2, 2, 2, 2, 2, 2, 2, 2, 2, 2, 2, 1, 1, 1, 1, 1, 1, 1, 1, 1, 1, 1, 1, 1, 1, 1, 1, 1, 1, 1, 1, 1, 1, 1, 1, 1, 1, 1, 1]",0.03585924200069712,0.035810298667052445,0.03534394800044538,0.03644696300034411,0.0003658076751991789,"[0.035389, 0.03599, 0.035859, 0.03612, 0.035908, 0.035784, 0.036447, 0.035451, 0.035344]",0.013848823999978777,0.012557423000038802,0.009968684000341455,0.01403760700031853,0.0018344550520884508,"[0.013925, 0.013905, 0.013849, 0.014038, 0.013991, 0.01281, 0.010426, 0.010105, 0.009969]",2.589334805666682,2.5178043522406193,3.656145886367318,55,optimal,nan,0.9413604736328125,0.7046985626220703,115.77471757358066,115.77471754263618,2.672818198256347e-10,5.9567522161102504e-05,4.950914183082623e-05,1.0,0.9074074074074074,0.5157894736842106,0.6577181208053692,9,2,1e-07,1e-05,1000,20.0,20.0,20.0,0.0,20.0,1.0,18.0,2.0833333333333335,2.6601482832520613,1.0
primary,x86_64,none,0.3.0,2.4.4,32,8,many_tiny,100,200,0.4,0,0.9808080808080808,5,"[20, 20, 20, 20, 20]",powerlaw,5,0,0,56,36,"[11, 8, 5, 4, 3, 3, 3, 3, 2, 2, 2, 2, 2, 2, 2, 2, 2, 2, 2, 2, 1, 1, 1, 1, 1, 1, 1, 1, 1, 1, 1, 1, 1, 1, 1, 1, 1, 1, 1, 1, 1, 1, 1, 1, 1, 1, 1, 1, 1, 1, 1, 1, 1, 1, 1, 1]",0.03576900699954422,0.035593811888753005,0.035064928999418044,0.035996970999804034,0.00033760348945208527,"[0.035065, 0.035997, 0.035482, 0.035888, 0.035769, 0.035792, 0.035786, 0.035472, 0.035095]",0.01094821700007742,0.010570652111204658,0.008203149000109988,0.010994523000590561,0.000917027134797438,"[0.01098, 0.010995, 0.010986, 0.010981, 0.010948, 0.010927, 0.010844, 0.010271, 0.008203]",3.2671079682921227,3.1893088038048183,4.388189340376651,55,optimal,nan,0.9413604736328125,0.7030467987060547,116.32824112092304,116.32824112128718,3.1302711853419516e-12,4.131500721149539e-06,3.4338687889503965e-06,1.0,0.9772727272727273,0.45263157894736844,0.6187050359712231,9,2,1e-07,1e-05,1000,20.0,20.0,20.0,0.0,20.0,1.0,11.0,1.7857142857142858,1.7291026338443147,1.0
primary,x86_64,none,0.3.0,2.4.4,32,8,many_tiny,100,500,0.05,0,0.9808080808080808,5,"[20, 20, 20, 20, 20]",powerlaw,5,0,0,1,0,[100],0.018975644999954966,0.01885941944429861,0.01819795399933355,0.019178673999704188,0.000336161907723287,"[0.018198, 0.018521, 0.018618, 0.018976, 0.019099, 0.01903, 0.018974, 0.019179, 0.019139]",0.020333929999651446,0.020257679000072432,0.019978923999588005,0.020440788999621873,0.00015541557179266143,"[0.020358, 0.020272, 0.020441, 0.020334, 0.020372, 0.020347, 0.020095, 0.020121, 0.019979]",0.9332010585400972,0.8902764956709933,0.9599452903519569,29,optimal,nan,0.9413604736328125,1.478799819946289,107.98256774689641,107.98256774689641,0.0,0.0,0.0,1.0,0.05371352785145889,0.8526315789473684,0.10106051154086089,9,2,1e-07,1e-05,1000,20.0,20.0,20.0,0.0,20.0,100.0,100.0,100.0,0.0,100.0
primary,x86_64,none,0.3.0,2.4.4,32,8,many_tiny,100,500,0.1,0,0.9808080808080808,5,"[20, 20, 20, 20, 20]",powerlaw,5,0,0,2,1,"[99, 1]",0.03620949899959669,0.0363349589999618,0.03596253900013835,0.03694563399949402,0.0003664313909395199,"[0.036819, 0.036946, 0.036604, 0.036319, 0.036209, 0.036061, 0.035963, 0.036054, 0.036041]",0.036812655000176164,0.03680632277771818,0.03660368799955904,0.03701687299962941,0.0001282271307665558,"[0.036974, 0.036813, 0.036728, 0.036821, 0.036604, 0.03683, 0.036714, 0.037017, 0.036756]",0.9836155256778794,0.971517475301017,1.0093418455522596,56,optimal,nan,0.9413604736328125,1.454498291015625,110.96348855140631,110.96348855155226,1.3152567554462932e-12,1.3658727268661686e-07,1.2051607574286057e-07,1.0,0.2111111111111111,0.8,0.3340659340659341,9,2,1e-07,1e-05,1000,20.0,20.0,20.0,0.0,20.0,1.0,99.0,50.0,49.0,50.0
primary,x86_64,none,0.3.0,2.4.4,32,8,many_tiny,100,500,0.15,0,0.9808080808080808,5,"[20, 20, 20, 20, 20]",powerlaw,5,0,0,8,4,"[89, 3, 2, 2, 1, 1, 1, 1]",0.034853587999350566,0.03513432122185299,0.03459950199976447,0.03579512699980114,0.0004590387032956556,"[0.035516, 0.035527, 0.03558, 0.035795, 0.034854, 0.034842, 0.0346, 0.034774, 0.034722]",0.03111354999964533,0.031145475555402098,0.030965136000304483,0.031468556000618264,0.0001469516844991209,"[0.031176, 0.031105, 0.031172, 0.031093, 0.031114, 0.030965, 0.031222, 0.030994, 0.031469]",1.1202060838363952,1.0994944286317012,1.1559815852076079,54,optimal,nan,0.9413604736328125,1.227121353149414,112.60594015888893,112.60594013563404,2.0651560839218316e-10,1.1165651504871366e-05,9.936566882566365e-06,1.0,0.5833333333333334,0.7368421052631579,0.6511627906976745,9,2,1e-07,1e-05,1000,20.0,20.0,20.0,0.0,20.0,1.0,89.0,12.5,28.922309727959142,1.5
primary,x86_64,none,0.3.0,2.4.4,32,8,many_tiny,100,500,0.2,0,0.9808080808080808,5,"[20, 20, 20, 20, 20]",powerlaw,5,0,0,27,12,"[41, 6, 5, 5, 5, 4, 3, 3, 3, 3, 2, 2, 2, 2, 2, 1, 1, 1, 1, 1, 1, 1, 1, 1, 1, 1, 1]",0.03174638800010143,0.03182198022235146,0.03144006099955732,0.03236379100053455,0.00031373167779929253,"[0.032109, 0.032364, 0.03212, 0.031824, 0.031746, 0.031638, 0.03144, 0.031675, 0.031482]",0.016950088000157848,0.016934652333273133,0.01669481499993708,0.017175676999613643,0.0001444124142855793,"[0.017, 0.017018, 0.017176, 0.017038, 0.01695, 0.016903, 0.016827, 0.016806, 0.016695]",1.8729335210416485,1.8304990831083132,1.9385534371394066,49,optimal,nan,0.9413604736328125,0.7260866165161133,113.8646484613214,113.86464825398564,1.820896670123864e-09,0.00010301434975253099,9.193627865587654e-05,1.0,0.8571428571428571,0.6947368421052632,0.7674418604651163,9,2,1e-07,1e-05,1000,20.0,20.0,20.0,0.0,20.0,1.0,41.0,3.7037037037037037,7.467533753298538,2.0
primary,x86_64,none,0.3.0,2.4.4,32,8,many_tiny,100,500,0.25,0,0.9808080808080808,5,"[20, 20, 20, 20, 20]",powerlaw,5,0,0,38,16,"[14, 10, 5, 5, 4, 4, 3, 3, 3, 3, 3, 3, 3, 3, 3, 3, 2, 2, 2, 2, 2, 2, 1, 1, 1, 1, 1, 1, 1, 1, 1, 1, 1, 1, 1, 1, 1, 1]",0.0356704579999132,0.0357060781111108,0.03514922900012607,0.036118076000093424,0.0003181953738951966,"[0.035627, 0.035813, 0.036118, 0.036088, 0.03567, 0.035936, 0.035533, 0.03542, 0.035149]",0.014309502999822143,0.012879976666732141,0.010399679000329343,0.01441873499970825,0.0018690309086324501,"[0.014395, 0.01431, 0.014347, 0.014419, 0.014401, 0.012451, 0.010716, 0.010482, 0.0104]",2.4927810560825594,2.437747070102702,3.472999118429484,55,optimal,nan,0.9413604736328125,0.7018852233886719,114.88906699571461,114.88906699632795,5.338545307631371e-12,7.494132097440875e-06,6.68822955044517e-06,1.0,0.9682539682539683,0.6421052631578947,0.7721518987341772,9,2,1e-07,1e-05,1000,20.0,20.0,20.0,0.0,20.0,1.0,14.0,2.6315789473684212,2.5383485372184205,2.0
primary,x86_64,none,0.3.0,2.4.4,32,8,many_tiny,100,500,0.3,0,0.9808080808080808,5,"[20, 20, 20, 20, 20]",powerlaw,5,0,0,43,19,"[14, 9, 5, 4, 3, 3, 3, 3, 3, 3, 3, 3, 3, 2, 2, 2, 2, 2, 2, 2, 2, 2, 2, 2, 1, 1, 1, 1, 1, 1, 1, 1, 1, 1, 1, 1, 1, 1, 1, 1, 1, 1, 1]",0.035808188000373775,0.03691449977789792,0.03513498099982826,0.039352318000055675,0.0016787040846118824,"[0.035135, 0.035351, 0.03578, 0.035808, 0.035625, 0.038177, 0.038809, 0.039352, 0.038194]",0.014089849000811228,0.012683278333396528,0.010067230999993626,0.014167024000016681,0.0018638317685167527,"[0.014167, 0.014103, 0.014114, 0.014154, 0.01409, 0.012673, 0.010517, 0.010264, 0.010067]",2.5414174416143216,2.4800537501586,3.908951527990228,55,optimal,nan,0.9413604736328125,0.7036819458007812,115.71424008129522,115.71424008156193,2.3048962781722815e-12,3.729497420140726e-06,3.328435438431082e-06,1.0,0.9824561403508771,0.5894736842105263,0.7368421052631577,9,2,1e-07,1e-05,1000,20.0,20.0,20.0,0.0,20.0,1.0,14.0,2.3255813953488373,2.309947449644468,2.0
primary,x86_64,none,0.3.0,2.4.4,32,8,many_tiny,100,500,0.35,0,0.9808080808080808,5,"[20, 20, 20, 20, 20]",powerlaw,5,0,0,52,31,"[14, 8, 4, 4, 3, 3, 3, 3, 3, 2, 2, 2, 2, 2, 2, 2, 2, 2, 2, 2, 2, 1, 1, 1, 1, 1, 1, 1, 1, 1, 1, 1, 1, 1, 1, 1, 1, 1, 1, 1, 1, 1, 1, 1, 1, 1, 1, 1, 1, 1, 1, 1]",0.036310421000052884,0.03628548700018857,0.035879426000064996,0.03685895899980096,0.0003231134731841981,"[0.035901, 0.035879, 0.03631, 0.036356, 0.036859, 0.036034, 0.036455, 0.036581, 0.036194]",0.013339467000150762,0.012187904777824264,0.009484260000135691,0.013576930000454013,0.0018444814360008411,"[0.013577, 0.013484, 0.013486, 0.013444, 0.013339, 0.013141, 0.01, 0.009736, 0.009484]",2.7220293734106846,2.6426759214980993,3.8863294552525574,52,optimal,nan,0.9413604736328125,0.7033710479736328,116.36591695772756,116.36591695787672,1.281793973616388e-12,3.5148613055091538e-06,3.1368808208392e-06,1.0,0.9791666666666666,0.49473684210526314,0.6573426573426573,9,2,1e-07,1e-05,1000,20.0,20.0,20.0,0.0,20.0,1.0,14.0,1.9230769230769231,2.074072117340425,1.0
primary,x86_64,none,0.3.0,2.4.4,32,8,many_tiny,100,500,0.4,0,0.9808080808080808,5,"[20, 20, 20, 20, 20]",powerlaw,5,0,0,60,42,"[11, 8, 4, 3, 3, 3, 3, 3, 2, 2, 2, 2, 2, 2, 2, 2, 2, 2, 1, 1, 1, 1, 1, 1, 1, 1, 1, 1, 1, 1, 1, 1, 1, 1, 1, 1, 1, 1, 1, 1, 1, 1, 1, 1, 1, 1, 1, 1, 1, 1, 1, 1, 1, 1, 1, 1, 1, 1, 1, 1]",0.03364727700045478,0.03364318722217124,0.033228155000870174,0.03382774799956678,0.00017837100572580013,"[0.033228, 0.033601, 0.033806, 0.03372, 0.033828, 0.033647, 0.033588, 0.033625, 0.033746]",0.011120378000669007,0.010707193000093361,0.008348000999831129,0.01124385799994343,0.0009915685374051611,"[0.011244, 0.011215, 0.011228, 0.011163, 0.01112, 0.011101, 0.011119, 0.009825, 0.008348]",3.0257314093487238,2.9552272005780713,4.052197406331298,52,optimal,nan,0.9413604736328125,0.7029705047607422,116.88416513372682,116.88416513386078,1.14601936363442e-12,2.9100911419499553e-06,2.5971463157308167e-06,1.0,1.0,0.42105263157894735,0.5925925925925926,9,2,1e-07,1e-05,1000,20.0,20.0,20.0,0.0,20.0,1.0,11.0,1.6666666666666667,1.6397831834998462,1.0
primary,x86_64,none,0.3.0,2.4.4,32,8,many_tiny,100,1000,0.05,0,0.9808080808080808,5,"[20, 20, 20, 20, 20]",powerlaw,5,0,0,1,0,[100],0.026916396000160603,0.026864550111187983,0.026169576000029338,0.02726071699999011,0.0003509433659264544,"[0.02617, 0.026582, 0.026653, 0.026832, 0.026916, 0.027261, 0.027213, 0.027125, 0.027029]",0.027682214000378735,0.02772627644430435,0.027385385999878054,0.028185635000227194,0.0002482965172809913,"[0.028186, 0.028049, 0.027712, 0.027609, 0.027758, 0.027596, 0.027682, 0.02756, 0.027385]",0.9723353775024044,0.9284721099885951,0.9954476084474946,41,optimal,nan,0.9413604736328125,1.478799819946289,108.93709033596105,108.93709033596105,0.0,0.0,0.0,1.0,0.09121245828698554,0.8631578947368421,0.16498993963782696,9,2,1e-07,1e-05,1000,20.0,20.0,20.0,0.0,20.0,100.0,100.0,100.0,0.0,100.0
primary,x86_64,none,0.3.0,2.4.4,32,8,many_tiny,100,1000,0.1,0,0.9808080808080808,5,"[20, 20, 20, 20, 20]",powerlaw,5,0,0,7,5,"[93, 2, 1, 1, 1, 1, 1]",0.0345009550001123,0.03443921455547954,0.03392273299959925,0.034756226999888895,0.000253094938066797,"[0.034266, 0.034573, 0.034537, 0.034379, 0.034697, 0.034756, 0.034501, 0.034322, 0.033923]",0.03243859100075497,0.032398222666718844,0.03214769999976852,0.0327033619996655,0.00018497504656797404,"[0.032703, 0.032279, 0.032526, 0.032224, 0.032448, 0.032148, 0.03257, 0.032246, 0.032439]",1.0635774839699212,1.0372857995439801,1.0811419479508382,52,optimal,nan,0.9413604736328125,1.3143587112426758,110.99569541504981,110.99569534985012,5.874073350920303e-10,3.185996762113119e-05,2.7187464621462403e-05,1.0,0.6016260162601627,0.7789473684210526,0.6788990825688073,9,2,1e-07,1e-05,1000,20.0,20.0,20.0,0.0,20.0,1.0,93.0,14.285714285714286,32.13682483077757,1.0
primary,x86_64,none,0.3.0,2.4.4,32,8,many_tiny,100,1000,0.15,0,0.9808080808080808,5,"[20, 20, 20, 20, 20]",powerlaw,5,0,0,28,11,"[28, 10, 6, 5, 5, 5, 4, 4, 3, 3, 3, 3, 2, 2, 2, 2, 2, 1, 1, 1, 1, 1, 1, 1, 1, 1, 1, 1]",0.035542229000384395,0.03564354644448839,0.0352608359999067,0.036251055000320775,0.00034368200366014857,"[0.035941, 0.036251, 0.035977, 0.035642, 0.035402, 0.035264, 0.035542, 0.035261, 0.035511]",0.015182177000497177,0.01516661000005115,0.01495658700059721,0.01529022199974861,0.00012165969474384406,"[0.015255, 0.01529, 0.015243, 0.015283, 0.015182, 0.015174, 0.015122, 0.014995, 0.014957]",2.3410495740644097,2.3061036000972672,2.423751822449419,55,optimal,nan,0.9413604736328125,0.7093887329101562,112.50628537756909,112.50628537918615,1.43731291409249e-11,1.073753453388615e-05,9.174143322904196e-06,1.0,0.9054054054054054,0.7052631578947368,0.7928994082840236,9,2,1e-07,1e-05,1000,20.0,20.0,20.0,0.0,20.0,1.0,28.0,3.5714285714285716,5.129944105992993,2.0
primary,x86_64,none,0.3.0,2.4.4,32,8,many_tiny,100,1000,0.2,0,0.9808080808080808,5,"[20, 20, 20, 20, 20]",powerlaw,5,0,0,36,15,"[13, 10, 6, 5, 5, 4, 4, 4, 3, 3, 3, 3, 3, 3, 3, 3, 2, 2, 2, 2, 2, 1, 1, 1, 1, 1, 1, 1, 1, 1, 1, 1, 1, 1, 1, 1]",0.0331687879997844,0.033178551222287446,0.03293132599992532,0.033486989000266476,0.00015953134564559635,"[0.032931, 0.033225, 0.033166, 0.033228, 0.033487, 0.03316, 0.032987, 0.033253, 0.033169]",0.01461226599985821,0.013047519333162604,0.01054334399941581,0.014725060999808193,0.0019610728702532405,"[0.014725, 0.014659, 0.014612, 0.014657, 0.014632, 0.012107, 0.010909, 0.010583, 0.010543]",2.26992774427363,2.236413553760781,3.1761259996943982,51,optimal,nan,0.9413604736328125,0.7006120681762695,113.76529982718392,113.76529982761627,3.800377131797411e-12,8.570712098143751e-06,7.322811480276897e-06,1.0,0.9846153846153847,0.6736842105263158,0.8,9,2,1e-07,1e-05,1000,20.0,20.0,20.0,0.0,20.0,1.0,13.0,2.7777777777777777,2.539806544591658,2.0
primary,x86_64,none,0.3.0,2.4.4,32,8,many_tiny,100,1000,0.25,0,0.9808080808080808,5,"[20, 20, 20, 20, 20]",powerlaw,5,0,0,38,15,"[11, 10, 6, 5, 4, 4, 4, 3, 3, 3, 3, 3, 3, 3, 3, 3, 2, 2, 2, 2, 2, 2, 2, 1, 1, 1, 1, 1, 1, 1, 1, 1, 1, 1, 1, 1, 1, 1]",0.031801004000044486,0.03174797055534226,0.03114798200022051,0.03200522099996306,0.0002473914766795588,"[0.031148, 0.031725, 0.031802, 0.031813, 0.031695, 0.031801, 0.031771, 0.032005, 0.031971]",0.014200268999957188,0.012763883555635402,0.01028688400037936,0.0143415599995933,0.0018611878006868044,"[0.014342, 0.014286, 0.014242, 0.014201, 0.0142, 0.012307, 0.010657, 0.010353, 0.010287]",2.239464900287478,2.1718684718471217,3.1112648882579768,49,optimal,nan,0.9413604736328125,0.7011470794677734,114.8084501681998,114.80845016895356,6.5653524966562875e-12,7.490060553227984e-06,6.399503421374287e-06,1.0,1.0,0.6526315789473685,0.7898089171974523,9,2,1e-07,1e-05,1000,20.0,20.0,20.0,0.0,20.0,1.0,11.0,2.6315789473684212,2.2410177743203974,2.0
primary,x86_64,none,0.3.0,2.4.4,32,8,many_tiny,100,1000,0.3,0,0.9808080808080808,5,"[20, 20, 20, 20, 20]",powerlaw,5,0,0,46,23,"[11, 8, 5, 5, 4, 3, 3, 3, 3, 3, 3, 3, 3, 2, 2, 2, 2, 2, 2, 2, 2, 2, 2, 1, 1, 1, 1, 1, 1, 1, 1, 1, 1, 1, 1, 1, 1, 1, 1, 1, 1, 1, 1, 1, 1, 1]",0.030943762999413593,0.030942180444374873,0.030366728999979387,0.03144362300008652,0.0003060185296258391,"[0.030367, 0.030678, 0.030838, 0.031147, 0.030944, 0.031147, 0.03093, 0.031444, 0.030987]",0.013549621000493062,0.012446079222374666,0.01013609500023449,0.013667164999787929,0.001669907807164604,"[0.013654, 0.01355, 0.013626, 0.013637, 0.013667, 0.01319, 0.010408, 0.010147, 0.010136]",2.283736423202359,2.221874763380012,3.102143675583062,48,optimal,nan,0.9413604736328125,0.7021303176879883,115.65463510247191,115.65463510281155,2.9366693984413315e-12,4.177554016548957e-06,3.56929974427698e-06,1.0,1.0,0.5684210526315789,0.7248322147651006,9,2,1e-07,1e-05,1000,20.0,20.0,20.0,0.0,20.0,1.0,11.0,2.1739130434782608,1.9145251179394778,1.5
primary,x86_64,none,0.3.0,2.4.4,32,8,many_tiny,100,1000,0.35,0,0.9808080808080808,5,"[20, 20, 20, 20, 20]",powerlaw,5,0,0,53,31,"[11, 8, 4, 4, 3, 3, 3, 3, 3, 3, 2, 2, 2, 2, 2, 2, 2, 2, 2, 2, 2, 2, 1, 1, 1, 1, 1, 1, 1, 1, 1, 1, 1, 1, 1, 1, 1, 1, 1, 1, 1, 1, 1, 1, 1, 1, 1, 1, 1, 1, 1, 1, 1]",0.03034535799997684,0.030365541888891637,0.030198130999451678,0.030517518000124255,0.00011756939448346949,"[0.030516, 0.030518, 0.030456, 0.030249, 0.030198, 0.030255, 0.030345, 0.030343, 0.030409]",0.012902534999739146,0.011924057222131523,0.00945813900034409,0.01321479900070699,0.0016468103129757272,"[0.013215, 0.013174, 0.013028, 0.01293, 0.012903, 0.01281, 0.010225, 0.009573, 0.009458]",2.351891159418699,2.2851752037875177,3.2265880210698974,47,optimal,nan,0.9413604736328125,0.7033100128173828,116.33439123339433,116.3343912335972,1.743888112219629e-12,3.5852012261194943e-06,3.0631938606296736e-06,1.0,1.0,0.49473684210526314,0.6619718309859155,9,2,1e-07,1e-05,1000,20.0,20.0,20.0,0.0,20.0,1.0,11.0,1.8867924528301887,1.74464547253839,1.0
primary,x86_64,none,0.3.0,2.4.4,32,8,many_tiny,100,1000,0.4,0,0.9808080808080808,5,"[20, 20, 20, 20, 20]",powerlaw,5,0,0,57,38,"[11, 8, 4, 4, 3, 3, 3, 3, 3, 2, 2, 2, 2, 2, 2, 2, 2, 2, 2, 1, 1, 1, 1, 1, 1, 1, 1, 1, 1, 1, 1, 1, 1, 1, 1, 1, 1, 1, 1, 1, 1, 1, 1, 1, 1, 1, 1, 1, 1, 1, 1, 1, 1, 1, 1, 1, 1]",0.030460525999842503,0.030452347333266516,0.02965196599961928,0.030815533999884792,0.0003496345197723825,"[0.029652, 0.030335, 0.030753, 0.030401, 0.030461, 0.030338, 0.030816, 0.03068, 0.030636]",0.012191334999442915,0.011448076110961361,0.008949969000241254,0.012492912000197975,0.0014677580565298986,"[0.012481, 0.012493, 0.012441, 0.012272, 0.012191, 0.012149, 0.011052, 0.009005, 0.00895]",2.498539003417952,2.3735031511587836,3.4430883502562004,47,optimal,nan,0.9413604736328125,0.7026195526123047,116.88268734878521,116.88268734893329,1.2668865637092479e-12,3.4342129497932916e-06,2.934189564345281e-06,1.0,1.0,0.45263157894736844,0.6231884057971014,9,2,1e-07,1e-05,1000,20.0,20.0,20.0,0.0,20.0,1.0,11.0,1.7543859649122806,1.699129826358351,1.0
primary,x86_64,none,0.3.0,2.4.4,32,8,many_tiny,200,400,0.05,0,0.9904522613065326,10,"[20, 20, 20, 20, 20, 20, 20, 20, 20, 20]",powerlaw,10,0,0,1,0,[200],0.05982160100029432,0.05982437122232417,0.059404854000604246,0.06018729399966105,0.0002252817627078576,"[0.059405, 0.059822, 0.05989, 0.060009, 0.059687, 0.059704, 0.059747, 0.059968, 0.060187]",0.06253936100074498,0.06257207822232481,0.06221522499981802,0.06319475800046348,0.0003257715406538512,"[0.062989, 0.063195, 0.062626, 0.062334, 0.062335, 0.062539, 0.062215, 0.062366, 0.062549]",0.9565432080379223,0.9400281903155411,0.9674045862542022,26,optimal,nan,3.385162353515625,5.829843521118164,207.74101848320652,207.74101848320652,0.0,0.0,0.0,1.0,0.026061628085236856,0.8947368421052632,0.05064799642484731,9,2,1e-07,1e-05,1000,20.0,20.0,20.0,0.0,20.0,200.0,200.0,200.0,0.0,200.0
primary,x86_64,none,0.3.0,2.4.4,32,8,many_tiny,200,400,0.1,0,0.9904522613065326,10,"[20, 20, 20, 20, 20, 20, 20, 20, 20, 20]",powerlaw,10,0,0,1,0,[200],0.11341811599959328,0.1134181165555977,0.1131474089997937,0.11397378000037861,0.00027099781713805224,"[0.113208, 0.113463, 0.113974, 0.113156, 0.113147, 0.113626, 0.113536, 0.113235, 0.113418]",0.11610975599978701,0.11594076155557155,0.11557190300027287,0.1164030219997585,0.0003094922403177422,"[0.116403, 0.115609, 0.11611, 0.115682, 0.115651, 0.116151, 0.116136, 0.116152, 0.115572]",0.9768181409303912,0.9720315422741211,0.9861720456407949,50,optimal,nan,3.385162353515625,5.829843521118164,218.4991961021196,218.4991961021196,0.0,0.0,0.0,1.0,0.08592425098925947,0.8,0.15518121490556408,9,2,1e-07,1e-05,1000,20.0,20.0,20.0,0.0,20.0,200.0,200.0,200.0,0.0,200.0
primary,x86_64,none,0.3.0,2.4.4,32,8,many_tiny,200,400,0.15,0,0.9904522613065326,10,"[20, 20, 20, 20, 20, 20, 20, 20, 20, 20]",powerlaw,10,0,0,4,3,"[197, 1, 1, 1]",0.10854656899937254,0.10853535555543203,0.10818206299973099,0.10888851500021701,0.0002642628527952276,"[0.108788, 0.108539, 0.108772, 0.108631, 0.108222, 0.108547, 0.108182, 0.108889, 0.108249]",0.11309279200031597,0.11316996722204446,0.11257037399991532,0.11415424999995594,0.000497146819211822,"[0.112576, 0.112923, 0.113449, 0.113093, 0.11257, 0.113488, 0.114154, 0.112982, 0.113293]",0.9598009482255003,0.9476831830595247,0.9672928243118294,48,optimal,nan,3.385162353515625,5.684686660766602,222.86786089752414,222.86785961684316,5.746369042271437e-09,8.498844138718487e-05,6.523392677668494e-05,1.0,0.2985386221294363,0.7526315789473684,0.4275037369207773,9,2,1e-07,1e-05,1000,20.0,20.0,20.0,0.0,20.0,1.0,197.0,50.0,84.870489570875,1.0
primary,x86_64,none,0.3.0,2.4.4,32,8,many_tiny,200,400,0.2,0,0.9904522613065326,10,"[20, 20, 20, 20, 20, 20, 20, 20, 20, 20]",powerlaw,10,0,0,31,20,"[152, 5, 5, 3, 3, 2, 2, 2, 2, 2, 2, 1, 1, 1, 1, 1, 1, 1, 1, 1, 1, 1, 1, 1, 1, 1, 1, 1, 1, 1, 1]",0.1144368300001588,0.1144611040000301,0.11388354199971218,0.11499724199984485,0.0003650430960321173,"[0.114247, 0.114597, 0.114324, 0.114971, 0.114437, 0.114997, 0.113884, 0.11454, 0.114153]",0.08078599299915368,0.08082016099989334,0.0803241280000293,0.08122411200019997,0.0003516110455221345,"[0.080324, 0.080331, 0.080587, 0.081099, 0.080759, 0.081181, 0.08109, 0.081224, 0.080786]",1.4165429643398413,1.4020903300171728,1.4316649911195163,51,optimal,nan,3.385162353515625,3.771450996398926,225.68977019544312,225.68976886356705,5.901357702238721e-09,0.00013365398841677645,0.00010494397855096751,1.0,0.6650485436893204,0.7210526315789474,0.6919191919191918,9,2,1e-07,1e-05,1000,20.0,20.0,20.0,0.0,20.0,1.0,152.0,6.451612903225806,26.5947347562141,1.0
primary,x86_64,none,0.3.0,2.4.4,32,8,many_tiny,200,400,0.25,0,0.9904522613065326,10,"[20, 20, 20, 20, 20, 20, 20, 20, 20, 20]",powerlaw,10,0,0,63,36,"[91, 5, 5, 4, 4, 4, 3, 3, 3, 3, 3, 3, 3, 3, 3, 2, 2, 2, 2, 2, 2, 2, 2, 2, 2, 2, 2, 1, 1, 1, 1, 1, 1, 1, 1, 1, 1, 1, 1, 1, 1, 1, 1, 1, 1, 1, 1, 1, 1, 1, 1, 1, 1, 1, 1, 1, 1, 1, 1, 1, 1, 1, 1]",0.11291588099993533,0.11291812366663281,0.11256087400033721,0.11367576199972973,0.0003421721924052684,"[0.113065, 0.112671, 0.112561, 0.112599, 0.113676, 0.112916, 0.112744, 0.112993, 0.113038]",0.04724794999947335,0.047627230777834484,0.04687869600002159,0.04984341699946526,0.0009496723304516472,"[0.049843, 0.048301, 0.047869, 0.047248, 0.046879, 0.047051, 0.047221, 0.047301, 0.046932]",2.3898577822147615,2.2582896754759973,2.4248917247970674,50,optimal,nan,3.385162353515625,2.499237060546875,227.92718875239868,227.92718050979104,3.6163336545209365e-08,0.0005755248630876786,0.0004518972425770129,0.99995,0.831081081081081,0.6473684210526316,0.7278106508875739,9,2,1e-07,1e-05,1000,20.0,20.0,20.0,0.0,20.0,1.0,91.0,3.1746031746031744,11.204505446598125,1.0
primary,x86_64,none,0.3.0,2.4.4,32,8,many_tiny,200,400,0.3,0,0.9904522613065326,10,"[20, 20, 20, 20, 20, 20, 20, 20, 20, 20]",powerlaw,10,0,0,83,47,"[27, 23, 7, 5, 5, 5, 5, 4, 4, 4, 4, 3, 3, 3, 3, 3, 3, 3, 3, 3, 3, 2, 2, 2, 2, 2, 2, 2, 2, 2, 2, 2, 2, 2, 2, 2, 1, 1, 1, 1, 1, 1, 1, 1, 1, 1, 1, 1, 1, 1, 1, 1, 1, 1, 1, 1, 1, 1, 1, 1, 1, 1, 1, 1, 1, 1, 1, 1, 1, 1, 1, 1, 1, 1, 1, 1, 1, 1, 1, 1, 1, 1, 1]",0.1105649999999514,0.1105473220000527,0.11015418999977555,0.11097818500002177,0.00026354552215887605,"[0.110154, 0.110208, 0.110607, 0.110523, 0.110565, 0.110794, 0.110417, 0.11068, 0.110978]",0.028469399999266898,0.02924049522203455,0.028217691000463674,0.03134270000009565,0.0012678844641325657,"[0.031343, 0.031173, 0.029916, 0.029108, 0.028469, 0.028231, 0.028218, 0.028364, 0.028344]",3.883643491004324,3.5145086415477738,3.9329293455725405,49,optimal,nan,3.385162353515625,2.354559898376465,229.75462931298247,229.75462244002063,2.99143563209145e-08,0.0007452383082239833,0.0005851548001062885,1.0,0.9495798319327731,0.5947368421052631,0.7313915857605177,9,2,1e-07,1e-05,1000,20.0,20.0,20.0,0.0,20.0,1.0,27.0,2.4096385542168677,3.7802152822558024,1.0
primary,x86_64,none,0.3.0,2.4.4,32,8,many_tiny,200,400,0.35,0,0.9904522613065326,10,"[20, 20, 20, 20, 20, 20, 20, 20, 20, 20]",powerlaw,10,0,0,96,59,"[20, 12, 8, 7, 6, 5, 5, 4, 4, 4, 4, 3, 3, 3, 3, 3, 3, 3, 3, 3, 3, 2, 2, 2, 2, 2, 2, 2, 2, 2, 2, 2, 2, 2, 2, 2, 2, 1, 1, 1, 1, 1, 1, 1, 1, 1, 1, 1, 1, 1, 1, 1, 1, 1, 1, 1, 1, 1, 1, 1, 1, 1, 1, 1, 1, 1, 1, 1, 1, 1, 1, 1, 1, 1, 1, 1, 1, 1, 1, 1, 1, 1, 1, 1, 1, 1, 1, 1, 1, 1, 1, 1, 1, 1, 1, 1]",0.11912434100031533,0.11926523566681782,0.11877527100023144,0.12050162499963335,0.000507376620619843,"[0.119124, 0.118775, 0.120502, 0.119295, 0.119003, 0.119469, 0.11894, 0.119033, 0.119245]",0.01907656500043231,0.020980091888911073,0.018411668999760877,0.028578634000041347,0.0038005566430081746,"[0.028579, 0.026344, 0.020861, 0.019845, 0.019077, 0.018769, 0.018516, 0.018412, 0.018419]",6.244538311672764,4.156086361582559,6.544850714033496,53,optimal,nan,3.385162353515625,2.3449535369873047,231.24779685629602,231.24778872230723,3.517434066922117e-08,0.0013029420706381079,0.0010230590699443988,1.0,0.9807692307692307,0.5368421052631579,0.6938775510204082,9,2,1e-07,1e-05,1000,20.0,20.0,20.0,0.0,20.0,1.0,20.0,2.0833333333333335,2.506934826081887,1.0
primary,x86_64,none,0.3.0,2.4.4,32,8,many_tiny,200,400,0.4,0,0.9904522613065326,10,"[20, 20, 20, 20, 20, 20, 20, 20, 20, 20]",powerlaw,10,0,0,110,72,"[12, 11, 7, 7, 6, 5, 4, 4, 4, 4, 4, 3, 3, 3, 3, 3, 3, 2, 2, 2, 2, 2, 2, 2, 2, 2, 2, 2, 2, 2, 2, 2, 2, 2, 2, 2, 2, 2, 1, 1, 1, 1, 1, 1, 1, 1, 1, 1, 1, 1, 1, 1, 1, 1, 1, 1, 1, 1, 1, 1, 1, 1, 1, 1, 1, 1, 1, 1, 1, 1, 1, 1, 1, 1, 1, 1, 1, 1, 1, 1, 1, 1, 1, 1, 1, 1, 1, 1, 1, 1, 1, 1, 1, 1, 1, 1, 1, 1, 1, 1, 1, 1, 1, 1, 1, 1, 1, 1, 1, 1]",0.13130617500064545,0.1292269265555256,0.12315408300037234,0.13214916799915954,0.0032649577961086254,"[0.123154, 0.131607, 0.126333, 0.125842, 0.129794, 0.131328, 0.131531, 0.132149, 0.131306]",0.016606952999609348,0.01838976944438602,0.015535995999925944,0.024021725000238803,0.003536793377936876,"[0.024015, 0.024022, 0.020492, 0.017374, 0.016607, 0.016118, 0.01575, 0.015536, 0.015595]",7.906698778742507,5.126779321599429,8.505999100398164,55,optimal,nan,3.385162353515625,2.342928886413574,232.46303176307765,232.46303176094597,9.16999591088418e-12,1.1562244494056628e-05,9.078576382368383e-06,1.0,1.0,0.47368421052631576,0.6428571428571429,9,2,1e-07,1e-05,1000,20.0,20.0,20.0,0.0,20.0,1.0,12.0,1.8181818181818181,1.7846915607303542,1.0
primary,x86_64,none,0.3.0,2.4.4,32,8,many_tiny,200,1000,0.05,0,0.9904522613065326,10,"[20, 20, 20, 20, 20, 20, 20, 20, 20, 20]",powerlaw,10,0,0,1,0,[200],0.08222620200012898,0.08210219377795308,0.08142357799988531,0.08258120900063659,0.00039526489444898833,"[0.081793, 0.082226, 0.082337, 0.082061, 0.08232, 0.081424, 0.081674, 0.082504, 0.082581]",0.08491071699972963,0.08493538666637808,0.08446072500009905,0.08548775100007333,0.00031887102795329336,"[0.08511, 0.084797, 0.084758, 0.084911, 0.084613, 0.085488, 0.084461, 0.085219, 0.085063]",0.9683842617933706,0.9524590019898344,0.9777468640073803,36,optimal,nan,3.385162353515625,5.829843521118164,215.62039139243117,215.62039139243117,0.0,0.0,0.0,1.0,0.05259802358941664,0.868421052631579,0.09918845807033363,9,2,1e-07,1e-05,1000,20.0,20.0,20.0,0.0,20.0,200.0,200.0,200.0,0.0,200.0
primary,x86_64,none,0.3.0,2.4.4,32,8,many_tiny,200,1000,0.1,0,0.9904522613065326,10,"[20, 20, 20, 20, 20, 20, 20, 20, 20, 20]",powerlaw,10,0,0,5,3,"[194, 3, 1, 1, 1]",0.10921739599962166,0.10914351899969511,0.10882083299929945,0.10960920999968948,0.0002686479595514931,"[0.108934, 0.109265, 0.108995, 0.108821, 0.109609, 0.109393, 0.108827, 0.109217, 0.10923]",0.10845988999972178,0.10853627400006695,0.10804432999975688,0.1091627800005881,0.0003890818324794316,"[0.108044, 0.109163, 0.108875, 0.108228, 0.108576, 0.108959, 0.10846, 0.10838, 0.108141]",1.0069842040214296,0.9968675495321134,1.0144836846129373,48,optimal,nan,3.385162353515625,5.541589736938477,220.4679466478081,220.46794674212285,4.27793446242166e-10,7.763661363825725e-06,6.046697347135868e-06,1.0,0.3769230769230769,0.7736842105263158,0.506896551724138,9,2,1e-07,1e-05,1000,20.0,20.0,20.0,0.0,20.0,1.0,194.0,40.0,77.0038960053321,1.0
primary,x86_64,none,0.3.0,2.4.4,32,8,many_tiny,200,1000,0.15,0,0.9904522613065326,10,"[20, 20, 20, 20, 20, 20, 20, 20, 20, 20]",powerlaw,10,0,0,45,19,"[86, 15, 10, 6, 5, 5, 5, 4, 3, 3, 3, 3, 3, 3, 3, 3, 3, 2, 2, 2, 2, 2, 2, 2, 2, 2, 1, 1, 1, 1, 1, 1, 1, 1, 1, 1, 1, 1, 1, 1, 1, 1, 1, 1, 1]",0.10918296399995597,0.10926238177772676,0.10874128300019947,0.11016130999996676,0.00041131476426747935,"[0.109144, 0.109443, 0.110161, 0.109467, 0.109183, 0.109147, 0.108741, 0.108858, 0.109217]",0.044538498999827425,0.04501659088883672,0.04417755600024975,0.047228952000295976,0.0009757173254523975,"[0.047229, 0.045721, 0.045362, 0.044902, 0.04453, 0.044538, 0.044245, 0.044178, 0.044444]",2.451428908737563,2.3024284553152485,2.493603539302717,48,optimal,nan,3.385162353515625,2.480752944946289,223.6530977736267,223.65309751881955,1.1392963682293692e-09,9.546395119043594e-05,7.654643735969746e-05,0.99995,0.8650306748466258,0.7421052631578947,0.7988668555240793,9,2,1e-07,1e-05,1000,20.0,20.0,20.0,0.0,20.0,1.0,86.0,4.444444444444445,12.556637121557232,2.0
primary,x86_64,none,0.3.0,2.4.4,32,8,many_tiny,200,1000,0.2,0,0.9904522613065326,10,"[20, 20, 20, 20, 20, 20, 20, 20, 20, 20]",powerlaw,10,0,0,62,23,"[21, 13, 10, 10, 10, 7, 6, 6, 5, 5, 5, 5, 5, 4, 4, 3, 3, 3, 3, 3, 3, 3, 3, 3, 3, 3, 3, 3, 2, 2, 2, 2, 2, 2, 2, 2, 2, 2, 2, 1, 1, 1, 1, 1, 1, 1, 1, 1, 1, 1, 1, 1, 1, 1, 1, 1, 1, 1, 1, 1, 1, 1]",0.10159959199972945,0.10183613188867942,0.10123627499979193,0.1029982479994942,0.0006089589362947084,"[0.101275, 0.102998, 0.102267, 0.1016, 0.102491, 0.101236, 0.101685, 0.101528, 0.101444]",0.020738801999868883,0.022532964888846943,0.02013327299937373,0.031178848999843467,0.0037815643951374022,"[0.031179, 0.026269, 0.022282, 0.021344, 0.020739, 0.020469, 0.020133, 0.02022, 0.020161]",4.899009692091751,3.2469535677952766,5.115822350528803,45,optimal,nan,3.385162353515625,2.3415069580078125,226.29846011240264,226.29846005439174,2.5634685004160727e-10,6.206277128585624e-05,5.0417316135452996e-05,1.0,0.9855072463768116,0.7157894736842105,0.8292682926829269,9,2,1e-07,1e-05,1000,20.0,20.0,20.0,0.0,20.0,1.0,21.0,3.225806451612903,3.423916616215571,2.0
primary,x86_64,none,0.3.0,2.4.4,32,8,many_tiny,200,1000,0.25,0,0.9904522613065326,10,"[20, 20, 20, 20, 20, 20, 20, 20, 20, 20]",powerlaw,10,0,0,74,35,"[17, 13, 9, 7, 7, 6, 6, 6, 5, 5, 5, 4, 4, 4, 4, 4, 3, 3, 3, 3, 3, 3, 3, 3, 3, 3, 3, 3, 3, 2, 2, 2, 2, 2, 2, 2, 2, 2, 2, 1, 1, 1, 1, 1, 1, 1, 1, 1, 1, 1, 1, 1, 1, 1, 1, 1, 1, 1, 1, 1, 1, 1, 1, 1, 1, 1, 1, 1, 1, 1, 1, 1, 1, 1]",0.09928551800021523,0.09935279944460894,0.09882840299997042,0.0997996249998323,0.00030670495273290747,"[0.099733, 0.099286, 0.099079, 0.099284, 0.099561, 0.0998, 0.099286, 0.099319, 0.098828]",0.019690404999892053,0.02167176688888301,0.01914780300012353,0.029642464999596996,0.003811080055244192,"[0.029642, 0.026573, 0.021584, 0.020541, 0.01969, 0.019409, 0.019148, 0.019202, 0.019256]",5.0423299064066756,3.334014327125428,5.2120666271315015,44,optimal,nan,3.385162353515625,2.338939666748047,228.49968134510377,228.49968112726813,9.533301433645545e-10,0.00013705421070744905,0.0001113373655795958,1.0,0.9920634920634921,0.6578947368421053,0.7911392405063292,9,2,1e-07,1e-05,1000,20.0,20.0,20.0,0.0,20.0,1.0,17.0,2.7027027027027026,2.7298635236143705,2.0
primary,x86_64,none,0.3.0,2.4.4,32,8,many_tiny,200,1000,0.3,0,0.9904522613065326,10,"[20, 20, 20, 20, 20, 20, 20, 20, 20, 20]",powerlaw,10,0,0,86,42,"[12, 11, 8, 7, 7, 6, 6, 5, 5, 4, 4, 4, 4, 3, 3, 3, 3, 3, 3, 3, 3, 3, 3, 3, 3, 3, 2, 2, 2, 2, 2, 2, 2, 2, 2, 2, 2, 2, 2, 2, 2, 2, 2, 2, 1, 1, 1, 1, 1, 1, 1, 1, 1, 1, 1, 1, 1, 1, 1, 1, 1, 1, 1, 1, 1, 1, 1, 1, 1, 1, 1, 1, 1, 1, 1, 1, 1, 1, 1, 1, 1, 1, 1, 1, 1, 1]",0.10101068399944779,0.1009353555555208,0.10046926900031394,0.10138706199995795,0.00031371710721648984,"[0.100469, 0.101199, 0.101011, 0.101199, 0.101099, 0.100714, 0.101387, 0.100716, 0.100624]",0.018727493999904254,0.020488675110957248,0.0178904379999949,0.027686959999300598,0.003801937515370136,"[0.027687, 0.026351, 0.020323, 0.019346, 0.018727, 0.018196, 0.017975, 0.017902, 0.01789]",5.393710658776033,3.6287576896434968,5.667108988610947,45,optimal,nan,3.385162353515625,2.3396081924438477,230.31662435123118,230.31662435245389,5.308787166971364e-12,1.6557557332430584e-05,1.3450698182984075e-05,1.0,1.0,0.6,0.7499999999999999,9,2,1e-07,1e-05,1000,20.0,20.0,20.0,0.0,20.0,1.0,12.0,2.3255813953488373,2.0989579943342003,2.0
primary,x86_64,none,0.3.0,2.4.4,32,8,many_tiny,200,1000,0.35,0,0.9904522613065326,10,"[20, 20, 20, 20, 20, 20, 20, 20, 20, 20]",powerlaw,10,0,0,98,58,"[12, 11, 8, 7, 7, 6, 5, 4, 4, 4, 4, 4, 4, 3, 3, 3, 3, 3, 3, 3, 3, 2, 2, 2, 2, 2, 2, 2, 2, 2, 2, 2, 2, 2, 2, 2, 2, 2, 2, 2, 1, 1, 1, 1, 1, 1, 1, 1, 1, 1, 1, 1, 1, 1, 1, 1, 1, 1, 1, 1, 1, 1, 1, 1, 1, 1, 1, 1, 1, 1, 1, 1, 1, 1, 1, 1, 1, 1, 1, 1, 1, 1, 1, 1, 1, 1, 1, 1, 1, 1, 1, 1, 1, 1, 1, 1, 1, 1]",0.09835228900010407,0.09843289433340235,0.09782037199965998,0.09917272200073057,0.0004469161045820195,"[0.098029, 0.09782, 0.098462, 0.098986, 0.098701, 0.098236, 0.098352, 0.098136, 0.099173]",0.01767434600060369,0.01948499922259038,0.01678623600037099,0.025897679000081553,0.003752497021478772,"[0.025879, 0.025898, 0.01974, 0.018467, 0.017674, 0.017171, 0.016917, 0.016833, 0.016786]",5.5646918418788855,3.777186828184562,5.907978536614091,44,optimal,nan,3.385162353515625,2.3414306640625,231.80154922925638,231.80154923380843,1.9637700521064542e-11,1.3366923138469211e-05,1.085875439968003e-05,1.0,1.0,0.5368421052631579,0.6986301369863014,9,2,1e-07,1e-05,1000,20.0,20.0,20.0,0.0,20.0,1.0,12.0,2.0408163265306123,1.9739030399596673,1.0
primary,x86_64,none,0.3.0,2.4.4,32,8,many_tiny,200,1000,0.4,0,0.9904522613065326,10,"[20, 20, 20, 20, 20, 20, 20, 20, 20, 20]",powerlaw,10,0,0,107,70,"[12, 11, 8, 7, 7, 6, 4, 4, 4, 4, 4, 4, 3, 3, 3, 3, 3, 2, 2, 2, 2, 2, 2, 2, 2, 2, 2, 2, 2, 2, 2, 2, 2, 2, 2, 2, 2, 1, 1, 1, 1, 1, 1, 1, 1, 1, 1, 1, 1, 1, 1, 1, 1, 1, 1, 1, 1, 1, 1, 1, 1, 1, 1, 1, 1, 1, 1, 1, 1, 1, 1, 1, 1, 1, 1, 1, 1, 1, 1, 1, 1, 1, 1, 1, 1, 1, 1, 1, 1, 1, 1, 1, 1, 1, 1, 1, 1, 1, 1, 1, 1, 1, 1, 1, 1, 1, 1]",0.0985731279997708,0.09839859355553118,0.09772182500000781,0.09866811400024744,0.00034972464068842553,"[0.097898, 0.097722, 0.09853, 0.098593, 0.098668, 0.09863, 0.098573, 0.098342, 0.098631]",0.016868161000274995,0.018688048444447405,0.015861318999668583,0.02447052800016536,0.003530086074868696,"[0.024471, 0.02443, 0.020279, 0.017601, 0.016868, 0.016445, 0.016242, 0.015994, 0.015861]",5.843738863896533,3.9934497939459033,6.220675216374444,44,optimal,nan,3.385162353515625,2.341632843017578,233.01167389254107,233.01167389230326,1.0205687931063041e-12,7.616528577170101e-06,6.187363574263102e-06,1.0,1.0,0.48947368421052634,0.657243816254417,9,2,1e-07,1e-05,1000,20.0,20.0,20.0,0.0,20.0,1.0,12.0,1.8691588785046729,1.8849334361907242,1.0
primary,x86_64,none,0.3.0,2.4.4,32,8,many_tiny,200,2000,0.05,0,0.9904522613065326,10,"[20, 20, 20, 20, 20, 20, 20, 20, 20, 20]",powerlaw,10,0,0,1,0,[200],0.09793316699960997,0.09827986188884097,0.09739412599992647,0.10038734299996577,0.0009510499155259425,"[0.097598, 0.097933, 0.097649, 0.098156, 0.099028, 0.100387, 0.098653, 0.097719, 0.097394]",0.10035884700027964,0.10024315011115606,0.09940187300071557,0.10073047599962592,0.00042085224404685666,"[0.099402, 0.100247, 0.09976, 0.100175, 0.100498, 0.10073, 0.100595, 0.100422, 0.100359]",0.9758299335517185,0.9668784450128892,1.009913998293001,43,optimal,nan,3.385162353515625,5.829843521118164,216.55534826659084,216.55534826659084,0.0,0.0,0.0,1.0,0.12139156180606958,0.8631578947368421,0.21284879948085658,9,2,1e-07,1e-05,1000,20.0,20.0,20.0,0.0,20.0,200.0,200.0,200.0,0.0,200.0
primary,x86_64,none,0.3.0,2.4.4,32,8,many_tiny,200,2000,0.1,0,0.9904522613065326,10,"[20, 20, 20, 20, 20, 20, 20, 20, 20, 20]",powerlaw,10,0,0,26,12,"[153, 5, 3, 3, 3, 3, 3, 3, 2, 2, 2, 2, 2, 2, 1, 1, 1, 1, 1, 1, 1, 1, 1, 1, 1, 1]",0.10007151700028771,0.10007811344429582,0.09943036799995753,0.10064973899989127,0.0003988414578551048,"[0.09943, 0.100261, 0.09998, 0.100567, 0.10018, 0.10065, 0.099953, 0.100072, 0.099611]",0.07968653400075709,0.07970988488887087,0.07938020700021298,0.07997148999947967,0.0001828417183459578,"[0.079678, 0.079914, 0.07938, 0.079687, 0.079971, 0.079628, 0.079852, 0.07971, 0.079568]",1.2558146524397327,1.2433226891308948,1.2679450306752316,44,optimal,nan,3.385162353515625,3.8067264556884766,220.45031800547758,220.45031620153551,8.18298692341004e-09,0.0003701146231524788,0.0002926486915536594,0.9999,0.73,0.7684210526315789,0.7487179487179486,9,2,1e-07,1e-05,1000,20.0,20.0,20.0,0.0,20.0,1.0,153.0,7.6923076923076925,29.07916149300208,2.0
primary,x86_64,none,0.3.0,2.4.4,32,8,many_tiny,200,2000,0.15,0,0.9904522613065326,10,"[20, 20, 20, 20, 20, 20, 20, 20, 20, 20]",powerlaw,10,0,0,60,19,"[14, 13, 10, 10, 10, 9, 6, 6, 5, 5, 5, 5, 5, 4, 4, 4, 4, 4, 3, 3, 3, 3, 3, 3, 3, 3, 3, 3, 3, 3, 2, 2, 2, 2, 2, 2, 2, 2, 2, 2, 2, 1, 1, 1, 1, 1, 1, 1, 1, 1, 1, 1, 1, 1, 1, 1, 1, 1, 1, 1]",0.102148126999964,0.1020800549999371,0.1013870599999791,0.10256962299990846,0.0004079354979078144,"[0.101866, 0.102336, 0.10257, 0.101387, 0.102475, 0.102148, 0.102013, 0.101571, 0.102356]",0.02099526199981483,0.022983351888999297,0.02070199500030867,0.031881738000265614,0.0037719795619734135,"[0.031882, 0.026179, 0.022813, 0.021722, 0.020995, 0.020976, 0.020702, 0.020739, 0.020842]",4.86529422690057,3.1800982744144757,4.954576744819962,45,optimal,nan,3.385162353515625,2.337953567504883,223.60638177593367,223.60638177564192,1.3047429370573425e-12,1.4067073244625194e-05,1.1128665592049538e-05,1.0,0.9928571428571429,0.7315789473684211,0.8424242424242424,9,2,1e-07,1e-05,1000,20.0,20.0,20.0,0.0,20.0,1.0,14.0,3.3333333333333335,2.9646060259145544,2.5
primary,x86_64,none,0.3.0,2.4.4,32,8,many_tiny,200,2000,0.2,0,0.9904522613065326,10,"[20, 20, 20, 20, 20, 20, 20, 20, 20, 20]",powerlaw,10,0,0,64,22,"[14, 13, 10, 10, 10, 7, 6, 6, 5, 5, 5, 5, 4, 4, 4, 4, 3, 3, 3, 3, 3, 3, 3, 3, 3, 3, 3, 3, 3, 3, 2, 2, 2, 2, 2, 2, 2, 2, 2, 2, 2, 2, 1, 1, 1, 1, 1, 1, 1, 1, 1, 1, 1, 1, 1, 1, 1, 1, 1, 1, 1, 1, 1, 1]",0.09796284799995192,0.09809002233325576,0.09661999599939008,0.09945767499993963,0.0009133971057967433,"[0.09662, 0.097315, 0.097978, 0.097963, 0.099261, 0.099458, 0.098717, 0.097845, 0.097654]",0.020193825000205834,0.02198666788889467,0.019570485000258486,0.029985598000166647,0.003731179676562287,"[0.029986, 0.026584, 0.021652, 0.020779, 0.020194, 0.019768, 0.019603, 0.01957, 0.019745]",4.851128897024382,3.2222134105463933,5.082024027438563,43,optimal,nan,3.385162353515625,2.338505744934082,226.2722837901929,226.27228379705227,3.031471863969976e-11,2.3623770863623328e-05,1.8689107686031103e-05,1.0,1.0,0.7157894736842105,0.8343558282208589,9,2,1e-07,1e-05,1000,20.0,20.0,20.0,0.0,20.0,1.0,14.0,3.125,2.8531780526283317,2.0
primary,x86_64,none,0.3.0,2.4.4,32,8,many_tiny,200,2000,0.25,0,0.9904522613065326,10,"[20, 20, 20, 20, 20, 20, 20, 20, 20, 20]",powerlaw,10,0,0,71,29,"[13, 11, 10, 10, 10, 7, 6, 6, 5, 5, 5, 4, 4, 4, 4, 3, 3, 3, 3, 3, 3, 3, 3, 3, 3, 3, 3, 3, 2, 2, 2, 2, 2, 2, 2, 2, 2, 2, 2, 2, 2, 2, 1, 1, 1, 1, 1, 1, 1, 1, 1, 1, 1, 1, 1, 1, 1, 1, 1, 1, 1, 1, 1, 1, 1, 1, 1, 1, 1, 1, 1]",0.09508479999931296,0.0957247616666387,0.0941622569998799,0.09908248400006414,0.0015274285628253793,"[0.094868, 0.0946, 0.099082, 0.095642, 0.095085, 0.097139, 0.095923, 0.095022, 0.094162]",0.01900176199978887,0.020793681888689106,0.01817064299939375,0.02808589699998265,0.003763722189014259,"[0.028086, 0.026419, 0.020603, 0.019588, 0.019002, 0.018668, 0.018311, 0.018171, 0.018295]",5.0039991028394875,3.3526526498312683,5.4528881560971705,42,optimal,nan,3.385162353515625,2.338921546936035,228.49607441424482,228.4960744241466,4.333458476441247e-11,1.0391678743948418e-05,8.221007725628884e-06,1.0,1.0,0.6789473684210526,0.8087774294670846,9,2,1e-07,1e-05,1000,20.0,20.0,20.0,0.0,20.0,1.0,13.0,2.816901408450704,2.6233505033676194,2.0
primary,x86_64,none,0.3.0,2.4.4,32,8,many_tiny,200,2000,0.3,0,0.9904522613065326,10,"[20, 20, 20, 20, 20, 20, 20, 20, 20, 20]",powerlaw,10,0,0,84,42,"[13, 11, 9, 7, 7, 6, 6, 5, 5, 4, 4, 4, 4, 4, 3, 3, 3, 3, 3, 3, 3, 3, 3, 3, 3, 3, 3, 2, 2, 2, 2, 2, 2, 2, 2, 2, 2, 2, 2, 2, 2, 2, 1, 1, 1, 1, 1, 1, 1, 1, 1, 1, 1, 1, 1, 1, 1, 1, 1, 1, 1, 1, 1, 1, 1, 1, 1, 1, 1, 1, 1, 1, 1, 1, 1, 1, 1, 1, 1, 1, 1, 1, 1, 1]",0.09429761100000178,0.09433217488872793,0.0936861449999924,0.09491976299977978,0.0004187137424440914,"[0.094748, 0.09492, 0.094378, 0.09389, 0.094776, 0.093686, 0.094108, 0.094298, 0.094186]",0.01863369500006229,0.02041387333338207,0.017768142999557313,0.02744356000039261,0.0037805729910916313,"[0.027444, 0.026431, 0.020152, 0.019181, 0.018634, 0.018192, 0.017991, 0.017932, 0.017768]",5.060596462466868,3.4137752171603144,5.342131870626248,42,optimal,nan,3.385162353515625,2.340029716491699,230.3234606442964,230.32346064623584,8.420508282945235e-12,7.32438108561051e-06,5.794424068817939e-06,1.0,1.0,0.6105263157894737,0.7581699346405228,9,2,1e-07,1e-05,1000,20.0,20.0,20.0,0.0,20.0,1.0,13.0,2.380952380952381,2.219527845032651,1.5
primary,x86_64,none,0.3.0,2.4.4,32,8,many_tiny,200,2000,0.35,0,0.9904522613065326,10,"[20, 20, 20, 20, 20, 20, 20, 20, 20, 20]",powerlaw,10,0,0,96,56,"[13, 11, 8, 7, 7, 6, 5, 4, 4, 4, 4, 4, 4, 3, 3, 3, 3, 3, 3, 3, 3, 3, 2, 2, 2, 2, 2, 2, 2, 2, 2, 2, 2, 2, 2, 2, 2, 2, 2, 2, 1, 1, 1, 1, 1, 1, 1, 1, 1, 1, 1, 1, 1, 1, 1, 1, 1, 1, 1, 1, 1, 1, 1, 1, 1, 1, 1, 1, 1, 1, 1, 1, 1, 1, 1, 1, 1, 1, 1, 1, 1, 1, 1, 1, 1, 1, 1, 1, 1, 1, 1, 1, 1, 1, 1, 1]",0.09421687299982295,0.09425038155586662,0.09378469100010989,0.09498625200012611,0.00033094160478706994,"[0.094219, 0.094986, 0.09421, 0.094217, 0.094406, 0.094336, 0.093785, 0.094032, 0.094064]",0.01792843100065511,0.01973433444436523,0.017011824999826786,0.026437904999511375,0.0038732851812071155,"[0.026379, 0.026438, 0.019619, 0.01852, 0.017928, 0.017426, 0.017249, 0.017012, 0.017038]",5.255165552210355,3.5473571374828383,5.583542741657245,42,optimal,nan,3.385162353515625,2.3411970138549805,231.8142072581379,231.81420725827385,5.86422367349748e-13,7.921317262127303e-06,6.266668918825857e-06,1.0,1.0,0.5473684210526316,0.707482993197279,9,2,1e-07,1e-05,1000,20.0,20.0,20.0,0.0,20.0,1.0,13.0,2.0833333333333335,2.0446406910642163,1.0
primary,x86_64,none,0.3.0,2.4.4,32,8,many_tiny,200,2000,0.4,0,0.9904522613065326,10,"[20, 20, 20, 20, 20, 20, 20, 20, 20, 20]",powerlaw,10,0,0,107,70,"[13, 11, 8, 7, 6, 6, 4, 4, 4, 4, 4, 4, 3, 3, 3, 3, 3, 2, 2, 2, 2, 2, 2, 2, 2, 2, 2, 2, 2, 2, 2, 2, 2, 2, 2, 2, 2, 1, 1, 1, 1, 1, 1, 1, 1, 1, 1, 1, 1, 1, 1, 1, 1, 1, 1, 1, 1, 1, 1, 1, 1, 1, 1, 1, 1, 1, 1, 1, 1, 1, 1, 1, 1, 1, 1, 1, 1, 1, 1, 1, 1, 1, 1, 1, 1, 1, 1, 1, 1, 1, 1, 1, 1, 1, 1, 1, 1, 1, 1, 1, 1, 1, 1, 1, 1, 1, 1]",0.0942121230000339,0.09418573844454335,0.09356266300073912,0.09462293399974442,0.0003447809543244435,"[0.094546, 0.094623, 0.09423, 0.094179, 0.094141, 0.093759, 0.093563, 0.094212, 0.09442]",0.017073564999918744,0.01891152633329006,0.016170019999663054,0.02498700900014228,0.0036229616529065943,"[0.024905, 0.024987, 0.020066, 0.017696, 0.017074, 0.016658, 0.016366, 0.01617, 0.016283]",5.5180112062408915,3.7444522871947723,5.85175120387706,42,optimal,nan,3.385162353515625,2.34182071685791,233.02554595666572,233.02554595676034,4.0603218117300347e-13,8.44661900822885e-06,6.6822427352973796e-06,1.0,1.0,0.48947368421052634,0.657243816254417,9,2,1e-07,1e-05,1000,20.0,20.0,20.0,0.0,20.0,1.0,13.0,1.8691588785046729,1.914451250771367,1.0
primary,x86_64,none,0.3.0,2.4.4,32,8,many_tiny,400,800,0.05,0,0.9952380952380953,20,"[20, 20, 20, 20, 20, 20, 20, 20, 20, 20, 20, 20, 20, 20, 20, 20, 20, 20, 20, 20]",powerlaw,20,0,0,1,0,[400],0.3211444999997184,0.3206404186666987,0.31615184800011775,0.3269967660007751,0.003692975557563563,"[0.319342, 0.321144, 0.316152, 0.321211, 0.317036, 0.326997, 0.324824, 0.32211, 0.316947]",0.33015026900011435,0.3305912888887785,0.32881335299953207,0.3331909769995036,0.0015106928661960705,"[0.33015, 0.329586, 0.328813, 0.329557, 0.329604, 0.333191, 0.332462, 0.331782, 0.330176]",0.9727222121379133,0.9488607730232405,0.9944753247330574,40,optimal,nan,13.45904541015625,23.229458808898926,436.14291673394234,436.14291673394234,0.0,0.0,0.0,1.0,0.021218343600273786,0.8973684210526316,0.04145644641663122,9,2,1e-07,1e-05,1000,20.0,20.0,20.0,0.0,20.0,400.0,400.0,400.0,0.0,400.0
primary,x86_64,none,0.3.0,2.4.4,32,8,many_tiny,400,800,0.1,0,0.9952380952380953,20,"[20, 20, 20, 20, 20, 20, 20, 20, 20, 20, 20, 20, 20, 20, 20, 20, 20, 20, 20, 20]",powerlaw,20,0,0,1,0,[400],0.6292309130003559,0.6322778225557057,0.6251406220007993,0.6413664450001306,0.005767913153798736,"[0.625141, 0.641366, 0.628877, 0.637894, 0.629231, 0.637391, 0.627696, 0.635435, 0.62747]",0.6443786460004048,0.6448726999999255,0.63869497900032,0.6514882749997923,0.003348604224265448,"[0.64325, 0.644343, 0.638695, 0.644222, 0.644379, 0.646611, 0.651488, 0.644913, 0.645954]",0.9764924969285227,0.959557747990167,1.0041826945375272,80,optimal,nan,13.45904541015625,23.229458808898926,451.7257991972477,451.7257991972477,0.0,0.0,0.0,1.0,0.1250986582478295,0.8342105263157895,0.21757035003431707,9,2,1e-07,1e-05,1000,20.0,20.0,20.0,0.0,20.0,400.0,400.0,400.0,0.0,400.0
primary,x86_64,none,0.3.0,2.4.4,32,8,many_tiny,400,800,0.15,0,0.9952380952380953,20,"[20, 20, 20, 20, 20, 20, 20, 20, 20, 20, 20, 20, 20, 20, 20, 20, 20, 20, 20, 20]",powerlaw,20,0,0,5,4,"[396, 1, 1, 1, 1]",0.8284525549997852,0.8526691218888421,0.8163502689994857,0.9520019840001623,0.05583691718125706,"[0.828453, 0.834443, 0.81635, 0.817282, 0.830746, 0.8215, 0.824064, 0.952002, 0.949182]",0.9471553530001984,0.9714819527779481,0.9411855509997622,1.1414116599999033,0.06522130236734179,"[0.944109, 0.941186, 0.947749, 0.947497, 0.941295, 0.946525, 0.947155, 0.98641, 1.141412]",0.8746744157392855,0.7152110825638095,1.0114923491854615,104,optimal,nan,13.45904541015625,22.8411808013916,458.98801735185214,458.9878740853563,3.12135590556064e-07,0.000538631527526888,0.00039643370813707395,0.9999875,0.3753180661577608,0.7763157894736842,0.5060034305317325,9,2,1e-07,1e-05,1000,20.0,20.0,20.0,0.0,20.0,1.0,396.0,80.0,158.0,1.0
primary,x86_64,none,0.3.0,2.4.4,32,8,many_tiny,400,800,0.2,0,0.9952380952380953,20,"[20, 20, 20, 20, 20, 20, 20, 20, 20, 20, 20, 20, 20, 20, 20, 20, 20, 20, 20, 20]",powerlaw,20,0,0,13,11,"[387, 2, 1, 1, 1, 1, 1, 1, 1, 1, 1, 1, 1]",0.8149408850003965,0.8150255821112498,0.8090530010003931,0.8223924699996132,0.0045460463730555905,"[0.822392, 0.817007, 0.812134, 0.820752, 0.809053, 0.814941, 0.810403, 0.81625, 0.812298]",0.8299758160001147,0.8304231722221529,0.8235572069997943,0.8412077999992107,0.004916953643617131,"[0.828043, 0.826503, 0.823557, 0.831693, 0.828893, 0.841208, 0.829976, 0.831949, 0.831987]",0.9818850974813028,0.9617754388406197,0.9985857242335063,89,optimal,nan,13.45904541015625,21.98172950744629,464.7083645467874,464.7080071279772,7.691249769140874e-07,0.000699415157838168,0.0005150356778155488,0.999975,0.5725646123260437,0.7578947368421053,0.6523216308040771,9,2,1e-07,1e-05,1000,20.0,20.0,20.0,0.0,20.0,1.0,387.0,30.76923076923077,102.83530809851243,1.0
primary,x86_64,none,0.3.0,2.4.4,32,8,many_tiny,400,800,0.25,0,0.9952380952380953,20,"[20, 20, 20, 20, 20, 20, 20, 20, 20, 20, 20, 20, 20, 20, 20, 20, 20, 20, 20, 20]",powerlaw,20,0,0,34,23,"[352, 4, 3, 3, 3, 2, 2, 2, 2, 2, 2, 1, 1, 1, 1, 1, 1, 1, 1, 1, 1, 1, 1, 1, 1, 1, 1, 1, 1, 1, 1, 1, 1, 1]",0.8189919700007522,0.8190464513332295,0.8163739409992559,0.8233672199994544,0.0024585834177166268,"[0.822502, 0.823367, 0.818992, 0.819479, 0.816374, 0.816696, 0.817344, 0.817635, 0.81903]",0.6997441650000837,0.7013483545557998,0.6978777109998191,0.7070010159995945,0.003211234481569402,"[0.697878, 0.699494, 0.699744, 0.70058, 0.699342, 0.699625, 0.702208, 0.706264, 0.707001]",1.1704162906462452,1.154699813047686,1.1798159004388489,90,optimal,nan,13.45904541015625,18.82627296447754,469.47649195371304,469.4755465950915,2.013644213826133e-06,0.0011375377981159979,0.0008378629190584511,0.9998625,0.6511056511056511,0.6973684210526315,0.6734434561626429,9,2,1e-07,1e-05,1000,20.0,20.0,20.0,0.0,20.0,1.0,352.0,11.764705882352942,59.232373314285724,1.0
primary,x86_64,none,0.3.0,2.4.4,32,8,many_tiny,400,800,0.3,0,0.9952380952380953,20,"[20, 20, 20, 20, 20, 20, 20, 20, 20, 20, 20, 20, 20, 20, 20, 20, 20, 20, 20, 20]",powerlaw,20,0,0,61,41,"[315, 4, 3, 3, 3, 3, 2, 2, 2, 2, 2, 2, 2, 2, 2, 2, 2, 2, 2, 2, 1, 1, 1, 1, 1, 1, 1, 1, 1, 1, 1, 1, 1, 1, 1, 1, 1, 1, 1, 1, 1, 1, 1, 1, 1, 1, 1, 1, 1, 1, 1, 1, 1, 1, 1, 1, 1, 1, 1, 1, 1]",0.9026143979999688,0.9017136213335308,0.8958562099996925,0.9049059070002841,0.003181826634350572,"[0.903678, 0.904545, 0.904847, 0.902614, 0.895856, 0.900085, 0.904906, 0.90017, 0.898721]",0.6795396339994113,0.6782087642220884,0.6705853109997406,0.6831597480004348,0.004531182554256697,"[0.67954, 0.68282, 0.671632, 0.6777, 0.68316, 0.681279, 0.670585, 0.68022, 0.676942]",1.3282733674968408,1.3113422045455791,1.349426973953854,99,optimal,nan,13.45904541015625,15.816245079040527,473.4569695769633,473.45553574202467,3.0284377055226794e-06,0.0010258541458186277,0.0007557294111561896,0.9998125,0.6811989100817438,0.6578947368421053,0.6693440428380186,9,2,1e-07,1e-05,1000,20.0,20.0,20.0,0.0,20.0,1.0,315.0,6.557377049180328,39.82565471461828,1.0
primary,x86_64,none,0.3.0,2.4.4,32,8,many_tiny,400,800,0.35,0,0.9952380952380953,20,"[20, 20, 20, 20, 20, 20, 20, 20, 20, 20, 20, 20, 20, 20, 20, 20, 20, 20, 20, 20]",powerlaw,20,0,0,93,69,"[277, 4, 3, 3, 3, 3, 3, 3, 2, 2, 2, 2, 2, 2, 2, 2, 2, 2, 2, 2, 2, 2, 2, 2, 1, 1, 1, 1, 1, 1, 1, 1, 1, 1, 1, 1, 1, 1, 1, 1, 1, 1, 1, 1, 1, 1, 1, 1, 1, 1, 1, 1, 1, 1, 1, 1, 1, 1, 1, 1, 1, 1, 1, 1, 1, 1, 1, 1, 1, 1, 1, 1, 1, 1, 1, 1, 1, 1, 1, 1, 1, 1, 1, 1, 1, 1, 1, 1, 1, 1, 1, 1, 1]",0.9241740380002739,0.9580160409999129,0.9166416999996727,1.113194741999905,0.070550118366078,"[0.916642, 0.921023, 0.934291, 0.918837, 1.113195, 1.043064, 0.931006, 0.924174, 0.919913]",0.5925156959992819,0.592592993110985,0.5882734409997283,0.5990292289998251,0.0032863593131170392,"[0.591211, 0.588273, 0.589189, 0.590751, 0.593284, 0.599029, 0.592516, 0.593721, 0.595363]",1.5597460864587693,1.5302119756829766,1.8923083457721817,107,optimal,nan,13.45904541015625,13.073368072509766,476.76004087660317,476.7584384900607,3.3609917045739263e-06,0.0010315681366804622,0.0007600090868974146,0.9997,0.6959247648902821,0.5842105263157895,0.6351931330472103,9,2,1e-07,1e-05,1000,20.0,20.0,20.0,0.0,20.0,1.0,277.0,4.301075268817204,28.438118045742446,1.0
primary,x86_64,none,0.3.0,2.4.4,32,8,many_tiny,400,800,0.4,0,0.9952380952380953,20,"[20, 20, 20, 20, 20, 20, 20, 20, 20, 20, 20, 20, 20, 20, 20, 20, 20, 20, 20, 20]",powerlaw,20,0,0,129,100,"[234, 6, 4, 3, 3, 3, 3, 2, 2, 2, 2, 2, 2, 2, 2, 2, 2, 2, 2, 2, 2, 2, 2, 2, 2, 2, 2, 2, 2, 1, 1, 1, 1, 1, 1, 1, 1, 1, 1, 1, 1, 1, 1, 1, 1, 1, 1, 1, 1, 1, 1, 1, 1, 1, 1, 1, 1, 1, 1, 1, 1, 1, 1, 1, 1, 1, 1, 1, 1, 1, 1, 1, 1, 1, 1, 1, 1, 1, 1, 1, 1, 1, 1, 1, 1, 1, 1, 1, 1, 1, 1, 1, 1, 1, 1, 1, 1, 1, 1, 1, 1, 1, 1, 1, 1, 1, 1, 1, 1, 1, 1, 1, 1, 1, 1, 1, 1, 1, 1, 1, 1, 1, 1, 1, 1, 1, 1, 1, 1]",0.7355987250002727,0.7357819325555587,0.7316865400007373,0.7398812829997041,0.0027210456360418312,"[0.731971, 0.735225, 0.738569, 0.739881, 0.735228, 0.731687, 0.736797, 0.73708, 0.735599]",0.35074082299979636,0.3507000544444357,0.3499251369994454,0.35229737800000294,0.0007028446230644985,"[0.349925, 0.350341, 0.350045, 0.350831, 0.350938, 0.350324, 0.350741, 0.350858, 0.352297]",2.097271480145611,2.0769003282242173,2.114398780676556,85,optimal,nan,13.45904541015625,10.394495010375977,479.4941164361923,479.49277335406373,2.8010398512655493e-06,0.0009876727904809673,0.0007276055907630513,0.999675,0.7158273381294964,0.5236842105263158,0.6048632218844985,9,2,1e-07,1e-05,1000,20.0,20.0,20.0,0.0,20.0,1.0,234.0,3.10077519379845,20.420329193240615,1.0
primary,x86_64,none,0.3.0,2.4.4,32,8,many_tiny,400,2000,0.05,0,0.9952380952380953,20,"[20, 20, 20, 20, 20, 20, 20, 20, 20, 20, 20, 20, 20, 20, 20, 20, 20, 20, 20, 20]",powerlaw,20,0,0,1,0,[400],0.5700117790001968,0.5686743453332181,0.5636252599997533,0.5716407469999467,0.0026541851720279,"[0.563625, 0.566702, 0.566494, 0.571641, 0.570386, 0.570012, 0.571071, 0.57022, 0.56792]",0.5763757559998339,0.5770355098889518,0.5744143590000022,0.5808839600003921,0.0019967458779605466,"[0.579177, 0.578064, 0.576376, 0.576537, 0.576363, 0.576021, 0.580884, 0.574414, 0.575484]",0.9889586317026857,0.9702889024502809,0.9951714090071077,65,optimal,nan,13.45904541015625,23.229458808898926,444.58935085591884,444.58935085591884,0.0,0.0,0.0,1.0,0.06172171088251218,0.9,0.11552102685357203,9,2,1e-07,1e-05,1000,20.0,20.0,20.0,0.0,20.0,400.0,400.0,400.0,0.0,400.0
primary,x86_64,none,0.3.0,2.4.4,32,8,many_tiny,400,2000,0.1,0,0.9952380952380953,20,"[20, 20, 20, 20, 20, 20, 20, 20, 20, 20, 20, 20, 20, 20, 20, 20, 20, 20, 20, 20]",powerlaw,20,0,0,9,5,"[389, 2, 2, 2, 1, 1, 1, 1, 1]",0.7352439659998709,0.7410762895554702,0.7315704779994121,0.782536650000111,0.015854881894305915,"[0.735244, 0.734839, 0.738356, 0.73157, 0.73373, 0.735724, 0.735049, 0.742637, 0.782537]",0.791367846999492,0.7935626594442309,0.789145252999333,0.806364682000094,0.005672734947016667,"[0.791449, 0.789505, 0.791368, 0.789528, 0.806365, 0.797088, 0.789145, 0.79069, 0.796927]",0.9290799073876738,0.9072451885973434,0.9916256190174059,85,optimal,nan,13.45904541015625,22.17087173461914,453.0644151341161,453.0640765016711,7.474267094960314e-07,0.0005186300045152137,0.00039859805093052055,0.999975,0.45808383233532934,0.8052631578947368,0.583969465648855,9,2,1e-07,1e-05,1000,20.0,20.0,20.0,0.0,20.0,1.0,389.0,44.44444444444444,121.81964000668376,1.0
primary,x86_64,none,0.3.0,2.4.4,32,8,many_tiny,400,2000,0.15,0,0.9952380952380953,20,"[20, 20, 20, 20, 20, 20, 20, 20, 20, 20, 20, 20, 20, 20, 20, 20, 20, 20, 20, 20]",powerlaw,20,0,0,15,11,"[383, 2, 2, 2, 1, 1, 1, 1, 1, 1, 1, 1, 1, 1, 1]",0.6926354619999984,0.693077012222198,0.6893454269993526,0.6972255840000798,0.0027637497727796877,"[0.689345, 0.691449, 0.689789, 0.692635, 0.692513, 0.697226, 0.694357, 0.696839, 0.693539]",0.6696659810004348,0.6704262505555663,0.663249772999734,0.6756998459995884,0.0037693907325259705,"[0.66325, 0.669603, 0.673419, 0.6757, 0.669666, 0.674624, 0.668908, 0.668378, 0.670288]",1.0342999071944026,1.020194737471899,1.0512262685695024,75,optimal,nan,13.45904541015625,21.60587787628174,459.7025604729626,459.702395251132,3.594102901180881e-07,0.0003835532812339962,0.0002948626971097159,0.999975,0.656319290465632,0.7789473684210526,0.7123947051744886,9,2,1e-07,1e-05,1000,20.0,20.0,20.0,0.0,20.0,1.0,383.0,26.666666666666668,95.23491423259061,1.0
primary,x86_64,none,0.3.0,2.4.4,32,8,many_tiny,400,2000,0.2,0,0.9952380952380953,20,"[20, 20, 20, 20, 20, 20, 20, 20, 20, 20, 20, 20, 20, 20, 20, 20, 20, 20, 20, 20]",powerlaw,20,0,0,41,24,"[339, 3, 3, 3, 3, 3, 2, 2, 2, 2, 2, 2, 2, 2, 2, 2, 2, 1, 1, 1, 1, 1, 1, 1, 1, 1, 1, 1, 1, 1, 1, 1, 1, 1, 1, 1, 1, 1, 1, 1, 1]",0.783452388999649,0.7832587597776082,0.7796589659992605,0.7872375429997192,0.00240299168865796,"[0.783452, 0.779659, 0.782292, 0.780375, 0.787238, 0.785506, 0.784066, 0.782277, 0.784463]",0.6766379840000809,0.6772218744444116,0.6723886039999343,0.6827549589997943,0.0027951153910188912,"[0.672389, 0.676421, 0.682755, 0.676085, 0.676638, 0.677602, 0.679578, 0.677027, 0.676503]",1.1578604919104798,1.1419308724486252,1.1708073847720895,85,optimal,nan,13.45904541015625,17.73032855987549,465.33585052617605,465.3344780783626,2.9493704640889305e-06,0.0010450250035477088,0.0008033834586620291,0.99985,0.7345360824742269,0.75,0.7421875,9,2,1e-07,1e-05,1000,20.0,20.0,20.0,0.0,20.0,1.0,339.0,9.75609756097561,52.06271100753299,1.0
primary,x86_64,none,0.3.0,2.4.4,32,8,many_tiny,400,2000,0.25,0,0.9952380952380953,20,"[20, 20, 20, 20, 20, 20, 20, 20, 20, 20, 20, 20, 20, 20, 20, 20, 20, 20, 20, 20]",powerlaw,20,0,0,64,41,"[304, 4, 3, 3, 3, 3, 3, 3, 3, 3, 3, 2, 2, 2, 2, 2, 2, 2, 2, 2, 2, 2, 2, 1, 1, 1, 1, 1, 1, 1, 1, 1, 1, 1, 1, 1, 1, 1, 1, 1, 1, 1, 1, 1, 1, 1, 1, 1, 1, 1, 1, 1, 1, 1, 1, 1, 1, 1, 1, 1, 1, 1, 1, 1]",0.6769277630000943,0.6769512564445298,0.6736282580004627,0.6803222680000545,0.002451445134874385,"[0.68029, 0.675334, 0.676928, 0.680322, 0.673628, 0.676092, 0.678539, 0.674043, 0.677385]",0.44761210399974516,0.4470156744444264,0.4446283970000877,0.44913066099979915,0.0016552178709950162,"[0.44572, 0.446004, 0.444628, 0.447972, 0.448827, 0.44807, 0.449131, 0.447612, 0.445177]",1.5123088874300854,1.4998491897678834,1.5300918083284731,79,optimal,nan,13.45904541015625,14.985135078430176,470.078452152554,470.0780751941004,8.019054093806297e-07,0.0008702559399427559,0.0006690249540415779,0.999875,0.7619047619047619,0.7157894736842105,0.7381275440976934,9,2,1e-07,1e-05,1000,20.0,20.0,20.0,0.0,20.0,1.0,304.0,6.25,37.52124398257606,1.0
primary,x86_64,none,0.3.0,2.4.4,32,8,many_tiny,400,2000,0.3,0,0.9952380952380953,20,"[20, 20, 20, 20, 20, 20, 20, 20, 20, 20, 20, 20, 20, 20, 20, 20, 20, 20, 20, 20]",powerlaw,20,0,0,91,58,"[254, 7, 6, 5, 4, 4, 4, 3, 3, 3, 3, 3, 3, 2, 2, 2, 2, 2, 2, 2, 2, 2, 2, 2, 2, 2, 2, 2, 2, 2, 2, 2, 2, 1, 1, 1, 1, 1, 1, 1, 1, 1, 1, 1, 1, 1, 1, 1, 1, 1, 1, 1, 1, 1, 1, 1, 1, 1, 1, 1, 1, 1, 1, 1, 1, 1, 1, 1, 1, 1, 1, 1, 1, 1, 1, 1, 1, 1, 1, 1, 1, 1, 1, 1, 1, 1, 1, 1, 1, 1, 1]",0.6400004010001794,0.6390723143334375,0.6347002540005633,0.6422242130001905,0.0026402552640778787,"[0.640919, 0.6347, 0.639875, 0.640089, 0.638084, 0.642224, 0.64, 0.634969, 0.64079]",0.3636543900001925,0.3636976614442473,0.36100432599960186,0.36542110399932426,0.0012782981381136427,"[0.364361, 0.361004, 0.364827, 0.363654, 0.36416, 0.362782, 0.363644, 0.363425, 0.365421]",1.7599138594197656,1.7369009262304045,1.7789931220959907,75,optimal,nan,13.45904541015625,11.582730293273926,474.0349273295869,474.03374616285817,2.491729323337682e-06,0.000814565781042921,0.0006262113897893991,0.99975,0.8157894736842105,0.6526315789473685,0.7251461988304094,9,2,1e-07,1e-05,1000,20.0,20.0,20.0,0.0,20.0,1.0,254.0,4.395604395604396,26.334233400851634,1.0
primary,x86_64,none,0.3.0,2.4.4,32,8,many_tiny,400,2000,0.35,0,0.9952380952380953,20,"[20, 20, 20, 20, 20, 20, 20, 20, 20, 20, 20, 20, 20, 20, 20, 20, 20, 20, 20, 20]",powerlaw,20,0,0,126,88,"[204, 7, 6, 5, 5, 4, 4, 4, 4, 4, 4, 3, 3, 3, 3, 3, 3, 3, 2, 2, 2, 2, 2, 2, 2, 2, 2, 2, 2, 2, 2, 2, 2, 2, 2, 2, 2, 2, 1, 1, 1, 1, 1, 1, 1, 1, 1, 1, 1, 1, 1, 1, 1, 1, 1, 1, 1, 1, 1, 1, 1, 1, 1, 1, 1, 1, 1, 1, 1, 1, 1, 1, 1, 1, 1, 1, 1, 1, 1, 1, 1, 1, 1, 1, 1, 1, 1, 1, 1, 1, 1, 1, 1, 1, 1, 1, 1, 1, 1, 1, 1, 1, 1, 1, 1, 1, 1, 1, 1, 1, 1, 1, 1, 1, 1, 1, 1, 1, 1, 1, 1, 1, 1, 1, 1, 1]",0.6565669550000166,0.6580336544445041,0.6523710139999821,0.6658848749993922,0.004736234090979262,"[0.665885, 0.654102, 0.663648, 0.654953, 0.654831, 0.652371, 0.662135, 0.656567, 0.65781]",0.294052338000256,0.29417357788891724,0.2929267739991701,0.29565520100004505,0.0008306063099765842,"[0.292927, 0.293378, 0.294052, 0.293791, 0.295655, 0.294037, 0.294426, 0.294177, 0.295119]",2.2328234472308295,2.20652642603058,2.273212741561407,77,optimal,nan,13.45904541015625,9.707008361816406,477.3207607049069,477.31957215264174,2.4900493818726703e-06,0.0012067648407337525,0.0009277216622033998,0.9997625,0.8539325842696629,0.6,0.704791344667697,9,2,1e-07,1e-05,1000,20.0,20.0,20.0,0.0,20.0,1.0,204.0,3.1746031746031744,17.996507317704204,1.0
primary,x86_64,none,0.3.0,2.4.4,32,8,many_tiny,400,2000,0.4,0,0.9952380952380953,20,"[20, 20, 20, 20, 20, 20, 20, 20, 20, 20, 20, 20, 20, 20, 20, 20, 20, 20, 20, 20]",powerlaw,20,0,0,165,112,"[109, 13, 10, 8, 7, 7, 7, 6, 6, 5, 4, 4, 4, 4, 4, 4, 4, 3, 3, 3, 3, 3, 3, 3, 3, 3, 3, 2, 2, 2, 2, 2, 2, 2, 2, 2, 2, 2, 2, 2, 2, 2, 2, 2, 2, 2, 2, 2, 2, 2, 2, 2, 2, 1, 1, 1, 1, 1, 1, 1, 1, 1, 1, 1, 1, 1, 1, 1, 1, 1, 1, 1, 1, 1, 1, 1, 1, 1, 1, 1, 1, 1, 1, 1, 1, 1, 1, 1, 1, 1, 1, 1, 1, 1, 1, 1, 1, 1, 1, 1, 1, 1, 1, 1, 1, 1, 1, 1, 1, 1, 1, 1, 1, 1, 1, 1, 1, 1, 1, 1, 1, 1, 1, 1, 1, 1, 1, 1, 1, 1, 1, 1, 1, 1, 1, 1, 1, 1, 1, 1, 1, 1, 1, 1, 1, 1, 1, 1, 1, 1, 1, 1, 1, 1, 1, 1, 1, 1, 1, 1, 1, 1, 1, 1, 1]",0.6765042189999804,0.6754563805554628,0.6708918590002213,0.6806194299997514,0.0033522706100191082,"[0.676504, 0.672033, 0.675704, 0.680619, 0.670892, 0.676733, 0.677404, 0.671242, 0.677975]",0.1753837520000161,0.17525301755550673,0.1740017310003168,0.17632647399932466,0.0007501505441221139,"[0.174505, 0.1747, 0.174002, 0.175384, 0.175684, 0.175663, 0.175964, 0.176326, 0.175049]",3.857279886451045,3.8048277367741776,3.9115670061840495,79,optimal,nan,13.45904541015625,9.059502601623535,480.03417850900337,480.03307779735314,2.2929859987116306e-06,0.0009407591889478359,0.0007232254052851447,0.9997125,0.8535564853556485,0.5368421052631579,0.6591276252019386,9,2,1e-07,1e-05,1000,20.0,20.0,20.0,0.0,20.0,1.0,109.0,2.4242424242424243,8.494669640713925,1.0
primary,x86_64,none,0.3.0,2.4.4,32,8,many_tiny,400,4000,0.05,0,0.9952380952380953,20,"[20, 20, 20, 20, 20, 20, 20, 20, 20, 20, 20, 20, 20, 20, 20, 20, 20, 20, 20, 20]",powerlaw,20,0,0,1,0,[400],0.5395714020005471,0.5391039928890677,0.5346452739995584,0.5430798910001613,0.002534379356212768,"[0.540089, 0.536494, 0.540944, 0.539035, 0.540505, 0.534645, 0.539571, 0.537573, 0.54308]",0.554207328999837,0.5537661770000947,0.5509469839998928,0.5563836649998848,0.002007954733774575,"[0.554317, 0.555595, 0.550947, 0.551023, 0.552894, 0.554207, 0.55271, 0.556384, 0.555819]",0.9735912424223927,0.9609291351133918,0.985720780350559,62,optimal,nan,13.45904541015625,23.229415893554688,446.34045845664366,446.34045845664366,0.0,0.0,0.0,1.0,0.19917984768599883,0.8947368421052632,0.3258265452803067,9,2,1e-07,1e-05,1000,20.0,20.0,20.0,0.0,20.0,400.0,400.0,400.0,0.0,400.0
primary,x86_64,none,0.3.0,2.4.4,32,8,many_tiny,400,4000,0.1,0,0.9952380952380953,20,"[20, 20, 20, 20, 20, 20, 20, 20, 20, 20, 20, 20, 20, 20, 20, 20, 20, 20, 20, 20]",powerlaw,20,0,0,15,9,"[379, 4, 2, 2, 2, 2, 1, 1, 1, 1, 1, 1, 1, 1, 1]",0.5290021060000072,0.5286447200000516,0.5265728710000985,0.5303662979995352,0.0014991255968553946,"[0.530366, 0.528444, 0.530305, 0.526573, 0.529572, 0.526899, 0.529002, 0.526964, 0.529678]",0.5218414950004444,0.5213818835553765,0.5171338330001163,0.5257608049996634,0.002676611094585671,"[0.522263, 0.517134, 0.521841, 0.519922, 0.524489, 0.519015, 0.521852, 0.52016, 0.525761]",1.013721812213413,1.0015445540875487,1.0255880860137339,61,optimal,nan,13.45904541015625,21.233774185180664,454.05874604799243,454.0573002906895,3.1840754428829258e-06,0.0010612855069353187,0.0008284569295569933,0.99985,0.6572668112798264,0.7973684210526316,0.7205707491082045,9,2,1e-07,1e-05,1000,20.0,20.0,20.0,0.0,20.0,1.0,379.0,26.666666666666668,94.16840706356294,1.0
primary,x86_64,none,0.3.0,2.4.4,32,8,many_tiny,400,4000,0.15,0,0.9952380952380953,20,"[20, 20, 20, 20, 20, 20, 20, 20, 20, 20, 20, 20, 20, 20, 20, 20, 20, 20, 20, 20]",powerlaw,20,0,0,41,22,"[328, 6, 4, 4, 4, 3, 3, 3, 3, 2, 2, 2, 2, 2, 2, 2, 2, 2, 2, 1, 1, 1, 1, 1, 1, 1, 1, 1, 1, 1, 1, 1, 1, 1, 1, 1, 1, 1, 1, 1, 1]",0.6412985770002706,0.6405024422221888,0.6361017700000957,0.6449697349999042,0.0027841874509563986,"[0.641299, 0.637072, 0.641986, 0.64497, 0.642229, 0.636102, 0.640878, 0.638503, 0.641484]",0.512415578999935,0.5304826534445763,0.5046292300003188,0.6470083960002739,0.04550071802087711,"[0.506756, 0.515613, 0.504629, 0.51163, 0.510176, 0.512416, 0.518492, 0.647008, 0.547624]",1.251520451918875,0.983142991547557,1.2781061751010672,74,optimal,nan,13.45904541015625,16.8345308303833,460.60684722030015,460.60506281075135,3.874040430734156e-06,0.0010099822801736616,0.0007884090910833323,0.9997125,0.7783641160949868,0.7763157894736842,0.77733860342556,9,2,1e-07,1e-05,1000,20.0,20.0,20.0,0.0,20.0,1.0,328.0,9.75609756097561,50.33147707718271,1.0
primary,x86_64,none,0.3.0,2.4.4,32,8,many_tiny,400,4000,0.2,0,0.9952380952380953,20,"[20, 20, 20, 20, 20, 20, 20, 20, 20, 20, 20, 20, 20, 20, 20, 20, 20, 20, 20, 20]",powerlaw,20,0,0,54,28,"[299, 6, 5, 4, 4, 4, 4, 3, 3, 3, 3, 3, 3, 3, 3, 2, 2, 2, 2, 2, 2, 2, 2, 2, 2, 2, 1, 1, 1, 1, 1, 1, 1, 1, 1, 1, 1, 1, 1, 1, 1, 1, 1, 1, 1, 1, 1, 1, 1, 1, 1, 1, 1, 1]",0.5706030200008172,0.5690528106668151,0.5655819280000287,0.5710530219994325,0.0022621000439472833,"[0.570603, 0.567816, 0.57071, 0.568079, 0.571053, 0.565582, 0.570968, 0.565827, 0.570838]",0.4289077769999494,0.4288941948891281,0.4266293509999741,0.43136668800070765,0.0014412362443747663,"[0.427263, 0.428908, 0.428536, 0.431367, 0.428345, 0.429092, 0.429941, 0.426629, 0.429967]",1.330362960522594,1.3111395565136936,1.3385225856142917,66,optimal,nan,13.45904541015625,14.615994453430176,466.18454189620684,466.18256446140106,4.241742546283517e-06,0.000994974287849261,0.0007766934495668354,0.999625,0.8275862068965517,0.7578947368421053,0.7912087912087912,9,2,1e-07,1e-05,1000,20.0,20.0,20.0,0.0,20.0,1.0,299.0,7.407407407407407,40.07101035731743,1.0
primary,x86_64,none,0.3.0,2.4.4,32,8,many_tiny,400,4000,0.25,0,0.9952380952380953,20,"[20, 20, 20, 20, 20, 20, 20, 20, 20, 20, 20, 20, 20, 20, 20, 20, 20, 20, 20, 20]",powerlaw,20,0,0,87,44,"[211, 13, 10, 6, 6, 6, 5, 5, 5, 4, 4, 4, 4, 4, 3, 3, 3, 3, 3, 3, 3, 3, 3, 3, 3, 2, 2, 2, 2, 2, 2, 2, 2, 2, 2, 2, 2, 2, 2, 2, 2, 2, 2, 1, 1, 1, 1, 1, 1, 1, 1, 1, 1, 1, 1, 1, 1, 1, 1, 1, 1, 1, 1, 1, 1, 1, 1, 1, 1, 1, 1, 1, 1, 1, 1, 1, 1, 1, 1, 1, 1, 1, 1, 1, 1, 1, 1]",0.5942803540001478,0.5939794235553362,0.5918736839994381,0.5953370370007178,0.001227769607114677,"[0.593478, 0.593069, 0.594843, 0.595337, 0.592776, 0.595075, 0.595083, 0.591874, 0.59428]",0.2795615449995239,0.27953621611110674,0.2789014070003759,0.28011839100054203,0.00034719926600513504,"[0.279889, 0.279578, 0.279305, 0.279562, 0.279353, 0.280118, 0.2795, 0.27962, 0.278901]",2.125758583860881,2.112941181353183,2.1345788226873856,69,optimal,nan,13.45904541015625,9.770084381103516,470.8789604939485,470.877970356722,2.1027425507740545e-06,0.0008876402144845294,0.0006929067446086205,0.9997,0.8766233766233766,0.7105263157894737,0.7848837209302325,9,2,1e-07,1e-05,1000,20.0,20.0,20.0,0.0,20.0,1.0,211.0,4.597701149425287,22.342403255268515,1.0
primary,x86_64,none,0.3.0,2.4.4,32,8,many_tiny,400,4000,0.3,0,0.9952380952380953,20,"[20, 20, 20, 20, 20, 20, 20, 20, 20, 20, 20, 20, 20, 20, 20, 20, 20, 20, 20, 20]",powerlaw,20,0,0,122,69,"[153, 13, 11, 9, 8, 6, 5, 5, 5, 5, 5, 4, 4, 4, 4, 3, 3, 3, 3, 3, 3, 3, 3, 3, 3, 3, 3, 3, 3, 2, 2, 2, 2, 2, 2, 2, 2, 2, 2, 2, 2, 2, 2, 2, 2, 2, 2, 2, 2, 2, 2, 2, 2, 1, 1, 1, 1, 1, 1, 1, 1, 1, 1, 1, 1, 1, 1, 1, 1, 1, 1, 1, 1, 1, 1, 1, 1, 1, 1, 1, 1, 1, 1, 1, 1, 1, 1, 1, 1, 1, 1, 1, 1, 1, 1, 1, 1, 1, 1, 1, 1, 1, 1, 1, 1, 1, 1, 1, 1, 1, 1, 1, 1, 1, 1, 1, 1, 1, 1, 1, 1, 1]",0.5819336390004537,0.5815877277778377,0.5782802830008222,0.5835483499995462,0.0017495919681072298,"[0.583548, 0.57828, 0.58291, 0.581304, 0.580168, 0.580216, 0.583148, 0.581934, 0.582781]",0.21415771200008749,0.2140453124446948,0.2130713280002965,0.21463738100010232,0.00046516014075203123,"[0.213837, 0.214637, 0.214155, 0.214287, 0.214338, 0.214282, 0.213071, 0.213641, 0.214158]",2.7173134862414665,2.6942198060110814,2.738746482111071,68,optimal,nan,13.45904541015625,9.307873725891113,474.7956231186179,474.79515244075765,9.913272940186987e-07,0.0009954780307698113,0.0007770867339753506,0.9998125,0.915129151291513,0.6526315789473685,0.761904761904762,9,2,1e-07,1e-05,1000,20.0,20.0,20.0,0.0,20.0,1.0,153.0,3.278688524590164,13.744902062447068,1.0
primary,x86_64,none,0.3.0,2.4.4,32,8,many_tiny,400,4000,0.35,0,0.9952380952380953,20,"[20, 20, 20, 20, 20, 20, 20, 20, 20, 20, 20, 20, 20, 20, 20, 20, 20, 20, 20, 20]",powerlaw,20,0,0,159,99,"[86, 13, 11, 10, 10, 9, 8, 6, 6, 5, 5, 5, 5, 4, 4, 4, 4, 4, 4, 4, 4, 3, 3, 3, 3, 3, 3, 3, 3, 3, 3, 3, 3, 2, 2, 2, 2, 2, 2, 2, 2, 2, 2, 2, 2, 2, 2, 2, 2, 2, 2, 2, 2, 2, 2, 2, 2, 2, 2, 2, 1, 1, 1, 1, 1, 1, 1, 1, 1, 1, 1, 1, 1, 1, 1, 1, 1, 1, 1, 1, 1, 1, 1, 1, 1, 1, 1, 1, 1, 1, 1, 1, 1, 1, 1, 1, 1, 1, 1, 1, 1, 1, 1, 1, 1, 1, 1, 1, 1, 1, 1, 1, 1, 1, 1, 1, 1, 1, 1, 1, 1, 1, 1, 1, 1, 1, 1, 1, 1, 1, 1, 1, 1, 1, 1, 1, 1, 1, 1, 1, 1, 1, 1, 1, 1, 1, 1, 1, 1, 1, 1, 1, 1, 1, 1, 1, 1, 1, 1]",0.5906603969997377,0.5907640744444507,0.5893056720005916,0.592256111000097,0.0009605092628181798,"[0.591672, 0.592256, 0.591573, 0.589602, 0.590847, 0.589306, 0.59038, 0.59058, 0.59066]",0.1349407549996613,0.13508059311112042,0.13430079800036765,0.13583835800000088,0.0006846418241865636,"[0.135828, 0.135594, 0.134541, 0.134522, 0.134941, 0.135838, 0.134301, 0.134332, 0.13583]",4.377183134933699,4.338286185707484,4.409922500970365,69,optimal,nan,13.45904541015625,8.964872360229492,478.051899406218,478.0512122425033,1.4374249230156232e-06,0.0012889607738966816,0.0010061842879613278,0.999875,0.9453781512605042,0.5921052631578947,0.7281553398058253,9,2,1e-07,1e-05,1000,20.0,20.0,20.0,0.0,20.0,1.0,86.0,2.5157232704402515,6.931702165928037,1.0
primary,x86_64,none,0.3.0,2.4.4,32,8,many_tiny,400,4000,0.4,0,0.9952380952380953,20,"[20, 20, 20, 20, 20, 20, 20, 20, 20, 20, 20, 20, 20, 20, 20, 20, 20, 20, 20, 20]",powerlaw,20,0,0,186,124,"[49, 13, 10, 10, 9, 9, 9, 6, 6, 6, 6, 5, 5, 4, 4, 4, 4, 4, 4, 4, 4, 4, 4, 4, 4, 3, 3, 3, 3, 3, 3, 3, 3, 3, 3, 3, 2, 2, 2, 2, 2, 2, 2, 2, 2, 2, 2, 2, 2, 2, 2, 2, 2, 2, 2, 2, 2, 2, 2, 2, 2, 2, 1, 1, 1, 1, 1, 1, 1, 1, 1, 1, 1, 1, 1, 1, 1, 1, 1, 1, 1, 1, 1, 1, 1, 1, 1, 1, 1, 1, 1, 1, 1, 1, 1, 1, 1, 1, 1, 1, 1, 1, 1, 1, 1, 1, 1, 1, 1, 1, 1, 1, 1, 1, 1, 1, 1, 1, 1, 1, 1, 1, 1, 1, 1, 1, 1, 1, 1, 1, 1, 1, 1, 1, 1, 1, 1, 1, 1, 1, 1, 1, 1, 1, 1, 1, 1, 1, 1, 1, 1, 1, 1, 1, 1, 1, 1, 1, 1, 1, 1, 1, 1, 1, 1, 1, 1, 1, 1, 1, 1, 1, 1, 1, 1, 1, 1, 1, 1, 1, 1, 1, 1, 1, 1, 1]",0.6195475730000908,0.6193667060001139,0.6177499959994748,0.6208583499992528,0.0009366575708308329,"[0.61945, 0.618261, 0.620858, 0.618993, 0.619548, 0.61775, 0.619576, 0.619716, 0.620148]",0.0813007060005475,0.08150333944457896,0.08092670499991073,0.08259605600051145,0.0005342980267721126,"[0.082596, 0.081508, 0.081925, 0.081301, 0.080984, 0.080927, 0.08125, 0.081201, 0.081839]",7.620445177879741,7.4791706276586565,7.671859987379169,72,optimal,nan,13.45904541015625,8.862283706665039,480.74737581515046,480.7470630695149,6.50540494391217e-07,0.0009154251249792536,0.0007145961477990826,0.9999125,0.9577464788732394,0.5368421052631579,0.688026981450253,9,2,1e-07,1e-05,1000,20.0,20.0,20.0,0.0,20.0,1.0,49.0,2.150537634408602,3.925231960981209,1.0
primary,x86_64,none,0.3.0,2.4.4,32,8,many_tiny,800,1600,0.05,0,0.997622027534418,40,"[20, 20, 20, 20, 20, 20, 20, 20, 20, 20, 20, 20, 20, 20, 20, 20, 20, 20, 20, 20, 20, 20, 20, 20, 20, 20, 20, 20, 20, 20, 20, 20, 20, 20, 20, 20, 20, 20, 20, 20]",powerlaw,40,0,0,1,0,[800],1.3770471660000112,1.3768035829998553,1.3661346609997054,1.3890923579992887,0.007854791622007938,"[1.368528, 1.383145, 1.375984, 1.382044, 1.36821, 1.381046, 1.389092, 1.377047, 1.366135]",1.4392134620002253,1.4405148438889026,1.4292696889997387,1.452504176999355,0.007235063662079458,"[1.437298, 1.42927, 1.437606, 1.434647, 1.445015, 1.440014, 1.439213, 1.452504, 1.449067]",0.9568053679029551,0.9405375093804719,0.9718896081616565,34,optimal,nan,53.74835205078125,92.81882095336914,889.0393828722704,889.0393828722704,0.0,0.0,0.0,1.0,0.022731804586241276,0.9,0.04434359805510535,9,2,1e-07,1e-05,1000,20.0,20.0,20.0,0.0,20.0,800.0,800.0,800.0,0.0,800.0
primary,x86_64,none,0.3.0,2.4.4,32,8,many_tiny,800,1600,0.1,0,0.997622027534418,40,"[20, 20, 20, 20, 20, 20, 20, 20, 20, 20, 20, 20, 20, 20, 20, 20, 20, 20, 20, 20, 20, 20, 20, 20, 20, 20, 20, 20, 20, 20, 20, 20, 20, 20, 20, 20, 20, 20, 20, 20]",powerlaw,40,0,0,3,2,"[798, 1, 1]",2.0752567449999333,2.075160552666704,2.05001125400031,2.0951869290001923,0.013407095807671387,"[2.073798, 2.075257, 2.075745, 2.095187, 2.071615, 2.091859, 2.050011, 2.077962, 2.065012]",2.1549920480001674,2.157733987333106,2.1422935819991835,2.185430967000684,0.0128505350882696,"[2.142294, 2.162902, 2.147208, 2.148489, 2.165836, 2.185431, 2.154992, 2.153498, 2.158957]",0.9629997228647649,0.9380352365070466,0.978011112298142,52,optimal,nan,53.74835205078125,92.42875099182129,910.8747544006609,910.8747582386798,4.2135527977759374e-09,3.129020670857019e-05,2.3922475525675483e-05,1.0,0.26221294363256786,0.8263157894736842,0.39809825673534077,9,2,1e-07,1e-05,1000,20.0,20.0,20.0,0.0,20.0,1.0,798.0,266.6666666666667,375.7094030704522,1.0
primary,x86_64,none,0.3.0,2.4.4,32,8,many_tiny,800,1600,0.15,0,0.997622027534418,40,"[20, 20, 20, 20, 20, 20, 20, 20, 20, 20, 20, 20, 20, 20, 20, 20, 20, 20, 20, 20, 20, 20, 20, 20, 20, 20, 20, 20, 20, 20, 20, 20, 20, 20, 20, 20, 20, 20, 20, 20]",powerlaw,40,0,0,33,26,"[761, 3, 2, 2, 2, 2, 2, 1, 1, 1, 1, 1, 1, 1, 1, 1, 1, 1, 1, 1, 1, 1, 1, 1, 1, 1, 1, 1, 1, 1, 1, 1, 1]",2.3949588119994587,2.396885944777649,2.377948235999611,2.4145057449995875,0.01511050404875761,"[2.377948, 2.394959, 2.385938, 2.41154, 2.411423, 2.409971, 2.387445, 2.378244, 2.414506]",2.394520122999893,2.392176642555569,2.3793049180003436,2.3993430020000233,0.006081294546002646,"[2.395345, 2.393914, 2.396548, 2.394584, 2.39452, 2.399343, 2.388617, 2.379305, 2.387413]",1.0001832053927433,0.9910830731652047,1.014794584222029,60,optimal,nan,53.74835205078125,85.39032649993896,924.4682287161056,924.4600406852318,8.85701706072755e-06,0.0026706748943041286,0.002042654607243541,0.99995,0.6764705882352942,0.7868421052631579,0.7274939172749392,9,2,1e-07,1e-05,1000,20.0,20.0,20.0,0.0,20.0,1.0,761.0,24.242424242424242,130.24243834341482,1.0
primary,x86_64,none,0.3.0,2.4.4,32,8,many_tiny,800,1600,0.2,0,0.997622027534418,40,"[20, 20, 20, 20, 20, 20, 20, 20, 20, 20, 20, 20, 20, 20, 20, 20, 20, 20, 20, 20, 20, 20, 20, 20, 20, 20, 20, 20, 20, 20, 20, 20, 20, 20, 20, 20, 20, 20, 20, 20]",powerlaw,40,0,0,68,48,"[708, 4, 3, 3, 3, 3, 2, 2, 2, 2, 2, 2, 2, 2, 2, 2, 2, 2, 2, 2, 1, 1, 1, 1, 1, 1, 1, 1, 1, 1, 1, 1, 1, 1, 1, 1, 1, 1, 1, 1, 1, 1, 1, 1, 1, 1, 1, 1, 1, 1, 1, 1, 1, 1, 1, 1, 1, 1, 1, 1, 1, 1, 1, 1, 1, 1, 1, 1]",2.2157313119996616,2.2148910939997424,2.2060571040001378,2.2208688219998294,0.005432723214912911,"[2.220376, 2.208749, 2.218882, 2.206057, 2.215731, 2.220869, 2.215147, 2.209827, 2.218382]",1.951396752000619,1.9495449999999943,1.9381784170000174,1.9637340310000582,0.008560306462267527,"[1.938178, 1.963734, 1.951397, 1.947003, 1.953074, 1.940794, 1.955601, 1.940456, 1.955668]",1.13545915751271,1.1233991310303226,1.1458536544005946,56,optimal,nan,53.74835205078125,75.88947486877441,935.9106564855783,935.8872297304496,2.50309738076094e-05,0.0029217335533818153,0.0022346750406448163,0.999884375,0.8462664714494875,0.7605263157894737,0.8011088011088011,9,2,1e-07,1e-05,1000,20.0,20.0,20.0,0.0,20.0,1.0,708.0,11.764705882352942,85.06124396523656,1.0
primary,x86_64,none,0.3.0,2.4.4,32,8,many_tiny,800,1600,0.25,0,0.997622027534418,40,"[20, 20, 20, 20, 20, 20, 20, 20, 20, 20, 20, 20, 20, 20, 20, 20, 20, 20, 20, 20, 20, 20, 20, 20, 20, 20, 20, 20, 20, 20, 20, 20, 20, 20, 20, 20, 20, 20, 20, 20]",powerlaw,40,0,0,111,80,"[640, 7, 6, 5, 4, 3, 3, 3, 3, 3, 3, 2, 2, 2, 2, 2, 2, 2, 2, 2, 2, 2, 2, 2, 2, 2, 2, 2, 2, 2, 2, 1, 1, 1, 1, 1, 1, 1, 1, 1, 1, 1, 1, 1, 1, 1, 1, 1, 1, 1, 1, 1, 1, 1, 1, 1, 1, 1, 1, 1, 1, 1, 1, 1, 1, 1, 1, 1, 1, 1, 1, 1, 1, 1, 1, 1, 1, 1, 1, 1, 1, 1, 1, 1, 1, 1, 1, 1, 1, 1, 1, 1, 1, 1, 1, 1, 1, 1, 1, 1, 1, 1, 1, 1, 1, 1, 1, 1, 1, 1, 1]",2.2831082270004117,2.277001082333401,2.2562939560002633,2.2881400010001016,0.011752807387513848,"[2.268179, 2.256294, 2.261479, 2.284915, 2.28814, 2.283108, 2.282664, 2.284413, 2.283817]",1.9117390859992156,1.9020173501109336,1.8780764029997954,1.9236227560004409,0.01707620164759154,"[1.878076, 1.917861, 1.913723, 1.923623, 1.912282, 1.890941, 1.88483, 1.911739, 1.885082]",1.1942572308747306,1.1729399379177161,1.2183423407830074,57,optimal,nan,53.74835205078125,64.7039737701416,945.6003058358061,945.5689003607613,3.3212209060228635e-05,0.0027558712549143743,0.002107823286978167,0.999859375,0.8845528455284553,0.7157894736842105,0.7912727272727272,9,2,1e-07,1e-05,1000,20.0,20.0,20.0,0.0,20.0,1.0,640.0,7.207207207207207,60.34243380429341,1.0
primary,x86_64,none,0.3.0,2.4.4,32,8,many_tiny,800,1600,0.3,0,0.997622027534418,40,"[20, 20, 20, 20, 20, 20, 20, 20, 20, 20, 20, 20, 20, 20, 20, 20, 20, 20, 20, 20, 20, 20, 20, 20, 20, 20, 20, 20, 20, 20, 20, 20, 20, 20, 20, 20, 20, 20, 20, 20]",powerlaw,40,0,0,172,124,"[542, 7, 6, 5, 5, 5, 5, 4, 4, 4, 4, 3, 3, 3, 3, 3, 3, 3, 3, 3, 3, 3, 2, 2, 2, 2, 2, 2, 2, 2, 2, 2, 2, 2, 2, 2, 2, 2, 2, 2, 2, 2, 2, 2, 2, 2, 2, 2, 1, 1, 1, 1, 1, 1, 1, 1, 1, 1, 1, 1, 1, 1, 1, 1, 1, 1, 1, 1, 1, 1, 1, 1, 1, 1, 1, 1, 1, 1, 1, 1, 1, 1, 1, 1, 1, 1, 1, 1, 1, 1, 1, 1, 1, 1, 1, 1, 1, 1, 1, 1, 1, 1, 1, 1, 1, 1, 1, 1, 1, 1, 1, 1, 1, 1, 1, 1, 1, 1, 1, 1, 1, 1, 1, 1, 1, 1, 1, 1, 1, 1, 1, 1, 1, 1, 1, 1, 1, 1, 1, 1, 1, 1, 1, 1, 1, 1, 1, 1, 1, 1, 1, 1, 1, 1, 1, 1, 1, 1, 1, 1, 1, 1, 1, 1, 1, 1, 1, 1, 1, 1, 1, 1]",2.3300658259995544,2.335617979777655,2.3154915380000602,2.368711307999547,0.019143449014269415,"[2.331629, 2.368711, 2.328117, 2.366749, 2.315492, 2.320869, 2.323714, 2.330066, 2.335215]",1.6081118289994265,1.6087537531110583,1.6004536680002275,1.620100088000072,0.0069604404578702435,"[1.610661, 1.602276, 1.606926, 1.600454, 1.602499, 1.608112, 1.6201, 1.60893, 1.618826]",1.4489451442250323,1.4292274626430101,1.4800249175343265,59,optimal,nan,53.74835205078125,50.569101333618164,953.7485134135825,953.7143478994511,3.582235112385857e-05,0.003235732141023115,0.0024748499195678007,0.999821875,0.8726003490401396,0.6578947368421053,0.7501875468867217,9,2,1e-07,1e-05,1000,20.0,20.0,20.0,0.0,20.0,1.0,542.0,4.651162790697675,41.10530080733958,1.0
primary,x86_64,none,0.3.0,2.4.4,32,8,many_tiny,800,1600,0.35,0,0.997622027534418,40,"[20, 20, 20, 20, 20, 20, 20, 20, 20, 20, 20, 20, 20, 20, 20, 20, 20, 20, 20, 20, 20, 20, 20, 20, 20, 20, 20, 20, 20, 20, 20, 20, 20, 20, 20, 20, 20, 20, 20, 20]",powerlaw,40,0,0,229,164,"[426, 13, 11, 8, 7, 7, 6, 5, 5, 5, 4, 4, 4, 4, 4, 4, 4, 4, 4, 4, 4, 3, 3, 3, 3, 3, 3, 3, 3, 3, 3, 3, 2, 2, 2, 2, 2, 2, 2, 2, 2, 2, 2, 2, 2, 2, 2, 2, 2, 2, 2, 2, 2, 2, 2, 2, 2, 2, 2, 2, 2, 2, 2, 2, 2, 1, 1, 1, 1, 1, 1, 1, 1, 1, 1, 1, 1, 1, 1, 1, 1, 1, 1, 1, 1, 1, 1, 1, 1, 1, 1, 1, 1, 1, 1, 1, 1, 1, 1, 1, 1, 1, 1, 1, 1, 1, 1, 1, 1, 1, 1, 1, 1, 1, 1, 1, 1, 1, 1, 1, 1, 1, 1, 1, 1, 1, 1, 1, 1, 1, 1, 1, 1, 1, 1, 1, 1, 1, 1, 1, 1, 1, 1, 1, 1, 1, 1, 1, 1, 1, 1, 1, 1, 1, 1, 1, 1, 1, 1, 1, 1, 1, 1, 1, 1, 1, 1, 1, 1, 1, 1, 1, 1, 1, 1, 1, 1, 1, 1, 1, 1, 1, 1, 1, 1, 1, 1, 1, 1, 1, 1, 1, 1, 1, 1, 1, 1, 1, 1, 1]",2.077962870000192,2.075947283999893,2.0620636559997365,2.0877832019996276,0.007841404485507313,"[2.070013, 2.077963, 2.062064, 2.071405, 2.080911, 2.07168, 2.087783, 2.082873, 2.078835]",0.9217271820007227,0.9214787794444419,0.918604583999695,0.9243475659995966,0.0016919168213937069,"[0.919974, 0.924348, 0.921727, 0.922919, 0.920226, 0.921949, 0.921914, 0.918605, 0.921648]",2.2544229036293766,2.2308314879044495,2.272776816450462,61,optimal,nan,53.74835205078125,38.6157808303833,960.5869942932693,960.5536542877084,3.4707950200256136e-05,0.0032208550909005734,0.0024634769043155565,0.99980625,0.8621973929236499,0.6092105263157894,0.7139552814186584,9,2,1e-07,1e-05,1000,20.0,20.0,20.0,0.0,20.0,1.0,426.0,3.493449781659389,28.021766350625555,1.0
primary,x86_64,none,0.3.0,2.4.4,32,8,many_tiny,800,1600,0.4,0,0.997622027534418,40,"[20, 20, 20, 20, 20, 20, 20, 20, 20, 20, 20, 20, 20, 20, 20, 20, 20, 20, 20, 20, 20, 20, 20, 20, 20, 20, 20, 20, 20, 20, 20, 20, 20, 20, 20, 20, 20, 20, 20, 20]",powerlaw,40,0,0,293,214,"[327, 13, 12, 11, 9, 7, 7, 7, 6, 6, 5, 5, 5, 4, 4, 4, 4, 4, 4, 4, 4, 4, 4, 4, 3, 3, 3, 3, 3, 3, 3, 3, 3, 3, 3, 3, 2, 2, 2, 2, 2, 2, 2, 2, 2, 2, 2, 2, 2, 2, 2, 2, 2, 2, 2, 2, 2, 2, 2, 2, 2, 2, 2, 2, 2, 2, 2, 2, 2, 2, 2, 2, 2, 2, 2, 2, 2, 2, 2, 1, 1, 1, 1, 1, 1, 1, 1, 1, 1, 1, 1, 1, 1, 1, 1, 1, 1, 1, 1, 1, 1, 1, 1, 1, 1, 1, 1, 1, 1, 1, 1, 1, 1, 1, 1, 1, 1, 1, 1, 1, 1, 1, 1, 1, 1, 1, 1, 1, 1, 1, 1, 1, 1, 1, 1, 1, 1, 1, 1, 1, 1, 1, 1, 1, 1, 1, 1, 1, 1, 1, 1, 1, 1, 1, 1, 1, 1, 1, 1, 1, 1, 1, 1, 1, 1, 1, 1, 1, 1, 1, 1, 1, 1, 1, 1, 1, 1, 1, 1, 1, 1, 1, 1, 1, 1, 1, 1, 1, 1, 1, 1, 1, 1, 1, 1, 1, 1, 1, 1, 1]",1.9744526249996852,1.9810878475555,1.9681385030007732,2.008451147999949,0.013666779449338138,"[1.973543, 2.008451, 1.968139, 1.974453, 1.994071, 1.990399, 1.970195, 1.979469, 1.971071]",0.5285147040003721,0.5280461093334452,0.5259299299996201,0.5316788709997127,0.0018163401817655473,"[0.531679, 0.528578, 0.528687, 0.52593, 0.52649, 0.527428, 0.526051, 0.528515, 0.529057]",3.735851831661234,3.7017429323457858,3.8188569112265585,58,optimal,nan,53.74835205078125,36.94726848602295,966.3066676870529,966.2766006303166,3.111543958226549e-05,0.0037950617397819256,0.0029026421288389963,0.999784375,0.8467741935483871,0.5526315789473685,0.6687898089171975,9,2,1e-07,1e-05,1000,20.0,20.0,20.0,0.0,20.0,1.0,327.0,2.7303754266211606,19.04043655201048,1.0
primary,x86_64,none,0.3.0,2.4.4,32,8,many_tiny,800,4000,0.05,0,0.997622027534418,40,"[20, 20, 20, 20, 20, 20, 20, 20, 20, 20, 20, 20, 20, 20, 20, 20, 20, 20, 20, 20, 20, 20, 20, 20, 20, 20, 20, 20, 20, 20, 20, 20, 20, 20, 20, 20, 20, 20, 20, 20]",powerlaw,40,0,0,1,0,[800],1.4361001480001505,1.4390290954445137,1.4311360219999187,1.452560949999679,0.007646924986513435,"[1.436586, 1.452561, 1.449012, 1.43579, 1.431289, 1.4361, 1.431136, 1.443725, 1.435062]",1.5074740919999385,1.5076591705555984,1.4967312790004144,1.5144341129998793,0.0061245985900528375,"[1.496731, 1.513062, 1.510048, 1.506377, 1.513981, 1.507474, 1.500083, 1.514434, 1.506743]",0.9526532864620595,0.9449972169241758,0.9704888047571009,42,optimal,nan,53.74835205078125,92.81873512268066,897.602941324671,897.602941324671,0.0,0.0,0.0,1.0,0.11333000499251124,0.8960526315789473,0.2012114049342591,9,2,1e-07,1e-05,1000,20.0,20.0,20.0,0.0,20.0,800.0,800.0,800.0,0.0,800.0
primary,x86_64,none,0.3.0,2.4.4,32,8,many_tiny,800,4000,0.1,0,0.997622027534418,40,"[20, 20, 20, 20, 20, 20, 20, 20, 20, 20, 20, 20, 20, 20, 20, 20, 20, 20, 20, 20, 20, 20, 20, 20, 20, 20, 20, 20, 20, 20, 20, 20, 20, 20, 20, 20, 20, 20, 20, 20]",powerlaw,40,0,0,16,9,"[776, 3, 3, 3, 2, 2, 2, 1, 1, 1, 1, 1, 1, 1, 1, 1]",1.4707127619994935,1.4712596007776584,1.457971792000535,1.483010891000049,0.00724959952567783,"[1.46892, 1.483011, 1.470713, 1.479206, 1.473178, 1.468246, 1.457972, 1.466792, 1.4733]",1.4969904119998318,1.4966191534443472,1.4894296239999676,1.5025695369995447,0.0039395424541171595,"[1.49945, 1.49811, 1.496075, 1.50257, 1.499542, 1.49435, 1.48943, 1.49699, 1.493056]",0.9824463471578058,0.9703190142613526,0.9956904758059796,43,optimal,nan,53.74835205078125,88.2028169631958,913.456674870506,913.4543074539317,2.591711943701709e-06,0.0019266622121992816,0.0014860485818449592,0.9999625,0.7994891443167306,0.8236842105263158,0.8114063512637718,9,2,1e-07,1e-05,1000,20.0,20.0,20.0,0.0,20.0,1.0,776.0,50.0,187.45399435594857,1.0
primary,x86_64,none,0.3.0,2.4.4,32,8,many_tiny,800,4000,0.15,0,0.997622027534418,40,"[20, 20, 20, 20, 20, 20, 20, 20, 20, 20, 20, 20, 20, 20, 20, 20, 20, 20, 20, 20, 20, 20, 20, 20, 20, 20, 20, 20, 20, 20, 20, 20, 20, 20, 20, 20, 20, 20, 20, 20]",powerlaw,40,0,0,59,35,"[709, 5, 4, 3, 3, 3, 3, 3, 2, 2, 2, 2, 2, 2, 2, 2, 2, 2, 2, 2, 2, 2, 2, 2, 1, 1, 1, 1, 1, 1, 1, 1, 1, 1, 1, 1, 1, 1, 1, 1, 1, 1, 1, 1, 1, 1, 1, 1, 1, 1, 1, 1, 1, 1, 1, 1, 1, 1, 1]",1.398701555000116,1.4009979412220572,1.3964741489999142,1.4116586439995444,0.005022840543379462,"[1.398533, 1.40139, 1.396474, 1.411659, 1.398702, 1.406995, 1.398182, 1.398328, 1.398721]",1.2674684200001138,1.2663192430002002,1.2577859309994892,1.2756133800003226,0.005474910609981281,"[1.270579, 1.258916, 1.264855, 1.267468, 1.267519, 1.257786, 1.266167, 1.275613, 1.267968]",1.1035395698458432,1.094747178803942,1.1223361696197234,41,optimal,nan,53.74835205078125,76.06135272979736,926.7688153185433,926.7576327446704,1.2066195676828134e-05,0.003908931430325689,0.0030149675200471797,0.999959375,0.9616613418530351,0.7921052631578948,0.8686868686868686,9,2,1e-07,1e-05,1000,20.0,20.0,20.0,0.0,20.0,1.0,709.0,13.559322033898304,91.31975322105247,1.0
primary,x86_64,none,0.3.0,2.4.4,32,8,many_tiny,800,4000,0.2,0,0.997622027534418,40,"[20, 20, 20, 20, 20, 20, 20, 20, 20, 20, 20, 20, 20, 20, 20, 20, 20, 20, 20, 20, 20, 20, 20, 20, 20, 20, 20, 20, 20, 20, 20, 20, 20, 20, 20, 20, 20, 20, 20, 20]",powerlaw,40,0,0,111,63,"[598, 6, 6, 6, 5, 5, 5, 5, 5, 4, 4, 4, 4, 3, 3, 3, 3, 3, 3, 3, 3, 3, 3, 2, 2, 2, 2, 2, 2, 2, 2, 2, 2, 2, 2, 2, 2, 2, 2, 2, 2, 2, 2, 2, 2, 2, 2, 2, 1, 1, 1, 1, 1, 1, 1, 1, 1, 1, 1, 1, 1, 1, 1, 1, 1, 1, 1, 1, 1, 1, 1, 1, 1, 1, 1, 1, 1, 1, 1, 1, 1, 1, 1, 1, 1, 1, 1, 1, 1, 1, 1, 1, 1, 1, 1, 1, 1, 1, 1, 1, 1, 1, 1, 1, 1, 1, 1, 1, 1, 1, 1]",1.39088925499982,1.3862035936668287,1.3674517910003487,1.4042049140007293,0.014398618565782029,"[1.401059, 1.395179, 1.369456, 1.392557, 1.387212, 1.404205, 1.390889, 1.367452, 1.367823]",1.206753201000538,1.2632089122221766,1.1496115609998014,1.4883910819999073,0.11699142517287593,"[1.257628, 1.149612, 1.488391, 1.206742, 1.190842, 1.194549, 1.433573, 1.24079, 1.206753]",1.1525879971535289,0.9187449505293622,1.2214603276775606,41,optimal,nan,53.74835205078125,58.35815143585205,938.1508570970661,938.1357320929577,1.612214495569325e-05,0.0036689158517495823,0.002829842861567473,0.99995625,0.96964586846543,0.756578947368421,0.8499630450849963,9,2,1e-07,1e-05,1000,20.0,20.0,20.0,0.0,20.0,1.0,598.0,7.207207207207207,56.34419914139336,1.0
primary,x86_64,none,0.3.0,2.4.4,32,8,many_tiny,800,4000,0.25,0,0.997622027534418,40,"[20, 20, 20, 20, 20, 20, 20, 20, 20, 20, 20, 20, 20, 20, 20, 20, 20, 20, 20, 20, 20, 20, 20, 20, 20, 20, 20, 20, 20, 20, 20, 20, 20, 20, 20, 20, 20, 20, 20, 20]",powerlaw,40,0,0,178,105,"[437, 12, 11, 10, 7, 7, 7, 7, 6, 6, 6, 5, 5, 5, 5, 5, 5, 5, 5, 5, 4, 4, 4, 4, 4, 4, 3, 3, 3, 3, 3, 3, 3, 3, 3, 3, 3, 3, 3, 3, 3, 3, 2, 2, 2, 2, 2, 2, 2, 2, 2, 2, 2, 2, 2, 2, 2, 2, 2, 2, 2, 2, 2, 2, 2, 2, 2, 2, 2, 2, 2, 2, 2, 1, 1, 1, 1, 1, 1, 1, 1, 1, 1, 1, 1, 1, 1, 1, 1, 1, 1, 1, 1, 1, 1, 1, 1, 1, 1, 1, 1, 1, 1, 1, 1, 1, 1, 1, 1, 1, 1, 1, 1, 1, 1, 1, 1, 1, 1, 1, 1, 1, 1, 1, 1, 1, 1, 1, 1, 1, 1, 1, 1, 1, 1, 1, 1, 1, 1, 1, 1, 1, 1, 1, 1, 1, 1, 1, 1, 1, 1, 1, 1, 1, 1, 1, 1, 1, 1, 1, 1, 1, 1, 1, 1, 1, 1, 1, 1, 1, 1, 1, 1, 1, 1, 1, 1, 1]",1.676606942000035,1.6180804125555772,1.4721334080004453,1.855387105999398,0.14409542764344171,"[1.855387, 1.735604, 1.70419, 1.676607, 1.685978, 1.480097, 1.472133, 1.479799, 1.472928]",0.7601186360006977,0.7592327682223186,0.7507353290002357,0.7664671749998888,0.00461286863511236,"[0.760836, 0.75547, 0.755893, 0.750735, 0.76112, 0.766467, 0.760119, 0.759569, 0.762886]",2.2057174532930355,1.9206737822799247,2.471426392667895,41,optimal,nan,53.74835205078125,38.82520866394043,947.8174502401811,947.8009952156156,1.736096392965399e-05,0.0032603022881212,0.0025146703732711636,0.999903125,0.9408695652173913,0.7118421052631579,0.8104868913857677,9,2,1e-07,1e-05,1000,20.0,20.0,20.0,0.0,20.0,1.0,437.0,4.49438202247191,32.562515016022125,1.0
primary,x86_64,none,0.3.0,2.4.4,32,8,many_tiny,800,4000,0.3,0,0.997622027534418,40,"[20, 20, 20, 20, 20, 20, 20, 20, 20, 20, 20, 20, 20, 20, 20, 20, 20, 20, 20, 20, 20, 20, 20, 20, 20, 20, 20, 20, 20, 20, 20, 20, 20, 20, 20, 20, 20, 20, 20, 20]",powerlaw,40,0,0,244,150,"[280, 13, 13, 12, 12, 11, 11, 11, 10, 9, 8, 8, 7, 7, 7, 6, 6, 5, 5, 5, 5, 5, 5, 5, 5, 5, 4, 4, 4, 4, 4, 4, 4, 4, 4, 3, 3, 3, 3, 3, 3, 3, 3, 3, 3, 3, 3, 3, 3, 3, 3, 3, 3, 3, 3, 2, 2, 2, 2, 2, 2, 2, 2, 2, 2, 2, 2, 2, 2, 2, 2, 2, 2, 2, 2, 2, 2, 2, 2, 2, 2, 2, 2, 2, 2, 2, 2, 2, 2, 2, 2, 2, 2, 2, 1, 1, 1, 1, 1, 1, 1, 1, 1, 1, 1, 1, 1, 1, 1, 1, 1, 1, 1, 1, 1, 1, 1, 1, 1, 1, 1, 1, 1, 1, 1, 1, 1, 1, 1, 1, 1, 1, 1, 1, 1, 1, 1, 1, 1, 1, 1, 1, 1, 1, 1, 1, 1, 1, 1, 1, 1, 1, 1, 1, 1, 1, 1, 1, 1, 1, 1, 1, 1, 1, 1, 1, 1, 1, 1, 1, 1, 1, 1, 1, 1, 1, 1, 1, 1, 1, 1, 1, 1, 1, 1, 1, 1, 1, 1, 1, 1, 1, 1, 1, 1, 1, 1, 1, 1, 1]",1.5081268339999951,1.5128583701111387,1.4989430079995145,1.5389873140002237,0.011514213588093292,"[1.538987, 1.519601, 1.508121, 1.515942, 1.507856, 1.512998, 1.50515, 1.508127, 1.498943]",0.42744662999939464,0.4272119391110512,0.4246101520002412,0.4292252209997969,0.0013913738280273073,"[0.428307, 0.427986, 0.426813, 0.427447, 0.426107, 0.428052, 0.42636, 0.429225, 0.42461]",3.528222538570794,3.4922062699578036,3.6244713103311517,42,optimal,nan,53.74835205078125,36.305551528930664,955.9675035058999,955.9547611421854,1.332928542844818e-05,0.0028242610980334162,0.0021783623342830597,0.999896875,0.9348230912476723,0.6605263157894737,0.774094063222822,9,2,1e-07,1e-05,1000,20.0,20.0,20.0,0.0,20.0,1.0,280.0,3.278688524590164,17.896451839511844,1.0
primary,x86_64,none,0.3.0,2.4.4,32,8,many_tiny,800,4000,0.35,0,0.997622027534418,40,"[20, 20, 20, 20, 20, 20, 20, 20, 20, 20, 20, 20, 20, 20, 20, 20, 20, 20, 20, 20, 20, 20, 20, 20, 20, 20, 20, 20, 20, 20, 20, 20, 20, 20, 20, 20, 20, 20, 20, 20]",powerlaw,40,0,0,299,192,"[192, 13, 12, 12, 12, 11, 11, 11, 11, 10, 10, 8, 7, 7, 7, 7, 6, 6, 6, 6, 6, 6, 5, 5, 5, 5, 5, 5, 4, 4, 4, 4, 4, 4, 4, 4, 4, 4, 4, 4, 4, 3, 3, 3, 3, 3, 3, 3, 3, 3, 3, 3, 3, 3, 3, 3, 3, 3, 2, 2, 2, 2, 2, 2, 2, 2, 2, 2, 2, 2, 2, 2, 2, 2, 2, 2, 2, 2, 2, 2, 2, 2, 2, 2, 2, 2, 2, 2, 2, 2, 2, 2, 2, 2, 2, 2, 2, 2, 2, 2, 2, 2, 2, 2, 2, 2, 2, 1, 1, 1, 1, 1, 1, 1, 1, 1, 1, 1, 1, 1, 1, 1, 1, 1, 1, 1, 1, 1, 1, 1, 1, 1, 1, 1, 1, 1, 1, 1, 1, 1, 1, 1, 1, 1, 1, 1, 1, 1, 1, 1, 1, 1, 1, 1, 1, 1, 1, 1, 1, 1, 1, 1, 1, 1, 1, 1, 1, 1, 1, 1, 1, 1, 1, 1, 1, 1, 1, 1, 1, 1, 1, 1, 1, 1, 1, 1, 1, 1, 1, 1, 1, 1, 1, 1, 1, 1, 1, 1, 1, 1]",1.501315337000051,1.5245219565554686,1.4925826660000894,1.5746863000003941,0.036634121665360134,"[1.499081, 1.492583, 1.492611, 1.501315, 1.495185, 1.525348, 1.574686, 1.571958, 1.567931]",0.31425099999978556,0.3165368348888175,0.31233705800059397,0.3358635869999489,0.007366792548930631,"[0.312337, 0.314251, 0.313467, 0.314581, 0.316136, 0.312491, 0.335864, 0.315929, 0.313775]",4.777440125890054,4.444014545703987,5.041624935832621,41,optimal,nan,53.74835205078125,35.38560104370117,962.8175526875499,962.8080676141568,9.851371494634418e-06,0.0023686735284516175,0.001826958453844482,0.9999125,0.9393939393939394,0.6118421052631579,0.7410358565737052,9,2,1e-07,1e-05,1000,20.0,20.0,20.0,0.0,20.0,1.0,192.0,2.6755852842809364,11.181615909895983,1.0
primary,x86_64,none,0.3.0,2.4.4,32,8,many_tiny,800,4000,0.4,0,0.997622027534418,40,"[20, 20, 20, 20, 20, 20, 20, 20, 20, 20, 20, 20, 20, 20, 20, 20, 20, 20, 20, 20, 20, 20, 20, 20, 20, 20, 20, 20, 20, 20, 20, 20, 20, 20, 20, 20, 20, 20, 20, 20]",powerlaw,40,0,0,350,241,"[126, 13, 12, 12, 11, 11, 11, 11, 11, 10, 10, 9, 9, 7, 7, 7, 7, 7, 7, 6, 6, 6, 6, 6, 6, 5, 5, 5, 5, 5, 4, 4, 4, 4, 4, 4, 4, 4, 4, 4, 4, 4, 4, 4, 3, 3, 3, 3, 3, 3, 3, 3, 3, 3, 3, 3, 3, 3, 2, 2, 2, 2, 2, 2, 2, 2, 2, 2, 2, 2, 2, 2, 2, 2, 2, 2, 2, 2, 2, 2, 2, 2, 2, 2, 2, 2, 2, 2, 2, 2, 2, 2, 2, 2, 2, 2, 2, 2, 2, 2, 2, 2, 2, 2, 2, 2, 2, 2, 2, 1, 1, 1, 1, 1, 1, 1, 1, 1, 1, 1, 1, 1, 1, 1, 1, 1, 1, 1, 1, 1, 1, 1, 1, 1, 1, 1, 1, 1, 1, 1, 1, 1, 1, 1, 1, 1, 1, 1, 1, 1, 1, 1, 1, 1, 1, 1, 1, 1, 1, 1, 1, 1, 1, 1, 1, 1, 1, 1, 1, 1, 1, 1, 1, 1, 1, 1, 1, 1, 1, 1, 1, 1, 1, 1, 1, 1, 1, 1, 1, 1, 1, 1, 1, 1, 1, 1, 1, 1, 1, 1]",1.516892970000299,1.5249144103331167,1.5076200539997444,1.5732212719995005,0.020501980209103064,"[1.524709, 1.511738, 1.50762, 1.513545, 1.538362, 1.573221, 1.511535, 1.516893, 1.526608]",0.2169593580001674,0.2169815209999797,0.2161294289999205,0.21838768999987224,0.0007735647608934953,"[0.216563, 0.218388, 0.216129, 0.217174, 0.216959, 0.217884, 0.21634, 0.216207, 0.21719]",6.991599643280327,6.9034113323906965,7.279070135331173,43,optimal,nan,53.74835205078125,34.9276180267334,968.5539579862656,968.546345357667,7.859787816519299e-06,0.0019024992669606153,0.0014674068908914761,0.999921875,0.9397321428571429,0.5539473684210526,0.6970198675496688,9,2,1e-07,1e-05,1000,20.0,20.0,20.0,0.0,20.0,1.0,126.0,2.2857142857142856,6.949085977189183,1.0
primary,x86_64,none,0.3.0,2.4.4,32,8,many_tiny,800,8000,0.05,0,0.997622027534418,40,"[20, 20, 20, 20, 20, 20, 20, 20, 20, 20, 20, 20, 20, 20, 20, 20, 20, 20, 20, 20, 20, 20, 20, 20, 20, 20, 20, 20, 20, 20, 20, 20, 20, 20, 20, 20, 20, 20, 20, 20]",powerlaw,40,0,0,5,3,"[795, 2, 1, 1, 1]",1.1826358349999282,1.1827861111111513,1.17790681400038,1.187793518000035,0.002930727584721715,"[1.182636, 1.180369, 1.181896, 1.187794, 1.182776, 1.185142, 1.181388, 1.185167, 1.177907]",1.239498490999722,1.2374325848888676,1.2277025900002627,1.2440933730003962,0.005757132888914534,"[1.244093, 1.239498, 1.239681, 1.235544, 1.24337, 1.227703, 1.238296, 1.228956, 1.239751]",0.9541244653279642,0.9467993637484032,0.9674928827834278,33,optimal,nan,53.74835205078125,91.84556007385254,898.3814012784197,898.3814000294527,1.3902413919494475e-09,1.8527633596443494e-05,1.4618341492054096e-05,1.0,0.4568561872909699,0.8986842105263158,0.6057649667405764,9,2,1e-07,1e-05,1000,20.0,20.0,20.0,0.0,20.0,1.0,795.0,160.0,317.5002362203846,1.0
primary,x86_64,none,0.3.0,2.4.4,32,8,many_tiny,800,8000,0.1,0,0.997622027534418,40,"[20, 20, 20, 20, 20, 20, 20, 20, 20, 20, 20, 20, 20, 20, 20, 20, 20, 20, 20, 20, 20, 20, 20, 20, 20, 20, 20, 20, 20, 20, 20, 20, 20, 20, 20, 20, 20, 20, 20, 20]",powerlaw,40,0,0,52,21,"[693, 6, 6, 6, 5, 5, 4, 3, 3, 3, 3, 3, 3, 2, 2, 2, 2, 2, 2, 2, 2, 2, 2, 2, 2, 2, 2, 2, 2, 2, 2, 1, 1, 1, 1, 1, 1, 1, 1, 1, 1, 1, 1, 1, 1, 1, 1, 1, 1, 1, 1, 1]",1.1755073460008134,1.174127688777945,1.1667889370000921,1.1796997270002976,0.004534485950417922,"[1.17615, 1.169092, 1.171765, 1.1797, 1.179484, 1.175507, 1.166789, 1.176967, 1.171696]",1.1102338639993832,1.110783327444248,1.1041287230000307,1.1165182819995607,0.004612024347319664,"[1.116518, 1.116442, 1.109022, 1.110234, 1.104129, 1.114721, 1.111787, 1.104462, 1.109735]",1.058792551837949,1.0450244799489554,1.0684440160155717,33,optimal,nan,53.74835205078125,73.32200336456299,913.813364580408,913.8121198208793,1.3621594703890289e-06,0.0011404384618662888,0.0009037452313229204,0.99998125,0.9765258215962441,0.8210526315789474,0.8920657612580415,9,2,1e-07,1e-05,1000,20.0,20.0,20.0,0.0,20.0,1.0,693.0,15.384615384615385,94.89491229090329,2.0
primary,x86_64,none,0.3.0,2.4.4,32,8,many_tiny,800,8000,0.15,0,0.997622027534418,40,"[20, 20, 20, 20, 20, 20, 20, 20, 20, 20, 20, 20, 20, 20, 20, 20, 20, 20, 20, 20, 20, 20, 20, 20, 20, 20, 20, 20, 20, 20, 20, 20, 20, 20, 20, 20, 20, 20, 20, 20]",powerlaw,40,0,0,110,48,"[555, 12, 6, 6, 6, 6, 6, 5, 5, 5, 5, 5, 5, 5, 4, 4, 4, 4, 4, 3, 3, 3, 3, 3, 3, 3, 3, 3, 3, 3, 3, 3, 3, 2, 2, 2, 2, 2, 2, 2, 2, 2, 2, 2, 2, 2, 2, 2, 2, 2, 2, 2, 2, 2, 2, 2, 2, 2, 2, 2, 2, 2, 1, 1, 1, 1, 1, 1, 1, 1, 1, 1, 1, 1, 1, 1, 1, 1, 1, 1, 1, 1, 1, 1, 1, 1, 1, 1, 1, 1, 1, 1, 1, 1, 1, 1, 1, 1, 1, 1, 1, 1, 1, 1, 1, 1, 1, 1, 1, 1]",1.1316779090002456,1.1309455992221855,1.1246965200007253,1.1380763119996118,0.004284641422227014,"[1.128334, 1.125384, 1.124697, 1.138076, 1.133131, 1.131678, 1.130189, 1.133806, 1.133215]",0.9202798930000426,0.9194562898889368,0.9111007980000068,0.9285815450002701,0.005555456971361239,"[0.928582, 0.925258, 0.921131, 0.922298, 0.911101, 0.914602, 0.915677, 0.92028, 0.916178]",1.2297105669787713,1.2111984413823325,1.2491222864669287,32,optimal,nan,53.74835205078125,52.30327796936035,927.0718490623061,927.0690002947416,3.072865999957219e-06,0.002653752782885932,0.002103041717188777,0.999990625,0.9900662251655629,0.7868421052631579,0.8768328445747801,9,2,1e-07,1e-05,1000,20.0,20.0,20.0,0.0,20.0,1.0,555.0,7.2727272727272725,52.49032968789395,2.0
primary,x86_64,none,0.3.0,2.4.4,32,8,many_tiny,800,8000,0.2,0,0.997622027534418,40,"[20, 20, 20, 20, 20, 20, 20, 20, 20, 20, 20, 20, 20, 20, 20, 20, 20, 20, 20, 20, 20, 20, 20, 20, 20, 20, 20, 20, 20, 20, 20, 20, 20, 20, 20, 20, 20, 20, 20, 20]",powerlaw,40,0,0,163,73,"[414, 15, 13, 12, 11, 6, 6, 6, 6, 6, 6, 5, 5, 5, 5, 5, 5, 5, 5, 5, 5, 4, 4, 4, 4, 4, 4, 4, 4, 4, 3, 3, 3, 3, 3, 3, 3, 3, 3, 3, 3, 3, 3, 3, 3, 3, 3, 3, 3, 3, 2, 2, 2, 2, 2, 2, 2, 2, 2, 2, 2, 2, 2, 2, 2, 2, 2, 2, 2, 2, 2, 2, 2, 2, 2, 2, 2, 2, 2, 2, 2, 2, 2, 2, 2, 2, 2, 2, 2, 2, 1, 1, 1, 1, 1, 1, 1, 1, 1, 1, 1, 1, 1, 1, 1, 1, 1, 1, 1, 1, 1, 1, 1, 1, 1, 1, 1, 1, 1, 1, 1, 1, 1, 1, 1, 1, 1, 1, 1, 1, 1, 1, 1, 1, 1, 1, 1, 1, 1, 1, 1, 1, 1, 1, 1, 1, 1, 1, 1, 1, 1, 1, 1, 1, 1, 1, 1, 1, 1, 1, 1, 1, 1]",1.13011666499915,1.1291277685555139,1.117424320000282,1.1374946079995425,0.006515409678182851,"[1.135211, 1.117424, 1.125433, 1.130232, 1.130117, 1.137495, 1.13549, 1.12773, 1.123018]",0.6005137779993674,0.5999164285551362,0.5953026789993601,0.6035141099982866,0.0027191136349543994,"[0.59761, 0.601327, 0.599005, 0.602064, 0.600514, 0.602385, 0.597527, 0.603514, 0.595303]",1.881916296349058,1.85152973474548,1.9107836200427468,32,optimal,nan,53.74835205078125,38.38697338104248,938.425867005319,938.4225238856126,3.5624760825094624e-06,0.0019324975803807973,0.0015314627844055949,0.99998125,0.9863013698630136,0.7578947368421053,0.8571428571428571,9,2,1e-07,1e-05,1000,20.0,20.0,20.0,0.0,20.0,1.0,414.0,4.9079754601226995,32.21397208885811,2.0
primary,x86_64,none,0.3.0,2.4.4,32,8,many_tiny,800,8000,0.25,0,0.997622027534418,40,"[20, 20, 20, 20, 20, 20, 20, 20, 20, 20, 20, 20, 20, 20, 20, 20, 20, 20, 20, 20, 20, 20, 20, 20, 20, 20, 20, 20, 20, 20, 20, 20, 20, 20, 20, 20, 20, 20, 20, 20]",powerlaw,40,0,0,223,110,"[235, 15, 14, 13, 13, 13, 12, 11, 11, 11, 10, 10, 8, 7, 7, 6, 6, 6, 6, 6, 5, 5, 5, 5, 5, 5, 5, 5, 5, 5, 4, 4, 4, 4, 4, 4, 4, 4, 4, 4, 4, 4, 4, 4, 3, 3, 3, 3, 3, 3, 3, 3, 3, 3, 3, 3, 3, 3, 3, 3, 3, 3, 3, 3, 3, 3, 3, 3, 3, 3, 2, 2, 2, 2, 2, 2, 2, 2, 2, 2, 2, 2, 2, 2, 2, 2, 2, 2, 2, 2, 2, 2, 2, 2, 2, 2, 2, 2, 2, 2, 2, 2, 2, 2, 2, 2, 2, 2, 2, 2, 2, 2, 2, 1, 1, 1, 1, 1, 1, 1, 1, 1, 1, 1, 1, 1, 1, 1, 1, 1, 1, 1, 1, 1, 1, 1, 1, 1, 1, 1, 1, 1, 1, 1, 1, 1, 1, 1, 1, 1, 1, 1, 1, 1, 1, 1, 1, 1, 1, 1, 1, 1, 1, 1, 1, 1, 1, 1, 1, 1, 1, 1, 1, 1, 1, 1, 1, 1, 1, 1, 1, 1, 1, 1, 1, 1, 1, 1, 1, 1, 1, 1, 1, 1, 1, 1, 1, 1, 1, 1]",1.152875079000296,1.1544948263332724,1.146856591998585,1.1677354340008606,0.007035769591290594,"[1.151658, 1.146857, 1.155218, 1.167735, 1.156471, 1.162949, 1.152875, 1.148607, 1.148083]",0.34978848499849846,0.3495163271111071,0.34669910600132425,0.35159319500053243,0.0016701196805845872,"[0.350255, 0.351593, 0.349341, 0.350597, 0.346926, 0.346699, 0.349707, 0.350741, 0.349788]",3.2959206161553456,3.261885065769968,3.368152423203538,32,optimal,nan,53.74835205078125,35.78888130187988,948.0644871117042,948.0611605592844,3.5087828571195457e-06,0.0020268420316949254,0.0016062289361992133,0.99995625,0.9713261648745519,0.7131578947368421,0.8224582701062216,9,2,1e-07,1e-05,1000,20.0,20.0,20.0,0.0,20.0,1.0,235.0,3.587443946188341,15.750584705930653,2.0
primary,x86_64,none,0.3.0,2.4.4,32,8,many_tiny,800,8000,0.3,0,0.997622027534418,40,"[20, 20, 20, 20, 20, 20, 20, 20, 20, 20, 20, 20, 20, 20, 20, 20, 20, 20, 20, 20, 20, 20, 20, 20, 20, 20, 20, 20, 20, 20, 20, 20, 20, 20, 20, 20, 20, 20, 20, 20]",powerlaw,40,0,0,282,153,"[100, 15, 13, 13, 13, 12, 12, 11, 11, 11, 11, 11, 10, 9, 9, 9, 9, 8, 8, 7, 7, 7, 7, 7, 7, 6, 6, 6, 6, 5, 5, 5, 5, 5, 5, 5, 5, 5, 5, 4, 4, 4, 4, 4, 4, 4, 4, 4, 4, 4, 4, 4, 4, 3, 3, 3, 3, 3, 3, 3, 3, 3, 3, 3, 3, 3, 3, 3, 3, 3, 3, 3, 3, 3, 3, 3, 3, 3, 3, 3, 3, 2, 2, 2, 2, 2, 2, 2, 2, 2, 2, 2, 2, 2, 2, 2, 2, 2, 2, 2, 2, 2, 2, 2, 2, 2, 2, 2, 2, 2, 2, 2, 2, 2, 2, 2, 2, 2, 2, 2, 2, 2, 2, 2, 2, 2, 2, 2, 2, 1, 1, 1, 1, 1, 1, 1, 1, 1, 1, 1, 1, 1, 1, 1, 1, 1, 1, 1, 1, 1, 1, 1, 1, 1, 1, 1, 1, 1, 1, 1, 1, 1, 1, 1, 1, 1, 1, 1, 1, 1, 1, 1, 1, 1, 1, 1, 1, 1, 1, 1, 1, 1, 1, 1, 1, 1, 1, 1, 1, 1, 1, 1, 1, 1, 1, 1, 1, 1, 1, 1]",1.3027361530002963,1.3013237720000081,1.2914804339998227,1.311022365000099,0.005869570643305025,"[1.29148, 1.311022, 1.297647, 1.306828, 1.3034, 1.29612, 1.303273, 1.302736, 1.299407]",0.1880543890001718,0.18778209922230518,0.183379951000461,0.192277648999152,0.0024115398665215775,"[0.192278, 0.18338, 0.188368, 0.186525, 0.186452, 0.187102, 0.188054, 0.188832, 0.189048]",6.927443490824913,6.716747582063054,7.149213192868631,33,optimal,nan,53.74835205078125,34.800682067871094,956.1951062215632,956.1872379535865,8.228726465366053e-06,0.006092072498993496,0.004827839418027144,0.9999625,0.9728155339805825,0.6592105263157895,0.7858823529411764,9,2,1e-07,1e-05,1000,20.0,20.0,20.0,0.0,20.0,1.0,100.0,2.8368794326241136,6.362706183564609,1.0
primary,x86_64,none,0.3.0,2.4.4,32,8,many_tiny,800,8000,0.35,0,0.997622027534418,40,"[20, 20, 20, 20, 20, 20, 20, 20, 20, 20, 20, 20, 20, 20, 20, 20, 20, 20, 20, 20, 20, 20, 20, 20, 20, 20, 20, 20, 20, 20, 20, 20, 20, 20, 20, 20, 20, 20, 20, 20]",powerlaw,40,0,0,333,198,"[35, 13, 12, 12, 12, 11, 11, 11, 11, 11, 11, 11, 10, 10, 9, 9, 8, 8, 8, 8, 7, 7, 7, 7, 7, 7, 7, 6, 6, 6, 6, 6, 6, 6, 6, 6, 5, 5, 5, 5, 5, 5, 5, 4, 4, 4, 4, 4, 4, 4, 4, 4, 4, 4, 4, 4, 4, 4, 3, 3, 3, 3, 3, 3, 3, 3, 3, 3, 3, 3, 3, 3, 3, 3, 3, 3, 3, 2, 2, 2, 2, 2, 2, 2, 2, 2, 2, 2, 2, 2, 2, 2, 2, 2, 2, 2, 2, 2, 2, 2, 2, 2, 2, 2, 2, 2, 2, 2, 2, 2, 2, 2, 2, 2, 2, 2, 2, 2, 2, 2, 2, 2, 2, 2, 2, 2, 2, 2, 2, 2, 2, 2, 2, 2, 2, 1, 1, 1, 1, 1, 1, 1, 1, 1, 1, 1, 1, 1, 1, 1, 1, 1, 1, 1, 1, 1, 1, 1, 1, 1, 1, 1, 1, 1, 1, 1, 1, 1, 1, 1, 1, 1, 1, 1, 1, 1, 1, 1, 1, 1, 1, 1, 1, 1, 1, 1, 1, 1, 1, 1, 1, 1, 1, 1, 1, 1, 1, 1, 1, 1]",1.2985722960002022,1.3034092732224154,1.2907990050007356,1.3283357750005962,0.011303489478020748,"[1.296268, 1.298572, 1.328336, 1.309027, 1.304701, 1.296434, 1.309811, 1.296736, 1.290799]",0.1083883009996498,0.10863460188860093,0.10612766299891518,0.11057769999933953,0.0013205704389332633,"[0.109952, 0.109514, 0.108081, 0.109052, 0.110578, 0.108182, 0.107837, 0.106128, 0.108388]",11.980742239002325,11.673230723811812,12.516395230658892,33,optimal,nan,53.74835205078125,34.62074851989746,963.0345196678804,963.0141906678707,2.110931601572793e-05,0.012351421309281331,0.009788245121897339,0.999975,0.9808102345415778,0.6052631578947368,0.7485760781122863,9,2,1e-07,1e-05,1000,20.0,20.0,20.0,0.0,20.0,1.0,35.0,2.4024024024024024,3.027441103286421,1.0
primary,x86_64,none,0.3.0,2.4.4,32,8,many_tiny,800,8000,0.4,0,0.997622027534418,40,"[20, 20, 20, 20, 20, 20, 20, 20, 20, 20, 20, 20, 20, 20, 20, 20, 20, 20, 20, 20, 20, 20, 20, 20, 20, 20, 20, 20, 20, 20, 20, 20, 20, 20, 20, 20, 20, 20, 20, 20]",powerlaw,40,0,0,378,249,"[26, 13, 12, 12, 12, 11, 11, 11, 11, 11, 10, 9, 9, 9, 9, 8, 7, 7, 7, 7, 7, 7, 7, 7, 6, 6, 6, 6, 6, 6, 6, 5, 5, 5, 5, 5, 5, 5, 4, 4, 4, 4, 4, 4, 4, 4, 4, 4, 4, 4, 4, 4, 4, 4, 3, 3, 3, 3, 3, 3, 3, 3, 3, 3, 3, 3, 3, 3, 3, 3, 3, 3, 3, 3, 2, 2, 2, 2, 2, 2, 2, 2, 2, 2, 2, 2, 2, 2, 2, 2, 2, 2, 2, 2, 2, 2, 2, 2, 2, 2, 2, 2, 2, 2, 2, 2, 2, 2, 2, 2, 2, 2, 2, 2, 2, 2, 2, 2, 2, 2, 2, 2, 2, 2, 2, 2, 2, 2, 2, 1, 1, 1, 1, 1, 1, 1, 1, 1, 1, 1, 1, 1, 1, 1, 1, 1, 1, 1, 1, 1, 1, 1, 1, 1, 1, 1, 1, 1, 1, 1, 1, 1, 1, 1, 1, 1, 1, 1, 1, 1, 1, 1, 1, 1, 1, 1, 1, 1, 1, 1, 1, 1, 1, 1, 1, 1, 1, 1, 1, 1, 1, 1, 1, 1, 1, 1, 1, 1, 1, 1]",1.2412680400011595,1.2416030014442692,1.2347069839997857,1.2461300809991371,0.003649327131836381,"[1.23928, 1.241268, 1.242242, 1.245323, 1.24613, 1.245251, 1.240816, 1.234707, 1.23941]",0.0955000599988125,0.09522130577776504,0.09230738400037808,0.09659832100078347,0.0012217288262568046,"[0.092307, 0.095131, 0.094789, 0.096598, 0.0955, 0.095689, 0.095214, 0.095574, 0.09619]",12.997562933642074,12.781867958033882,13.499787633392721,34,optimal,nan,53.74835205078125,34.6132116317749,968.7531321272768,968.7346296261906,1.909929420883768e-05,0.01191775971977816,0.009444578501967296,0.999990625,0.9904988123515439,0.5486842105263158,0.7061812023708721,9,2,1e-07,1e-05,1000,20.0,20.0,20.0,0.0,20.0,1.0,26.0,2.1164021164021163,2.5202241789921134,1.0
primary,x86_64,none,0.3.0,2.4.4,32,8,one_giant,100,200,0.05,0,0.98,1,[100],powerlaw,1,0,0,1,0,[100],0.015557317001366755,0.01543436488888498,0.014571850000720588,0.01609635599925241,0.000461503273022145,"[0.014572, 0.015706, 0.015187, 0.015037, 0.015279, 0.01568, 0.015557, 0.016096, 0.015795]",0.01644661300088046,0.016351232222304033,0.016076171999884536,0.01660808700034977,0.00020147309213899942,"[0.016447, 0.016551, 0.016608, 0.016493, 0.016201, 0.016131, 0.016183, 0.016472, 0.016076]",0.9459283197418157,0.8773948498953372,1.0012555227306612,26,optimal,nan,0.9413604736328125,1.4787569046020508,105.73555641583361,105.73555641583361,0.0,0.0,0.0,1.0,0.038200339558573854,0.9090909090909091,0.07331975560081466,9,2,1e-07,1e-05,1000,100.0,100.0,100.0,0.0,100.0,100.0,100.0,100.0,0.0,100.0
primary,x86_64,none,0.3.0,2.4.4,32,8,one_giant,100,200,0.1,0,0.98,1,[100],powerlaw,1,0,0,1,0,[100],0.03726608699980716,0.037379012666658835,0.0368184700000711,0.03810076499939896,0.000449351127295161,"[0.037266, 0.038101, 0.037089, 0.037292, 0.036818, 0.037139, 0.036988, 0.037805, 0.037912]",0.038449834999482846,0.03844996633354943,0.03800221900019096,0.03884402100084117,0.00024856878477772356,"[0.038312, 0.038585, 0.038219, 0.038434, 0.038569, 0.038634, 0.038844, 0.038002, 0.03845]",0.9692131838877434,0.9478542398912254,1.0025931643414692,64,optimal,nan,0.9413604736328125,1.478799819946289,112.75358657197185,112.75358657197185,0.0,0.0,0.0,1.0,0.07796917497733455,0.8686868686868687,0.14309484193011648,9,2,1e-07,1e-05,1000,100.0,100.0,100.0,0.0,100.0,100.0,100.0,100.0,0.0,100.0
primary,x86_64,none,0.3.0,2.4.4,32,8,one_giant,100,200,0.15,0,0.98,1,[100],powerlaw,1,0,0,1,0,[100],0.04381528599878948,0.04390657733306903,0.04324181599986332,0.04483399799937615,0.00047214526055916353,"[0.044834, 0.044198, 0.043242, 0.043421, 0.043946, 0.043815, 0.044218, 0.043725, 0.043761]",0.04487318000064988,0.04494745233326588,0.04426171500017517,0.045716168999206275,0.0004238241906873575,"[0.044611, 0.04535, 0.045716, 0.044873, 0.044771, 0.045178, 0.044262, 0.044853, 0.044912]",0.9764248042629231,0.9458757578880699,1.0129295260971862,76,optimal,nan,0.9413604736328125,1.4787569046020508,116.12562921023522,116.12562921023522,0.0,0.0,0.0,1.0,0.15976331360946747,0.8181818181818182,0.2673267326732673,9,2,1e-07,1e-05,1000,100.0,100.0,100.0,0.0,100.0,100.0,100.0,100.0,0.0,100.0
primary,x86_64,none,0.3.0,2.4.4,32,8,one_giant,100,200,0.2,0,0.98,1,[100],powerlaw,1,0,0,1,0,[100],0.04763248699964606,0.04762575888889842,0.04696284400051809,0.04838999099956709,0.000492535071726227,"[0.048251, 0.047632, 0.047909, 0.047238, 0.04839, 0.046963, 0.047313, 0.047196, 0.047739]",0.049208046999410726,0.049151056110834666,0.04850397200061707,0.049787453999670106,0.00038781711659022103,"[0.049126, 0.049787, 0.049222, 0.049238, 0.048673, 0.049512, 0.049089, 0.049208, 0.048504]",0.9679816595894665,0.9432666310036514,0.9976500687191447,82,optimal,nan,0.9413604736328125,1.478799819946289,118.15216962827884,118.15216962827884,0.0,0.0,0.0,1.0,0.3110236220472441,0.797979797979798,0.4475920679886686,9,2,1e-07,1e-05,1000,100.0,100.0,100.0,0.0,100.0,100.0,100.0,100.0,0.0,100.0
primary,x86_64,none,0.3.0,2.4.4,32,8,one_giant,100,200,0.25,0,0.98,1,[100],powerlaw,1,0,0,7,4,"[91, 3, 2, 1, 1, 1, 1]",0.04910593800013885,0.049266884666495675,0.04808366399993247,0.05081447699922137,0.0007343821268777418,"[0.049383, 0.049232, 0.049777, 0.049074, 0.048084, 0.050814, 0.049106, 0.048991, 0.048942]",0.0451700069988874,0.04551683311102453,0.044717642000250635,0.04761942599907343,0.0008617474761643529,"[0.045554, 0.04517, 0.045087, 0.047619, 0.044718, 0.045003, 0.045048, 0.045759, 0.045695]",1.0871359395925795,1.0097489205533068,1.1363407086388089,84,optimal,nan,0.9413604736328125,1.2694063186645508,119.59077011281134,119.59076939745097,5.981735640243373e-09,7.979406865296634e-05,7.033851335385486e-05,1.0,0.5347222222222222,0.7777777777777778,0.6337448559670782,9,2,1e-07,1e-05,1000,100.0,100.0,100.0,0.0,100.0,1.0,91.0,14.285714285714286,31.326457488447527,1.0
primary,x86_64,none,0.3.0,2.4.4,32,8,one_giant,100,200,0.3,0,0.98,1,[100],powerlaw,1,0,0,12,8,"[85, 3, 2, 2, 1, 1, 1, 1, 1, 1, 1, 1]",0.055538782000439824,0.05554419055564116,0.05469223000000056,0.056184678000136046,0.0004591739814905164,"[0.056068, 0.055861, 0.055595, 0.054692, 0.055362, 0.0552, 0.056185, 0.055539, 0.055396]",0.045961943000293104,0.04595587422247465,0.045586752999952296,0.046327633999680984,0.0002490257231887,"[0.045643, 0.045899, 0.046272, 0.046328, 0.046068, 0.045962, 0.045869, 0.045976, 0.045587]",1.2083645375933225,1.180553058254112,1.2324781718977624,96,optimal,nan,0.9413604736328125,1.1413240432739258,120.70592048244335,120.70592003921358,3.6719803304351115e-09,6.159524678488182e-05,5.465535052691853e-05,1.0,0.6730769230769231,0.7070707070707071,0.6896551724137931,9,2,1e-07,1e-05,1000,100.0,100.0,100.0,0.0,100.0,1.0,85.0,8.333333333333334,23.124061542519346,1.0
primary,x86_64,none,0.3.0,2.4.4,32,8,one_giant,100,200,0.35,0,0.98,1,[100],powerlaw,1,0,0,20,14,"[69, 6, 4, 3, 2, 2, 1, 1, 1, 1, 1, 1, 1, 1, 1, 1, 1, 1, 1, 1]",0.05258950499955972,0.05271008300001591,0.05196854299902043,0.053357693999714684,0.0005084787217940546,"[0.052578, 0.052064, 0.053358, 0.053167, 0.05259, 0.051969, 0.053354, 0.052556, 0.052757]",0.029511767999792937,0.029474829444451543,0.029015472000537557,0.029788411000481574,0.00029903142739506113,"[0.029788, 0.029699, 0.029733, 0.029512, 0.029015, 0.029029, 0.029708, 0.029291, 0.029499]",1.7819842240535608,1.744589296763103,1.8389393768512934,91,optimal,nan,0.9413604736328125,0.8412570953369141,121.60216174564704,121.60216114001435,4.980443470303102e-09,0.0001086378840837593,9.65458463074656e-05,1.0,0.7471264367816092,0.6565656565656566,0.6989247311827956,9,2,1e-07,1e-05,1000,100.0,100.0,100.0,0.0,100.0,1.0,69.0,5.0,14.737706741552431,1.0
primary,x86_64,none,0.3.0,2.4.4,32,8,one_giant,100,200,0.4,0,0.98,1,[100],powerlaw,1,0,0,31,22,"[54, 5, 4, 4, 3, 2, 2, 2, 2, 1, 1, 1, 1, 1, 1, 1, 1, 1, 1, 1, 1, 1, 1, 1, 1, 1, 1, 1, 1, 1, 1]",0.053960848001224804,0.0539377611110265,0.05328408099921944,0.054395402999944054,0.00034441057821308686,"[0.053583, 0.054395, 0.053818, 0.054058, 0.053284, 0.054287, 0.053961, 0.054125, 0.053928]",0.022954256999582867,0.02314343499993912,0.0227357910007413,0.023839990000851685,0.00036158651170247076,"[0.02384, 0.023456, 0.023407, 0.023208, 0.022878, 0.022954, 0.022862, 0.02295, 0.022736]",2.3507991568712243,2.235071449162347,2.3925010129698365,94,optimal,nan,0.9413604736328125,0.7502861022949219,122.3237581026999,122.32375747036505,5.169354307176025e-09,0.00013430121750686308,0.00011935638182202761,1.0,0.7671232876712328,0.5656565656565656,0.6511627906976744,9,2,1e-07,1e-05,1000,100.0,100.0,100.0,0.0,100.0,1.0,54.0,3.225806451612903,9.328104179062443,1.0
primary,x86_64,none,0.3.0,2.4.4,32,8,one_giant,100,500,0.05,0,0.98,1,[100],powerlaw,1,0,0,1,0,[100],0.023039743000481394,0.02299937477800995,0.022497142999782227,0.023378126999887172,0.0003072266520721793,"[0.022497, 0.023084, 0.023004, 0.02304, 0.023378, 0.022751, 0.023215, 0.02336, 0.022665]",0.02386017499884474,0.023815847888626094,0.023627460999705363,0.02402046099996369,0.00013100013567065433,"[0.02373, 0.023942, 0.023713, 0.023873, 0.023886, 0.02386, 0.02369, 0.02402, 0.023627]",0.9656150049862137,0.9365824827348749,0.9894472791714142,39,optimal,nan,0.9413604736328125,1.4787139892578125,112.44713271338574,112.44713271338574,0.0,0.0,0.0,1.0,0.05514705882352941,0.9090909090909091,0.10398613518197573,9,2,1e-07,1e-05,1000,100.0,100.0,100.0,0.0,100.0,100.0,100.0,100.0,0.0,100.0
primary,x86_64,none,0.3.0,2.4.4,32,8,one_giant,100,500,0.1,0,0.98,1,[100],powerlaw,1,0,0,1,0,[100],0.04013581400067778,0.04015415155562449,0.0399695910000446,0.04044688999965729,0.00014887403064642936,"[0.039972, 0.040086, 0.040152, 0.040447, 0.03997, 0.040239, 0.040125, 0.04026, 0.040136]",0.041273258000728674,0.041240672110992214,0.040968118999444414,0.04152734099989175,0.00018677592580256024,"[0.041527, 0.041152, 0.04136, 0.041178, 0.040997, 0.041285, 0.040968, 0.041425, 0.041273]",0.9724411385204723,0.9624885686793381,0.9872772045064067,69,optimal,nan,0.9413604736328125,1.4787569046020508,115.77941788911298,115.77941788911298,0.0,0.0,0.0,1.0,0.1786492374727669,0.8282828282828283,0.29390681003584235,9,2,1e-07,1e-05,1000,100.0,100.0,100.0,0.0,100.0,100.0,100.0,100.0,0.0,100.0
primary,x86_64,none,0.3.0,2.4.4,32,8,one_giant,100,500,0.15,0,0.98,1,[100],powerlaw,1,0,0,3,2,"[98, 1, 1]",0.04652947800059337,0.046552563666813915,0.04583252600059495,0.04733091100024467,0.00047342807133854496,"[0.047331, 0.046448, 0.045833, 0.046529, 0.046211, 0.046148, 0.046752, 0.047133, 0.046589]",0.04612579199965694,0.04614610822217299,0.04573635399901832,0.04708632599977136,0.00039786041030293387,"[0.047086, 0.04614, 0.046126, 0.045903, 0.045736, 0.046326, 0.046195, 0.045905, 0.045898]",1.0087518497447032,0.9733723119705178,1.034864103974282,80,optimal,nan,0.9413604736328125,1.4305696487426758,117.72690698094473,117.7269069502418,2.607979440948093e-10,5.439014502853223e-06,5.163336817134899e-06,1.0,0.49693251533742333,0.8181818181818182,0.6183206106870229,9,2,1e-07,1e-05,1000,100.0,100.0,100.0,0.0,100.0,1.0,98.0,33.333333333333336,45.726238516730064,1.0
primary,x86_64,none,0.3.0,2.4.4,32,8,one_giant,100,500,0.2,0,0.98,1,[100],powerlaw,1,0,0,9,6,"[86, 6, 2, 1, 1, 1, 1, 1, 1]",0.04711125899848412,0.04718434455531274,0.046967594000307145,0.04765267199945811,0.00021655805377833958,"[0.047111, 0.047352, 0.047653, 0.047055, 0.047308, 0.047029, 0.04706, 0.047122, 0.046968]",0.03864336700098647,0.038696795555653,0.03837859600025695,0.03908860799856484,0.00023895940139669321,"[0.038989, 0.038379, 0.038553, 0.038541, 0.038643, 0.038865, 0.039089, 0.038716, 0.038496]",1.2191292492002956,1.2015673211497218,1.2416470888913984,81,optimal,nan,0.9413604736328125,1.1636734008789062,119.26748326400879,119.26748322134958,3.5767678105328343e-10,1.1383192919676988e-05,1.1041481962100383e-05,1.0,0.7222222222222222,0.7878787878787878,0.7536231884057971,9,2,1e-07,1e-05,1000,100.0,100.0,100.0,0.0,100.0,1.0,86.0,11.11111111111111,26.522294372196235,1.0
primary,x86_64,none,0.3.0,2.4.4,32,8,one_giant,100,500,0.25,0,0.98,1,[100],powerlaw,1,0,0,17,7,"[64, 6, 4, 4, 3, 3, 3, 2, 2, 2, 1, 1, 1, 1, 1, 1, 1]",0.04885660400032066,0.048909637222297735,0.04784620300051756,0.049726902001566486,0.0006093470176992621,"[0.048857, 0.049178, 0.048606, 0.049434, 0.049727, 0.049514, 0.048357, 0.048668, 0.047846]",0.025977147999583394,0.02589918077743884,0.025238640999305062,0.02655180500005372,0.0004369520073538412,"[0.026552, 0.026096, 0.026213, 0.026167, 0.025337, 0.025971, 0.025239, 0.025977, 0.02554]",1.880753191270427,1.8019943653706691,1.970268605307857,84,optimal,nan,0.9413604736328125,0.7737569808959961,120.55841539915704,120.55841537490025,2.0120364099147085e-10,1.5714154856197315e-05,1.5242433200759096e-05,1.0,0.8522727272727273,0.7575757575757576,0.8021390374331552,9,2,1e-07,1e-05,1000,100.0,100.0,100.0,0.0,100.0,1.0,64.0,5.882352941176471,14.596060519844453,2.0
primary,x86_64,none,0.3.0,2.4.4,32,8,one_giant,100,500,0.3,0,0.98,1,[100],powerlaw,1,0,0,27,12,"[36, 7, 6, 6, 5, 4, 4, 3, 3, 3, 3, 2, 2, 2, 2, 1, 1, 1, 1, 1, 1, 1, 1, 1, 1, 1, 1]",0.04834606099939265,0.04831004633302251,0.047799899000892765,0.04881979799938563,0.0002809536137482666,"[0.048456, 0.048313, 0.048346, 0.0478, 0.048405, 0.048354, 0.04882, 0.048259, 0.048036]",0.01701414799936174,0.01706652077801765,0.0167980570004147,0.017464138001741958,0.00020715791319136814,"[0.01693, 0.017074, 0.017316, 0.017464, 0.017014, 0.017003, 0.016798, 0.017091, 0.016908]",2.841521127076494,2.7370316815021143,2.906276481749073,84,optimal,nan,0.9413604736328125,0.7185335159301758,121.63785948675563,121.63785947091023,1.3026701967839675e-10,1.7363133232445316e-05,1.6841911062470437e-05,1.0,0.8974358974358975,0.7070707070707071,0.7909604519774011,9,2,1e-07,1e-05,1000,100.0,100.0,100.0,0.0,100.0,1.0,36.0,3.7037037037037037,6.576134262477798,2.0
primary,x86_64,none,0.3.0,2.4.4,32,8,one_giant,100,500,0.35,0,0.98,1,[100],powerlaw,1,0,0,30,15,"[35, 7, 6, 6, 5, 4, 3, 3, 3, 3, 2, 2, 2, 2, 2, 1, 1, 1, 1, 1, 1, 1, 1, 1, 1, 1, 1, 1, 1, 1]",0.048576399000012316,0.048584182555714506,0.047980369001379586,0.049134435001178645,0.0004086662765153381,"[0.0491, 0.048467, 0.048576, 0.049134, 0.048758, 0.048395, 0.048055, 0.048791, 0.04798]",0.01714237699889054,0.01715055588889906,0.016954782000539126,0.017438016999221873,0.0001575911467754666,"[0.01723, 0.017438, 0.017297, 0.017112, 0.017142, 0.017032, 0.017182, 0.016968, 0.016955]",2.8337026424722893,2.751480802176107,2.8979691393033704,83,optimal,nan,0.9413604736328125,0.7175426483154297,122.52748655714652,122.52748654213075,1.2255023063843265e-10,1.7511670134251478e-05,1.6985989046256587e-05,1.0,0.9436619718309859,0.6767676767676768,0.7882352941176471,9,2,1e-07,1e-05,1000,100.0,100.0,100.0,0.0,100.0,1.0,35.0,3.3333333333333335,6.122817071323369,1.5
primary,x86_64,none,0.3.0,2.4.4,32,8,one_giant,100,500,0.4,0,0.98,1,[100],powerlaw,1,0,0,39,22,"[17, 9, 7, 6, 6, 5, 4, 3, 3, 3, 3, 2, 2, 2, 2, 2, 2, 1, 1, 1, 1, 1, 1, 1, 1, 1, 1, 1, 1, 1, 1, 1, 1, 1, 1, 1, 1, 1, 1]",0.04747695100013516,0.04780557177784633,0.04728698100007023,0.04908931700083485,0.0006811273684947881,"[0.049089, 0.048825, 0.047477, 0.047334, 0.047488, 0.04742, 0.047287, 0.047927, 0.047403]",0.012324274001002777,0.012330474666871143,0.011832727999717463,0.012581921000673901,0.00022570203869749517,"[0.012521, 0.012582, 0.012366, 0.012315, 0.012324, 0.012293, 0.012534, 0.012206, 0.011833]",3.8523121926916057,3.7583276033554402,4.148605207692341,81,optimal,nan,0.9413604736328125,0.7024517059326172,123.24865188144081,123.24865187823868,2.5981070332978264e-11,1.0140406524056234e-05,9.836002664303831e-06,1.0,0.967741935483871,0.6060606060606061,0.7453416149068324,9,2,1e-07,1e-05,1000,100.0,100.0,100.0,0.0,100.0,1.0,17.0,2.5641025641025643,3.0280303473301577,1.0
primary,x86_64,none,0.3.0,2.4.4,32,8,one_giant,100,1000,0.05,0,0.98,1,[100],powerlaw,1,0,0,1,0,[100],0.02711696500045946,0.027035568333303672,0.026771458000439452,0.02734492899980978,0.0002016552160209075,"[0.026789, 0.026881, 0.026919, 0.027117, 0.026771, 0.027142, 0.02714, 0.027345, 0.027217]",0.02821403899906727,0.028240423888847645,0.027876842999830842,0.028692525000224123,0.00023082327544970914,"[0.027877, 0.028098, 0.028294, 0.028214, 0.028137, 0.028113, 0.028693, 0.028317, 0.028422]",0.9611160245917262,0.9330464293480736,0.9809191449683062,51,optimal,nan,0.9413604736328125,1.4788427352905273,113.49501942414454,113.49501942414454,0.0,0.0,0.0,1.0,0.08917835671342686,0.898989898989899,0.16226071103008205,9,2,1e-07,1e-05,1000,100.0,100.0,100.0,0.0,100.0,100.0,100.0,100.0,0.0,100.0
primary,x86_64,none,0.3.0,2.4.4,32,8,one_giant,100,1000,0.1,0,0.98,1,[100],powerlaw,1,0,0,3,1,"[97, 2, 1]",0.03915034800047579,0.039118950444390066,0.038855896000313805,0.03953859899957024,0.00021424549419620266,"[0.038856, 0.039161, 0.03915, 0.038985, 0.039539, 0.039269, 0.038868, 0.03921, 0.039033]",0.03827767499933543,0.038353927333446336,0.037736263000624604,0.03914797400102543,0.0004164824810905699,"[0.038636, 0.039148, 0.038278, 0.038414, 0.03865, 0.03821, 0.038039, 0.037736, 0.038073]",1.0227984850478904,0.9925391285714051,1.0477613800528103,73,optimal,nan,0.9413604736328125,1.4067935943603516,115.86571338639459,115.86571331212373,6.410080751028546e-10,8.376854683127266e-06,8.182138961164655e-06,1.0,0.43915343915343913,0.8383838383838383,0.5763888888888888,9,2,1e-07,1e-05,1000,100.0,100.0,100.0,0.0,100.0,1.0,97.0,33.333333333333336,45.02098276236192,2.0
primary,x86_64,none,0.3.0,2.4.4,32,8,one_giant,100,1000,0.15,0,0.98,1,[100],powerlaw,1,0,0,14,5,"[67, 6, 4, 4, 4, 3, 3, 2, 2, 1, 1, 1, 1, 1]",0.04365618799965887,0.043778349111057144,0.043582574999163626,0.044550231999892276,0.00030832137925114743,"[0.043605, 0.043759, 0.04455, 0.043656, 0.043605, 0.043597, 0.043908, 0.043742, 0.043583]",0.028097682999941753,0.02807063866667805,0.027633444999082712,0.028967980999368592,0.0004457614130611183,"[0.028968, 0.028461, 0.028222, 0.028098, 0.027771, 0.027688, 0.027651, 0.027633, 0.028143]",1.5537291099678705,1.5045085468715815,1.6121852342829899,82,optimal,nan,0.9413604736328125,0.8088483810424805,117.65570065304713,117.65569977813972,7.4361667918868395e-09,6.25216897480324e-05,6.113097083959636e-05,1.0,0.797979797979798,0.797979797979798,0.7979797979797979,9,2,1e-07,1e-05,1000,100.0,100.0,100.0,0.0,100.0,1.0,67.0,7.142857142857143,16.66843528030983,2.5
primary,x86_64,none,0.3.0,2.4.4,32,8,one_giant,100,1000,0.2,0,0.98,1,[100],powerlaw,1,0,0,20,6,"[41, 10, 7, 6, 4, 4, 4, 4, 3, 3, 2, 2, 2, 2, 1, 1, 1, 1, 1, 1]",0.04794831300023361,0.04810873177787774,0.04726917200059688,0.05000948300039454,0.0008026461286989795,"[0.047488, 0.047948, 0.047596, 0.048356, 0.047846, 0.048251, 0.048215, 0.050009, 0.047269]",0.019388767001146334,0.019449583444535772,0.019120434999422287,0.01973546099907253,0.0002169486357383409,"[0.019316, 0.019724, 0.019389, 0.019735, 0.019629, 0.019538, 0.01934, 0.01912, 0.019255]",2.4729944404096833,2.3951389837216523,2.615499229065947,81,optimal,nan,0.9413604736328125,0.7571907043457031,119.18197157377669,119.1819714907812,6.96376283911498e-10,5.0863473706731777e-05,4.973207762368424e-05,1.0,0.9512195121951219,0.7878787878787878,0.861878453038674,9,2,1e-07,1e-05,1000,100.0,100.0,100.0,0.0,100.0,1.0,41.0,5.0,8.573214099741124,2.5
primary,x86_64,none,0.3.0,2.4.4,32,8,one_giant,100,1000,0.25,0,0.98,1,[100],powerlaw,1,0,0,22,8,"[41, 9, 6, 6, 4, 4, 4, 4, 3, 3, 2, 2, 2, 2, 1, 1, 1, 1, 1, 1, 1, 1]",0.03800815700014937,0.03821989366689296,0.03774338600123883,0.039634770999327884,0.0005778829590440457,"[0.038509, 0.038008, 0.039635, 0.037743, 0.03792, 0.038196, 0.038196, 0.037881, 0.037891]",0.01761611399888352,0.0178820709999046,0.017248048001420102,0.01989574800063565,0.0007868469530337566,"[0.017833, 0.01796, 0.019896, 0.017849, 0.017616, 0.017564, 0.017464, 0.017508, 0.017248]",2.1575789644957033,1.8970579040322066,2.2979279160206763,72,optimal,nan,0.9413604736328125,0.7502708435058594,120.47994657710913,120.47994649662152,6.68058143723564e-10,4.319767374923178e-05,4.2236793970071635e-05,1.0,0.9620253164556962,0.7676767676767676,0.8539325842696629,9,2,1e-07,1e-05,1000,100.0,100.0,100.0,0.0,100.0,1.0,41.0,4.545454545454546,8.217095664346667,2.0
primary,x86_64,none,0.3.0,2.4.4,32,8,one_giant,100,1000,0.3,0,0.98,1,[100],powerlaw,1,0,0,29,12,"[16, 16, 9, 6, 6, 5, 4, 4, 3, 3, 3, 3, 2, 2, 2, 2, 2, 1, 1, 1, 1, 1, 1, 1, 1, 1, 1, 1, 1]",0.03924770800040278,0.03926103222208136,0.038711043998773675,0.039922099000250455,0.00034369406593544777,"[0.039003, 0.038711, 0.039064, 0.039491, 0.039248, 0.039464, 0.039185, 0.039922, 0.039262]",0.012021510001432034,0.011926525555585007,0.0114848470002471,0.012079688000085298,0.00019079766129487512,"[0.012022, 0.012027, 0.01208, 0.011922, 0.011937, 0.01207, 0.012023, 0.011773, 0.011485]",3.264790196549975,3.20463939122437,3.476067116905564,74,optimal,nan,0.9413604736328125,0.7061491012573242,121.56955538020951,121.56955521411804,1.3662258381300253e-09,5.8230837514827716e-05,5.693556332817865e-05,1.0,0.9861111111111112,0.7171717171717171,0.8304093567251463,9,2,1e-07,1e-05,1000,100.0,100.0,100.0,0.0,100.0,1.0,16.0,3.4482758620689653,3.9180062390733075,2.0
primary,x86_64,none,0.3.0,2.4.4,32,8,one_giant,100,1000,0.35,0,0.98,1,[100],powerlaw,1,0,0,33,16,"[16, 16, 9, 6, 6, 4, 3, 3, 3, 3, 3, 2, 2, 2, 2, 2, 2, 1, 1, 1, 1, 1, 1, 1, 1, 1, 1, 1, 1, 1, 1, 1, 1]",0.04340447899994615,0.043336406444319034,0.04271109000001161,0.04360869599986472,0.0003122015178763568,"[0.042711, 0.043567, 0.043454, 0.043404, 0.042924, 0.043371, 0.043598, 0.043389, 0.043609]",0.013308554000104778,0.013114098888763692,0.012251848000232712,0.01366355900063354,0.00048571454471649136,"[0.013519, 0.01345, 0.013664, 0.013319, 0.013309, 0.013234, 0.012748, 0.012533, 0.012252]",3.261397068352011,3.125912509180896,3.559356596575179,83,optimal,nan,0.9413604736328125,0.7071294784545898,122.47218563333288,122.47218544130017,1.567970017598722e-09,7.348490172991162e-05,7.185031952791048e-05,0.9998,1.0,0.6767676767676768,0.8072289156626505,9,2,1e-07,1e-05,1000,100.0,100.0,100.0,0.0,100.0,1.0,16.0,3.0303030303030303,3.745582031761884,2.0
primary,x86_64,none,0.3.0,2.4.4,32,8,one_giant,100,1000,0.4,0,0.98,1,[100],powerlaw,1,0,0,38,19,"[10, 9, 9, 7, 6, 6, 4, 3, 3, 3, 3, 3, 3, 2, 2, 2, 2, 2, 2, 1, 1, 1, 1, 1, 1, 1, 1, 1, 1, 1, 1, 1, 1, 1, 1, 1, 1, 1]",0.052378165999471094,0.05247169922262805,0.05221075500048755,0.05283527900064655,0.0002581862512787999,"[0.052835, 0.052568, 0.052673, 0.052827, 0.052378, 0.052256, 0.052283, 0.052211, 0.052214]",0.012832442998842453,0.011896051221911976,0.009459295999477035,0.012900118999823462,0.0014866622008854824,"[0.012832, 0.012865, 0.012809, 0.012868, 0.012872, 0.0129, 0.010795, 0.009665, 0.009459]",4.081698707268433,4.0473080132983315,5.585540298513504,82,optimal,nan,0.9413604736328125,0.7011022567749023,123.20870129105568,123.20870130706386,1.2992740454544508e-10,1.7787409982927826e-05,1.7391750695910365e-05,1.0,1.0,0.6262626262626263,0.7701863354037267,9,2,1e-07,1e-05,1000,100.0,100.0,100.0,0.0,100.0,1.0,10.0,2.6315789473684212,2.4753633718536525,1.5
primary,x86_64,none,0.3.0,2.4.4,32,8,one_giant,200,400,0.05,0,0.99,1,[200],powerlaw,1,0,0,1,0,[200],0.05112199200084433,0.051105369777764684,0.05060313799913274,0.05161709999993036,0.00031335230918279826,"[0.050603, 0.050706, 0.051351, 0.051037, 0.051617, 0.051021, 0.051122, 0.05123, 0.051261]",0.05372813699977996,0.05374568277794525,0.053260337001120206,0.05412826100109669,0.0002872951657244274,"[0.053652, 0.053903, 0.053374, 0.05326, 0.053716, 0.053728, 0.05395, 0.054128, 0.053999]",0.9514938513697896,0.9348746304284092,0.9691470784130547,22,optimal,nan,3.385162353515625,5.829800605773926,173.32364337378715,173.32364337378715,0.0,0.0,0.0,1.0,0.03493621197252208,0.8944723618090452,0.06724593879863996,9,2,1e-07,1e-05,1000,200.0,200.0,200.0,0.0,200.0,200.0,200.0,200.0,0.0,200.0
primary,x86_64,none,0.3.0,2.4.4,32,8,one_giant,200,400,0.1,0,0.99,1,[200],powerlaw,1,0,0,1,0,[200],0.08928687400111812,0.08933806033322374,0.0885210599990387,0.0903661380016274,0.000574402065480042,"[0.089845, 0.08874, 0.089441, 0.088521, 0.089287, 0.089041, 0.090366, 0.089092, 0.08971]",0.10023030799857224,0.09743406122187379,0.09204974400017818,0.10210388199993758,0.00436171637032729,"[0.09257, 0.09205, 0.092083, 0.095254, 0.102104, 0.101676, 0.1007, 0.10023, 0.100239]",0.8908171169382219,0.8669705623836399,0.98170982421692,39,optimal,nan,3.385162353515625,5.829800605773926,181.86896846709703,181.86896846709703,0.0,0.0,0.0,1.0,0.19036144578313252,0.7939698492462312,0.3070942662779398,9,2,1e-07,1e-05,1000,200.0,200.0,200.0,0.0,200.0,200.0,200.0,200.0,0.0,200.0
primary,x86_64,none,0.3.0,2.4.4,32,8,one_giant,200,400,0.15,0,0.99,1,[200],powerlaw,1,0,0,31,25,"[161, 5, 3, 2, 2, 2, 1, 1, 1, 1, 1, 1, 1, 1, 1, 1, 1, 1, 1, 1, 1, 1, 1, 1, 1, 1, 1, 1, 1, 1, 1]",0.11350561799918069,0.11345680577768588,0.11245009900085279,0.11446258899923123,0.0005634220641395566,"[0.113574, 0.113931, 0.113589, 0.113003, 0.113288, 0.113506, 0.113307, 0.11245, 0.114463]",0.08164416200088453,0.0817097280000275,0.08130459099993459,0.08208465399911802,0.00023120464627418843,"[0.081641, 0.081637, 0.081974, 0.081644, 0.082085, 0.081578, 0.081674, 0.081851, 0.081305]",1.390247817081532,1.369928403451162,1.407824424076167,45,optimal,nan,3.385162353515625,4.115262031555176,184.8350816413506,184.83507901451082,1.4211803029651919e-08,0.00048573678934948905,0.00034795173517943425,1.0,0.6445497630331753,0.6834170854271356,0.6634146341463415,9,2,1e-07,1e-05,1000,200.0,200.0,200.0,0.0,200.0,1.0,161.0,6.451612903225806,28.228147368365434,1.0
primary,x86_64,none,0.3.0,2.4.4,32,8,one_giant,200,400,0.2,0,0.99,1,[200],powerlaw,1,0,0,79,50,"[67, 8, 7, 4, 4, 3, 3, 3, 3, 3, 3, 3, 3, 3, 3, 3, 3, 2, 2, 2, 2, 2, 2, 2, 2, 2, 2, 2, 2, 1, 1, 1, 1, 1, 1, 1, 1, 1, 1, 1, 1, 1, 1, 1, 1, 1, 1, 1, 1, 1, 1, 1, 1, 1, 1, 1, 1, 1, 1, 1, 1, 1, 1, 1, 1, 1, 1, 1, 1, 1, 1, 1, 1, 1, 1, 1, 1, 1, 1]",0.11298795099901326,0.11301499522212705,0.11201079499915068,0.11387012199884339,0.0006150437393292767,"[0.113057, 0.112607, 0.112011, 0.113673, 0.11387, 0.112618, 0.112663, 0.112988, 0.113649]",0.02572187700025097,0.02689507100027792,0.025134159001027,0.035296341999128344,0.003229968636908226,"[0.035296, 0.027395, 0.026433, 0.02599, 0.025722, 0.025533, 0.025167, 0.025385, 0.025134]",4.392679080065224,3.173439191005029,4.530492625362582,45,optimal,nan,3.385162353515625,2.4213123321533203,186.71005264355887,186.71005249858493,7.764656298845856e-10,8.30824367639843e-05,5.9654803191212536e-05,1.0,0.904,0.5678391959798995,0.6975308641975309,9,2,1e-07,1e-05,1000,200.0,200.0,200.0,0.0,200.0,1.0,67.0,2.5316455696202533,7.406523711879433,1.0
primary,x86_64,none,0.3.0,2.4.4,32,8,one_giant,200,400,0.25,0,0.99,1,[200],powerlaw,1,0,0,103,70,"[38, 8, 6, 5, 4, 3, 3, 3, 3, 3, 3, 3, 3, 3, 3, 3, 3, 3, 2, 2, 2, 2, 2, 2, 2, 2, 2, 2, 2, 2, 2, 2, 2, 1, 1, 1, 1, 1, 1, 1, 1, 1, 1, 1, 1, 1, 1, 1, 1, 1, 1, 1, 1, 1, 1, 1, 1, 1, 1, 1, 1, 1, 1, 1, 1, 1, 1, 1, 1, 1, 1, 1, 1, 1, 1, 1, 1, 1, 1, 1, 1, 1, 1, 1, 1, 1, 1, 1, 1, 1, 1, 1, 1, 1, 1, 1, 1, 1, 1, 1, 1, 1, 1]",0.11419425699932617,0.11402077844468295,0.11325034699984826,0.11451364400090824,0.0003952657453917931,"[0.113859, 0.114131, 0.114194, 0.114242, 0.114225, 0.113555, 0.114514, 0.11325, 0.114216]",0.018489973999749054,0.020074504555345304,0.01818127399928926,0.025109226000495255,0.002894785355724312,"[0.02503, 0.025109, 0.020164, 0.018708, 0.01849, 0.018467, 0.018238, 0.018282, 0.018181]",6.1760096039548795,4.51030816312755,6.298438932573416,45,optimal,nan,3.385162353515625,2.3625612258911133,188.02063874117044,188.0206385441884,1.0476618878173934e-09,0.0001291036091229658,9.26988989450886e-05,1.0,0.9591836734693877,0.4723618090452261,0.632996632996633,9,2,1e-07,1e-05,1000,200.0,200.0,200.0,0.0,200.0,1.0,38.0,1.941747572815534,3.743798088900529,1.0
primary,x86_64,none,0.3.0,2.4.4,32,8,one_giant,200,400,0.3,0,0.99,1,[200],powerlaw,1,0,0,125,94,"[20, 6, 6, 6, 6, 4, 3, 3, 3, 3, 3, 3, 3, 3, 2, 2, 2, 2, 2, 2, 2, 2, 2, 2, 2, 2, 2, 2, 2, 2, 2, 1, 1, 1, 1, 1, 1, 1, 1, 1, 1, 1, 1, 1, 1, 1, 1, 1, 1, 1, 1, 1, 1, 1, 1, 1, 1, 1, 1, 1, 1, 1, 1, 1, 1, 1, 1, 1, 1, 1, 1, 1, 1, 1, 1, 1, 1, 1, 1, 1, 1, 1, 1, 1, 1, 1, 1, 1, 1, 1, 1, 1, 1, 1, 1, 1, 1, 1, 1, 1, 1, 1, 1, 1, 1, 1, 1, 1, 1, 1, 1, 1, 1, 1, 1, 1, 1, 1, 1, 1, 1, 1, 1, 1, 1]",0.11106807200121693,0.11106385055568858,0.1099840579990996,0.11182201399969927,0.0005505053782903494,"[0.111822, 0.1108, 0.111465, 0.111639, 0.111122, 0.110746, 0.109984, 0.111068, 0.110929]",0.015203501001451514,0.016965600222546427,0.014098114999796962,0.021784758000649163,0.0033813356936785188,"[0.021785, 0.021673, 0.020741, 0.015889, 0.015204, 0.014694, 0.014364, 0.014243, 0.014098]",7.305427347991295,5.048670175533839,7.931699663487615,44,optimal,nan,3.385162353515625,2.3463945388793945,188.9238220852559,188.92382206820503,9.025259715861098e-11,5.225222797594631e-05,3.7518114566767174e-05,0.99995,0.9736842105263158,0.37185929648241206,0.5381818181818182,9,2,1e-07,1e-05,1000,200.0,200.0,200.0,0.0,200.0,1.0,20.0,1.6,1.947305831142094,1.0
primary,x86_64,none,0.3.0,2.4.4,32,8,one_giant,200,400,0.35,0,0.99,1,[200],powerlaw,1,0,0,146,126,"[17, 6, 5, 5, 4, 4, 3, 3, 3, 3, 3, 2, 2, 2, 2, 2, 2, 2, 2, 2, 1, 1, 1, 1, 1, 1, 1, 1, 1, 1, 1, 1, 1, 1, 1, 1, 1, 1, 1, 1, 1, 1, 1, 1, 1, 1, 1, 1, 1, 1, 1, 1, 1, 1, 1, 1, 1, 1, 1, 1, 1, 1, 1, 1, 1, 1, 1, 1, 1, 1, 1, 1, 1, 1, 1, 1, 1, 1, 1, 1, 1, 1, 1, 1, 1, 1, 1, 1, 1, 1, 1, 1, 1, 1, 1, 1, 1, 1, 1, 1, 1, 1, 1, 1, 1, 1, 1, 1, 1, 1, 1, 1, 1, 1, 1, 1, 1, 1, 1, 1, 1, 1, 1, 1, 1, 1, 1, 1, 1, 1, 1, 1, 1, 1, 1, 1, 1, 1, 1, 1, 1, 1, 1, 1, 1, 1]",0.10025168100037263,0.10035735144447244,0.09985155799950007,0.1008393989995966,0.00034047016517460717,"[0.100068, 0.100723, 0.100297, 0.100252, 0.100227, 0.100762, 0.099852, 0.100839, 0.100197]",0.01350564799940912,0.01388928055570836,0.010989738000716898,0.016633020999506698,0.0026889989122074348,"[0.016629, 0.016633, 0.016613, 0.01658, 0.013506, 0.011734, 0.01132, 0.010999, 0.01099]",7.422944904587969,6.003212405158478,9.175778257226742,45,optimal,nan,3.385162353515625,2.350269317626953,189.53732213212893,189.5373221180926,7.405583903688585e-11,3.46307745207608e-05,2.48655687920183e-05,1.0,1.0,0.271356783919598,0.4268774703557312,9,2,1e-07,1e-05,1000,200.0,200.0,200.0,0.0,200.0,1.0,17.0,1.36986301369863,1.5260913392570254,1.0
primary,x86_64,none,0.3.0,2.4.4,32,8,one_giant,200,400,0.4,0,0.99,1,[200],powerlaw,1,0,0,162,149,"[16, 4, 4, 4, 4, 3, 3, 3, 2, 2, 2, 2, 2, 1, 1, 1, 1, 1, 1, 1, 1, 1, 1, 1, 1, 1, 1, 1, 1, 1, 1, 1, 1, 1, 1, 1, 1, 1, 1, 1, 1, 1, 1, 1, 1, 1, 1, 1, 1, 1, 1, 1, 1, 1, 1, 1, 1, 1, 1, 1, 1, 1, 1, 1, 1, 1, 1, 1, 1, 1, 1, 1, 1, 1, 1, 1, 1, 1, 1, 1, 1, 1, 1, 1, 1, 1, 1, 1, 1, 1, 1, 1, 1, 1, 1, 1, 1, 1, 1, 1, 1, 1, 1, 1, 1, 1, 1, 1, 1, 1, 1, 1, 1, 1, 1, 1, 1, 1, 1, 1, 1, 1, 1, 1, 1, 1, 1, 1, 1, 1, 1, 1, 1, 1, 1, 1, 1, 1, 1, 1, 1, 1, 1, 1, 1, 1, 1, 1, 1, 1, 1, 1, 1, 1, 1, 1, 1, 1, 1, 1, 1, 1]",0.09683104300165724,0.09677721755583156,0.09623145099976682,0.0973558330006199,0.00040828095319570717,"[0.097017, 0.096421, 0.096594, 0.096297, 0.097057, 0.097356, 0.097191, 0.096231, 0.096831]",0.014326078999147285,0.012656457555446346,0.009784619000129169,0.014564727998731541,0.002189172166700044,"[0.014515, 0.014565, 0.014439, 0.014452, 0.014326, 0.011506, 0.010273, 0.010048, 0.009785]",6.759075041218242,6.607157442840521,9.949884916248111,43,optimal,nan,3.385162353515625,2.348552703857422,189.95102076593204,189.9510207564076,5.014164099901363e-11,3.0104999916735764e-05,2.1615974719842405e-05,1.0,1.0,0.19095477386934673,0.3206751054852321,9,2,1e-07,1e-05,1000,200.0,200.0,200.0,0.0,200.0,1.0,16.0,1.2345679012345678,1.2888084739116434,1.0
primary,x86_64,none,0.3.0,2.4.4,32,8,one_giant,200,1000,0.05,0,0.99,1,[200],powerlaw,1,0,0,1,0,[200],0.07033266500002355,0.07040416744449532,0.06945405599981314,0.07140955500108248,0.0006532631948563701,"[0.069763, 0.069454, 0.070333, 0.070106, 0.071121, 0.07141, 0.070372, 0.070069, 0.071011]",0.07283432599979278,0.07281730811114863,0.07250900300095964,0.07313471599991317,0.0002236408034956032,"[0.072599, 0.072982, 0.072957, 0.073046, 0.072638, 0.072834, 0.072509, 0.072656, 0.073135]",0.965652719848381,0.9496728749161424,0.9848370829224806,31,optimal,nan,3.385162353515625,5.829800605773926,178.94226733125342,178.94226733125342,0.0,0.0,0.0,1.0,0.08844580777096114,0.8693467336683417,0.1605568445475638,9,2,1e-07,1e-05,1000,200.0,200.0,200.0,0.0,200.0,200.0,200.0,200.0,0.0,200.0
primary,x86_64,none,0.3.0,2.4.4,32,8,one_giant,200,1000,0.1,0,0.99,1,[200],powerlaw,1,0,0,30,12,"[144, 6, 4, 3, 3, 3, 3, 2, 2, 2, 2, 2, 2, 2, 2, 2, 2, 2, 1, 1, 1, 1, 1, 1, 1, 1, 1, 1, 1, 1]",0.08844982399932633,0.08859836911101916,0.08795471499979612,0.08947565900052723,0.0005041407113476089,"[0.088286, 0.088127, 0.087955, 0.088966, 0.08845, 0.089476, 0.089178, 0.088527, 0.088421]",0.06282649300010235,0.0628272845557755,0.062408560001131264,0.06324680100078695,0.0002780466447078909,"[0.062644, 0.062826, 0.062638, 0.062629, 0.062409, 0.062935, 0.062919, 0.063199, 0.063247]",1.4078427710294483,1.3906587148763738,1.433708116304964,39,optimal,nan,3.385162353515625,3.4817047119140625,182.8121498203364,182.8121496785812,7.754145914245581e-10,9.155548435103855e-05,6.453945592871717e-05,1.0,0.7929292929292929,0.7889447236180904,0.7909319899244331,9,2,1e-07,1e-05,1000,200.0,200.0,200.0,0.0,200.0,1.0,144.0,6.666666666666667,25.52558629210219,2.0
primary,x86_64,none,0.3.0,2.4.4,32,8,one_giant,200,1000,0.15,0,0.99,1,[200],powerlaw,1,0,0,60,31,"[52, 12, 10, 9, 8, 6, 6, 6, 5, 5, 4, 4, 4, 3, 3, 3, 3, 3, 3, 2, 2, 2, 2, 2, 2, 2, 2, 2, 2, 1, 1, 1, 1, 1, 1, 1, 1, 1, 1, 1, 1, 1, 1, 1, 1, 1, 1, 1, 1, 1, 1, 1, 1, 1, 1, 1, 1, 1, 1, 1]",0.08945310099989001,0.08949703100006445,0.0890672249988711,0.08991971300019941,0.00030051246716334513,"[0.089541, 0.089872, 0.0893, 0.08992, 0.089155, 0.089453, 0.089067, 0.089434, 0.089731]",0.022547010999915074,0.023775876666857383,0.021953355999357882,0.03040462700118951,0.0028355703724068123,"[0.030405, 0.026463, 0.023018, 0.022717, 0.022547, 0.022462, 0.022225, 0.021953, 0.022193]",3.9674039720931056,2.929397061683623,4.095943827578321,40,optimal,nan,3.385162353515625,2.3828649520874023,185.33211984197973,185.332119780279,3.329198732442655e-10,7.560664222383551e-05,5.3296767651528416e-05,1.0,0.971830985915493,0.6934673366834171,0.8093841642228738,9,2,1e-07,1e-05,1000,200.0,200.0,200.0,0.0,200.0,1.0,52.0,3.3333333333333335,6.779052703405952,1.0
primary,x86_64,none,0.3.0,2.4.4,32,8,one_giant,200,1000,0.2,0,0.99,1,[200],powerlaw,1,0,0,82,48,"[19, 18, 12, 8, 8, 6, 6, 4, 4, 4, 4, 3, 3, 3, 3, 3, 3, 3, 3, 3, 3, 3, 3, 3, 2, 2, 2, 2, 2, 2, 2, 2, 2, 2, 1, 1, 1, 1, 1, 1, 1, 1, 1, 1, 1, 1, 1, 1, 1, 1, 1, 1, 1, 1, 1, 1, 1, 1, 1, 1, 1, 1, 1, 1, 1, 1, 1, 1, 1, 1, 1, 1, 1, 1, 1, 1, 1, 1, 1, 1, 1, 1]",0.09158907100027136,0.09147944277820999,0.0906974010013073,0.09218985000006796,0.0005452818771106656,"[0.092051, 0.091589, 0.09172, 0.090973, 0.09219, 0.090697, 0.091259, 0.090892, 0.091944]",0.0175187549994007,0.019372145222102215,0.01670900899989647,0.02556871399974625,0.003638835069917255,"[0.025569, 0.025566, 0.019764, 0.018286, 0.017519, 0.017248, 0.016919, 0.01677, 0.016709]",5.228058215518428,3.5472022958294813,5.517373890973378,41,optimal,nan,3.385162353515625,2.348696708679199,187.17167015508122,187.17166986567312,1.5462173945343258e-09,0.00015934705618392275,0.00011232720455482445,1.0,1.0,0.592964824120603,0.7444794952681387,9,2,1e-07,1e-05,1000,200.0,200.0,200.0,0.0,200.0,1.0,19.0,2.4390243902439024,3.143314861174153,1.0
primary,x86_64,none,0.3.0,2.4.4,32,8,one_giant,200,1000,0.25,0,0.99,1,[200],powerlaw,1,0,0,106,71,"[19, 18, 6, 6, 4, 4, 4, 3, 3, 3, 3, 3, 3, 3, 3, 3, 3, 3, 3, 2, 2, 2, 2, 2, 2, 2, 2, 2, 2, 2, 2, 2, 2, 2, 2, 1, 1, 1, 1, 1, 1, 1, 1, 1, 1, 1, 1, 1, 1, 1, 1, 1, 1, 1, 1, 1, 1, 1, 1, 1, 1, 1, 1, 1, 1, 1, 1, 1, 1, 1, 1, 1, 1, 1, 1, 1, 1, 1, 1, 1, 1, 1, 1, 1, 1, 1, 1, 1, 1, 1, 1, 1, 1, 1, 1, 1, 1, 1, 1, 1, 1, 1, 1, 1, 1, 1]",0.09019517000160704,0.0901803943335027,0.08960863900028926,0.09090043200012587,0.0003992858625610316,"[0.090447, 0.090195, 0.090112, 0.0909, 0.089734, 0.090445, 0.089609, 0.090277, 0.089904]",0.016833677000249736,0.018641685777765815,0.015781721000166726,0.024388527999690268,0.003515983616291491,"[0.024374, 0.024389, 0.020213, 0.017567, 0.016834, 0.016489, 0.016145, 0.015982, 0.015782]",5.3580195224292915,3.674212687269493,5.759855468181547,40,optimal,nan,3.385162353515625,2.3514766693115234,188.47438507317727,188.47438472681935,1.8376922771986552e-09,0.00018075819392482373,0.00012742038202275137,1.0,1.0,0.4723618090452261,0.6416382252559727,9,2,1e-07,1e-05,1000,200.0,200.0,200.0,0.0,200.0,1.0,19.0,1.8867924528301887,2.515314432187997,1.0
primary,x86_64,none,0.3.0,2.4.4,32,8,one_giant,200,1000,0.3,0,0.99,1,[200],powerlaw,1,0,0,127,98,"[19, 6, 6, 6, 5, 4, 3, 3, 3, 3, 3, 3, 3, 3, 3, 3, 2, 2, 2, 2, 2, 2, 2, 2, 2, 2, 2, 2, 2, 1, 1, 1, 1, 1, 1, 1, 1, 1, 1, 1, 1, 1, 1, 1, 1, 1, 1, 1, 1, 1, 1, 1, 1, 1, 1, 1, 1, 1, 1, 1, 1, 1, 1, 1, 1, 1, 1, 1, 1, 1, 1, 1, 1, 1, 1, 1, 1, 1, 1, 1, 1, 1, 1, 1, 1, 1, 1, 1, 1, 1, 1, 1, 1, 1, 1, 1, 1, 1, 1, 1, 1, 1, 1, 1, 1, 1, 1, 1, 1, 1, 1, 1, 1, 1, 1, 1, 1, 1, 1, 1, 1, 1, 1, 1, 1, 1, 1]",0.08634709999932966,0.08619024233323419,0.08560265600135608,0.08654775400100334,0.00034407452655403826,"[0.086118, 0.086395, 0.086347, 0.085603, 0.086046, 0.086548, 0.086452, 0.086488, 0.085717]",0.01506221099953109,0.016875233111325844,0.013998382000863785,0.021555608000198845,0.003358220392040623,"[0.021353, 0.021556, 0.020976, 0.015758, 0.015062, 0.014641, 0.014403, 0.01413, 0.013998]",5.732697543675213,3.9712475751352696,6.182696971383037,38,optimal,nan,3.385162353515625,2.349405288696289,189.3735152079269,189.37351476247622,2.352233333725757e-09,0.00021035354202225687,0.00014828279060717864,1.0,1.0,0.36683417085427134,0.5367647058823529,9,2,1e-07,1e-05,1000,200.0,200.0,200.0,0.0,200.0,1.0,19.0,1.5748031496062993,1.8508124840225437,1.0
primary,x86_64,none,0.3.0,2.4.4,32,8,one_giant,200,1000,0.35,0,0.99,1,[200],powerlaw,1,0,0,144,124,"[19, 6, 6, 5, 4, 3, 3, 3, 3, 3, 3, 2, 2, 2, 2, 2, 2, 2, 2, 2, 1, 1, 1, 1, 1, 1, 1, 1, 1, 1, 1, 1, 1, 1, 1, 1, 1, 1, 1, 1, 1, 1, 1, 1, 1, 1, 1, 1, 1, 1, 1, 1, 1, 1, 1, 1, 1, 1, 1, 1, 1, 1, 1, 1, 1, 1, 1, 1, 1, 1, 1, 1, 1, 1, 1, 1, 1, 1, 1, 1, 1, 1, 1, 1, 1, 1, 1, 1, 1, 1, 1, 1, 1, 1, 1, 1, 1, 1, 1, 1, 1, 1, 1, 1, 1, 1, 1, 1, 1, 1, 1, 1, 1, 1, 1, 1, 1, 1, 1, 1, 1, 1, 1, 1, 1, 1, 1, 1, 1, 1, 1, 1, 1, 1, 1, 1, 1, 1, 1, 1, 1, 1, 1, 1]",0.0861381340000662,0.08610567977807983,0.08562284099934914,0.08669260600072448,0.0003569479474846659,"[0.0862, 0.086138, 0.08648, 0.085845, 0.086341, 0.085623, 0.085813, 0.085819, 0.086693]",0.013617255001008743,0.014283204000093974,0.011367303999577416,0.017141189999165363,0.002675824221868007,"[0.016894, 0.017141, 0.017046, 0.017002, 0.013617, 0.012178, 0.011782, 0.01152, 0.011367]",6.325660641126661,4.995151503688967,7.626487864136238,38,optimal,nan,3.385162353515625,2.3493518829345703,189.98684871392493,189.98684844058218,1.4387456351549404e-09,0.0001663882571381614,0.00011729070428607355,1.0,1.0,0.2814070351758794,0.43921568627450985,9,2,1e-07,1e-05,1000,200.0,200.0,200.0,0.0,200.0,1.0,19.0,1.3888888888888888,1.6878286145514787,1.0
primary,x86_64,none,0.3.0,2.4.4,32,8,one_giant,200,1000,0.4,0,0.99,1,[200],powerlaw,1,0,0,160,148,"[19, 5, 4, 4, 3, 3, 3, 3, 2, 2, 2, 2, 1, 1, 1, 1, 1, 1, 1, 1, 1, 1, 1, 1, 1, 1, 1, 1, 1, 1, 1, 1, 1, 1, 1, 1, 1, 1, 1, 1, 1, 1, 1, 1, 1, 1, 1, 1, 1, 1, 1, 1, 1, 1, 1, 1, 1, 1, 1, 1, 1, 1, 1, 1, 1, 1, 1, 1, 1, 1, 1, 1, 1, 1, 1, 1, 1, 1, 1, 1, 1, 1, 1, 1, 1, 1, 1, 1, 1, 1, 1, 1, 1, 1, 1, 1, 1, 1, 1, 1, 1, 1, 1, 1, 1, 1, 1, 1, 1, 1, 1, 1, 1, 1, 1, 1, 1, 1, 1, 1, 1, 1, 1, 1, 1, 1, 1, 1, 1, 1, 1, 1, 1, 1, 1, 1, 1, 1, 1, 1, 1, 1, 1, 1, 1, 1, 1, 1, 1, 1, 1, 1, 1, 1, 1, 1, 1, 1, 1, 1]",0.08370414799901482,0.08372815855545923,0.08333252000011271,0.08419331999903079,0.0002704695617636716,"[0.083333, 0.083584, 0.084193, 0.083616, 0.083704, 0.083437, 0.083953, 0.083915, 0.083817]",0.014349826000398025,0.012693528556054743,0.009821426001508371,0.014466182001342531,0.0021264153754380127,"[0.014466, 0.014465, 0.014459, 0.01435, 0.014381, 0.011843, 0.010397, 0.010059, 0.009821]",5.833112401271841,5.760505432074548,8.57241300663472,37,optimal,nan,3.385162353515625,2.349407196044922,190.3997593567608,190.3997591916013,8.674353999945029e-10,0.00012964626499878396,9.139047650407249e-05,1.0,1.0,0.20100502512562815,0.3347280334728034,9,2,1e-07,1e-05,1000,200.0,200.0,200.0,0.0,200.0,1.0,19.0,1.25,1.51657508881031,1.0
primary,x86_64,none,0.3.0,2.4.4,32,8,one_giant,200,2000,0.05,0,0.99,1,[200],powerlaw,1,0,0,2,1,"[199, 1]",0.077647682001043,0.07756074433362098,0.07692936000057671,0.07805374099916662,0.00032338562634211357,"[0.077648, 0.077822, 0.077426, 0.077402, 0.076929, 0.077682, 0.077715, 0.077369, 0.078054]",0.07862721199853695,0.07914316411127705,0.07792907400107651,0.08064207600000373,0.001091547574948106,"[0.080555, 0.08038, 0.080642, 0.07905, 0.078481, 0.078627, 0.077929, 0.078622, 0.078002]",0.9875420993241859,0.9539605602486368,1.0015997495118238,34,optimal,nan,3.385162353515625,5.7811279296875,179.34375284337563,179.34375284748666,2.292262581591899e-11,1.852963273506203e-06,1.4311520715641242e-06,1.0,0.2893401015228426,0.8592964824120602,0.4329113924050632,9,2,1e-07,1e-05,1000,200.0,200.0,200.0,0.0,200.0,1.0,199.0,100.0,99.0,100.0
primary,x86_64,none,0.3.0,2.4.4,32,8,one_giant,200,2000,0.1,0,0.99,1,[200],powerlaw,1,0,0,43,14,"[55, 30, 12, 8, 8, 8, 6, 5, 5, 4, 4, 3, 3, 3, 3, 3, 2, 2, 2, 2, 2, 2, 2, 2, 2, 2, 2, 2, 2, 1, 1, 1, 1, 1, 1, 1, 1, 1, 1, 1, 1, 1, 1]",0.0839855410013115,0.08404978800010415,0.08357235800031049,0.08448777299963695,0.00031018015725019904,"[0.083986, 0.083701, 0.084222, 0.084488, 0.084417, 0.08388, 0.083572, 0.084209, 0.083975]",0.022776162999434746,0.023856614555673634,0.022037656000975403,0.030599346000599326,0.0029175125369004834,"[0.030599, 0.02672, 0.02322, 0.022833, 0.022776, 0.022209, 0.022096, 0.022038, 0.022218]",3.6874315047444925,2.73118118271788,3.83379126146163,37,optimal,nan,3.385162353515625,2.400920867919922,182.76019229746626,182.76019108676664,6.624525872478862e-09,0.0004354758752393023,0.00033637884365793884,1.0,0.9451219512195121,0.7788944723618091,0.8539944903581267,9,2,1e-07,1e-05,1000,200.0,200.0,200.0,0.0,200.0,1.0,55.0,4.651162790697675,9.098642170433575,2.0
primary,x86_64,none,0.3.0,2.4.4,32,8,one_giant,200,2000,0.15,0,0.99,1,[200],powerlaw,1,0,0,58,28,"[37, 14, 12, 12, 9, 8, 8, 6, 6, 6, 5, 4, 4, 3, 3, 3, 3, 3, 3, 3, 2, 2, 2, 2, 2, 2, 2, 2, 2, 2, 1, 1, 1, 1, 1, 1, 1, 1, 1, 1, 1, 1, 1, 1, 1, 1, 1, 1, 1, 1, 1, 1, 1, 1, 1, 1, 1, 1]",0.08831328599990229,0.08829613544427654,0.08759496299899183,0.08886657199946058,0.0004069348920086608,"[0.0882, 0.088867, 0.087595, 0.088813, 0.088478, 0.088413, 0.088313, 0.087994, 0.087992]",0.02031011999861221,0.021903357888934098,0.01998004799861519,0.028468126000007032,0.003159426159688711,"[0.028468, 0.026267, 0.020975, 0.020563, 0.020251, 0.02031, 0.020181, 0.020136, 0.01998]",4.3482404833618284,3.0769486898775913,4.447765691334669,39,optimal,nan,3.385162353515625,2.3781042098999023,185.29758949789732,185.2975890885336,2.2092230583560153e-09,0.00019181194589520945,0.00014816316775435987,1.0,0.993006993006993,0.7135678391959799,0.8304093567251462,9,2,1e-07,1e-05,1000,200.0,200.0,200.0,0.0,200.0,1.0,37.0,3.4482758620689653,5.363260761222191,2.0
primary,x86_64,none,0.3.0,2.4.4,32,8,one_giant,200,2000,0.2,0,0.99,1,[200],powerlaw,1,0,0,78,47,"[37, 12, 9, 8, 6, 6, 6, 5, 4, 4, 4, 4, 3, 3, 3, 3, 3, 3, 3, 3, 3, 3, 2, 2, 2, 2, 2, 2, 2, 2, 2, 1, 1, 1, 1, 1, 1, 1, 1, 1, 1, 1, 1, 1, 1, 1, 1, 1, 1, 1, 1, 1, 1, 1, 1, 1, 1, 1, 1, 1, 1, 1, 1, 1, 1, 1, 1, 1, 1, 1, 1, 1, 1, 1, 1, 1, 1, 1]",0.0895195920002152,0.08961945811097394,0.08907316399927367,0.09007881499928772,0.0003561979992974866,"[0.08932, 0.090056, 0.08952, 0.090079, 0.089073, 0.089927, 0.089421, 0.089789, 0.08939]",0.020240069999999832,0.021757714999694144,0.019803139000941883,0.02786734700021043,0.003131988043781692,"[0.027867, 0.026533, 0.021098, 0.020593, 0.02024, 0.020011, 0.019803, 0.019822, 0.019852]",4.422889446539263,3.1963273719095353,4.548713968780573,40,optimal,nan,3.385162353515625,2.3784618377685547,187.1412081948494,187.14120767907136,2.75609022677412e-09,0.00021690996897064108,0.0001675498830022009,1.0,0.991869918699187,0.6130653266331658,0.7577639751552794,9,2,1e-07,1e-05,1000,200.0,200.0,200.0,0.0,200.0,1.0,37.0,2.5641025641025643,4.407423061241416,1.0
primary,x86_64,none,0.3.0,2.4.4,32,8,one_giant,200,2000,0.25,0,0.99,1,[200],powerlaw,1,0,0,110,74,"[19, 6, 6, 6, 6, 5, 4, 4, 3, 3, 3, 3, 3, 3, 3, 3, 3, 3, 3, 3, 3, 3, 2, 2, 2, 2, 2, 2, 2, 2, 2, 2, 2, 2, 2, 2, 1, 1, 1, 1, 1, 1, 1, 1, 1, 1, 1, 1, 1, 1, 1, 1, 1, 1, 1, 1, 1, 1, 1, 1, 1, 1, 1, 1, 1, 1, 1, 1, 1, 1, 1, 1, 1, 1, 1, 1, 1, 1, 1, 1, 1, 1, 1, 1, 1, 1, 1, 1, 1, 1, 1, 1, 1, 1, 1, 1, 1, 1, 1, 1, 1, 1, 1, 1, 1, 1, 1, 1, 1, 1]",0.09000876400023117,0.090092799667117,0.08974874400155386,0.09068671900058689,0.00029500278345958144,"[0.090287, 0.090221, 0.090244, 0.089749, 0.089881, 0.090009, 0.090687, 0.089829, 0.089929]",0.016819429998577107,0.018781129333243978,0.01607736100049806,0.024940629000411718,0.003687920159438883,"[0.024924, 0.024941, 0.019911, 0.017616, 0.016819, 0.01647, 0.016156, 0.016077, 0.016115]",5.3514752882734875,3.5984956113204802,5.640647056303427,40,optimal,nan,3.385162353515625,2.3491296768188477,188.4367878329882,188.43678698682163,4.490453095691318e-09,0.00028719667893478684,0.0002218421333831189,1.0,1.0,0.45226130653266333,0.6228373702422145,9,2,1e-07,1e-05,1000,200.0,200.0,200.0,0.0,200.0,1.0,19.0,1.8181818181818181,2.032382471976349,1.0
primary,x86_64,none,0.3.0,2.4.4,32,8,one_giant,200,2000,0.3,0,0.99,1,[200],powerlaw,1,0,0,129,100,"[19, 6, 6, 6, 5, 4, 3, 3, 3, 3, 3, 3, 3, 3, 2, 2, 2, 2, 2, 2, 2, 2, 2, 2, 2, 2, 2, 2, 2, 1, 1, 1, 1, 1, 1, 1, 1, 1, 1, 1, 1, 1, 1, 1, 1, 1, 1, 1, 1, 1, 1, 1, 1, 1, 1, 1, 1, 1, 1, 1, 1, 1, 1, 1, 1, 1, 1, 1, 1, 1, 1, 1, 1, 1, 1, 1, 1, 1, 1, 1, 1, 1, 1, 1, 1, 1, 1, 1, 1, 1, 1, 1, 1, 1, 1, 1, 1, 1, 1, 1, 1, 1, 1, 1, 1, 1, 1, 1, 1, 1, 1, 1, 1, 1, 1, 1, 1, 1, 1, 1, 1, 1, 1, 1, 1, 1, 1, 1, 1]",0.08811856799911766,0.08806078544431431,0.08750472900101158,0.08846407499913767,0.0003101036576092675,"[0.088224, 0.088332, 0.087819, 0.088119, 0.088306, 0.087799, 0.087978, 0.087505, 0.088464]",0.014587286999812932,0.016253478888756945,0.0133251779989223,0.020465658000830445,0.003219110731595118,"[0.020431, 0.02036, 0.020466, 0.015933, 0.014587, 0.014071, 0.013717, 0.013392, 0.013325]",6.040778384647378,4.275686078476483,6.638866288037006,39,optimal,nan,3.385162353515625,2.3508663177490234,189.33261766270562,189.33261688889812,4.08702689165139e-09,0.000278152079301236,0.00021485572498122942,1.0,1.0,0.35678391959798994,0.5259259259259259,9,2,1e-07,1e-05,1000,200.0,200.0,200.0,0.0,200.0,1.0,19.0,1.550387596899225,1.8298186478110805,1.0
primary,x86_64,none,0.3.0,2.4.4,32,8,one_giant,200,2000,0.35,0,0.99,1,[200],powerlaw,1,0,0,141,119,"[19, 6, 6, 5, 4, 4, 3, 3, 3, 3, 3, 2, 2, 2, 2, 2, 2, 2, 2, 2, 2, 2, 1, 1, 1, 1, 1, 1, 1, 1, 1, 1, 1, 1, 1, 1, 1, 1, 1, 1, 1, 1, 1, 1, 1, 1, 1, 1, 1, 1, 1, 1, 1, 1, 1, 1, 1, 1, 1, 1, 1, 1, 1, 1, 1, 1, 1, 1, 1, 1, 1, 1, 1, 1, 1, 1, 1, 1, 1, 1, 1, 1, 1, 1, 1, 1, 1, 1, 1, 1, 1, 1, 1, 1, 1, 1, 1, 1, 1, 1, 1, 1, 1, 1, 1, 1, 1, 1, 1, 1, 1, 1, 1, 1, 1, 1, 1, 1, 1, 1, 1, 1, 1, 1, 1, 1, 1, 1, 1, 1, 1, 1, 1, 1, 1, 1, 1, 1, 1, 1, 1]",0.08580450099907466,0.08578207433351458,0.08526664999953937,0.08645752099982928,0.0004183426955616887,"[0.086137, 0.085805, 0.085365, 0.085661, 0.086112, 0.085267, 0.086458, 0.085301, 0.085934]",0.01273508400117862,0.014392436889061678,0.011363741001332528,0.01770160100022622,0.0029383926075899278,"[0.017691, 0.017702, 0.017324, 0.017113, 0.012735, 0.012159, 0.011925, 0.011519, 0.011364]",6.737647037988405,4.816889161519892,7.608191790862811,38,optimal,nan,3.385162353515625,2.3497323989868164,189.9439256736863,189.94392509869388,3.0271692593203764e-09,0.00023974990730618595,0.00018519236047188234,1.0,1.0,0.2964824120603015,0.4573643410852713,9,2,1e-07,1e-05,1000,200.0,200.0,200.0,0.0,200.0,1.0,19.0,1.4184397163120568,1.7141713394867064,1.0
primary,x86_64,none,0.3.0,2.4.4,32,8,one_giant,200,2000,0.4,0,0.99,1,[200],powerlaw,1,0,0,160,147,"[19, 5, 4, 4, 3, 3, 3, 2, 2, 2, 2, 2, 2, 1, 1, 1, 1, 1, 1, 1, 1, 1, 1, 1, 1, 1, 1, 1, 1, 1, 1, 1, 1, 1, 1, 1, 1, 1, 1, 1, 1, 1, 1, 1, 1, 1, 1, 1, 1, 1, 1, 1, 1, 1, 1, 1, 1, 1, 1, 1, 1, 1, 1, 1, 1, 1, 1, 1, 1, 1, 1, 1, 1, 1, 1, 1, 1, 1, 1, 1, 1, 1, 1, 1, 1, 1, 1, 1, 1, 1, 1, 1, 1, 1, 1, 1, 1, 1, 1, 1, 1, 1, 1, 1, 1, 1, 1, 1, 1, 1, 1, 1, 1, 1, 1, 1, 1, 1, 1, 1, 1, 1, 1, 1, 1, 1, 1, 1, 1, 1, 1, 1, 1, 1, 1, 1, 1, 1, 1, 1, 1, 1, 1, 1, 1, 1, 1, 1, 1, 1, 1, 1, 1, 1, 1, 1, 1, 1, 1, 1]",0.08355573600056232,0.08353858655573276,0.0830107620004128,0.08403422199990018,0.00032300523821538103,"[0.08324, 0.083266, 0.083556, 0.084034, 0.083011, 0.083825, 0.083595, 0.083534, 0.083786]",0.014771321000807802,0.012960409222311378,0.010077884999191156,0.014833060999080772,0.0022259692154662173,"[0.014833, 0.014819, 0.014809, 0.014815, 0.014771, 0.011512, 0.01067, 0.010336, 0.010078]",5.656619065823083,5.596333892617114,8.338477965033805,37,optimal,nan,3.385162353515625,2.350177764892578,190.34822522368808,190.34822490730764,1.662113929058353e-09,0.00017892688090986875,0.0001382102366440911,1.0,1.0,0.20100502512562815,0.3347280334728034,9,2,1e-07,1e-05,1000,200.0,200.0,200.0,0.0,200.0,1.0,19.0,1.25,1.5124483462254175,1.0
primary,x86_64,none,0.3.0,2.4.4,32,8,one_giant,400,800,0.05,0,0.995,1,[400],powerlaw,1,0,0,2,1,"[399, 1]",0.2333134919990698,0.2322699784443911,0.2253692019985465,0.23432389200024772,0.0027363483337365497,"[0.232158, 0.233313, 0.234324, 0.233486, 0.233831, 0.23321, 0.231334, 0.225369, 0.233404]",0.24493962999986252,0.24533658722207796,0.24387105099958717,0.24852649300009944,0.001497930763865527,"[0.245286, 0.245676, 0.244786, 0.244076, 0.248526, 0.246746, 0.244122, 0.243871, 0.24494]",0.9525346796645392,0.9068216401317678,0.9608516100611072,29,optimal,nan,13.45904541015625,23.13200092315674,154.6200651574229,154.62006505298478,6.754500403911805e-10,0.0009599950964616077,0.0004508424545161612,1.0,0.2201352366641623,0.7343358395989975,0.33872832369942196,9,2,1e-07,1e-05,1000,400.0,400.0,400.0,0.0,400.0,1.0,399.0,200.0,199.0,200.0
primary,x86_64,none,0.3.0,2.4.4,32,8,one_giant,400,800,0.1,0,0.995,1,[400],powerlaw,1,0,0,190,133,"[114, 8, 8, 8, 5, 5, 5, 4, 4, 3, 3, 3, 3, 3, 3, 3, 3, 3, 3, 2, 2, 2, 2, 2, 2, 2, 2, 2, 2, 2, 2, 2, 2, 2, 2, 2, 2, 2, 2, 2, 2, 2, 2, 2, 2, 2, 2, 2, 2, 2, 2, 2, 2, 2, 2, 2, 2, 1, 1, 1, 1, 1, 1, 1, 1, 1, 1, 1, 1, 1, 1, 1, 1, 1, 1, 1, 1, 1, 1, 1, 1, 1, 1, 1, 1, 1, 1, 1, 1, 1, 1, 1, 1, 1, 1, 1, 1, 1, 1, 1, 1, 1, 1, 1, 1, 1, 1, 1, 1, 1, 1, 1, 1, 1, 1, 1, 1, 1, 1, 1, 1, 1, 1, 1, 1, 1, 1, 1, 1, 1, 1, 1, 1, 1, 1, 1, 1, 1, 1, 1, 1, 1, 1, 1, 1, 1, 1, 1, 1, 1, 1, 1, 1, 1, 1, 1, 1, 1, 1, 1, 1, 1, 1, 1, 1, 1, 1, 1, 1, 1, 1, 1, 1, 1, 1, 1, 1, 1, 1, 1, 1, 1, 1, 1, 1, 1, 1, 1, 1, 1]",0.21002560099987022,0.21004565255538588,0.20882404300027702,0.21103600000060396,0.0008139400074455304,"[0.210227, 0.209801, 0.208824, 0.211036, 0.209724, 0.21091, 0.210026, 0.210895, 0.208968]",0.06421564899937948,0.0641764680001668,0.06313757200041437,0.06535902900031942,0.000752183056280686,"[0.064894, 0.063671, 0.063138, 0.063499, 0.065359, 0.064774, 0.064473, 0.063566, 0.064216]",3.2706295781873935,3.195029763971194,3.3424788650285593,26,optimal,nan,13.45904541015625,9.088395118713379,158.77897853550917,158.77889198524028,5.450990407413397e-07,0.0038806793272767592,0.001834955990399786,0.9999875,0.8691588785046729,0.46616541353383456,0.6068515497553016,9,2,1e-07,1e-05,1000,400.0,400.0,400.0,0.0,400.0,1.0,114.0,2.1052631578947367,8.21676551065343,1.0
primary,x86_64,none,0.3.0,2.4.4,32,8,one_giant,400,800,0.15,0,0.995,1,[400],powerlaw,1,0,0,326,315,"[33, 29, 5, 3, 3, 2, 2, 2, 2, 2, 2, 1, 1, 1, 1, 1, 1, 1, 1, 1, 1, 1, 1, 1, 1, 1, 1, 1, 1, 1, 1, 1, 1, 1, 1, 1, 1, 1, 1, 1, 1, 1, 1, 1, 1, 1, 1, 1, 1, 1, 1, 1, 1, 1, 1, 1, 1, 1, 1, 1, 1, 1, 1, 1, 1, 1, 1, 1, 1, 1, 1, 1, 1, 1, 1, 1, 1, 1, 1, 1, 1, 1, 1, 1, 1, 1, 1, 1, 1, 1, 1, 1, 1, 1, 1, 1, 1, 1, 1, 1, 1, 1, 1, 1, 1, 1, 1, 1, 1, 1, 1, 1, 1, 1, 1, 1, 1, 1, 1, 1, 1, 1, 1, 1, 1, 1, 1, 1, 1, 1, 1, 1, 1, 1, 1, 1, 1, 1, 1, 1, 1, 1, 1, 1, 1, 1, 1, 1, 1, 1, 1, 1, 1, 1, 1, 1, 1, 1, 1, 1, 1, 1, 1, 1, 1, 1, 1, 1, 1, 1, 1, 1, 1, 1, 1, 1, 1, 1, 1, 1, 1, 1, 1, 1, 1, 1, 1, 1, 1, 1, 1, 1, 1, 1, 1, 1, 1, 1, 1, 1]",0.20180348100075207,0.2021793306664929,0.2011112790005427,0.20449392500086105,0.0011489525377461885,"[0.203218, 0.201368, 0.201111, 0.204494, 0.201169, 0.202752, 0.201803, 0.202405, 0.201293]",0.017696852000881336,0.01937122288877112,0.017314537999482127,0.025157906999083934,0.003273081734759823,"[0.02504, 0.025158, 0.018554, 0.018206, 0.017697, 0.017595, 0.017398, 0.017315, 0.017379]",11.403354731717364,7.993959076479045,11.810533148905122,25,optimal,nan,13.45904541015625,8.865913391113281,160.546541301312,160.5464410776964,6.242651807125191e-07,0.004746751339535393,0.0022453924834625184,1.0,0.9594594594594594,0.17794486215538846,0.30021141649048627,9,2,1e-07,1e-05,1000,400.0,400.0,400.0,0.0,400.0,1.0,33.0,1.2269938650306749,2.363580037793175,1.0
primary,x86_64,none,0.3.0,2.4.4,32,8,one_giant,400,800,0.2,0,0.995,1,[400],powerlaw,1,0,0,343,341,"[31, 28, 1, 1, 1, 1, 1, 1, 1, 1, 1, 1, 1, 1, 1, 1, 1, 1, 1, 1, 1, 1, 1, 1, 1, 1, 1, 1, 1, 1, 1, 1, 1, 1, 1, 1, 1, 1, 1, 1, 1, 1, 1, 1, 1, 1, 1, 1, 1, 1, 1, 1, 1, 1, 1, 1, 1, 1, 1, 1, 1, 1, 1, 1, 1, 1, 1, 1, 1, 1, 1, 1, 1, 1, 1, 1, 1, 1, 1, 1, 1, 1, 1, 1, 1, 1, 1, 1, 1, 1, 1, 1, 1, 1, 1, 1, 1, 1, 1, 1, 1, 1, 1, 1, 1, 1, 1, 1, 1, 1, 1, 1, 1, 1, 1, 1, 1, 1, 1, 1, 1, 1, 1, 1, 1, 1, 1, 1, 1, 1, 1, 1, 1, 1, 1, 1, 1, 1, 1, 1, 1, 1, 1, 1, 1, 1, 1, 1, 1, 1, 1, 1, 1, 1, 1, 1, 1, 1, 1, 1, 1, 1, 1, 1, 1, 1, 1, 1, 1, 1, 1, 1, 1, 1, 1, 1, 1, 1, 1, 1, 1, 1, 1, 1, 1, 1, 1, 1, 1, 1, 1, 1, 1, 1, 1, 1, 1, 1, 1, 1]",0.20201601100052358,0.20229331344469553,0.2007574620001833,0.20445593200020085,0.0011465923123524491,"[0.202088, 0.201536, 0.200757, 0.202016, 0.204456, 0.203467, 0.203028, 0.201515, 0.201776]",0.014364074000695837,0.016198863444515155,0.013738362000367488,0.0201807049998024,0.0029661114558691614,"[0.020101, 0.020181, 0.02013, 0.014702, 0.014349, 0.014283, 0.014364, 0.013941, 0.013738]",14.063977322223302,9.94799051877271,14.88211855203203,25,optimal,nan,13.45904541015625,8.863839149475098,161.78862625733834,161.78853108851342,5.882293898814781e-07,0.0047467577357407365,0.0022453955159027544,1.0,1.0,0.14285714285714285,0.25,9,2,1e-07,1e-05,1000,400.0,400.0,400.0,0.0,400.0,1.0,31.0,1.1661807580174928,2.1729369739343496,1.0
primary,x86_64,none,0.3.0,2.4.4,32,8,one_giant,400,800,0.25,0,0.995,1,[400],powerlaw,1,0,0,343,341,"[31, 28, 1, 1, 1, 1, 1, 1, 1, 1, 1, 1, 1, 1, 1, 1, 1, 1, 1, 1, 1, 1, 1, 1, 1, 1, 1, 1, 1, 1, 1, 1, 1, 1, 1, 1, 1, 1, 1, 1, 1, 1, 1, 1, 1, 1, 1, 1, 1, 1, 1, 1, 1, 1, 1, 1, 1, 1, 1, 1, 1, 1, 1, 1, 1, 1, 1, 1, 1, 1, 1, 1, 1, 1, 1, 1, 1, 1, 1, 1, 1, 1, 1, 1, 1, 1, 1, 1, 1, 1, 1, 1, 1, 1, 1, 1, 1, 1, 1, 1, 1, 1, 1, 1, 1, 1, 1, 1, 1, 1, 1, 1, 1, 1, 1, 1, 1, 1, 1, 1, 1, 1, 1, 1, 1, 1, 1, 1, 1, 1, 1, 1, 1, 1, 1, 1, 1, 1, 1, 1, 1, 1, 1, 1, 1, 1, 1, 1, 1, 1, 1, 1, 1, 1, 1, 1, 1, 1, 1, 1, 1, 1, 1, 1, 1, 1, 1, 1, 1, 1, 1, 1, 1, 1, 1, 1, 1, 1, 1, 1, 1, 1, 1, 1, 1, 1, 1, 1, 1, 1, 1, 1, 1, 1, 1, 1, 1, 1, 1, 1]",0.20155058700038353,0.20158277588921514,0.2002409840006294,0.20331136700042407,0.0008787338626697061,"[0.20236, 0.201268, 0.201551, 0.201825, 0.200241, 0.203311, 0.201615, 0.200917, 0.201158]",0.014120675999947707,0.01605928833345792,0.013718176998736453,0.020316058000389603,0.003099915303511332,"[0.020227, 0.020316, 0.020004, 0.014407, 0.014121, 0.014083, 0.01387, 0.013788, 0.013718]",14.273437546554423,9.856291215391753,14.820581992720356,25,optimal,nan,13.45904541015625,8.863541603088379,162.85220638435723,162.85211344769445,5.706810171315358e-07,0.004746761337431682,0.0022453972234640356,1.0,1.0,0.14285714285714285,0.25,9,2,1e-07,1e-05,1000,400.0,400.0,400.0,0.0,400.0,1.0,31.0,1.1661807580174928,2.1729369739343496,1.0
primary,x86_64,none,0.3.0,2.4.4,32,8,one_giant,400,800,0.3,0,0.995,1,[400],powerlaw,1,0,0,343,341,"[31, 28, 1, 1, 1, 1, 1, 1, 1, 1, 1, 1, 1, 1, 1, 1, 1, 1, 1, 1, 1, 1, 1, 1, 1, 1, 1, 1, 1, 1, 1, 1, 1, 1, 1, 1, 1, 1, 1, 1, 1, 1, 1, 1, 1, 1, 1, 1, 1, 1, 1, 1, 1, 1, 1, 1, 1, 1, 1, 1, 1, 1, 1, 1, 1, 1, 1, 1, 1, 1, 1, 1, 1, 1, 1, 1, 1, 1, 1, 1, 1, 1, 1, 1, 1, 1, 1, 1, 1, 1, 1, 1, 1, 1, 1, 1, 1, 1, 1, 1, 1, 1, 1, 1, 1, 1, 1, 1, 1, 1, 1, 1, 1, 1, 1, 1, 1, 1, 1, 1, 1, 1, 1, 1, 1, 1, 1, 1, 1, 1, 1, 1, 1, 1, 1, 1, 1, 1, 1, 1, 1, 1, 1, 1, 1, 1, 1, 1, 1, 1, 1, 1, 1, 1, 1, 1, 1, 1, 1, 1, 1, 1, 1, 1, 1, 1, 1, 1, 1, 1, 1, 1, 1, 1, 1, 1, 1, 1, 1, 1, 1, 1, 1, 1, 1, 1, 1, 1, 1, 1, 1, 1, 1, 1, 1, 1, 1, 1, 1, 1]",0.21347830099875864,0.21262053644487525,0.2060398070007068,0.21868346799965366,0.004152648431120003,"[0.212968, 0.214838, 0.218683, 0.216141, 0.214188, 0.213478, 0.206993, 0.20604, 0.210255]",0.014897176000886247,0.01663302299978871,0.014746387998457067,0.020773172000190243,0.002711924724335327,"[0.020773, 0.0206, 0.01924, 0.014897, 0.014788, 0.014816, 0.014949, 0.014886, 0.014746]",14.330118741032436,9.91855297779366,14.829629331774994,25,optimal,nan,13.45904541015625,8.864402770996094,163.7553116675708,163.7552198741798,5.605521436735613e-07,0.004746763599952519,0.002245398296124919,1.0,1.0,0.14285714285714285,0.25,9,2,1e-07,1e-05,1000,400.0,400.0,400.0,0.0,400.0,1.0,31.0,1.1661807580174928,2.1729369739343496,1.0
primary,x86_64,none,0.3.0,2.4.4,32,8,one_giant,400,800,0.35,0,0.995,1,[400],powerlaw,1,0,0,343,341,"[31, 28, 1, 1, 1, 1, 1, 1, 1, 1, 1, 1, 1, 1, 1, 1, 1, 1, 1, 1, 1, 1, 1, 1, 1, 1, 1, 1, 1, 1, 1, 1, 1, 1, 1, 1, 1, 1, 1, 1, 1, 1, 1, 1, 1, 1, 1, 1, 1, 1, 1, 1, 1, 1, 1, 1, 1, 1, 1, 1, 1, 1, 1, 1, 1, 1, 1, 1, 1, 1, 1, 1, 1, 1, 1, 1, 1, 1, 1, 1, 1, 1, 1, 1, 1, 1, 1, 1, 1, 1, 1, 1, 1, 1, 1, 1, 1, 1, 1, 1, 1, 1, 1, 1, 1, 1, 1, 1, 1, 1, 1, 1, 1, 1, 1, 1, 1, 1, 1, 1, 1, 1, 1, 1, 1, 1, 1, 1, 1, 1, 1, 1, 1, 1, 1, 1, 1, 1, 1, 1, 1, 1, 1, 1, 1, 1, 1, 1, 1, 1, 1, 1, 1, 1, 1, 1, 1, 1, 1, 1, 1, 1, 1, 1, 1, 1, 1, 1, 1, 1, 1, 1, 1, 1, 1, 1, 1, 1, 1, 1, 1, 1, 1, 1, 1, 1, 1, 1, 1, 1, 1, 1, 1, 1, 1, 1, 1, 1, 1, 1]",0.19895987800009607,0.19911739488897082,0.1917825910004467,0.2047325789990282,0.004961653412549834,"[0.200845, 0.19896, 0.198857, 0.191783, 0.192259, 0.196132, 0.204733, 0.204286, 0.204203]",0.014313018999018823,0.0161554605557386,0.013887962999433512,0.020212762001392548,0.0030169940017732125,"[0.020168, 0.020213, 0.020117, 0.014669, 0.014313, 0.014108, 0.014027, 0.013897, 0.013888]",13.900622783616443,9.488193201267295,14.741728431115435,25,optimal,nan,13.45904541015625,8.863731384277344,164.50464198194265,164.50455072251137,5.54752924823447e-07,0.004746764805537929,0.0022453988676928317,1.0,1.0,0.14285714285714285,0.25,9,2,1e-07,1e-05,1000,400.0,400.0,400.0,0.0,400.0,1.0,31.0,1.1661807580174928,2.1729369739343496,1.0
primary,x86_64,none,0.3.0,2.4.4,32,8,one_giant,400,800,0.4,0,0.995,1,[400],powerlaw,1,0,0,346,344,"[31, 25, 1, 1, 1, 1, 1, 1, 1, 1, 1, 1, 1, 1, 1, 1, 1, 1, 1, 1, 1, 1, 1, 1, 1, 1, 1, 1, 1, 1, 1, 1, 1, 1, 1, 1, 1, 1, 1, 1, 1, 1, 1, 1, 1, 1, 1, 1, 1, 1, 1, 1, 1, 1, 1, 1, 1, 1, 1, 1, 1, 1, 1, 1, 1, 1, 1, 1, 1, 1, 1, 1, 1, 1, 1, 1, 1, 1, 1, 1, 1, 1, 1, 1, 1, 1, 1, 1, 1, 1, 1, 1, 1, 1, 1, 1, 1, 1, 1, 1, 1, 1, 1, 1, 1, 1, 1, 1, 1, 1, 1, 1, 1, 1, 1, 1, 1, 1, 1, 1, 1, 1, 1, 1, 1, 1, 1, 1, 1, 1, 1, 1, 1, 1, 1, 1, 1, 1, 1, 1, 1, 1, 1, 1, 1, 1, 1, 1, 1, 1, 1, 1, 1, 1, 1, 1, 1, 1, 1, 1, 1, 1, 1, 1, 1, 1, 1, 1, 1, 1, 1, 1, 1, 1, 1, 1, 1, 1, 1, 1, 1, 1, 1, 1, 1, 1, 1, 1, 1, 1, 1, 1, 1, 1, 1, 1, 1, 1, 1, 1]",0.2550507699997979,0.2565581254443209,0.2331057219998911,0.28228646900060994,0.017622134226543074,"[0.233106, 0.282286, 0.274776, 0.24764, 0.245284, 0.27619, 0.255051, 0.237954, 0.256738]",0.0161391019992152,0.017674689666617067,0.015655867999157635,0.023265335999894887,0.0030964466614694704,"[0.022833, 0.023265, 0.017418, 0.015968, 0.01638, 0.016139, 0.015656, 0.015675, 0.015738]",15.803281372916556,10.019443604895466,18.03071340508226,25,optimal,nan,13.45904541015625,8.861343383789062,165.10840624285967,165.1083152370035,5.51188508496052e-07,0.004746765457906754,0.002245399176980822,0.9999875,1.0,0.13283208020050125,0.2345132743362832,9,2,1e-07,1e-05,1000,400.0,400.0,400.0,0.0,400.0,1.0,31.0,1.1560693641618498,2.0594995283629807,1.0
primary,x86_64,none,0.3.0,2.4.4,32,8,one_giant,400,2000,0.05,0,0.995,1,[400],powerlaw,1,0,0,53,18,"[282, 9, 8, 4, 4, 4, 3, 3, 3, 3, 3, 3, 3, 3, 3, 3, 3, 3, 3, 2, 2, 2, 2, 2, 2, 2, 2, 2, 2, 2, 2, 2, 2, 2, 2, 1, 1, 1, 1, 1, 1, 1, 1, 1, 1, 1, 1, 1, 1, 1, 1, 1, 1]",0.2763807929986797,0.27687181111064596,0.25828619099956995,0.3098629289997916,0.019265920024818098,"[0.259852, 0.258286, 0.258338, 0.258682, 0.276381, 0.294735, 0.309863, 0.290194, 0.285515]",0.17925291299980017,0.1793831215555757,0.17783289099861577,0.18074180000076012,0.000979595627020057,"[0.180742, 0.179253, 0.180661, 0.17843, 0.179544, 0.177833, 0.180073, 0.178991, 0.178922]",1.5418482655229586,1.429034075119777,1.7424387989182697,28,optimal,nan,13.45904541015625,13.413874626159668,155.3735103933351,155.37343896763358,4.597032102807857e-07,0.002815542012364336,0.0013767430404216577,1.0,0.7281795511221946,0.731829573934837,0.7299999999999999,9,2,1e-07,1e-05,1000,400.0,400.0,400.0,0.0,400.0,1.0,282.0,7.547169811320755,38.09054061631131,2.0
primary,x86_64,none,0.3.0,2.4.4,32,8,one_giant,400,2000,0.1,0,0.995,1,[400],powerlaw,1,0,0,211,144,"[46, 28, 9, 9, 8, 7, 6, 6, 5, 4, 4, 3, 3, 3, 3, 3, 3, 3, 3, 3, 3, 3, 3, 2, 2, 2, 2, 2, 2, 2, 2, 2, 2, 2, 2, 2, 2, 2, 2, 2, 2, 2, 2, 2, 2, 2, 2, 2, 2, 2, 2, 2, 2, 2, 2, 2, 2, 2, 2, 2, 2, 2, 2, 2, 2, 2, 2, 1, 1, 1, 1, 1, 1, 1, 1, 1, 1, 1, 1, 1, 1, 1, 1, 1, 1, 1, 1, 1, 1, 1, 1, 1, 1, 1, 1, 1, 1, 1, 1, 1, 1, 1, 1, 1, 1, 1, 1, 1, 1, 1, 1, 1, 1, 1, 1, 1, 1, 1, 1, 1, 1, 1, 1, 1, 1, 1, 1, 1, 1, 1, 1, 1, 1, 1, 1, 1, 1, 1, 1, 1, 1, 1, 1, 1, 1, 1, 1, 1, 1, 1, 1, 1, 1, 1, 1, 1, 1, 1, 1, 1, 1, 1, 1, 1, 1, 1, 1, 1, 1, 1, 1, 1, 1, 1, 1, 1, 1, 1, 1, 1, 1, 1, 1, 1, 1, 1, 1, 1, 1, 1, 1, 1, 1, 1, 1, 1, 1, 1, 1, 1]",0.25288155899943376,0.2526894784441538,0.2505615560003207,0.2558854520011664,0.001717927231258613,"[0.255885, 0.253541, 0.254171, 0.252882, 0.251022, 0.251585, 0.250562, 0.251391, 0.253167]",0.034135157000491745,0.034146107000399044,0.03288848200099892,0.03629131200068514,0.0010147156209691732,"[0.036291, 0.034488, 0.034238, 0.034652, 0.034135, 0.034014, 0.033648, 0.03296, 0.032888]",7.408243618032599,6.904174640905525,7.780397161334306,25,optimal,nan,13.45904541015625,8.884925842285156,159.2146997897244,159.21460054004692,6.233700632336972e-07,0.003202295367156882,0.0015879289309294236,1.0,0.9841269841269841,0.46616541353383456,0.6326530612244897,9,2,1e-07,1e-05,1000,400.0,400.0,400.0,0.0,400.0,1.0,46.0,1.8957345971563981,3.754116957236876,1.0
primary,x86_64,none,0.3.0,2.4.4,32,8,one_giant,400,2000,0.15,0,0.995,1,[400],powerlaw,1,0,0,338,332,"[31, 28, 3, 2, 2, 2, 1, 1, 1, 1, 1, 1, 1, 1, 1, 1, 1, 1, 1, 1, 1, 1, 1, 1, 1, 1, 1, 1, 1, 1, 1, 1, 1, 1, 1, 1, 1, 1, 1, 1, 1, 1, 1, 1, 1, 1, 1, 1, 1, 1, 1, 1, 1, 1, 1, 1, 1, 1, 1, 1, 1, 1, 1, 1, 1, 1, 1, 1, 1, 1, 1, 1, 1, 1, 1, 1, 1, 1, 1, 1, 1, 1, 1, 1, 1, 1, 1, 1, 1, 1, 1, 1, 1, 1, 1, 1, 1, 1, 1, 1, 1, 1, 1, 1, 1, 1, 1, 1, 1, 1, 1, 1, 1, 1, 1, 1, 1, 1, 1, 1, 1, 1, 1, 1, 1, 1, 1, 1, 1, 1, 1, 1, 1, 1, 1, 1, 1, 1, 1, 1, 1, 1, 1, 1, 1, 1, 1, 1, 1, 1, 1, 1, 1, 1, 1, 1, 1, 1, 1, 1, 1, 1, 1, 1, 1, 1, 1, 1, 1, 1, 1, 1, 1, 1, 1, 1, 1, 1, 1, 1, 1, 1, 1, 1, 1, 1, 1, 1, 1, 1, 1, 1, 1, 1, 1, 1, 1, 1, 1, 1]",0.23504460500043933,0.23527824122215357,0.234110192001026,0.2365144949999376,0.0006789931170714011,"[0.235647, 0.234984, 0.235045, 0.235035, 0.23411, 0.235607, 0.2357, 0.236514, 0.234862]",0.015645181001673336,0.017381028666932252,0.014925671999662882,0.022275119999903836,0.003032360640179139,"[0.022104, 0.022275, 0.019398, 0.015988, 0.015645, 0.01546, 0.015447, 0.015186, 0.014926]",15.02345066990916,10.509940777065923,15.846153861968803,25,optimal,nan,13.45904541015625,8.864080429077148,160.90998472484534,160.9099068437068,4.840043871144863e-07,0.002836556106315946,0.0014065690476469871,1.0,1.0,0.15538847117794485,0.2689804772234273,9,2,1e-07,1e-05,1000,400.0,400.0,400.0,0.0,400.0,1.0,31.0,1.183431952662722,2.1923935333632225,1.0
primary,x86_64,none,0.3.0,2.4.4,32,8,one_giant,400,2000,0.2,0,0.995,1,[400],powerlaw,1,0,0,343,341,"[31, 28, 1, 1, 1, 1, 1, 1, 1, 1, 1, 1, 1, 1, 1, 1, 1, 1, 1, 1, 1, 1, 1, 1, 1, 1, 1, 1, 1, 1, 1, 1, 1, 1, 1, 1, 1, 1, 1, 1, 1, 1, 1, 1, 1, 1, 1, 1, 1, 1, 1, 1, 1, 1, 1, 1, 1, 1, 1, 1, 1, 1, 1, 1, 1, 1, 1, 1, 1, 1, 1, 1, 1, 1, 1, 1, 1, 1, 1, 1, 1, 1, 1, 1, 1, 1, 1, 1, 1, 1, 1, 1, 1, 1, 1, 1, 1, 1, 1, 1, 1, 1, 1, 1, 1, 1, 1, 1, 1, 1, 1, 1, 1, 1, 1, 1, 1, 1, 1, 1, 1, 1, 1, 1, 1, 1, 1, 1, 1, 1, 1, 1, 1, 1, 1, 1, 1, 1, 1, 1, 1, 1, 1, 1, 1, 1, 1, 1, 1, 1, 1, 1, 1, 1, 1, 1, 1, 1, 1, 1, 1, 1, 1, 1, 1, 1, 1, 1, 1, 1, 1, 1, 1, 1, 1, 1, 1, 1, 1, 1, 1, 1, 1, 1, 1, 1, 1, 1, 1, 1, 1, 1, 1, 1, 1, 1, 1, 1, 1, 1]",0.2042932819986163,0.20480870566643716,0.20332918599888217,0.208106919999409,0.001556971450187652,"[0.20424, 0.203329, 0.203834, 0.203885, 0.204293, 0.204445, 0.204425, 0.20672, 0.208107]",0.014486366999335587,0.016331578666722635,0.014036376998774358,0.020667503000368015,0.003022944268764398,"[0.020421, 0.020668, 0.019948, 0.014735, 0.014486, 0.014376, 0.014212, 0.014103, 0.014036]",14.102451084387559,9.838110873638755,14.826256092835116,25,optimal,nan,13.45904541015625,8.863590240478516,162.1474707015584,162.14739663499458,4.5678519378485955e-07,0.002836568745108181,0.0014065753236868219,1.0,1.0,0.14285714285714285,0.25,9,2,1e-07,1e-05,1000,400.0,400.0,400.0,0.0,400.0,1.0,31.0,1.1661807580174928,2.1729369739343496,1.0
primary,x86_64,none,0.3.0,2.4.4,32,8,one_giant,400,2000,0.25,0,0.995,1,[400],powerlaw,1,0,0,343,341,"[31, 28, 1, 1, 1, 1, 1, 1, 1, 1, 1, 1, 1, 1, 1, 1, 1, 1, 1, 1, 1, 1, 1, 1, 1, 1, 1, 1, 1, 1, 1, 1, 1, 1, 1, 1, 1, 1, 1, 1, 1, 1, 1, 1, 1, 1, 1, 1, 1, 1, 1, 1, 1, 1, 1, 1, 1, 1, 1, 1, 1, 1, 1, 1, 1, 1, 1, 1, 1, 1, 1, 1, 1, 1, 1, 1, 1, 1, 1, 1, 1, 1, 1, 1, 1, 1, 1, 1, 1, 1, 1, 1, 1, 1, 1, 1, 1, 1, 1, 1, 1, 1, 1, 1, 1, 1, 1, 1, 1, 1, 1, 1, 1, 1, 1, 1, 1, 1, 1, 1, 1, 1, 1, 1, 1, 1, 1, 1, 1, 1, 1, 1, 1, 1, 1, 1, 1, 1, 1, 1, 1, 1, 1, 1, 1, 1, 1, 1, 1, 1, 1, 1, 1, 1, 1, 1, 1, 1, 1, 1, 1, 1, 1, 1, 1, 1, 1, 1, 1, 1, 1, 1, 1, 1, 1, 1, 1, 1, 1, 1, 1, 1, 1, 1, 1, 1, 1, 1, 1, 1, 1, 1, 1, 1, 1, 1, 1, 1, 1, 1]",0.20305373100018187,0.20282286499989116,0.2016325209988281,0.2036545089995343,0.0008066401180279461,"[0.201992, 0.201633, 0.203609, 0.203054, 0.20351, 0.203655, 0.202112, 0.203529, 0.202313]",0.01433201699910569,0.016144511888746313,0.0137526100006653,0.0202958750014659,0.0030524665747605857,"[0.020286, 0.020296, 0.02002, 0.01458, 0.014332, 0.01411, 0.014015, 0.013908, 0.013753]",14.167840507923785,9.93465524320902,14.808426108911855,25,optimal,nan,13.45904541015625,8.864776611328125,163.2191520563379,163.21907980969291,4.4263583081788936e-07,0.002836576414741554,0.0014065791321935333,1.0,1.0,0.14285714285714285,0.25,9,2,1e-07,1e-05,1000,400.0,400.0,400.0,0.0,400.0,1.0,31.0,1.1661807580174928,2.1729369739343496,1.0
primary,x86_64,none,0.3.0,2.4.4,32,8,one_giant,400,2000,0.3,0,0.995,1,[400],powerlaw,1,0,0,343,341,"[31, 28, 1, 1, 1, 1, 1, 1, 1, 1, 1, 1, 1, 1, 1, 1, 1, 1, 1, 1, 1, 1, 1, 1, 1, 1, 1, 1, 1, 1, 1, 1, 1, 1, 1, 1, 1, 1, 1, 1, 1, 1, 1, 1, 1, 1, 1, 1, 1, 1, 1, 1, 1, 1, 1, 1, 1, 1, 1, 1, 1, 1, 1, 1, 1, 1, 1, 1, 1, 1, 1, 1, 1, 1, 1, 1, 1, 1, 1, 1, 1, 1, 1, 1, 1, 1, 1, 1, 1, 1, 1, 1, 1, 1, 1, 1, 1, 1, 1, 1, 1, 1, 1, 1, 1, 1, 1, 1, 1, 1, 1, 1, 1, 1, 1, 1, 1, 1, 1, 1, 1, 1, 1, 1, 1, 1, 1, 1, 1, 1, 1, 1, 1, 1, 1, 1, 1, 1, 1, 1, 1, 1, 1, 1, 1, 1, 1, 1, 1, 1, 1, 1, 1, 1, 1, 1, 1, 1, 1, 1, 1, 1, 1, 1, 1, 1, 1, 1, 1, 1, 1, 1, 1, 1, 1, 1, 1, 1, 1, 1, 1, 1, 1, 1, 1, 1, 1, 1, 1, 1, 1, 1, 1, 1, 1, 1, 1, 1, 1, 1]",0.19599517500137154,0.19560454977767627,0.1939387539987365,0.19659001699983492,0.000925297285127968,"[0.194654, 0.196228, 0.196297, 0.194707, 0.195885, 0.196147, 0.195995, 0.193939, 0.19659]",0.014315394999357522,0.016028419333249784,0.013528208999559865,0.02016883299984329,0.003004064395468944,"[0.019942, 0.020169, 0.019911, 0.014655, 0.014315, 0.014127, 0.014001, 0.013608, 0.013528]",13.691216694346739,9.615764779263301,14.531858356581488,24,optimal,nan,13.45904541015625,8.863737106323242,164.13368045903002,164.1335643948542,7.071319883203762e-07,0.003533086427889298,0.0017525643225808187,1.0,1.0,0.14285714285714285,0.25,9,2,1e-07,1e-05,1000,400.0,400.0,400.0,0.0,400.0,1.0,31.0,1.1661807580174928,2.1729369739343496,1.0
primary,x86_64,none,0.3.0,2.4.4,32,8,one_giant,400,2000,0.35,0,0.995,1,[400],powerlaw,1,0,0,343,341,"[31, 28, 1, 1, 1, 1, 1, 1, 1, 1, 1, 1, 1, 1, 1, 1, 1, 1, 1, 1, 1, 1, 1, 1, 1, 1, 1, 1, 1, 1, 1, 1, 1, 1, 1, 1, 1, 1, 1, 1, 1, 1, 1, 1, 1, 1, 1, 1, 1, 1, 1, 1, 1, 1, 1, 1, 1, 1, 1, 1, 1, 1, 1, 1, 1, 1, 1, 1, 1, 1, 1, 1, 1, 1, 1, 1, 1, 1, 1, 1, 1, 1, 1, 1, 1, 1, 1, 1, 1, 1, 1, 1, 1, 1, 1, 1, 1, 1, 1, 1, 1, 1, 1, 1, 1, 1, 1, 1, 1, 1, 1, 1, 1, 1, 1, 1, 1, 1, 1, 1, 1, 1, 1, 1, 1, 1, 1, 1, 1, 1, 1, 1, 1, 1, 1, 1, 1, 1, 1, 1, 1, 1, 1, 1, 1, 1, 1, 1, 1, 1, 1, 1, 1, 1, 1, 1, 1, 1, 1, 1, 1, 1, 1, 1, 1, 1, 1, 1, 1, 1, 1, 1, 1, 1, 1, 1, 1, 1, 1, 1, 1, 1, 1, 1, 1, 1, 1, 1, 1, 1, 1, 1, 1, 1, 1, 1, 1, 1, 1, 1]",0.19620889199904923,0.1959137788888054,0.19494677999864507,0.19651521800005867,0.0005679967659218525,"[0.195431, 0.196297, 0.194947, 0.195975, 0.195216, 0.196284, 0.196209, 0.196515, 0.19635]",0.014372386000104598,0.016113113999987643,0.013817911998557975,0.02019020400075533,0.002951854196928084,"[0.020111, 0.02019, 0.019773, 0.014821, 0.014372, 0.014161, 0.013935, 0.013818, 0.013836]",13.65179671612085,9.655513138517668,14.221773739807203,24,optimal,nan,13.45904541015625,8.86368179321289,164.89763501061765,164.89751970793444,6.992379436210786e-07,0.003533089547440138,0.001752565872725506,1.0,1.0,0.14285714285714285,0.25,9,2,1e-07,1e-05,1000,400.0,400.0,400.0,0.0,400.0,1.0,31.0,1.1661807580174928,2.1729369739343496,1.0
primary,x86_64,none,0.3.0,2.4.4,32,8,one_giant,400,2000,0.4,0,0.995,1,[400],powerlaw,1,0,0,344,342,"[31, 27, 1, 1, 1, 1, 1, 1, 1, 1, 1, 1, 1, 1, 1, 1, 1, 1, 1, 1, 1, 1, 1, 1, 1, 1, 1, 1, 1, 1, 1, 1, 1, 1, 1, 1, 1, 1, 1, 1, 1, 1, 1, 1, 1, 1, 1, 1, 1, 1, 1, 1, 1, 1, 1, 1, 1, 1, 1, 1, 1, 1, 1, 1, 1, 1, 1, 1, 1, 1, 1, 1, 1, 1, 1, 1, 1, 1, 1, 1, 1, 1, 1, 1, 1, 1, 1, 1, 1, 1, 1, 1, 1, 1, 1, 1, 1, 1, 1, 1, 1, 1, 1, 1, 1, 1, 1, 1, 1, 1, 1, 1, 1, 1, 1, 1, 1, 1, 1, 1, 1, 1, 1, 1, 1, 1, 1, 1, 1, 1, 1, 1, 1, 1, 1, 1, 1, 1, 1, 1, 1, 1, 1, 1, 1, 1, 1, 1, 1, 1, 1, 1, 1, 1, 1, 1, 1, 1, 1, 1, 1, 1, 1, 1, 1, 1, 1, 1, 1, 1, 1, 1, 1, 1, 1, 1, 1, 1, 1, 1, 1, 1, 1, 1, 1, 1, 1, 1, 1, 1, 1, 1, 1, 1, 1, 1, 1, 1, 1, 1]",0.22136086499995145,0.24059304211105983,0.19296516199938196,0.34548223899946606,0.050009543391400416,"[0.283229, 0.270762, 0.221361, 0.197549, 0.205732, 0.345482, 0.227958, 0.192965, 0.220298]",0.024513200000001234,0.024980340222302604,0.02274648300044646,0.03138891100024921,0.0025399460198180725,"[0.031389, 0.02431, 0.022746, 0.023388, 0.025544, 0.02469, 0.024513, 0.024606, 0.023637]",9.030272057501277,6.147558352624911,15.188380506678111,24,optimal,nan,13.45904541015625,8.862587928771973,165.5162902740788,165.51617535830098,6.942868139343792e-07,0.0035330909829811574,0.0017525665860641897,1.0,1.0,0.14035087719298245,0.24615384615384614,9,2,1e-07,1e-05,1000,400.0,400.0,400.0,0.0,400.0,1.0,31.0,1.1627906976744187,2.1342198896992515,1.0
primary,x86_64,none,0.3.0,2.4.4,32,8,one_giant,400,4000,0.05,0,0.995,1,[400],powerlaw,1,0,0,89,27,"[171, 9, 9, 9, 8, 5, 5, 5, 5, 4, 4, 4, 4, 4, 4, 4, 4, 4, 4, 4, 3, 3, 3, 3, 3, 3, 3, 3, 3, 3, 3, 3, 3, 3, 3, 3, 3, 3, 3, 2, 2, 2, 2, 2, 2, 2, 2, 2, 2, 2, 2, 2, 2, 2, 2, 2, 2, 2, 2, 2, 2, 2, 1, 1, 1, 1, 1, 1, 1, 1, 1, 1, 1, 1, 1, 1, 1, 1, 1, 1, 1, 1, 1, 1, 1, 1, 1, 1, 1]",0.249745882998468,0.25539365233291594,0.24523885599955975,0.2773413390004862,0.01061639425046349,"[0.256945, 0.277341, 0.260434, 0.264815, 0.249721, 0.24676, 0.247542, 0.249746, 0.245239]",0.10462337199896865,0.10472139099996032,0.10414607299935597,0.10526926899910904,0.0003471568481788083,"[0.104146, 0.105046, 0.104552, 0.104519, 0.104575, 0.104623, 0.104686, 0.105076, 0.105269]",2.3870945681327296,2.329633883955586,2.6630033280486844,27,optimal,nan,13.45904541015625,9.433411598205566,156.3052579891353,156.30525194112982,3.869355101690378e-08,0.0007575528265898607,0.00037528500039827304,0.99995,0.926984126984127,0.731829573934837,0.8179271708683474,9,2,1e-07,1e-05,1000,400.0,400.0,400.0,0.0,400.0,1.0,171.0,4.49438202247191,17.837042378092818,2.0
primary,x86_64,none,0.3.0,2.4.4,32,8,one_giant,400,4000,0.1,0,0.995,1,[400],powerlaw,1,0,0,215,147,"[31, 28, 11, 10, 9, 8, 6, 6, 6, 5, 4, 4, 3, 3, 3, 3, 3, 3, 3, 3, 3, 3, 3, 3, 3, 2, 2, 2, 2, 2, 2, 2, 2, 2, 2, 2, 2, 2, 2, 2, 2, 2, 2, 2, 2, 2, 2, 2, 2, 2, 2, 2, 2, 2, 2, 2, 2, 2, 2, 2, 2, 2, 2, 2, 2, 2, 2, 2, 1, 1, 1, 1, 1, 1, 1, 1, 1, 1, 1, 1, 1, 1, 1, 1, 1, 1, 1, 1, 1, 1, 1, 1, 1, 1, 1, 1, 1, 1, 1, 1, 1, 1, 1, 1, 1, 1, 1, 1, 1, 1, 1, 1, 1, 1, 1, 1, 1, 1, 1, 1, 1, 1, 1, 1, 1, 1, 1, 1, 1, 1, 1, 1, 1, 1, 1, 1, 1, 1, 1, 1, 1, 1, 1, 1, 1, 1, 1, 1, 1, 1, 1, 1, 1, 1, 1, 1, 1, 1, 1, 1, 1, 1, 1, 1, 1, 1, 1, 1, 1, 1, 1, 1, 1, 1, 1, 1, 1, 1, 1, 1, 1, 1, 1, 1, 1, 1, 1, 1, 1, 1, 1, 1, 1, 1, 1, 1, 1, 1, 1, 1]",0.22644848999880196,0.22701800333298808,0.22498097499919822,0.22968272199977946,0.0014244581958328237,"[0.229683, 0.226416, 0.226448, 0.225905, 0.227131, 0.228177, 0.226308, 0.228112, 0.224981]",0.030177855000147247,0.030933775777561498,0.02978722999978345,0.03568222399917431,0.0018550259783211187,"[0.035682, 0.031365, 0.030887, 0.030566, 0.030178, 0.029929, 0.03014, 0.029787, 0.02987]",7.503796740944545,6.3051275897041705,7.710778142225687,25,optimal,nan,13.45904541015625,8.866096496582031,160.07692996672384,160.07684320508247,5.419996584644589e-07,0.002825405494284894,0.0014019366259650874,1.0,1.0,0.46365914786967416,0.6335616438356164,9,2,1e-07,1e-05,1000,400.0,400.0,400.0,0.0,400.0,1.0,31.0,1.8604651162790697,3.0253302364338346,1.0
primary,x86_64,none,0.3.0,2.4.4,32,8,one_giant,400,4000,0.15,0,0.995,1,[400],powerlaw,1,0,0,341,337,"[31, 28, 2, 2, 1, 1, 1, 1, 1, 1, 1, 1, 1, 1, 1, 1, 1, 1, 1, 1, 1, 1, 1, 1, 1, 1, 1, 1, 1, 1, 1, 1, 1, 1, 1, 1, 1, 1, 1, 1, 1, 1, 1, 1, 1, 1, 1, 1, 1, 1, 1, 1, 1, 1, 1, 1, 1, 1, 1, 1, 1, 1, 1, 1, 1, 1, 1, 1, 1, 1, 1, 1, 1, 1, 1, 1, 1, 1, 1, 1, 1, 1, 1, 1, 1, 1, 1, 1, 1, 1, 1, 1, 1, 1, 1, 1, 1, 1, 1, 1, 1, 1, 1, 1, 1, 1, 1, 1, 1, 1, 1, 1, 1, 1, 1, 1, 1, 1, 1, 1, 1, 1, 1, 1, 1, 1, 1, 1, 1, 1, 1, 1, 1, 1, 1, 1, 1, 1, 1, 1, 1, 1, 1, 1, 1, 1, 1, 1, 1, 1, 1, 1, 1, 1, 1, 1, 1, 1, 1, 1, 1, 1, 1, 1, 1, 1, 1, 1, 1, 1, 1, 1, 1, 1, 1, 1, 1, 1, 1, 1, 1, 1, 1, 1, 1, 1, 1, 1, 1, 1, 1, 1, 1, 1, 1, 1, 1, 1, 1, 1]",0.2186003740007436,0.2187005032222563,0.21787611400031892,0.21975325200037332,0.0006593797168371025,"[0.21957, 0.219098, 0.21866, 0.217876, 0.2186, 0.219753, 0.218515, 0.217964, 0.218268]",0.015069338000103016,0.016890670888541435,0.014558793998730835,0.021859562999452464,0.0031370343021404823,"[0.021367, 0.02186, 0.019766, 0.015317, 0.015069, 0.014762, 0.014674, 0.014642, 0.014559]",14.506302400228147,9.967084612156988,15.094193380271083,24,optimal,nan,13.45904541015625,8.863885879516602,161.73333626749363,161.73322307515457,6.99870179331283e-07,0.0035201704312410875,0.0017472740605879583,1.0,1.0,0.14786967418546365,0.2576419213973799,9,2,1e-07,1e-05,1000,400.0,400.0,400.0,0.0,400.0,1.0,31.0,1.1730205278592376,2.1801502469521115,1.0
primary,x86_64,none,0.3.0,2.4.4,32,8,one_giant,400,4000,0.2,0,0.995,1,[400],powerlaw,1,0,0,343,341,"[31, 28, 1, 1, 1, 1, 1, 1, 1, 1, 1, 1, 1, 1, 1, 1, 1, 1, 1, 1, 1, 1, 1, 1, 1, 1, 1, 1, 1, 1, 1, 1, 1, 1, 1, 1, 1, 1, 1, 1, 1, 1, 1, 1, 1, 1, 1, 1, 1, 1, 1, 1, 1, 1, 1, 1, 1, 1, 1, 1, 1, 1, 1, 1, 1, 1, 1, 1, 1, 1, 1, 1, 1, 1, 1, 1, 1, 1, 1, 1, 1, 1, 1, 1, 1, 1, 1, 1, 1, 1, 1, 1, 1, 1, 1, 1, 1, 1, 1, 1, 1, 1, 1, 1, 1, 1, 1, 1, 1, 1, 1, 1, 1, 1, 1, 1, 1, 1, 1, 1, 1, 1, 1, 1, 1, 1, 1, 1, 1, 1, 1, 1, 1, 1, 1, 1, 1, 1, 1, 1, 1, 1, 1, 1, 1, 1, 1, 1, 1, 1, 1, 1, 1, 1, 1, 1, 1, 1, 1, 1, 1, 1, 1, 1, 1, 1, 1, 1, 1, 1, 1, 1, 1, 1, 1, 1, 1, 1, 1, 1, 1, 1, 1, 1, 1, 1, 1, 1, 1, 1, 1, 1, 1, 1, 1, 1, 1, 1, 1, 1]",0.2181456350008375,0.2178503901110768,0.21577101500042772,0.21895181799845886,0.0010126462162017766,"[0.21848, 0.217812, 0.216907, 0.217485, 0.218146, 0.215771, 0.218952, 0.21825, 0.21885]",0.0143260820004798,0.01631614444421656,0.014031627999429475,0.020783859999937704,0.003113602824396823,"[0.020374, 0.020784, 0.020207, 0.014702, 0.014326, 0.014165, 0.014128, 0.014128, 0.014032]",15.227166436261603,10.38166226105615,15.604163537357278,24,optimal,nan,13.45904541015625,8.8638277053833,162.96257958238476,162.96257915889188,2.598712411058435e-09,0.0002864137280473855,0.00014193667845033517,1.0,1.0,0.14285714285714285,0.25,9,2,1e-07,1e-05,1000,400.0,400.0,400.0,0.0,400.0,1.0,31.0,1.1661807580174928,2.1729369739343496,1.0
primary,x86_64,none,0.3.0,2.4.4,32,8,one_giant,400,4000,0.25,0,0.995,1,[400],powerlaw,1,0,0,343,341,"[31, 28, 1, 1, 1, 1, 1, 1, 1, 1, 1, 1, 1, 1, 1, 1, 1, 1, 1, 1, 1, 1, 1, 1, 1, 1, 1, 1, 1, 1, 1, 1, 1, 1, 1, 1, 1, 1, 1, 1, 1, 1, 1, 1, 1, 1, 1, 1, 1, 1, 1, 1, 1, 1, 1, 1, 1, 1, 1, 1, 1, 1, 1, 1, 1, 1, 1, 1, 1, 1, 1, 1, 1, 1, 1, 1, 1, 1, 1, 1, 1, 1, 1, 1, 1, 1, 1, 1, 1, 1, 1, 1, 1, 1, 1, 1, 1, 1, 1, 1, 1, 1, 1, 1, 1, 1, 1, 1, 1, 1, 1, 1, 1, 1, 1, 1, 1, 1, 1, 1, 1, 1, 1, 1, 1, 1, 1, 1, 1, 1, 1, 1, 1, 1, 1, 1, 1, 1, 1, 1, 1, 1, 1, 1, 1, 1, 1, 1, 1, 1, 1, 1, 1, 1, 1, 1, 1, 1, 1, 1, 1, 1, 1, 1, 1, 1, 1, 1, 1, 1, 1, 1, 1, 1, 1, 1, 1, 1, 1, 1, 1, 1, 1, 1, 1, 1, 1, 1, 1, 1, 1, 1, 1, 1, 1, 1, 1, 1, 1, 1]",0.2184424629995192,0.21827967011106214,0.21622575600122218,0.21980786999847624,0.0011190906473387897,"[0.218442, 0.219114, 0.216226, 0.217393, 0.219808, 0.218714, 0.217484, 0.218022, 0.219313]",0.014567104999514413,0.016265486000015192,0.013804853000692674,0.020654443000239553,0.0030567600997309856,"[0.020158, 0.020654, 0.020155, 0.014653, 0.014567, 0.014245, 0.014049, 0.014103, 0.013805]",14.995598851439656,10.468728495787293,15.922507105830618,24,optimal,nan,13.45904541015625,8.863776206970215,164.0266171480918,164.0265116832352,6.429740392617213e-07,0.0035203230462586,0.0017473499450416706,1.0,1.0,0.14285714285714285,0.25,9,2,1e-07,1e-05,1000,400.0,400.0,400.0,0.0,400.0,1.0,31.0,1.1661807580174928,2.1729369739343496,1.0
primary,x86_64,none,0.3.0,2.4.4,32,8,one_giant,400,4000,0.3,0,0.995,1,[400],powerlaw,1,0,0,343,341,"[31, 28, 1, 1, 1, 1, 1, 1, 1, 1, 1, 1, 1, 1, 1, 1, 1, 1, 1, 1, 1, 1, 1, 1, 1, 1, 1, 1, 1, 1, 1, 1, 1, 1, 1, 1, 1, 1, 1, 1, 1, 1, 1, 1, 1, 1, 1, 1, 1, 1, 1, 1, 1, 1, 1, 1, 1, 1, 1, 1, 1, 1, 1, 1, 1, 1, 1, 1, 1, 1, 1, 1, 1, 1, 1, 1, 1, 1, 1, 1, 1, 1, 1, 1, 1, 1, 1, 1, 1, 1, 1, 1, 1, 1, 1, 1, 1, 1, 1, 1, 1, 1, 1, 1, 1, 1, 1, 1, 1, 1, 1, 1, 1, 1, 1, 1, 1, 1, 1, 1, 1, 1, 1, 1, 1, 1, 1, 1, 1, 1, 1, 1, 1, 1, 1, 1, 1, 1, 1, 1, 1, 1, 1, 1, 1, 1, 1, 1, 1, 1, 1, 1, 1, 1, 1, 1, 1, 1, 1, 1, 1, 1, 1, 1, 1, 1, 1, 1, 1, 1, 1, 1, 1, 1, 1, 1, 1, 1, 1, 1, 1, 1, 1, 1, 1, 1, 1, 1, 1, 1, 1, 1, 1, 1, 1, 1, 1, 1, 1, 1]",0.21751873699940916,0.21799471677756324,0.21713167499910924,0.21981380700162845,0.0009666873703245868,"[0.217519, 0.21903, 0.217132, 0.219814, 0.217148, 0.217312, 0.218158, 0.217248, 0.218592]",0.014180042999214493,0.016091479444084043,0.013656438999532838,0.020495344000664772,0.003098612283465949,"[0.020045, 0.020495, 0.020064, 0.014689, 0.01418, 0.013937, 0.013941, 0.013814, 0.013656]",15.339779788499841,10.59419519828828,16.09598278212555,24,optimal,nan,13.45904541015625,8.863595962524414,164.93336815710342,164.93336792198207,1.4255535480538574e-09,0.0002388446721144355,0.00011836031922116797,1.0,1.0,0.14285714285714285,0.25,9,2,1e-07,1e-05,1000,400.0,400.0,400.0,0.0,400.0,1.0,31.0,1.1661807580174928,2.1729369739343496,1.0
primary,x86_64,none,0.3.0,2.4.4,32,8,one_giant,400,4000,0.35,0,0.995,1,[400],powerlaw,1,0,0,343,341,"[31, 28, 1, 1, 1, 1, 1, 1, 1, 1, 1, 1, 1, 1, 1, 1, 1, 1, 1, 1, 1, 1, 1, 1, 1, 1, 1, 1, 1, 1, 1, 1, 1, 1, 1, 1, 1, 1, 1, 1, 1, 1, 1, 1, 1, 1, 1, 1, 1, 1, 1, 1, 1, 1, 1, 1, 1, 1, 1, 1, 1, 1, 1, 1, 1, 1, 1, 1, 1, 1, 1, 1, 1, 1, 1, 1, 1, 1, 1, 1, 1, 1, 1, 1, 1, 1, 1, 1, 1, 1, 1, 1, 1, 1, 1, 1, 1, 1, 1, 1, 1, 1, 1, 1, 1, 1, 1, 1, 1, 1, 1, 1, 1, 1, 1, 1, 1, 1, 1, 1, 1, 1, 1, 1, 1, 1, 1, 1, 1, 1, 1, 1, 1, 1, 1, 1, 1, 1, 1, 1, 1, 1, 1, 1, 1, 1, 1, 1, 1, 1, 1, 1, 1, 1, 1, 1, 1, 1, 1, 1, 1, 1, 1, 1, 1, 1, 1, 1, 1, 1, 1, 1, 1, 1, 1, 1, 1, 1, 1, 1, 1, 1, 1, 1, 1, 1, 1, 1, 1, 1, 1, 1, 1, 1, 1, 1, 1, 1, 1, 1]",0.21777400999962993,0.21771411688839887,0.21703431599962641,0.21850539300066885,0.0005091314590135084,"[0.218419, 0.217262, 0.218505, 0.217223, 0.217034, 0.217774, 0.217577, 0.2178, 0.217832]",0.014380697999513359,0.016206648777976323,0.013896275000661262,0.02044429000125092,0.00298509260372171,"[0.020061, 0.020444, 0.020011, 0.014717, 0.014381, 0.014162, 0.014135, 0.014053, 0.013896]",15.143493730763234,10.61588913023376,15.724026258135446,24,optimal,nan,13.45904541015625,8.863546371459961,165.68983749692177,165.68973393568442,6.250307135143537e-07,0.003520406934986564,0.0017473916568675788,1.0,1.0,0.14285714285714285,0.25,9,2,1e-07,1e-05,1000,400.0,400.0,400.0,0.0,400.0,1.0,31.0,1.1661807580174928,2.1729369739343496,1.0
primary,x86_64,none,0.3.0,2.4.4,32,8,one_giant,400,4000,0.4,0,0.995,1,[400],powerlaw,1,0,0,343,341,"[31, 28, 1, 1, 1, 1, 1, 1, 1, 1, 1, 1, 1, 1, 1, 1, 1, 1, 1, 1, 1, 1, 1, 1, 1, 1, 1, 1, 1, 1, 1, 1, 1, 1, 1, 1, 1, 1, 1, 1, 1, 1, 1, 1, 1, 1, 1, 1, 1, 1, 1, 1, 1, 1, 1, 1, 1, 1, 1, 1, 1, 1, 1, 1, 1, 1, 1, 1, 1, 1, 1, 1, 1, 1, 1, 1, 1, 1, 1, 1, 1, 1, 1, 1, 1, 1, 1, 1, 1, 1, 1, 1, 1, 1, 1, 1, 1, 1, 1, 1, 1, 1, 1, 1, 1, 1, 1, 1, 1, 1, 1, 1, 1, 1, 1, 1, 1, 1, 1, 1, 1, 1, 1, 1, 1, 1, 1, 1, 1, 1, 1, 1, 1, 1, 1, 1, 1, 1, 1, 1, 1, 1, 1, 1, 1, 1, 1, 1, 1, 1, 1, 1, 1, 1, 1, 1, 1, 1, 1, 1, 1, 1, 1, 1, 1, 1, 1, 1, 1, 1, 1, 1, 1, 1, 1, 1, 1, 1, 1, 1, 1, 1, 1, 1, 1, 1, 1, 1, 1, 1, 1, 1, 1, 1, 1, 1, 1, 1, 1, 1]",0.21746649799933948,0.217281541333149,0.21575439699881827,0.21814445199925103,0.0007694145888694129,"[0.216962, 0.217466, 0.2168, 0.215754, 0.21795, 0.217964, 0.21768, 0.216812, 0.218144]",0.013988885999424383,0.01613211199967029,0.013649315000293427,0.021017759998358088,0.003320386636665926,"[0.020558, 0.021018, 0.020031, 0.014465, 0.013989, 0.013979, 0.013832, 0.013667, 0.013649]",15.545662321380547,10.26533736305263,15.982080565549367,24,optimal,nan,13.45904541015625,8.863775253295898,166.30084826449155,166.30074501874188,6.208371800146878e-07,0.0035204322750566064,0.001747404256661056,1.0,1.0,0.14285714285714285,0.25,9,2,1e-07,1e-05,1000,400.0,400.0,400.0,0.0,400.0,1.0,31.0,1.1661807580174928,2.1729369739343496,1.0
primary,x86_64,none,0.3.0,2.4.4,32,8,one_giant,800,1600,0.05,0,0.9975,1,[800],powerlaw,1,0,0,417,339,"[263, 11, 6, 5, 5, 5, 4, 4, 4, 4, 4, 3, 3, 3, 3, 3, 3, 3, 3, 3, 3, 3, 3, 2, 2, 2, 2, 2, 2, 2, 2, 2, 2, 2, 2, 2, 2, 2, 2, 2, 2, 2, 2, 2, 2, 2, 2, 2, 2, 2, 2, 2, 2, 2, 2, 2, 2, 2, 2, 2, 2, 2, 2, 2, 2, 2, 2, 2, 2, 2, 2, 2, 2, 2, 2, 2, 2, 2, 1, 1, 1, 1, 1, 1, 1, 1, 1, 1, 1, 1, 1, 1, 1, 1, 1, 1, 1, 1, 1, 1, 1, 1, 1, 1, 1, 1, 1, 1, 1, 1, 1, 1, 1, 1, 1, 1, 1, 1, 1, 1, 1, 1, 1, 1, 1, 1, 1, 1, 1, 1, 1, 1, 1, 1, 1, 1, 1, 1, 1, 1, 1, 1, 1, 1, 1, 1, 1, 1, 1, 1, 1, 1, 1, 1, 1, 1, 1, 1, 1, 1, 1, 1, 1, 1, 1, 1, 1, 1, 1, 1, 1, 1, 1, 1, 1, 1, 1, 1, 1, 1, 1, 1, 1, 1, 1, 1, 1, 1, 1, 1, 1, 1, 1, 1, 1, 1, 1, 1, 1, 1]",0.9380638919992634,0.9331729709996984,0.8772641310006293,1.044407682999008,0.06072691128954339,"[0.938064, 0.943078, 1.044408, 1.010105, 0.940054, 0.882015, 0.877264, 0.878912, 0.884658]",0.15999001499949372,0.16000373477779956,0.158935683000891,0.16187665100005688,0.0010970682788899698,"[0.158988, 0.159466, 0.158936, 0.15999, 0.158951, 0.160192, 0.160045, 0.161877, 0.161589]",5.863265229409672,5.419337042006886,6.571259916460378,22,optimal,nan,53.74835205078125,36.11565017700195,19.8790499805069,19.875518250912613,0.00017766088408395823,0.02479274889784433,0.008136034277116327,0.999965625,0.731457800511509,0.3579474342928661,0.48067226890756304,9,2,1e-07,1e-05,1000,800.0,800.0,800.0,0.0,800.0,1.0,263.0,1.9184652278177459,12.827319075740387,1.0
primary,x86_64,none,0.3.0,2.4.4,32,8,one_giant,800,1600,0.1,0,0.9975,1,[800],powerlaw,1,0,0,733,732,"[68, 1, 1, 1, 1, 1, 1, 1, 1, 1, 1, 1, 1, 1, 1, 1, 1, 1, 1, 1, 1, 1, 1, 1, 1, 1, 1, 1, 1, 1, 1, 1, 1, 1, 1, 1, 1, 1, 1, 1, 1, 1, 1, 1, 1, 1, 1, 1, 1, 1, 1, 1, 1, 1, 1, 1, 1, 1, 1, 1, 1, 1, 1, 1, 1, 1, 1, 1, 1, 1, 1, 1, 1, 1, 1, 1, 1, 1, 1, 1, 1, 1, 1, 1, 1, 1, 1, 1, 1, 1, 1, 1, 1, 1, 1, 1, 1, 1, 1, 1, 1, 1, 1, 1, 1, 1, 1, 1, 1, 1, 1, 1, 1, 1, 1, 1, 1, 1, 1, 1, 1, 1, 1, 1, 1, 1, 1, 1, 1, 1, 1, 1, 1, 1, 1, 1, 1, 1, 1, 1, 1, 1, 1, 1, 1, 1, 1, 1, 1, 1, 1, 1, 1, 1, 1, 1, 1, 1, 1, 1, 1, 1, 1, 1, 1, 1, 1, 1, 1, 1, 1, 1, 1, 1, 1, 1, 1, 1, 1, 1, 1, 1, 1, 1, 1, 1, 1, 1, 1, 1, 1, 1, 1, 1, 1, 1, 1, 1, 1, 1]",0.828719793998971,0.830374769999657,0.8275455399998464,0.8352357499989012,0.0030040797388558613,"[0.82757, 0.827546, 0.828489, 0.827813, 0.834294, 0.835236, 0.82872, 0.831617, 0.832088]",0.03825987600066583,0.038391271777881125,0.03777426600026956,0.039498240999819245,0.0004941776504532925,"[0.038458, 0.038744, 0.038069, 0.038259, 0.037774, 0.038347, 0.03826, 0.039498, 0.038113]",21.660284366435192,20.951453002771274,22.111237052043336,22,optimal,nan,53.74835205078125,34.77255439758301,21.85977028339487,21.856604365794304,0.00014482849359905164,0.02479424601689484,0.008136529571924962,1.0,0.9253731343283582,0.07759699624530664,0.14318706697459585,9,2,1e-07,1e-05,1000,800.0,800.0,800.0,0.0,800.0,1.0,68.0,1.0914051841746248,2.4730128248769505,1.0
primary,x86_64,none,0.3.0,2.4.4,32,8,one_giant,800,1600,0.15,0,0.9975,1,[800],powerlaw,1,0,0,738,737,"[63, 1, 1, 1, 1, 1, 1, 1, 1, 1, 1, 1, 1, 1, 1, 1, 1, 1, 1, 1, 1, 1, 1, 1, 1, 1, 1, 1, 1, 1, 1, 1, 1, 1, 1, 1, 1, 1, 1, 1, 1, 1, 1, 1, 1, 1, 1, 1, 1, 1, 1, 1, 1, 1, 1, 1, 1, 1, 1, 1, 1, 1, 1, 1, 1, 1, 1, 1, 1, 1, 1, 1, 1, 1, 1, 1, 1, 1, 1, 1, 1, 1, 1, 1, 1, 1, 1, 1, 1, 1, 1, 1, 1, 1, 1, 1, 1, 1, 1, 1, 1, 1, 1, 1, 1, 1, 1, 1, 1, 1, 1, 1, 1, 1, 1, 1, 1, 1, 1, 1, 1, 1, 1, 1, 1, 1, 1, 1, 1, 1, 1, 1, 1, 1, 1, 1, 1, 1, 1, 1, 1, 1, 1, 1, 1, 1, 1, 1, 1, 1, 1, 1, 1, 1, 1, 1, 1, 1, 1, 1, 1, 1, 1, 1, 1, 1, 1, 1, 1, 1, 1, 1, 1, 1, 1, 1, 1, 1, 1, 1, 1, 1, 1, 1, 1, 1, 1, 1, 1, 1, 1, 1, 1, 1, 1, 1, 1, 1, 1, 1]",0.8700904380002612,0.8698240805557967,0.8617329610005982,0.8760198569998465,0.004042752165321632,"[0.86833, 0.87602, 0.873158, 0.87237, 0.867401, 0.868927, 0.870387, 0.861733, 0.87009]",0.035539750000680215,0.035898449444883025,0.03521561500019743,0.03785263000099803,0.0009065653199381246,"[0.037853, 0.036961, 0.03554, 0.035466, 0.035314, 0.035696, 0.035216, 0.035818, 0.035223]",24.48217666088276,22.76547127578394,24.875892611698966,23,optimal,nan,53.74835205078125,34.748891830444336,23.40908280480146,23.406698706084192,0.0001018450290064033,0.022321706985678702,0.007319197449051376,1.0,1.0,0.07759699624530664,0.1440185830429733,9,2,1e-07,1e-05,1000,800.0,800.0,800.0,0.0,800.0,1.0,63.0,1.084010840108401,2.280704773850651,1.0
primary,x86_64,none,0.3.0,2.4.4,32,8,one_giant,800,1600,0.2,0,0.9975,1,[800],powerlaw,1,0,0,738,737,"[63, 1, 1, 1, 1, 1, 1, 1, 1, 1, 1, 1, 1, 1, 1, 1, 1, 1, 1, 1, 1, 1, 1, 1, 1, 1, 1, 1, 1, 1, 1, 1, 1, 1, 1, 1, 1, 1, 1, 1, 1, 1, 1, 1, 1, 1, 1, 1, 1, 1, 1, 1, 1, 1, 1, 1, 1, 1, 1, 1, 1, 1, 1, 1, 1, 1, 1, 1, 1, 1, 1, 1, 1, 1, 1, 1, 1, 1, 1, 1, 1, 1, 1, 1, 1, 1, 1, 1, 1, 1, 1, 1, 1, 1, 1, 1, 1, 1, 1, 1, 1, 1, 1, 1, 1, 1, 1, 1, 1, 1, 1, 1, 1, 1, 1, 1, 1, 1, 1, 1, 1, 1, 1, 1, 1, 1, 1, 1, 1, 1, 1, 1, 1, 1, 1, 1, 1, 1, 1, 1, 1, 1, 1, 1, 1, 1, 1, 1, 1, 1, 1, 1, 1, 1, 1, 1, 1, 1, 1, 1, 1, 1, 1, 1, 1, 1, 1, 1, 1, 1, 1, 1, 1, 1, 1, 1, 1, 1, 1, 1, 1, 1, 1, 1, 1, 1, 1, 1, 1, 1, 1, 1, 1, 1, 1, 1, 1, 1, 1, 1]",0.8431028939994576,0.8434448365555404,0.8393165590005083,0.8477951400000165,0.0026405308896963386,"[0.842582, 0.844583, 0.84539, 0.839317, 0.847795, 0.845253, 0.842708, 0.843103, 0.840274]",0.03471456999977818,0.035057702333587154,0.034289513001567684,0.03636849299982714,0.0006316612134174428,"[0.035433, 0.035311, 0.03539, 0.034702, 0.034715, 0.03429, 0.034675, 0.034636, 0.036368]",24.286715750903582,23.07812311619559,24.724618864119073,22,optimal,nan,53.74835205078125,34.74904441833496,24.7802081757985,24.776410848322076,0.00015324033799409353,0.02708763167471151,0.00889582663294308,1.0,1.0,0.07759699624530664,0.1440185830429733,9,2,1e-07,1e-05,1000,800.0,800.0,800.0,0.0,800.0,1.0,63.0,1.084010840108401,2.280704773850651,1.0
primary,x86_64,none,0.3.0,2.4.4,32,8,one_giant,800,1600,0.25,0,0.9975,1,[800],powerlaw,1,0,0,738,737,"[63, 1, 1, 1, 1, 1, 1, 1, 1, 1, 1, 1, 1, 1, 1, 1, 1, 1, 1, 1, 1, 1, 1, 1, 1, 1, 1, 1, 1, 1, 1, 1, 1, 1, 1, 1, 1, 1, 1, 1, 1, 1, 1, 1, 1, 1, 1, 1, 1, 1, 1, 1, 1, 1, 1, 1, 1, 1, 1, 1, 1, 1, 1, 1, 1, 1, 1, 1, 1, 1, 1, 1, 1, 1, 1, 1, 1, 1, 1, 1, 1, 1, 1, 1, 1, 1, 1, 1, 1, 1, 1, 1, 1, 1, 1, 1, 1, 1, 1, 1, 1, 1, 1, 1, 1, 1, 1, 1, 1, 1, 1, 1, 1, 1, 1, 1, 1, 1, 1, 1, 1, 1, 1, 1, 1, 1, 1, 1, 1, 1, 1, 1, 1, 1, 1, 1, 1, 1, 1, 1, 1, 1, 1, 1, 1, 1, 1, 1, 1, 1, 1, 1, 1, 1, 1, 1, 1, 1, 1, 1, 1, 1, 1, 1, 1, 1, 1, 1, 1, 1, 1, 1, 1, 1, 1, 1, 1, 1, 1, 1, 1, 1, 1, 1, 1, 1, 1, 1, 1, 1, 1, 1, 1, 1, 1, 1, 1, 1, 1, 1]",0.8776263199997629,0.8786522857780155,0.8706769930013252,0.8876282179990085,0.005311426252240922,"[0.872681, 0.877536, 0.880861, 0.876096, 0.870677, 0.887628, 0.880913, 0.877626, 0.883853]",0.03501139800027886,0.03542774800027675,0.03482617800000298,0.036666508000053,0.0007112724111575734,"[0.036449, 0.036667, 0.034964, 0.035508, 0.035699, 0.034826, 0.034887, 0.034839, 0.035011]",25.066874507346803,23.74583892745027,25.487385322584995,23,optimal,nan,53.74835205078125,34.749027252197266,25.979997767489635,25.97708362401852,0.0001121687344701411,0.02440005827614522,0.008006136477873137,1.0,1.0,0.07759699624530664,0.1440185830429733,9,2,1e-07,1e-05,1000,800.0,800.0,800.0,0.0,800.0,1.0,63.0,1.084010840108401,2.280704773850651,1.0
primary,x86_64,none,0.3.0,2.4.4,32,8,one_giant,800,1600,0.3,0,0.9975,1,[800],powerlaw,1,0,0,738,737,"[63, 1, 1, 1, 1, 1, 1, 1, 1, 1, 1, 1, 1, 1, 1, 1, 1, 1, 1, 1, 1, 1, 1, 1, 1, 1, 1, 1, 1, 1, 1, 1, 1, 1, 1, 1, 1, 1, 1, 1, 1, 1, 1, 1, 1, 1, 1, 1, 1, 1, 1, 1, 1, 1, 1, 1, 1, 1, 1, 1, 1, 1, 1, 1, 1, 1, 1, 1, 1, 1, 1, 1, 1, 1, 1, 1, 1, 1, 1, 1, 1, 1, 1, 1, 1, 1, 1, 1, 1, 1, 1, 1, 1, 1, 1, 1, 1, 1, 1, 1, 1, 1, 1, 1, 1, 1, 1, 1, 1, 1, 1, 1, 1, 1, 1, 1, 1, 1, 1, 1, 1, 1, 1, 1, 1, 1, 1, 1, 1, 1, 1, 1, 1, 1, 1, 1, 1, 1, 1, 1, 1, 1, 1, 1, 1, 1, 1, 1, 1, 1, 1, 1, 1, 1, 1, 1, 1, 1, 1, 1, 1, 1, 1, 1, 1, 1, 1, 1, 1, 1, 1, 1, 1, 1, 1, 1, 1, 1, 1, 1, 1, 1, 1, 1, 1, 1, 1, 1, 1, 1, 1, 1, 1, 1, 1, 1, 1, 1, 1, 1]",0.9364587299987761,0.9372200612221301,0.9308285040006012,0.9431682199992792,0.003967989723040356,"[0.935185, 0.930829, 0.936459, 0.943168, 0.934731, 0.939682, 0.94143, 0.939448, 0.934048]",0.04640007600028184,0.04646142088899473,0.04602963599973009,0.047145706999799586,0.00033003688092653823,"[0.046112, 0.047146, 0.046646, 0.046373, 0.046489, 0.046325, 0.04603, 0.0464, 0.046633]",20.18226715820655,19.74365352087218,20.490455757782005,23,optimal,nan,53.74835205078125,34.74880027770996,27.02074457368649,27.01784105403876,0.00010745520501144577,0.024400405655384816,0.00800625137236564,1.0,1.0,0.07759699624530664,0.1440185830429733,9,2,1e-07,1e-05,1000,800.0,800.0,800.0,0.0,800.0,1.0,63.0,1.084010840108401,2.280704773850651,1.0
primary,x86_64,none,0.3.0,2.4.4,32,8,one_giant,800,1600,0.35,0,0.9975,1,[800],powerlaw,1,0,0,738,737,"[63, 1, 1, 1, 1, 1, 1, 1, 1, 1, 1, 1, 1, 1, 1, 1, 1, 1, 1, 1, 1, 1, 1, 1, 1, 1, 1, 1, 1, 1, 1, 1, 1, 1, 1, 1, 1, 1, 1, 1, 1, 1, 1, 1, 1, 1, 1, 1, 1, 1, 1, 1, 1, 1, 1, 1, 1, 1, 1, 1, 1, 1, 1, 1, 1, 1, 1, 1, 1, 1, 1, 1, 1, 1, 1, 1, 1, 1, 1, 1, 1, 1, 1, 1, 1, 1, 1, 1, 1, 1, 1, 1, 1, 1, 1, 1, 1, 1, 1, 1, 1, 1, 1, 1, 1, 1, 1, 1, 1, 1, 1, 1, 1, 1, 1, 1, 1, 1, 1, 1, 1, 1, 1, 1, 1, 1, 1, 1, 1, 1, 1, 1, 1, 1, 1, 1, 1, 1, 1, 1, 1, 1, 1, 1, 1, 1, 1, 1, 1, 1, 1, 1, 1, 1, 1, 1, 1, 1, 1, 1, 1, 1, 1, 1, 1, 1, 1, 1, 1, 1, 1, 1, 1, 1, 1, 1, 1, 1, 1, 1, 1, 1, 1, 1, 1, 1, 1, 1, 1, 1, 1, 1, 1, 1, 1, 1, 1, 1, 1, 1]",0.9257575219999126,0.9237459538888086,0.9119111069994688,0.9287079850000737,0.005126904185855667,"[0.911911, 0.919236, 0.928708, 0.925431, 0.925909, 0.925758, 0.926092, 0.924082, 0.926586]",0.0346670790004282,0.034917469777711735,0.03408411000054912,0.036962150001272676,0.0008992124895676718,"[0.035442, 0.036962, 0.035102, 0.034084, 0.034667, 0.034115, 0.035062, 0.034263, 0.034559]",26.704226277283926,24.671484396012406,27.24753514130519,23,optimal,nan,53.74835205078125,34.748812675476074,27.90986967050526,27.906265755826574,0.0001291268902804437,0.026685630739626376,0.008762648987679785,1.0,1.0,0.07759699624530664,0.1440185830429733,9,2,1e-07,1e-05,1000,800.0,800.0,800.0,0.0,800.0,1.0,63.0,1.084010840108401,2.280704773850651,1.0
primary,x86_64,none,0.3.0,2.4.4,32,8,one_giant,800,1600,0.4,0,0.9975,1,[800],powerlaw,1,0,0,738,737,"[63, 1, 1, 1, 1, 1, 1, 1, 1, 1, 1, 1, 1, 1, 1, 1, 1, 1, 1, 1, 1, 1, 1, 1, 1, 1, 1, 1, 1, 1, 1, 1, 1, 1, 1, 1, 1, 1, 1, 1, 1, 1, 1, 1, 1, 1, 1, 1, 1, 1, 1, 1, 1, 1, 1, 1, 1, 1, 1, 1, 1, 1, 1, 1, 1, 1, 1, 1, 1, 1, 1, 1, 1, 1, 1, 1, 1, 1, 1, 1, 1, 1, 1, 1, 1, 1, 1, 1, 1, 1, 1, 1, 1, 1, 1, 1, 1, 1, 1, 1, 1, 1, 1, 1, 1, 1, 1, 1, 1, 1, 1, 1, 1, 1, 1, 1, 1, 1, 1, 1, 1, 1, 1, 1, 1, 1, 1, 1, 1, 1, 1, 1, 1, 1, 1, 1, 1, 1, 1, 1, 1, 1, 1, 1, 1, 1, 1, 1, 1, 1, 1, 1, 1, 1, 1, 1, 1, 1, 1, 1, 1, 1, 1, 1, 1, 1, 1, 1, 1, 1, 1, 1, 1, 1, 1, 1, 1, 1, 1, 1, 1, 1, 1, 1, 1, 1, 1, 1, 1, 1, 1, 1, 1, 1, 1, 1, 1, 1, 1, 1]",0.6333159409987275,0.633482954777719,0.6302419940002437,0.6378348419984832,0.0025718322946074366,"[0.63683, 0.633899, 0.632187, 0.632313, 0.630242, 0.637835, 0.633316, 0.630559, 0.634166]",0.03456378400005633,0.03465481077768749,0.034162473000833415,0.035315351000463124,0.00036758320935640775,"[0.035315, 0.034971, 0.034915, 0.03474, 0.03442, 0.034539, 0.034267, 0.034564, 0.034162]",18.32310782284993,17.84612006240512,18.67062849878938,18,optimal,nan,53.74835205078125,34.74898433685303,28.651947263908436,28.64859911603253,0.0001168558578259489,0.024968831177125672,0.008194291257870589,1.0,1.0,0.07759699624530664,0.1440185830429733,9,2,1e-07,1e-05,1000,800.0,800.0,800.0,0.0,800.0,1.0,63.0,1.084010840108401,2.280704773850651,1.0
primary,x86_64,none,0.3.0,2.4.4,32,8,one_giant,800,4000,0.05,0,0.9975,1,[800],powerlaw,1,0,0,487,366,"[109, 10, 8, 8, 7, 7, 6, 5, 5, 5, 5, 5, 4, 4, 4, 4, 4, 4, 4, 4, 4, 3, 3, 3, 3, 3, 3, 3, 3, 3, 3, 3, 3, 3, 3, 3, 3, 3, 3, 2, 2, 2, 2, 2, 2, 2, 2, 2, 2, 2, 2, 2, 2, 2, 2, 2, 2, 2, 2, 2, 2, 2, 2, 2, 2, 2, 2, 2, 2, 2, 2, 2, 2, 2, 2, 2, 2, 2, 2, 2, 2, 2, 2, 2, 2, 2, 2, 2, 2, 2, 2, 2, 2, 2, 2, 2, 2, 2, 2, 2, 2, 2, 2, 2, 2, 2, 2, 2, 2, 2, 2, 2, 2, 2, 2, 2, 2, 2, 2, 2, 2, 1, 1, 1, 1, 1, 1, 1, 1, 1, 1, 1, 1, 1, 1, 1, 1, 1, 1, 1, 1, 1, 1, 1, 1, 1, 1, 1, 1, 1, 1, 1, 1, 1, 1, 1, 1, 1, 1, 1, 1, 1, 1, 1, 1, 1, 1, 1, 1, 1, 1, 1, 1, 1, 1, 1, 1, 1, 1, 1, 1, 1, 1, 1, 1, 1, 1, 1, 1, 1, 1, 1, 1, 1, 1, 1, 1, 1, 1, 1]",0.771328873001039,0.7789663092223944,0.7657936319992587,0.8408423170003516,0.024044534214216547,"[0.765942, 0.772612, 0.772731, 0.766367, 0.765794, 0.768795, 0.771329, 0.786284, 0.840842]",0.08303927999986627,0.08320431644420347,0.08178666800085921,0.08464927299974079,0.0009352024157616102,"[0.081787, 0.084324, 0.082479, 0.082506, 0.083039, 0.08315, 0.084649, 0.082963, 0.083942]",9.288723035679997,9.046665197013608,10.280921543246121,22,optimal,nan,53.74835205078125,34.860777854919434,22.10509699587492,22.10499692279084,4.527149738336414e-06,0.002455011781202096,0.0008575083524343472,0.999975,0.9297124600638977,0.3642052565707134,0.5233812949640289,9,2,1e-07,1e-05,1000,800.0,800.0,800.0,0.0,800.0,1.0,109.0,1.6427104722792607,4.975057215354462,1.0
primary,x86_64,none,0.3.0,2.4.4,32,8,one_giant,800,4000,0.1,0,0.9975,1,[800],powerlaw,1,0,0,738,737,"[63, 1, 1, 1, 1, 1, 1, 1, 1, 1, 1, 1, 1, 1, 1, 1, 1, 1, 1, 1, 1, 1, 1, 1, 1, 1, 1, 1, 1, 1, 1, 1, 1, 1, 1, 1, 1, 1, 1, 1, 1, 1, 1, 1, 1, 1, 1, 1, 1, 1, 1, 1, 1, 1, 1, 1, 1, 1, 1, 1, 1, 1, 1, 1, 1, 1, 1, 1, 1, 1, 1, 1, 1, 1, 1, 1, 1, 1, 1, 1, 1, 1, 1, 1, 1, 1, 1, 1, 1, 1, 1, 1, 1, 1, 1, 1, 1, 1, 1, 1, 1, 1, 1, 1, 1, 1, 1, 1, 1, 1, 1, 1, 1, 1, 1, 1, 1, 1, 1, 1, 1, 1, 1, 1, 1, 1, 1, 1, 1, 1, 1, 1, 1, 1, 1, 1, 1, 1, 1, 1, 1, 1, 1, 1, 1, 1, 1, 1, 1, 1, 1, 1, 1, 1, 1, 1, 1, 1, 1, 1, 1, 1, 1, 1, 1, 1, 1, 1, 1, 1, 1, 1, 1, 1, 1, 1, 1, 1, 1, 1, 1, 1, 1, 1, 1, 1, 1, 1, 1, 1, 1, 1, 1, 1, 1, 1, 1, 1, 1, 1]",0.7674843719996716,0.7757609786662619,0.7601681690011901,0.8224034019985993,0.0195705348222467,"[0.765844, 0.766863, 0.766031, 0.769113, 0.767484, 0.772395, 0.822403, 0.791546, 0.760168]",0.036476540999501594,0.03628683555547872,0.03531535199908831,0.036898037000355544,0.0005519102576496832,"[0.036477, 0.03651, 0.036898, 0.035955, 0.03674, 0.036208, 0.036834, 0.035644, 0.035315]",21.040492079831754,20.60185936162038,23.28741908107925,22,optimal,nan,53.74835205078125,34.748910903930664,24.01722356987532,24.017203386389703,8.403754729738854e-07,0.00212784189903914,0.0007432282044674694,1.0,1.0,0.07759699624530664,0.1440185830429733,9,2,1e-07,1e-05,1000,800.0,800.0,800.0,0.0,800.0,1.0,63.0,1.084010840108401,2.280704773850651,1.0
primary,x86_64,none,0.3.0,2.4.4,32,8,one_giant,800,4000,0.15,0,0.9975,1,[800],powerlaw,1,0,0,738,737,"[63, 1, 1, 1, 1, 1, 1, 1, 1, 1, 1, 1, 1, 1, 1, 1, 1, 1, 1, 1, 1, 1, 1, 1, 1, 1, 1, 1, 1, 1, 1, 1, 1, 1, 1, 1, 1, 1, 1, 1, 1, 1, 1, 1, 1, 1, 1, 1, 1, 1, 1, 1, 1, 1, 1, 1, 1, 1, 1, 1, 1, 1, 1, 1, 1, 1, 1, 1, 1, 1, 1, 1, 1, 1, 1, 1, 1, 1, 1, 1, 1, 1, 1, 1, 1, 1, 1, 1, 1, 1, 1, 1, 1, 1, 1, 1, 1, 1, 1, 1, 1, 1, 1, 1, 1, 1, 1, 1, 1, 1, 1, 1, 1, 1, 1, 1, 1, 1, 1, 1, 1, 1, 1, 1, 1, 1, 1, 1, 1, 1, 1, 1, 1, 1, 1, 1, 1, 1, 1, 1, 1, 1, 1, 1, 1, 1, 1, 1, 1, 1, 1, 1, 1, 1, 1, 1, 1, 1, 1, 1, 1, 1, 1, 1, 1, 1, 1, 1, 1, 1, 1, 1, 1, 1, 1, 1, 1, 1, 1, 1, 1, 1, 1, 1, 1, 1, 1, 1, 1, 1, 1, 1, 1, 1, 1, 1, 1, 1, 1, 1]",0.9702187769999,0.9899385423331195,0.9638025519998337,1.0717694049999409,0.04277539545838186,"[1.058081, 0.972388, 1.071769, 0.964611, 0.973628, 0.968314, 0.966634, 0.963803, 0.970219]",0.034859425000831834,0.03491667966672038,0.03438687500056403,0.035537379000743385,0.0003068064968682191,"[0.034825, 0.035537, 0.035026, 0.034859, 0.034908, 0.034387, 0.034833, 0.035104, 0.03477]",27.83232302244653,27.12081135695664,31.16797920667002,23,optimal,nan,53.74835205078125,34.74903964996338,25.558213805100173,25.558201790681437,4.700805317596386e-07,0.0010946479667293119,0.0003823060249252368,1.0,1.0,0.07759699624530664,0.1440185830429733,9,2,1e-07,1e-05,1000,800.0,800.0,800.0,0.0,800.0,1.0,63.0,1.084010840108401,2.280704773850651,1.0
primary,x86_64,none,0.3.0,2.4.4,32,8,one_giant,800,4000,0.2,0,0.9975,1,[800],powerlaw,1,0,0,738,737,"[63, 1, 1, 1, 1, 1, 1, 1, 1, 1, 1, 1, 1, 1, 1, 1, 1, 1, 1, 1, 1, 1, 1, 1, 1, 1, 1, 1, 1, 1, 1, 1, 1, 1, 1, 1, 1, 1, 1, 1, 1, 1, 1, 1, 1, 1, 1, 1, 1, 1, 1, 1, 1, 1, 1, 1, 1, 1, 1, 1, 1, 1, 1, 1, 1, 1, 1, 1, 1, 1, 1, 1, 1, 1, 1, 1, 1, 1, 1, 1, 1, 1, 1, 1, 1, 1, 1, 1, 1, 1, 1, 1, 1, 1, 1, 1, 1, 1, 1, 1, 1, 1, 1, 1, 1, 1, 1, 1, 1, 1, 1, 1, 1, 1, 1, 1, 1, 1, 1, 1, 1, 1, 1, 1, 1, 1, 1, 1, 1, 1, 1, 1, 1, 1, 1, 1, 1, 1, 1, 1, 1, 1, 1, 1, 1, 1, 1, 1, 1, 1, 1, 1, 1, 1, 1, 1, 1, 1, 1, 1, 1, 1, 1, 1, 1, 1, 1, 1, 1, 1, 1, 1, 1, 1, 1, 1, 1, 1, 1, 1, 1, 1, 1, 1, 1, 1, 1, 1, 1, 1, 1, 1, 1, 1, 1, 1, 1, 1, 1, 1]",1.0576154959999258,1.1238808608890798,0.9334418520011241,1.4205500869993557,0.17585837735590346,"[0.933442, 1.057615, 1.076192, 1.298631, 1.42055, 1.321026, 0.975027, 1.045565, 0.986878]",0.034295453000595444,0.034925519221764664,0.03407105199949001,0.038988889999018284,0.0015647980479244685,"[0.038989, 0.034686, 0.034257, 0.035229, 0.034184, 0.034295, 0.034071, 0.034459, 0.034159]",30.838359125379196,23.941226642374982,41.69375477518625,22,optimal,nan,53.74835205078125,34.74881362915039,26.919057205757486,26.915831424998963,0.00011983260534968756,0.015011067623074581,0.005268223631764279,1.0,1.0,0.07759699624530664,0.1440185830429733,9,2,1e-07,1e-05,1000,800.0,800.0,800.0,0.0,800.0,1.0,63.0,1.084010840108401,2.280704773850651,1.0
primary,x86_64,none,0.3.0,2.4.4,32,8,one_giant,800,4000,0.25,0,0.9975,1,[800],powerlaw,1,0,0,738,737,"[63, 1, 1, 1, 1, 1, 1, 1, 1, 1, 1, 1, 1, 1, 1, 1, 1, 1, 1, 1, 1, 1, 1, 1, 1, 1, 1, 1, 1, 1, 1, 1, 1, 1, 1, 1, 1, 1, 1, 1, 1, 1, 1, 1, 1, 1, 1, 1, 1, 1, 1, 1, 1, 1, 1, 1, 1, 1, 1, 1, 1, 1, 1, 1, 1, 1, 1, 1, 1, 1, 1, 1, 1, 1, 1, 1, 1, 1, 1, 1, 1, 1, 1, 1, 1, 1, 1, 1, 1, 1, 1, 1, 1, 1, 1, 1, 1, 1, 1, 1, 1, 1, 1, 1, 1, 1, 1, 1, 1, 1, 1, 1, 1, 1, 1, 1, 1, 1, 1, 1, 1, 1, 1, 1, 1, 1, 1, 1, 1, 1, 1, 1, 1, 1, 1, 1, 1, 1, 1, 1, 1, 1, 1, 1, 1, 1, 1, 1, 1, 1, 1, 1, 1, 1, 1, 1, 1, 1, 1, 1, 1, 1, 1, 1, 1, 1, 1, 1, 1, 1, 1, 1, 1, 1, 1, 1, 1, 1, 1, 1, 1, 1, 1, 1, 1, 1, 1, 1, 1, 1, 1, 1, 1, 1, 1, 1, 1, 1, 1, 1]",0.6739481120002893,0.6766303766663542,0.6333231070002512,0.7496189460016467,0.03474608234676396,"[0.749619, 0.657176, 0.660223, 0.646023, 0.633323, 0.673948, 0.679772, 0.704644, 0.684946]",0.037395520999780274,0.03720805755518894,0.0359980560006079,0.03850684300050489,0.0008041395831980464,"[0.038507, 0.035998, 0.03769, 0.037859, 0.037561, 0.036938, 0.036568, 0.037396, 0.036357]",18.02216131724035,16.447027532014175,20.823872988835504,18,optimal,nan,53.74835205078125,34.74875736236572,28.102984442105253,28.101142939707074,6.552693369533343e-05,0.011423162636714501,0.004003985192155019,1.0,1.0,0.07759699624530664,0.1440185830429733,9,2,1e-07,1e-05,1000,800.0,800.0,800.0,0.0,800.0,1.0,63.0,1.084010840108401,2.280704773850651,1.0
primary,x86_64,none,0.3.0,2.4.4,32,8,one_giant,800,4000,0.3,0,0.9975,1,[800],powerlaw,1,0,0,738,737,"[63, 1, 1, 1, 1, 1, 1, 1, 1, 1, 1, 1, 1, 1, 1, 1, 1, 1, 1, 1, 1, 1, 1, 1, 1, 1, 1, 1, 1, 1, 1, 1, 1, 1, 1, 1, 1, 1, 1, 1, 1, 1, 1, 1, 1, 1, 1, 1, 1, 1, 1, 1, 1, 1, 1, 1, 1, 1, 1, 1, 1, 1, 1, 1, 1, 1, 1, 1, 1, 1, 1, 1, 1, 1, 1, 1, 1, 1, 1, 1, 1, 1, 1, 1, 1, 1, 1, 1, 1, 1, 1, 1, 1, 1, 1, 1, 1, 1, 1, 1, 1, 1, 1, 1, 1, 1, 1, 1, 1, 1, 1, 1, 1, 1, 1, 1, 1, 1, 1, 1, 1, 1, 1, 1, 1, 1, 1, 1, 1, 1, 1, 1, 1, 1, 1, 1, 1, 1, 1, 1, 1, 1, 1, 1, 1, 1, 1, 1, 1, 1, 1, 1, 1, 1, 1, 1, 1, 1, 1, 1, 1, 1, 1, 1, 1, 1, 1, 1, 1, 1, 1, 1, 1, 1, 1, 1, 1, 1, 1, 1, 1, 1, 1, 1, 1, 1, 1, 1, 1, 1, 1, 1, 1, 1, 1, 1, 1, 1, 1, 1]",0.9247804490005365,0.9101336612222641,0.8102798199997778,1.1000618649995886,0.09323290078323607,"[0.818627, 0.92478, 0.814382, 0.81028, 0.927166, 0.96229, 1.100062, 0.953137, 0.88048]",0.03692653300095117,0.03756240400030543,0.03469557800053735,0.04252113900110999,0.0025907486688031243,"[0.036927, 0.038971, 0.034712, 0.034696, 0.036257, 0.035714, 0.042521, 0.038726, 0.039537]",25.043793008585876,19.055929333845597,31.70611151030691,18,optimal,nan,53.74835205078125,34.74875736236572,29.125165468067166,29.12333652471086,6.279598165064656e-05,0.011423265145400485,0.0040040212668129216,1.0,1.0,0.07759699624530664,0.1440185830429733,9,2,1e-07,1e-05,1000,800.0,800.0,800.0,0.0,800.0,1.0,63.0,1.084010840108401,2.280704773850651,1.0
primary,x86_64,none,0.3.0,2.4.4,32,8,one_giant,800,4000,0.35,0,0.9975,1,[800],powerlaw,1,0,0,738,737,"[63, 1, 1, 1, 1, 1, 1, 1, 1, 1, 1, 1, 1, 1, 1, 1, 1, 1, 1, 1, 1, 1, 1, 1, 1, 1, 1, 1, 1, 1, 1, 1, 1, 1, 1, 1, 1, 1, 1, 1, 1, 1, 1, 1, 1, 1, 1, 1, 1, 1, 1, 1, 1, 1, 1, 1, 1, 1, 1, 1, 1, 1, 1, 1, 1, 1, 1, 1, 1, 1, 1, 1, 1, 1, 1, 1, 1, 1, 1, 1, 1, 1, 1, 1, 1, 1, 1, 1, 1, 1, 1, 1, 1, 1, 1, 1, 1, 1, 1, 1, 1, 1, 1, 1, 1, 1, 1, 1, 1, 1, 1, 1, 1, 1, 1, 1, 1, 1, 1, 1, 1, 1, 1, 1, 1, 1, 1, 1, 1, 1, 1, 1, 1, 1, 1, 1, 1, 1, 1, 1, 1, 1, 1, 1, 1, 1, 1, 1, 1, 1, 1, 1, 1, 1, 1, 1, 1, 1, 1, 1, 1, 1, 1, 1, 1, 1, 1, 1, 1, 1, 1, 1, 1, 1, 1, 1, 1, 1, 1, 1, 1, 1, 1, 1, 1, 1, 1, 1, 1, 1, 1, 1, 1, 1, 1, 1, 1, 1, 1, 1]",0.6669061899992812,0.6901535906666444,0.6381804089996876,0.7841043879998324,0.0501537150887366,"[0.74285, 0.784104, 0.685457, 0.726607, 0.666906, 0.640079, 0.66575, 0.661449, 0.63818]",0.03450679600064177,0.0345950524444763,0.034112608000214095,0.035352160999536864,0.00037047155934819275,"[0.035352, 0.034877, 0.034673, 0.034274, 0.03449, 0.034338, 0.034731, 0.034113, 0.034507]",19.32680710161783,18.052090479222706,22.985764911170417,18,optimal,nan,53.74835205078125,34.74905300140381,29.992313116326205,29.990024844674487,7.629527081965761e-05,0.012645765560248545,0.004434425686719399,1.0,1.0,0.07759699624530664,0.1440185830429733,9,2,1e-07,1e-05,1000,800.0,800.0,800.0,0.0,800.0,1.0,63.0,1.084010840108401,2.280704773850651,1.0
primary,x86_64,none,0.3.0,2.4.4,32,8,one_giant,800,4000,0.4,0,0.9975,1,[800],powerlaw,1,0,0,738,737,"[63, 1, 1, 1, 1, 1, 1, 1, 1, 1, 1, 1, 1, 1, 1, 1, 1, 1, 1, 1, 1, 1, 1, 1, 1, 1, 1, 1, 1, 1, 1, 1, 1, 1, 1, 1, 1, 1, 1, 1, 1, 1, 1, 1, 1, 1, 1, 1, 1, 1, 1, 1, 1, 1, 1, 1, 1, 1, 1, 1, 1, 1, 1, 1, 1, 1, 1, 1, 1, 1, 1, 1, 1, 1, 1, 1, 1, 1, 1, 1, 1, 1, 1, 1, 1, 1, 1, 1, 1, 1, 1, 1, 1, 1, 1, 1, 1, 1, 1, 1, 1, 1, 1, 1, 1, 1, 1, 1, 1, 1, 1, 1, 1, 1, 1, 1, 1, 1, 1, 1, 1, 1, 1, 1, 1, 1, 1, 1, 1, 1, 1, 1, 1, 1, 1, 1, 1, 1, 1, 1, 1, 1, 1, 1, 1, 1, 1, 1, 1, 1, 1, 1, 1, 1, 1, 1, 1, 1, 1, 1, 1, 1, 1, 1, 1, 1, 1, 1, 1, 1, 1, 1, 1, 1, 1, 1, 1, 1, 1, 1, 1, 1, 1, 1, 1, 1, 1, 1, 1, 1, 1, 1, 1, 1, 1, 1, 1, 1, 1, 1]",0.5949658839999756,0.5947908221110588,0.5912211079994449,0.5987201600000844,0.002007407020659833,"[0.594871, 0.595068, 0.594966, 0.593405, 0.591221, 0.59872, 0.595479, 0.595568, 0.59382]",0.03514913100116246,0.035201768555351814,0.03471338899908005,0.03603486499923747,0.00043979718491129127,"[0.035321, 0.035504, 0.035149, 0.035543, 0.034953, 0.034764, 0.036035, 0.034832, 0.034713]",16.926901663096558,16.40691891067042,17.247528324473052,17,optimal,nan,53.74835205078125,34.748849868774414,30.70916844564665,30.70743731693715,5.637172209873407e-05,0.011106955764245363,0.0038927186192840796,1.0,1.0,0.07759699624530664,0.1440185830429733,9,2,1e-07,1e-05,1000,800.0,800.0,800.0,0.0,800.0,1.0,63.0,1.084010840108401,2.280704773850651,1.0
primary,x86_64,none,0.3.0,2.4.4,32,8,one_giant,800,8000,0.05,0,0.9975,1,[800],powerlaw,1,0,0,501,368,"[78, 10, 8, 7, 7, 7, 6, 6, 5, 5, 5, 5, 5, 4, 4, 4, 4, 4, 4, 4, 4, 4, 3, 3, 3, 3, 3, 3, 3, 3, 3, 3, 3, 3, 3, 3, 3, 3, 3, 3, 3, 3, 2, 2, 2, 2, 2, 2, 2, 2, 2, 2, 2, 2, 2, 2, 2, 2, 2, 2, 2, 2, 2, 2, 2, 2, 2, 2, 2, 2, 2, 2, 2, 2, 2, 2, 2, 2, 2, 2, 2, 2, 2, 2, 2, 2, 2, 2, 2, 2, 2, 2, 2, 2, 2, 2, 2, 2, 2, 2, 2, 2, 2, 2, 2, 2, 2, 2, 2, 2, 2, 2, 2, 2, 2, 2, 2, 2, 2, 2, 2, 2, 2, 2, 2, 2, 2, 2, 2, 2, 2, 2, 2, 1, 1, 1, 1, 1, 1, 1, 1, 1, 1, 1, 1, 1, 1, 1, 1, 1, 1, 1, 1, 1, 1, 1, 1, 1, 1, 1, 1, 1, 1, 1, 1, 1, 1, 1, 1, 1, 1, 1, 1, 1, 1, 1, 1, 1, 1, 1, 1, 1, 1, 1, 1, 1, 1, 1, 1, 1, 1, 1, 1, 1, 1, 1, 1, 1, 1, 1]",0.7997911499987822,0.8114709817776505,0.7697343890013144,0.9038434489993961,0.04464770164876878,"[0.903843, 0.824213, 0.854805, 0.769734, 0.77562, 0.775807, 0.817911, 0.781514, 0.799791]",0.0747720470008062,0.07510713266674429,0.07213146899994172,0.07728676999977324,0.001660739183116519,"[0.072131, 0.074252, 0.073622, 0.07477, 0.074772, 0.076551, 0.076744, 0.077287, 0.075836]",10.69639232947787,9.959458637016048,12.530501063275537,22,optimal,nan,53.74835205078125,34.830586433410645,22.380530125853944,22.380485227031613,2.006155443087383e-06,0.00437996102036875,0.0015502223422637308,0.999996875,0.9966555183946488,0.37296620775969963,0.5428051001821494,9,2,1e-07,1e-05,1000,800.0,800.0,800.0,0.0,800.0,1.0,78.0,1.596806387225549,3.565904993629518,1.0
primary,x86_64,none,0.3.0,2.4.4,32,8,one_giant,800,8000,0.1,0,0.9975,1,[800],powerlaw,1,0,0,738,737,"[63, 1, 1, 1, 1, 1, 1, 1, 1, 1, 1, 1, 1, 1, 1, 1, 1, 1, 1, 1, 1, 1, 1, 1, 1, 1, 1, 1, 1, 1, 1, 1, 1, 1, 1, 1, 1, 1, 1, 1, 1, 1, 1, 1, 1, 1, 1, 1, 1, 1, 1, 1, 1, 1, 1, 1, 1, 1, 1, 1, 1, 1, 1, 1, 1, 1, 1, 1, 1, 1, 1, 1, 1, 1, 1, 1, 1, 1, 1, 1, 1, 1, 1, 1, 1, 1, 1, 1, 1, 1, 1, 1, 1, 1, 1, 1, 1, 1, 1, 1, 1, 1, 1, 1, 1, 1, 1, 1, 1, 1, 1, 1, 1, 1, 1, 1, 1, 1, 1, 1, 1, 1, 1, 1, 1, 1, 1, 1, 1, 1, 1, 1, 1, 1, 1, 1, 1, 1, 1, 1, 1, 1, 1, 1, 1, 1, 1, 1, 1, 1, 1, 1, 1, 1, 1, 1, 1, 1, 1, 1, 1, 1, 1, 1, 1, 1, 1, 1, 1, 1, 1, 1, 1, 1, 1, 1, 1, 1, 1, 1, 1, 1, 1, 1, 1, 1, 1, 1, 1, 1, 1, 1, 1, 1, 1, 1, 1, 1, 1, 1]",0.7485278510011995,0.7472946321110309,0.7406714179996925,0.752780797000014,0.003974059926301334,"[0.740671, 0.744026, 0.742767, 0.748528, 0.752781, 0.747937, 0.748897, 0.750974, 0.749072]",0.036069297000722145,0.036779572222561306,0.03541152700017847,0.04001710300144623,0.0016004586725782428,"[0.035943, 0.036249, 0.036069, 0.035533, 0.035897, 0.035412, 0.038839, 0.040017, 0.037057]",20.75249348458921,18.50887151858355,21.25807218073991,21,optimal,nan,53.74835205078125,34.7489652633667,24.25633629213769,24.256281030755098,2.278224622471998e-06,0.0027000227175635327,0.0009557355314354432,1.0,1.0,0.07759699624530664,0.1440185830429733,9,2,1e-07,1e-05,1000,800.0,800.0,800.0,0.0,800.0,1.0,63.0,1.084010840108401,2.280704773850651,1.0
primary,x86_64,none,0.3.0,2.4.4,32,8,one_giant,800,8000,0.15,0,0.9975,1,[800],powerlaw,1,0,0,738,737,"[63, 1, 1, 1, 1, 1, 1, 1, 1, 1, 1, 1, 1, 1, 1, 1, 1, 1, 1, 1, 1, 1, 1, 1, 1, 1, 1, 1, 1, 1, 1, 1, 1, 1, 1, 1, 1, 1, 1, 1, 1, 1, 1, 1, 1, 1, 1, 1, 1, 1, 1, 1, 1, 1, 1, 1, 1, 1, 1, 1, 1, 1, 1, 1, 1, 1, 1, 1, 1, 1, 1, 1, 1, 1, 1, 1, 1, 1, 1, 1, 1, 1, 1, 1, 1, 1, 1, 1, 1, 1, 1, 1, 1, 1, 1, 1, 1, 1, 1, 1, 1, 1, 1, 1, 1, 1, 1, 1, 1, 1, 1, 1, 1, 1, 1, 1, 1, 1, 1, 1, 1, 1, 1, 1, 1, 1, 1, 1, 1, 1, 1, 1, 1, 1, 1, 1, 1, 1, 1, 1, 1, 1, 1, 1, 1, 1, 1, 1, 1, 1, 1, 1, 1, 1, 1, 1, 1, 1, 1, 1, 1, 1, 1, 1, 1, 1, 1, 1, 1, 1, 1, 1, 1, 1, 1, 1, 1, 1, 1, 1, 1, 1, 1, 1, 1, 1, 1, 1, 1, 1, 1, 1, 1, 1, 1, 1, 1, 1, 1, 1]",0.8186052829987602,0.8267829483334531,0.8129418110002007,0.890449428001375,0.02433470885867315,"[0.812942, 0.813918, 0.816943, 0.81733, 0.818605, 0.819312, 0.822945, 0.828602, 0.890449]",0.03466352299983555,0.03475085555570937,0.03391670400014846,0.03609898099966813,0.000691687895215033,"[0.034553, 0.036099, 0.034751, 0.034664, 0.035578, 0.03477, 0.034261, 0.033917, 0.034165]",23.61575547305575,22.519799409508938,26.25400829035385,21,optimal,nan,53.74835205078125,34.748756408691406,25.7895752765862,25.78955702966482,7.075308989238188e-07,0.001200088095395735,0.00042479897728080163,1.0,1.0,0.07759699624530664,0.1440185830429733,9,2,1e-07,1e-05,1000,800.0,800.0,800.0,0.0,800.0,1.0,63.0,1.084010840108401,2.280704773850651,1.0
primary,x86_64,none,0.3.0,2.4.4,32,8,one_giant,800,8000,0.2,0,0.9975,1,[800],powerlaw,1,0,0,738,737,"[63, 1, 1, 1, 1, 1, 1, 1, 1, 1, 1, 1, 1, 1, 1, 1, 1, 1, 1, 1, 1, 1, 1, 1, 1, 1, 1, 1, 1, 1, 1, 1, 1, 1, 1, 1, 1, 1, 1, 1, 1, 1, 1, 1, 1, 1, 1, 1, 1, 1, 1, 1, 1, 1, 1, 1, 1, 1, 1, 1, 1, 1, 1, 1, 1, 1, 1, 1, 1, 1, 1, 1, 1, 1, 1, 1, 1, 1, 1, 1, 1, 1, 1, 1, 1, 1, 1, 1, 1, 1, 1, 1, 1, 1, 1, 1, 1, 1, 1, 1, 1, 1, 1, 1, 1, 1, 1, 1, 1, 1, 1, 1, 1, 1, 1, 1, 1, 1, 1, 1, 1, 1, 1, 1, 1, 1, 1, 1, 1, 1, 1, 1, 1, 1, 1, 1, 1, 1, 1, 1, 1, 1, 1, 1, 1, 1, 1, 1, 1, 1, 1, 1, 1, 1, 1, 1, 1, 1, 1, 1, 1, 1, 1, 1, 1, 1, 1, 1, 1, 1, 1, 1, 1, 1, 1, 1, 1, 1, 1, 1, 1, 1, 1, 1, 1, 1, 1, 1, 1, 1, 1, 1, 1, 1, 1, 1, 1, 1, 1, 1]",0.6679059390007751,0.6672824694447222,0.6619468280005094,0.6697462699994503,0.002394496005980847,"[0.661947, 0.666295, 0.665756, 0.667906, 0.668557, 0.669746, 0.668557, 0.669373, 0.667406]",0.03442487400025129,0.03438687933319468,0.03379203700023936,0.034917606999442796,0.00035091897833852275,"[0.033992, 0.034918, 0.034527, 0.03461, 0.034425, 0.034351, 0.034675, 0.034192, 0.033792]",19.401841209234334,18.95739384463181,19.819647747033013,17,optimal,nan,53.74835205078125,34.74875736236572,27.141125386783823,27.13760479089915,0.00012971444015315065,0.013713334393168797,0.004875748744767481,1.0,1.0,0.07759699624530664,0.1440185830429733,9,2,1e-07,1e-05,1000,800.0,800.0,800.0,0.0,800.0,1.0,63.0,1.084010840108401,2.280704773850651,1.0
primary,x86_64,none,0.3.0,2.4.4,32,8,one_giant,800,8000,0.25,0,0.9975,1,[800],powerlaw,1,0,0,738,737,"[63, 1, 1, 1, 1, 1, 1, 1, 1, 1, 1, 1, 1, 1, 1, 1, 1, 1, 1, 1, 1, 1, 1, 1, 1, 1, 1, 1, 1, 1, 1, 1, 1, 1, 1, 1, 1, 1, 1, 1, 1, 1, 1, 1, 1, 1, 1, 1, 1, 1, 1, 1, 1, 1, 1, 1, 1, 1, 1, 1, 1, 1, 1, 1, 1, 1, 1, 1, 1, 1, 1, 1, 1, 1, 1, 1, 1, 1, 1, 1, 1, 1, 1, 1, 1, 1, 1, 1, 1, 1, 1, 1, 1, 1, 1, 1, 1, 1, 1, 1, 1, 1, 1, 1, 1, 1, 1, 1, 1, 1, 1, 1, 1, 1, 1, 1, 1, 1, 1, 1, 1, 1, 1, 1, 1, 1, 1, 1, 1, 1, 1, 1, 1, 1, 1, 1, 1, 1, 1, 1, 1, 1, 1, 1, 1, 1, 1, 1, 1, 1, 1, 1, 1, 1, 1, 1, 1, 1, 1, 1, 1, 1, 1, 1, 1, 1, 1, 1, 1, 1, 1, 1, 1, 1, 1, 1, 1, 1, 1, 1, 1, 1, 1, 1, 1, 1, 1, 1, 1, 1, 1, 1, 1, 1, 1, 1, 1, 1, 1, 1]",0.6297374820005643,0.6302845687779255,0.6272904370016477,0.6338918799992825,0.0022085026441651372,"[0.63218, 0.633892, 0.629331, 0.631752, 0.629737, 0.631611, 0.62729, 0.627642, 0.629125]",0.034262211998793646,0.03430271211113399,0.03367686699857586,0.034865364999859594,0.0004158290136311388,"[0.034262, 0.034799, 0.034865, 0.034291, 0.034062, 0.033677, 0.034686, 0.034248, 0.033835]",18.379942369825308,17.991793202342034,18.82276875773773,16,optimal,nan,53.74835205078125,34.748887062072754,28.311862525075412,28.31152300672136,1.1992088254618316e-05,0.004543734220586959,0.0016102658151635803,1.0,1.0,0.07759699624530664,0.1440185830429733,9,2,1e-07,1e-05,1000,800.0,800.0,800.0,0.0,800.0,1.0,63.0,1.084010840108401,2.280704773850651,1.0
primary,x86_64,none,0.3.0,2.4.4,32,8,one_giant,800,8000,0.3,0,0.9975,1,[800],powerlaw,1,0,0,738,737,"[63, 1, 1, 1, 1, 1, 1, 1, 1, 1, 1, 1, 1, 1, 1, 1, 1, 1, 1, 1, 1, 1, 1, 1, 1, 1, 1, 1, 1, 1, 1, 1, 1, 1, 1, 1, 1, 1, 1, 1, 1, 1, 1, 1, 1, 1, 1, 1, 1, 1, 1, 1, 1, 1, 1, 1, 1, 1, 1, 1, 1, 1, 1, 1, 1, 1, 1, 1, 1, 1, 1, 1, 1, 1, 1, 1, 1, 1, 1, 1, 1, 1, 1, 1, 1, 1, 1, 1, 1, 1, 1, 1, 1, 1, 1, 1, 1, 1, 1, 1, 1, 1, 1, 1, 1, 1, 1, 1, 1, 1, 1, 1, 1, 1, 1, 1, 1, 1, 1, 1, 1, 1, 1, 1, 1, 1, 1, 1, 1, 1, 1, 1, 1, 1, 1, 1, 1, 1, 1, 1, 1, 1, 1, 1, 1, 1, 1, 1, 1, 1, 1, 1, 1, 1, 1, 1, 1, 1, 1, 1, 1, 1, 1, 1, 1, 1, 1, 1, 1, 1, 1, 1, 1, 1, 1, 1, 1, 1, 1, 1, 1, 1, 1, 1, 1, 1, 1, 1, 1, 1, 1, 1, 1, 1, 1, 1, 1, 1, 1, 1]",0.6278627240008063,0.6440667392222773,0.6004216080000333,0.7438676860001578,0.048795962562168324,"[0.600422, 0.604056, 0.694353, 0.627863, 0.666359, 0.743868, 0.633377, 0.601567, 0.624737]",0.03484162000131619,0.03474531577780403,0.03418503700049769,0.035219184999732533,0.0003707011193512714,"[0.034463, 0.035219, 0.03518, 0.035002, 0.034842, 0.034881, 0.034618, 0.034185, 0.034318]",18.02048021811523,17.048140324785855,21.760037468712646,15,optimal,nan,53.74835205078125,34.74880027770996,29.322034890434043,29.320531421751184,5.1274363749894786e-05,0.009102189753652734,0.00323096832884566,1.0,1.0,0.07759699624530664,0.1440185830429733,9,2,1e-07,1e-05,1000,800.0,800.0,800.0,0.0,800.0,1.0,63.0,1.084010840108401,2.280704773850651,1.0
primary,x86_64,none,0.3.0,2.4.4,32,8,one_giant,800,8000,0.35,0,0.9975,1,[800],powerlaw,1,0,0,738,737,"[63, 1, 1, 1, 1, 1, 1, 1, 1, 1, 1, 1, 1, 1, 1, 1, 1, 1, 1, 1, 1, 1, 1, 1, 1, 1, 1, 1, 1, 1, 1, 1, 1, 1, 1, 1, 1, 1, 1, 1, 1, 1, 1, 1, 1, 1, 1, 1, 1, 1, 1, 1, 1, 1, 1, 1, 1, 1, 1, 1, 1, 1, 1, 1, 1, 1, 1, 1, 1, 1, 1, 1, 1, 1, 1, 1, 1, 1, 1, 1, 1, 1, 1, 1, 1, 1, 1, 1, 1, 1, 1, 1, 1, 1, 1, 1, 1, 1, 1, 1, 1, 1, 1, 1, 1, 1, 1, 1, 1, 1, 1, 1, 1, 1, 1, 1, 1, 1, 1, 1, 1, 1, 1, 1, 1, 1, 1, 1, 1, 1, 1, 1, 1, 1, 1, 1, 1, 1, 1, 1, 1, 1, 1, 1, 1, 1, 1, 1, 1, 1, 1, 1, 1, 1, 1, 1, 1, 1, 1, 1, 1, 1, 1, 1, 1, 1, 1, 1, 1, 1, 1, 1, 1, 1, 1, 1, 1, 1, 1, 1, 1, 1, 1, 1, 1, 1, 1, 1, 1, 1, 1, 1, 1, 1, 1, 1, 1, 1, 1, 1]",0.6353404099991167,0.6556708554445423,0.5980814260001353,0.7706569729998591,0.05477056860706847,"[0.604052, 0.598081, 0.672197, 0.770657, 0.663366, 0.63534, 0.628615, 0.624572, 0.704157]",0.034179100999608636,0.0348595615551959,0.033638875000178814,0.03679237000142166,0.001203800604933731,"[0.036157, 0.036174, 0.036792, 0.034941, 0.034032, 0.034179, 0.033639, 0.033887, 0.033935]",18.58856410548632,16.255583045534316,22.9097130327861,15,optimal,nan,53.74835205078125,34.749003410339355,30.17413809877503,30.172237787682775,6.297813995656269e-05,0.010111622714642277,0.0035905693109490673,1.0,1.0,0.07759699624530664,0.1440185830429733,9,2,1e-07,1e-05,1000,800.0,800.0,800.0,0.0,800.0,1.0,63.0,1.084010840108401,2.280704773850651,1.0
primary,x86_64,none,0.3.0,2.4.4,32,8,one_giant,800,8000,0.4,0,0.9975,1,[800],powerlaw,1,0,0,738,737,"[63, 1, 1, 1, 1, 1, 1, 1, 1, 1, 1, 1, 1, 1, 1, 1, 1, 1, 1, 1, 1, 1, 1, 1, 1, 1, 1, 1, 1, 1, 1, 1, 1, 1, 1, 1, 1, 1, 1, 1, 1, 1, 1, 1, 1, 1, 1, 1, 1, 1, 1, 1, 1, 1, 1, 1, 1, 1, 1, 1, 1, 1, 1, 1, 1, 1, 1, 1, 1, 1, 1, 1, 1, 1, 1, 1, 1, 1, 1, 1, 1, 1, 1, 1, 1, 1, 1, 1, 1, 1, 1, 1, 1, 1, 1, 1, 1, 1, 1, 1, 1, 1, 1, 1, 1, 1, 1, 1, 1, 1, 1, 1, 1, 1, 1, 1, 1, 1, 1, 1, 1, 1, 1, 1, 1, 1, 1, 1, 1, 1, 1, 1, 1, 1, 1, 1, 1, 1, 1, 1, 1, 1, 1, 1, 1, 1, 1, 1, 1, 1, 1, 1, 1, 1, 1, 1, 1, 1, 1, 1, 1, 1, 1, 1, 1, 1, 1, 1, 1, 1, 1, 1, 1, 1, 1, 1, 1, 1, 1, 1, 1, 1, 1, 1, 1, 1, 1, 1, 1, 1, 1, 1, 1, 1, 1, 1, 1, 1, 1, 1]",0.7102122020005481,0.7223273834444828,0.7033887289999257,0.7869884310002817,0.026554976769058804,"[0.786988, 0.716108, 0.708888, 0.707617, 0.703389, 0.710212, 0.737058, 0.725456, 0.705229]",0.03450798699850566,0.03456352588869373,0.03402118899975903,0.03513844799999788,0.000407426827011517,"[0.034559, 0.035016, 0.035138, 0.034508, 0.03503, 0.034344, 0.034189, 0.034266, 0.034021]",20.58109625552204,20.017637916164315,23.13230237208511,17,optimal,nan,53.74835205078125,34.74880027770996,30.87451980271201,30.87284322403002,5.4302988117735214e-05,0.009844716564348932,0.0034954614417776796,1.0,1.0,0.07759699624530664,0.1440185830429733,9,2,1e-07,1e-05,1000,800.0,800.0,800.0,0.0,800.0,1.0,63.0,1.084010840108401,2.280704773850651,1.0
