machine,cpu,gpu,gglasso,numpy,logical_cores,blas_threads,regime,p,n_samples,lambda,seed,true_sparsity,true_n_blocks,true_sizes_json,gen_style_requested,gen_n_powerlaw,gen_n_erdos,gen_n_direct,detected_n_blocks,detected_singletons,detected_sizes_json,t_admm_median,t_admm_mean,t_admm_min,t_admm_max,t_admm_std,t_admm_trials_json,t_block_median,t_block_mean,t_block_min,t_block_max,t_block_std,t_block_trials_json,algorithmic_speedup,speedup_lo,speedup_hi,admm_iterations,admm_status,block_iterations,admm_peak_mem_mb,block_peak_mem_mb,obj_admm,obj_block,obj_rel_gap,max_abs_error,max_rel_error,support_agreement,support_precision,support_recall,support_f1,trials,warmup,tol,rtol,max_iter,true_block_min,true_block_max,true_block_mean,true_block_std,true_block_median,detected_block_min,detected_block_max,detected_block_mean,detected_block_std,detected_block_median
primary,x86_64,none,0.3.0,2.4.4,32,1,balanced,100,200,0.05,0,0.9808080808080808,5,"[20, 20, 20, 20, 20]",powerlaw,5,0,0,1,0,[100],0.017346951999996918,0.017300777444445557,0.016585870000000114,0.01764259799999479,0.0003061858158232836,"[0.017574, 0.017643, 0.017352, 0.017474, 0.016586, 0.017285, 0.017206, 0.017241, 0.017347]",0.018040354999996566,0.01770315211110882,0.01639708499999415,0.019211067000000526,0.000897701904303744,"[0.016397, 0.017399, 0.01804, 0.018051, 0.018328, 0.01821, 0.019211, 0.016954, 0.016738]",0.9615637829743494,0.8633497556382298,1.0759594159572319,27,optimal,nan,0.9413604736328125,1.4789924621582031,101.52796804483572,101.52796804483572,0.0,0.0,0.0,1.0,0.03413400758533502,0.8526315789473684,0.06564019448946515,9,2,1e-07,1e-05,1000,20.0,20.0,20.0,0.0,20.0,100.0,100.0,100.0,0.0,100.0
primary,x86_64,none,0.3.0,2.4.4,32,1,balanced,100,200,0.1,0,0.9808080808080808,5,"[20, 20, 20, 20, 20]",powerlaw,5,0,0,1,0,[100],0.02894478300000003,0.028293992555554662,0.025775792999993996,0.030380266999998184,0.0018861379076859576,"[0.025776, 0.026063, 0.025827, 0.030362, 0.02929, 0.028939, 0.029064, 0.028945, 0.03038]",0.029892273000001524,0.02928106111110809,0.027460616999988474,0.030158236000005445,0.0011071344272839106,"[0.027589, 0.027461, 0.028573, 0.029892, 0.030101, 0.029912, 0.030158, 0.029706, 0.030137]",0.9683031798886138,0.8546850352914985,1.1063213546880952,46,optimal,nan,0.9413604736328125,1.4788637161254883,108.24612549543411,108.24612549543411,0.0,0.0,0.0,1.0,0.0710172744721689,0.7789473684210526,0.13016710642040458,9,2,1e-07,1e-05,1000,20.0,20.0,20.0,0.0,20.0,100.0,100.0,100.0,0.0,100.0
primary,x86_64,none,0.3.0,2.4.4,32,1,balanced,100,200,0.15,0,0.9808080808080808,5,"[20, 20, 20, 20, 20]",powerlaw,5,0,0,1,0,[100],0.03525895800000001,0.03523443344444388,0.03485646299999701,0.03554510499999708,0.00026159417695082344,"[0.03497, 0.035039, 0.034856, 0.035052, 0.035545, 0.035526, 0.035479, 0.035382, 0.035259]",0.03597254399998917,0.03633388755555226,0.03536225599999909,0.03967345099999875,0.0012778890790528432,"[0.03611, 0.035973, 0.036186, 0.035914, 0.035362, 0.035766, 0.035842, 0.036178, 0.039673]",0.9801630376770301,0.8785840939321892,1.0051707391066336,62,optimal,nan,0.9413604736328125,1.4788637161254883,111.28949527022243,111.28949527022243,0.0,0.0,0.0,1.0,0.16279069767441862,0.7368421052631579,0.2666666666666667,9,2,1e-07,1e-05,1000,20.0,20.0,20.0,0.0,20.0,100.0,100.0,100.0,0.0,100.0
primary,x86_64,none,0.3.0,2.4.4,32,1,balanced,100,200,0.2,0,0.9808080808080808,5,"[20, 20, 20, 20, 20]",powerlaw,5,0,0,3,2,"[98, 1, 1]",0.034551284000002624,0.034395995777776044,0.03264915699999449,0.034920516999989104,0.0006926560965204024,"[0.034837, 0.034411, 0.034551, 0.034717, 0.034345, 0.03482, 0.034921, 0.034313, 0.032649]",0.0319153880000016,0.032188210222220924,0.030426478999999063,0.03346960099999308,0.0010060524977238165,"[0.031519, 0.03347, 0.031915, 0.03159, 0.033149, 0.033287, 0.032581, 0.031756, 0.030426]",1.0825901286238755,0.9754868903277706,1.1477015464060163,56,optimal,nan,0.9413604736328125,1.4306764602661133,113.00466971507097,113.0046697065404,7.548871347598887e-11,3.3255327093750786e-06,2.7526262808825628e-06,1.0,0.34554973821989526,0.6947368421052632,0.46153846153846156,9,2,1e-07,1e-05,1000,20.0,20.0,20.0,0.0,20.0,1.0,98.0,33.333333333333336,45.726238516730064,1.0
primary,x86_64,none,0.3.0,2.4.4,32,1,balanced,100,200,0.25,0,0.9808080808080808,5,"[20, 20, 20, 20, 20]",powerlaw,5,0,0,15,10,"[75, 9, 2, 2, 2, 1, 1, 1, 1, 1, 1, 1, 1, 1, 1]",0.030287560999994412,0.03026643888888556,0.030008496999997192,0.030504841999999144,0.0001561793134390269,"[0.030218, 0.03045, 0.030505, 0.030308, 0.030288, 0.030089, 0.030234, 0.030008, 0.030298]",0.021213967999997863,0.021183097000000355,0.020923073000005843,0.021376630999995427,0.00015999847749449366,"[0.021214, 0.021016, 0.021377, 0.021266, 0.021352, 0.020923, 0.02119, 0.021025, 0.021285]",1.4277178602323461,1.4037991767740956,1.4579522807185457,57,optimal,nan,0.9413604736328125,0.9460973739624023,114.18271923725119,114.18271921389363,2.0456298310142045e-10,1.9314668162073723e-05,1.6053127595932396e-05,1.0,0.6262626262626263,0.6526315789473685,0.6391752577319588,9,2,1e-07,1e-05,1000,20.0,20.0,20.0,0.0,20.0,1.0,75.0,6.666666666666667,18.36905610591416,1.0
primary,x86_64,none,0.3.0,2.4.4,32,1,balanced,100,200,0.3,0,0.9808080808080808,5,"[20, 20, 20, 20, 20]",powerlaw,5,0,0,36,21,"[42, 4, 3, 3, 3, 3, 3, 3, 3, 2, 2, 2, 2, 2, 2, 1, 1, 1, 1, 1, 1, 1, 1, 1, 1, 1, 1, 1, 1, 1, 1, 1, 1, 1, 1, 1]",0.02822869399999206,0.028271701333331914,0.02814558099998976,0.028577767000001586,0.00014204764002670228,"[0.028419, 0.028578, 0.028301, 0.028229, 0.028174, 0.028209, 0.028161, 0.02823, 0.028146]",0.012792257999990397,0.01288421055555173,0.012698459999995748,0.013363362999996298,0.00021877211775570826,"[0.012698, 0.012807, 0.01295, 0.013363, 0.013095, 0.012792, 0.012767, 0.012771, 0.012714]",2.2067014283180693,2.106174995021654,2.250490768172767,53,optimal,nan,0.9413604736328125,0.7290687561035156,115.08280718471279,115.08280715021623,2.997542938685021e-10,4.1422226469578494e-05,3.44278028672065e-05,1.0,0.7941176470588235,0.5684210526315789,0.6625766871165645,9,2,1e-07,1e-05,1000,20.0,20.0,20.0,0.0,20.0,1.0,42.0,2.7777777777777777,6.6879290562720835,1.0
primary,x86_64,none,0.3.0,2.4.4,32,1,balanced,100,200,0.35,0,0.9808080808080808,5,"[20, 20, 20, 20, 20]",powerlaw,5,0,0,50,32,"[15, 14, 4, 3, 3, 3, 3, 3, 2, 2, 2, 2, 2, 2, 2, 2, 2, 2, 1, 1, 1, 1, 1, 1, 1, 1, 1, 1, 1, 1, 1, 1, 1, 1, 1, 1, 1, 1, 1, 1, 1, 1, 1, 1, 1, 1, 1, 1, 1, 1]",0.028207285000007687,0.028385383555557395,0.028077866000003837,0.029918219999998996,0.0005804610549440768,"[0.028217, 0.028207, 0.028193, 0.029918, 0.028078, 0.028277, 0.028336, 0.028136, 0.028106]",0.009356123000003436,0.009390159333334067,0.009283695999997121,0.00959002599999792,9.534538255602954e-05,"[0.009372, 0.009341, 0.009325, 0.009356, 0.009284, 0.009394, 0.00959, 0.009499, 0.009351]",3.0148476030079263,2.927819590896826,3.2226626119606108,53,optimal,nan,0.9413604736328125,0.7045412063598633,115.79487047518279,115.79487047039109,4.1380945790919664e-11,1.4190469267066907e-05,1.1794312381522599e-05,1.0,0.8846153846153846,0.4842105263157895,0.6258503401360545,9,2,1e-07,1e-05,1000,20.0,20.0,20.0,0.0,20.0,1.0,15.0,2.0,2.6608269391300143,1.0
primary,x86_64,none,0.3.0,2.4.4,32,1,balanced,100,200,0.4,0,0.9808080808080808,5,"[20, 20, 20, 20, 20]",powerlaw,5,0,0,58,40,"[14, 11, 3, 3, 3, 2, 2, 2, 2, 2, 2, 2, 2, 2, 2, 2, 2, 2, 1, 1, 1, 1, 1, 1, 1, 1, 1, 1, 1, 1, 1, 1, 1, 1, 1, 1, 1, 1, 1, 1, 1, 1, 1, 1, 1, 1, 1, 1, 1, 1, 1, 1, 1, 1, 1, 1, 1, 1]",0.026085502000000815,0.02610489544444445,0.026035634999999502,0.02618761200000108,5.962359072422382e-05,"[0.026134, 0.026141, 0.026188, 0.026077, 0.026052, 0.026188, 0.026086, 0.026036, 0.026043]",0.008358759000003602,0.00836588311111244,0.00829226899999469,0.008463243000008447,5.1203110751107664e-05,"[0.008292, 0.008463, 0.008418, 0.008379, 0.008321, 0.008374, 0.008345, 0.008342, 0.008359]",3.1207386168197426,3.0763189713415433,3.158075552061547,49,optimal,nan,0.9413604736328125,0.7047500610351562,116.36997730938437,116.36997729842993,9.41345664104557e-11,2.7692312998900404e-05,2.301627830525902e-05,1.0,0.9069767441860465,0.4105263157894737,0.5652173913043478,9,2,1e-07,1e-05,1000,20.0,20.0,20.0,0.0,20.0,1.0,14.0,1.7241379310344827,2.1318043470446533,1.0
primary,x86_64,none,0.3.0,2.4.4,32,1,balanced,100,500,0.05,0,0.9808080808080808,5,"[20, 20, 20, 20, 20]",powerlaw,5,0,0,1,0,[100],0.01742278800000463,0.017429252666668543,0.017375295000007895,0.017495214999996733,3.836412843824277e-05,"[0.017495, 0.017426, 0.01748, 0.017406, 0.017395, 0.017375, 0.017442, 0.017423, 0.01742]",0.01820996299998967,0.018206533222215486,0.018149409999992372,0.018264579999993202,3.419837708668566e-05,"[0.018174, 0.018192, 0.01821, 0.018218, 0.018265, 0.018238, 0.018149, 0.018218, 0.018193]",0.9567722899829347,0.9513109526753072,0.9639550266374547,32,optimal,nan,0.9413604736328125,1.4787778854370117,107.95476231184338,107.95476231184338,0.0,0.0,0.0,1.0,0.05204216073781291,0.8315789473684211,0.09795412275263485,9,2,1e-07,1e-05,1000,20.0,20.0,20.0,0.0,20.0,100.0,100.0,100.0,0.0,100.0
primary,x86_64,none,0.3.0,2.4.4,32,1,balanced,100,500,0.1,0,0.9808080808080808,5,"[20, 20, 20, 20, 20]",powerlaw,5,0,0,2,1,"[99, 1]",0.031358370999996055,0.03226680466666841,0.030914312999996696,0.03850723900001185,0.002378666386577548,"[0.030914, 0.031284, 0.031358, 0.031229, 0.031469, 0.031931, 0.038507, 0.032371, 0.031338]",0.03169438300000138,0.03168448866666375,0.03158396199999913,0.0318190519999888,8.339624587477723e-05,"[0.031725, 0.031819, 0.031609, 0.031616, 0.03176, 0.031745, 0.031608, 0.031584, 0.031694]",0.9893983738378718,0.9715661233404307,1.2192022964064138,58,optimal,nan,0.9413604736328125,1.4547767639160156,110.94440299571754,110.94440299765557,1.7468512887215335e-11,3.8621184784981555e-07,3.396769519707662e-07,1.0,0.20385674931129477,0.7789473684210526,0.3231441048034935,9,2,1e-07,1e-05,1000,20.0,20.0,20.0,0.0,20.0,1.0,99.0,50.0,49.0,50.0
primary,x86_64,none,0.3.0,2.4.4,32,1,balanced,100,500,0.15,0,0.9808080808080808,5,"[20, 20, 20, 20, 20]",powerlaw,5,0,0,7,5,"[93, 2, 1, 1, 1, 1, 1]",0.02700680499999919,0.026976594444448665,0.026890448000003175,0.027036488000007353,5.2222097809781605e-05,"[0.026909, 0.02689, 0.027007, 0.02695, 0.027015, 0.027014, 0.027036, 0.026955, 0.027013]",0.024703401999985886,0.024739153555553155,0.024587045000004082,0.025023978999996643,0.00014833850083224373,"[0.024587, 0.024849, 0.024623, 0.024884, 0.024703, 0.024643, 0.024719, 0.02462, 0.025024]",1.093242339658911,1.0745872189233687,1.09962331788968,51,optimal,nan,0.9413604736328125,1.3145942687988281,112.59821342513436,112.59821337645828,4.3229891402298205e-10,1.0897137115759015e-05,9.697609956557629e-06,1.0,0.5609756097560976,0.7263157894736842,0.6330275229357799,9,2,1e-07,1e-05,1000,20.0,20.0,20.0,0.0,20.0,1.0,93.0,14.285714285714286,32.13682483077757,1.0
primary,x86_64,none,0.3.0,2.4.4,32,1,balanced,100,500,0.2,0,0.9808080808080808,5,"[20, 20, 20, 20, 20]",powerlaw,5,0,0,28,11,"[27, 14, 6, 5, 5, 4, 3, 3, 3, 3, 3, 3, 2, 2, 2, 2, 2, 1, 1, 1, 1, 1, 1, 1, 1, 1, 1, 1]",0.02997745199999713,0.02998365455555548,0.029896731999997428,0.03006887600000141,6.464284517464833e-05,"[0.029897, 0.029935, 0.030052, 0.029977, 0.030005, 0.029929, 0.030069, 0.029932, 0.030057]",0.010790361999994502,0.010800652999997674,0.010716750000000275,0.011027827000006596,9.586281962840304e-05,"[0.010719, 0.010781, 0.01072, 0.010833, 0.010717, 0.010802, 0.011028, 0.01079, 0.010815]",2.778169258826757,2.711026569421115,2.805783096554519,56,optimal,nan,0.9413604736328125,0.709956169128418,113.86210305262321,113.86210305280112,1.562466223703877e-12,4.322253949876065e-06,3.8574426689186325e-06,1.0,0.881578947368421,0.7052631578947368,0.783625730994152,9,2,1e-07,1e-05,1000,20.0,20.0,20.0,0.0,20.0,1.0,27.0,3.5714285714285716,5.19222338439607,2.0
primary,x86_64,none,0.3.0,2.4.4,32,1,balanced,100,500,0.25,0,0.9808080808080808,5,"[20, 20, 20, 20, 20]",powerlaw,5,0,0,37,16,"[17, 10, 5, 5, 4, 4, 3, 3, 3, 3, 3, 3, 3, 3, 3, 2, 2, 2, 2, 2, 2, 1, 1, 1, 1, 1, 1, 1, 1, 1, 1, 1, 1, 1, 1, 1, 1]",0.029246034999999893,0.02924895922222169,0.029196196000000896,0.02932442599998808,4.221125174511585e-05,"[0.029213, 0.029196, 0.029219, 0.029283, 0.02929, 0.029324, 0.029247, 0.029222, 0.029246]",0.009668335999990063,0.009669127888887234,0.009607782999992764,0.009730077000000392,3.677348444126162e-05,"[0.009668, 0.009653, 0.00964, 0.009608, 0.009685, 0.009647, 0.00969, 0.009702, 0.00973]",3.024929522518658,3.0006130475637263,3.052153238682656,55,optimal,nan,0.9413604736328125,0.7029600143432617,114.887635097931,114.88763509992515,1.7357415330776088e-11,9.268269076739832e-06,8.27157981606799e-06,1.0,0.9682539682539683,0.6421052631578947,0.7721518987341772,9,2,1e-07,1e-05,1000,20.0,20.0,20.0,0.0,20.0,1.0,17.0,2.7027027027027026,2.9487960425915363,2.0
primary,x86_64,none,0.3.0,2.4.4,32,1,balanced,100,500,0.3,0,0.9808080808080808,5,"[20, 20, 20, 20, 20]",powerlaw,5,0,0,43,20,"[17, 10, 4, 4, 3, 3, 3, 3, 3, 3, 3, 2, 2, 2, 2, 2, 2, 2, 2, 2, 2, 2, 2, 1, 1, 1, 1, 1, 1, 1, 1, 1, 1, 1, 1, 1, 1, 1, 1, 1, 1, 1, 1]",0.02794948299998623,0.02795344077777568,0.02789605399999573,0.0280302200000051,3.888795092863253e-05,"[0.027959, 0.027896, 0.027916, 0.027949, 0.027987, 0.027939, 0.027959, 0.027945, 0.02803]",0.009175599000002421,0.009177446333328336,0.00915541500000927,0.009202907999991794,1.8698866923826237e-05,"[0.009158, 0.009197, 0.009191, 0.009155, 0.009192, 0.009167, 0.009176, 0.009203, 0.009158]",3.0460663113088153,3.0312216529841005,3.0616001568445252,53,optimal,nan,0.9413604736328125,0.7051963806152344,115.71492841275841,115.7149284107719,1.7167248739442946e-11,7.67838002585508e-06,6.852663934373165e-06,1.0,0.9649122807017544,0.5789473684210527,0.7236842105263158,9,2,1e-07,1e-05,1000,20.0,20.0,20.0,0.0,20.0,1.0,17.0,2.3255813953488373,2.7255972695783464,2.0
primary,x86_64,none,0.3.0,2.4.4,32,1,balanced,100,500,0.35,0,0.9808080808080808,5,"[20, 20, 20, 20, 20]",powerlaw,5,0,0,51,29,"[14, 8, 4, 4, 3, 3, 3, 3, 3, 2, 2, 2, 2, 2, 2, 2, 2, 2, 2, 2, 2, 2, 1, 1, 1, 1, 1, 1, 1, 1, 1, 1, 1, 1, 1, 1, 1, 1, 1, 1, 1, 1, 1, 1, 1, 1, 1, 1, 1, 1, 1]",0.029363552999996045,0.029677137000002556,0.029285190000024386,0.031214582000018254,0.0006771059011882395,"[0.029409, 0.029372, 0.029364, 0.02933, 0.029342, 0.029358, 0.03042, 0.031215, 0.029285]",0.009194588000013937,0.009187464222220696,0.009137596999977404,0.009218335000014122,2.612759964765152e-05,"[0.009138, 0.009174, 0.009196, 0.009214, 0.009185, 0.009161, 0.009195, 0.009218, 0.009206]",3.1935691952648164,3.1768415879851974,3.4160602618057507,56,optimal,nan,0.9413604736328125,0.7039813995361328,116.37392122055269,116.37392122070202,1.2831711759917053e-12,3.202162021348487e-06,2.857808564322933e-06,1.0,0.9795918367346939,0.5052631578947369,0.6666666666666666,9,2,1e-07,1e-05,1000,20.0,20.0,20.0,0.0,20.0,1.0,14.0,1.9607843137254901,2.086001751298547,1.0
primary,x86_64,none,0.3.0,2.4.4,32,1,balanced,100,500,0.4,0,0.9808080808080808,5,"[20, 20, 20, 20, 20]",powerlaw,5,0,0,60,41,"[11, 8, 4, 3, 3, 3, 3, 2, 2, 2, 2, 2, 2, 2, 2, 2, 2, 2, 2, 1, 1, 1, 1, 1, 1, 1, 1, 1, 1, 1, 1, 1, 1, 1, 1, 1, 1, 1, 1, 1, 1, 1, 1, 1, 1, 1, 1, 1, 1, 1, 1, 1, 1, 1, 1, 1, 1, 1, 1, 1]",0.02821657999999161,0.028521061222221533,0.027311844999985624,0.03282218199998965,0.0017432869894322535,"[0.029095, 0.032822, 0.028757, 0.028217, 0.02831, 0.027312, 0.027407, 0.027336, 0.027434]",0.007889718999990691,0.007896711111104397,0.007883782999982714,0.00791821500001788,1.2724803604173674e-05,"[0.007899, 0.007918, 0.007884, 0.007885, 0.00789, 0.00791, 0.007887, 0.007909, 0.007889]",3.576373252333182,3.4492426638988647,4.163252844486158,52,optimal,nan,0.9413604736328125,0.7037210464477539,116.90006470663857,116.9000647067641,1.073775964233927e-12,3.470580488440511e-06,3.0973618996528987e-06,1.0,1.0,0.42105263157894735,0.5925925925925926,9,2,1e-07,1e-05,1000,20.0,20.0,20.0,0.0,20.0,1.0,11.0,1.6666666666666667,1.6295875415440424,1.0
primary,x86_64,none,0.3.0,2.4.4,32,1,balanced,100,1000,0.05,0,0.9808080808080808,5,"[20, 20, 20, 20, 20]",powerlaw,5,0,0,1,0,[100],0.022450953000003437,0.022474441666654837,0.02241295999999693,0.022677729999998064,8.207864249360549e-05,"[0.02243, 0.022484, 0.022422, 0.022451, 0.022413, 0.022469, 0.022678, 0.022501, 0.022422]",0.023212021999995613,0.023218158222217906,0.023156218999986322,0.023317692999995643,4.690250433913694e-05,"[0.023255, 0.023318, 0.023224, 0.023173, 0.023212, 0.023156, 0.023203, 0.023206, 0.023217]",0.967212291975584,0.9611997207442914,0.9793364797599927,42,optimal,nan,0.9413604736328125,1.4789066314697266,108.93053135697251,108.93053135697251,0.0,0.0,0.0,1.0,0.09110867178924259,0.8736842105263158,0.16500994035785285,9,2,1e-07,1e-05,1000,20.0,20.0,20.0,0.0,20.0,100.0,100.0,100.0,0.0,100.0
primary,x86_64,none,0.3.0,2.4.4,32,1,balanced,100,1000,0.1,0,0.9808080808080808,5,"[20, 20, 20, 20, 20]",powerlaw,5,0,0,8,5,"[91, 2, 2, 1, 1, 1, 1, 1]",0.029116889999983186,0.02910580788889345,0.029012401000017007,0.029152511000006598,4.499905859765545e-05,"[0.029058, 0.029153, 0.029012, 0.029151, 0.029131, 0.029117, 0.029107, 0.029117, 0.029106]",0.02660816600001681,0.026614629666662875,0.02658203299998263,0.026644767999982832,2.4387558930428855e-05,"[0.026638, 0.026645, 0.026627, 0.026599, 0.026583, 0.026608, 0.026582, 0.026607, 0.026643]",1.0942839878541344,1.0888592086835096,1.0966998272865605,55,optimal,nan,0.9413604736328125,1.269662857055664,110.9956861836338,110.9956861529951,2.760349441005704e-10,1.2307113138210202e-05,1.0502182788334242e-05,1.0,0.5736434108527132,0.7789473684210526,0.6607142857142858,9,2,1e-07,1e-05,1000,20.0,20.0,20.0,0.0,20.0,1.0,91.0,12.5,29.67322024991558,1.0
primary,x86_64,none,0.3.0,2.4.4,32,1,balanced,100,1000,0.15,0,0.9808080808080808,5,"[20, 20, 20, 20, 20]",powerlaw,5,0,0,29,11,"[25, 10, 6, 5, 5, 5, 4, 4, 3, 3, 3, 3, 3, 2, 2, 2, 2, 2, 1, 1, 1, 1, 1, 1, 1, 1, 1, 1, 1]",0.02719616000001679,0.027204870333336986,0.02715458399998738,0.027254365000004555,3.3524281017726904e-05,"[0.027227, 0.027184, 0.027216, 0.027196, 0.027245, 0.02717, 0.027254, 0.027155, 0.027196]",0.010523292000016227,0.010524216222219392,0.010500722999978507,0.010550612999992381,1.6252303911585913e-05,"[0.010508, 0.010513, 0.010501, 0.010539, 0.010529, 0.010523, 0.010517, 0.010551, 0.010538]",2.584377588303627,2.573744672466613,2.595475092530328,51,optimal,nan,0.9413604736328125,0.7068777084350586,112.5042896686272,112.50428966543352,2.8387152559494865e-11,8.62493668155051e-06,7.369140942681258e-06,1.0,0.9178082191780822,0.7052631578947368,0.7976190476190476,9,2,1e-07,1e-05,1000,20.0,20.0,20.0,0.0,20.0,1.0,25.0,3.4482758620689653,4.54545022159561,2.0
primary,x86_64,none,0.3.0,2.4.4,32,1,balanced,100,1000,0.2,0,0.9808080808080808,5,"[20, 20, 20, 20, 20]",powerlaw,5,0,0,35,14,"[14, 10, 6, 5, 5, 4, 4, 4, 3, 3, 3, 3, 3, 3, 3, 3, 2, 2, 2, 2, 2, 1, 1, 1, 1, 1, 1, 1, 1, 1, 1, 1, 1, 1, 1]",0.027240939000023445,0.02725756966666558,0.027205304999995406,0.027327652999986185,3.947700806455544e-05,"[0.027241, 0.027225, 0.027277, 0.027236, 0.027328, 0.02723, 0.027296, 0.027205, 0.02728]",0.010448320000023159,0.01044475566666847,0.010390115000006972,0.010513650999996571,3.5926329281612e-05,"[0.010459, 0.010448, 0.010514, 0.010427, 0.010458, 0.010406, 0.01039, 0.010463, 0.010439]",2.6072075702087094,2.587617279668526,2.6301588577188846,51,optimal,nan,0.9413604736328125,0.7010002136230469,113.76234316674251,113.76234316738534,5.650622122822872e-12,8.7900250249906e-06,7.510192328866351e-06,1.0,1.0,0.6842105263157895,0.8125000000000001,9,2,1e-07,1e-05,1000,20.0,20.0,20.0,0.0,20.0,1.0,14.0,2.857142857142857,2.674139190125164,2.0
primary,x86_64,none,0.3.0,2.4.4,32,1,balanced,100,1000,0.25,0,0.9808080808080808,5,"[20, 20, 20, 20, 20]",powerlaw,5,0,0,38,15,"[12, 10, 6, 5, 4, 4, 3, 3, 3, 3, 3, 3, 3, 3, 3, 3, 2, 2, 2, 2, 2, 2, 2, 1, 1, 1, 1, 1, 1, 1, 1, 1, 1, 1, 1, 1, 1, 1]",0.02606226100002118,0.026069662222217477,0.025995743000009952,0.02618104499998708,5.688006616428656e-05,"[0.026028, 0.02604, 0.025996, 0.026138, 0.026046, 0.026065, 0.026062, 0.026181, 0.026072]",0.010214183000016419,0.010207451666666935,0.010145287999989705,0.010262883999985206,3.40040624655542e-05,"[0.010199, 0.010177, 0.010214, 0.010224, 0.010263, 0.010192, 0.010231, 0.010145, 0.010222]",2.5515756864723578,2.5329861469785127,2.580611314337616,49,optimal,nan,0.9413604736328125,0.7023334503173828,114.80120349028222,114.80120349091567,5.5177892711181376e-12,6.1984581807283945e-06,5.29595910573706e-06,1.0,1.0,0.6526315789473685,0.7898089171974523,9,2,1e-07,1e-05,1000,20.0,20.0,20.0,0.0,20.0,1.0,12.0,2.6315789473684212,2.333069500979106,2.0
primary,x86_64,none,0.3.0,2.4.4,32,1,balanced,100,1000,0.3,0,0.9808080808080808,5,"[20, 20, 20, 20, 20]",powerlaw,5,0,0,46,23,"[11, 9, 5, 4, 4, 3, 3, 3, 3, 3, 3, 3, 3, 2, 2, 2, 2, 2, 2, 2, 2, 2, 2, 1, 1, 1, 1, 1, 1, 1, 1, 1, 1, 1, 1, 1, 1, 1, 1, 1, 1, 1, 1, 1, 1, 1]",0.025115288000023384,0.025121731000000282,0.025085861999997405,0.025192766999992955,3.577813701351838e-05,"[0.025163, 0.025089, 0.025095, 0.025086, 0.025193, 0.025102, 0.025129, 0.025123, 0.025115]",0.009516806000021916,0.009521822111111078,0.009498989000007896,0.009557192999977815,1.895664002483145e-05,"[0.009499, 0.00953, 0.009517, 0.009557, 0.009537, 0.009506, 0.009533, 0.009513, 0.009504]",2.6390459151910366,2.6248148384212433,2.6521524553794107,48,optimal,nan,0.9413604736328125,0.7023077011108398,115.6391403924485,115.63914039280897,3.117219130845024e-12,5.093565578845327e-06,4.351939501278149e-06,1.0,1.0,0.5684210526315789,0.7248322147651006,9,2,1e-07,1e-05,1000,20.0,20.0,20.0,0.0,20.0,1.0,11.0,2.1739130434782608,1.9594181459554345,1.5
primary,x86_64,none,0.3.0,2.4.4,32,1,balanced,100,1000,0.35,0,0.9808080808080808,5,"[20, 20, 20, 20, 20]",powerlaw,5,0,0,54,33,"[11, 8, 4, 4, 3, 3, 3, 3, 3, 3, 2, 2, 2, 2, 2, 2, 2, 2, 2, 2, 2, 1, 1, 1, 1, 1, 1, 1, 1, 1, 1, 1, 1, 1, 1, 1, 1, 1, 1, 1, 1, 1, 1, 1, 1, 1, 1, 1, 1, 1, 1, 1, 1, 1]",0.024559347999996817,0.024560931888888464,0.024440565999981345,0.024700698999993165,7.29544630007296e-05,"[0.024701, 0.024593, 0.02459, 0.024488, 0.024441, 0.024552, 0.024559, 0.024537, 0.024588]",0.008600997999991478,0.008602185888889835,0.008580804999979819,0.008629505000016024,1.381385193597652e-05,"[0.008596, 0.008595, 0.008601, 0.008595, 0.008615, 0.008581, 0.00863, 0.008601, 0.008606]",2.855406779541299,2.8322094952069627,2.8785992689556816,47,optimal,nan,0.9413604736328125,0.702906608581543,116.31343138945576,116.31343138963163,1.5120655959882856e-12,3.8700029958149695e-06,3.3065283331600776e-06,1.0,1.0,0.4842105263157895,0.6524822695035462,9,2,1e-07,1e-05,1000,20.0,20.0,20.0,0.0,20.0,1.0,11.0,1.8518518518518519,1.736401210330525,1.0
primary,x86_64,none,0.3.0,2.4.4,32,1,balanced,100,1000,0.4,0,0.9808080808080808,5,"[20, 20, 20, 20, 20]",powerlaw,5,0,0,58,39,"[11, 8, 4, 3, 3, 3, 3, 3, 3, 2, 2, 2, 2, 2, 2, 2, 2, 2, 2, 1, 1, 1, 1, 1, 1, 1, 1, 1, 1, 1, 1, 1, 1, 1, 1, 1, 1, 1, 1, 1, 1, 1, 1, 1, 1, 1, 1, 1, 1, 1, 1, 1, 1, 1, 1, 1, 1, 1]",0.024397512999996707,0.02442404033333724,0.024363066000006484,0.02455311599999277,5.924483809488398e-05,"[0.024421, 0.024398, 0.024481, 0.02439, 0.024553, 0.024433, 0.024363, 0.024394, 0.024383]",0.008295629999992116,0.008300381000004286,0.008270686000003025,0.008346704999979693,2.1569363558604096e-05,"[0.008296, 0.008271, 0.00831, 0.008294, 0.008309, 0.008286, 0.008306, 0.008285, 0.008347]",2.941007855945829,2.918884278294939,2.9686915934160467,47,optimal,nan,0.9413604736328125,0.7029991149902344,116.85938867122611,116.85938867140365,1.5192293060551733e-12,3.844280696219116e-06,3.2845512153231024e-06,1.0,1.0,0.4421052631578947,0.6131386861313868,9,2,1e-07,1e-05,1000,20.0,20.0,20.0,0.0,20.0,1.0,11.0,1.7241379310344827,1.669122249693924,1.0
primary,x86_64,none,0.3.0,2.4.4,32,1,balanced,200,400,0.05,0,0.9902010050251256,5,"[40, 40, 40, 40, 40]",powerlaw,5,0,0,1,0,[200],0.05700090899998145,0.05722856888888512,0.05649728500000606,0.058659065999989934,0.0006996730453482569,"[0.058659, 0.057324, 0.056814, 0.057371, 0.056497, 0.056627, 0.056801, 0.057962, 0.057001]",0.059665123999991465,0.05979717444444393,0.058780747000014344,0.061335657000000765,0.0007528900215461261,"[0.060362, 0.059979, 0.059435, 0.059665, 0.059083, 0.058781, 0.059521, 0.060014, 0.061336]",0.9553471974681491,0.9211164885705122,0.9979299174264598,26,optimal,nan,3.385162353515625,5.829950332641602,201.08188023863025,201.08188023863025,0.0,0.0,0.0,1.0,0.028298887122416534,0.9128205128205128,0.0548959136468774,9,2,1e-07,1e-05,1000,40.0,40.0,40.0,0.0,40.0,200.0,200.0,200.0,0.0,200.0
primary,x86_64,none,0.3.0,2.4.4,32,1,balanced,200,400,0.1,0,0.9902010050251256,5,"[40, 40, 40, 40, 40]",powerlaw,5,0,0,1,0,[200],0.11832916399998794,0.11830132366666311,0.11791535800000474,0.11886686299999383,0.00029505862742359014,"[0.118028, 0.118867, 0.118329, 0.117915, 0.118059, 0.118185, 0.118442, 0.118343, 0.118544]",0.1206352559999857,0.12185665166666758,0.11994754699998111,0.12729019099998595,0.0024168389151516187,"[0.12055, 0.120275, 0.120635, 0.119948, 0.121599, 0.12431, 0.12154, 0.12729, 0.120563]",0.9808837641957834,0.9263507036454817,0.9909903618121723,55,optimal,nan,3.385162353515625,5.829886436462402,211.42364509155485,211.42364509155485,0.0,0.0,0.0,1.0,0.10012360939431397,0.8307692307692308,0.17870932156646444,9,2,1e-07,1e-05,1000,40.0,40.0,40.0,0.0,40.0,200.0,200.0,200.0,0.0,200.0
primary,x86_64,none,0.3.0,2.4.4,32,1,balanced,200,400,0.15,0,0.9902010050251256,5,"[40, 40, 40, 40, 40]",powerlaw,5,0,0,5,4,"[196, 1, 1, 1, 1]",0.12145117500000424,0.12152224299999956,0.12112454999999045,0.12231109100000026,0.0003567338058971046,"[0.12126, 0.121796, 0.12152, 0.121584, 0.122311, 0.121451, 0.121262, 0.121125, 0.121391]",0.12116971099999319,0.12143457966667232,0.12068400200001861,0.12232417200002033,0.000623906716837666,"[0.12117, 0.122253, 0.122324, 0.121667, 0.121942, 0.12102, 0.121021, 0.120684, 0.12083]",1.0023228907429769,0.9901930911902704,1.0134822260864484,57,optimal,nan,3.385162353515625,5.63687801361084,215.65579774916802,215.65579244337425,2.460306571319772e-08,4.759353147774925e-05,3.649150647739631e-05,1.0,0.30505050505050507,0.7743589743589744,0.4376811594202899,9,2,1e-07,1e-05,1000,40.0,40.0,40.0,0.0,40.0,1.0,196.0,40.0,78.0,1.0
primary,x86_64,none,0.3.0,2.4.4,32,1,balanced,200,400,0.2,0,0.9902010050251256,5,"[40, 40, 40, 40, 40]",powerlaw,5,0,0,23,16,"[170, 3, 3, 2, 2, 2, 2, 1, 1, 1, 1, 1, 1, 1, 1, 1, 1, 1, 1, 1, 1, 1, 1]",0.14376102500000343,0.14382105488889213,0.14356151999999156,0.14440475600000013,0.00024454581750890897,"[0.143562, 0.143972, 0.143763, 0.143761, 0.144405, 0.143754, 0.143784, 0.143659, 0.14373]",0.1172363909999774,0.1172299059999994,0.11680073700000548,0.11760457299999416,0.0002221657590484274,"[0.117289, 0.117605, 0.117356, 0.117236, 0.116801, 0.117139, 0.117365, 0.117076, 0.117202]",1.226249151596889,1.2207137557482453,1.236334287856363,68,optimal,nan,3.385162353515625,4.476861953735352,218.46625082857537,218.46622671479622,1.1037759405046287e-07,0.00027883022554700543,0.00021894709064869497,1.0,0.6077586206896551,0.7230769230769231,0.6604215456674473,9,2,1e-07,1e-05,1000,40.0,40.0,40.0,0.0,40.0,1.0,170.0,8.695652173913043,34.3959486777765,1.0
primary,x86_64,none,0.3.0,2.4.4,32,1,balanced,200,400,0.25,0,0.9902010050251256,5,"[40, 40, 40, 40, 40]",powerlaw,5,0,0,49,27,"[119, 4, 4, 4, 3, 3, 3, 3, 3, 3, 2, 2, 2, 2, 2, 2, 2, 2, 2, 2, 2, 2, 1, 1, 1, 1, 1, 1, 1, 1, 1, 1, 1, 1, 1, 1, 1, 1, 1, 1, 1, 1, 1, 1, 1, 1, 1, 1, 1]",0.15362569499998813,0.15372813533333365,0.1533287520000215,0.15500932599999828,0.000504076053269668,"[0.153626, 0.155009, 0.153634, 0.153674, 0.153362, 0.153602, 0.153501, 0.153817, 0.153329]",0.07117804700001784,0.07118095022222014,0.07094645600000149,0.07140013699998349,0.00013865492540087896,"[0.071139, 0.071178, 0.071215, 0.071082, 0.071119, 0.0714, 0.070946, 0.071184, 0.071366]",2.1583297305129716,2.147457392134373,2.1848776491385986,73,optimal,nan,3.385162353515625,2.679880142211914,220.66124893152607,220.6612137802816,1.5929958089778254e-07,0.0010190828090654441,0.0008138656817384344,0.99995,0.8048780487804879,0.676923076923077,0.7353760445682451,9,2,1e-07,1e-05,1000,40.0,40.0,40.0,0.0,40.0,1.0,119.0,4.081632653061225,16.611818677779493,1.0
primary,x86_64,none,0.3.0,2.4.4,32,1,balanced,200,400,0.3,0,0.9902010050251256,5,"[40, 40, 40, 40, 40]",powerlaw,5,0,0,87,54,"[57, 7, 7, 5, 5, 4, 4, 3, 3, 3, 3, 3, 2, 2, 2, 2, 2, 2, 2, 2, 2, 2, 2, 2, 2, 2, 2, 2, 2, 2, 2, 2, 2, 1, 1, 1, 1, 1, 1, 1, 1, 1, 1, 1, 1, 1, 1, 1, 1, 1, 1, 1, 1, 1, 1, 1, 1, 1, 1, 1, 1, 1, 1, 1, 1, 1, 1, 1, 1, 1, 1, 1, 1, 1, 1, 1, 1, 1, 1, 1, 1, 1, 1, 1, 1, 1, 1]",0.1442304649999926,0.14424447211111,0.14404148200000577,0.144456114999997,0.0001474199627801464,"[0.144041, 0.144106, 0.144441, 0.144125, 0.144361, 0.144236, 0.144456, 0.14423, 0.144203]",0.03181755800000019,0.031855429222222,0.03167504199998916,0.032077646000004734,0.00014688454874994513,"[0.031768, 0.031675, 0.031771, 0.031705, 0.032078, 0.032053, 0.031968, 0.031818, 0.031864]",4.533046345039796,4.490400636006287,4.560565854973339,68,optimal,nan,3.385162353515625,2.398286819458008,222.4262868761468,222.4262757519667,5.001288409433929e-08,0.0006948851049115162,0.0005551590837106521,0.99995,0.9145299145299145,0.5487179487179488,0.6858974358974359,9,2,1e-07,1e-05,1000,40.0,40.0,40.0,0.0,40.0,1.0,57.0,2.2988505747126435,6.019346095254343,1.0
primary,x86_64,none,0.3.0,2.4.4,32,1,balanced,200,400,0.35,0,0.9902010050251256,5,"[40, 40, 40, 40, 40]",powerlaw,5,0,0,100,72,"[30, 25, 7, 7, 4, 4, 4, 4, 3, 3, 3, 2, 2, 2, 2, 2, 2, 2, 2, 2, 2, 2, 2, 2, 2, 2, 2, 2, 1, 1, 1, 1, 1, 1, 1, 1, 1, 1, 1, 1, 1, 1, 1, 1, 1, 1, 1, 1, 1, 1, 1, 1, 1, 1, 1, 1, 1, 1, 1, 1, 1, 1, 1, 1, 1, 1, 1, 1, 1, 1, 1, 1, 1, 1, 1, 1, 1, 1, 1, 1, 1, 1, 1, 1, 1, 1, 1, 1, 1, 1, 1, 1, 1, 1, 1, 1, 1, 1, 1, 1]",0.14802550300001371,0.14795151088889547,0.14751958200000104,0.14852073299999802,0.0003131486560789628,"[0.148085, 0.147981, 0.14807, 0.148095, 0.147711, 0.14752, 0.147555, 0.148521, 0.148026]",0.021973072999998067,0.021985477555558772,0.021926757000017005,0.022113211000004185,5.602578903242721e-05,"[0.022003, 0.022113, 0.021939, 0.022017, 0.021981, 0.021927, 0.021968, 0.021948, 0.021973]",6.736677341399937,6.671106335483034,6.773492906401199,70,optimal,nan,3.385162353515625,2.3596115112304688,223.8805893823586,223.88058142783152,3.553022222279003e-08,0.0007274032622894278,0.0005811385614109239,1.0,0.9504950495049505,0.49230769230769234,0.6486486486486487,9,2,1e-07,1e-05,1000,40.0,40.0,40.0,0.0,40.0,1.0,30.0,2.0,3.8131351929875237,1.0
primary,x86_64,none,0.3.0,2.4.4,32,1,balanced,200,400,0.4,0,0.9902010050251256,5,"[40, 40, 40, 40, 40]",powerlaw,5,0,0,117,96,"[26, 24, 7, 7, 4, 3, 3, 3, 3, 2, 2, 2, 2, 2, 2, 2, 2, 2, 2, 2, 2, 1, 1, 1, 1, 1, 1, 1, 1, 1, 1, 1, 1, 1, 1, 1, 1, 1, 1, 1, 1, 1, 1, 1, 1, 1, 1, 1, 1, 1, 1, 1, 1, 1, 1, 1, 1, 1, 1, 1, 1, 1, 1, 1, 1, 1, 1, 1, 1, 1, 1, 1, 1, 1, 1, 1, 1, 1, 1, 1, 1, 1, 1, 1, 1, 1, 1, 1, 1, 1, 1, 1, 1, 1, 1, 1, 1, 1, 1, 1, 1, 1, 1, 1, 1, 1, 1, 1, 1, 1, 1, 1, 1, 1, 1, 1, 1]",0.15227641600000652,0.1522842794444475,0.1519925810000018,0.1527291660000003,0.000229423545669893,"[0.152336, 0.152484, 0.152276, 0.151993, 0.152128, 0.152184, 0.152055, 0.152374, 0.152729]",0.019690133000011656,0.01970491211111241,0.019494182000016735,0.020060658999994985,0.00018139835951449257,"[0.020061, 0.019862, 0.01969, 0.019747, 0.019563, 0.019783, 0.019494, 0.019617, 0.019527]",7.733640803742483,7.5766494510494296,7.834602447020818,72,optimal,nan,3.385162353515625,2.355496406555176,225.0849559251963,225.0849492797423,2.9524203403202836e-08,0.0006752044078586344,0.0005394357431280661,1.0,0.9759036144578314,0.4153846153846154,0.5827338129496403,9,2,1e-07,1e-05,1000,40.0,40.0,40.0,0.0,40.0,1.0,26.0,1.7094017094017093,3.20805564315361,1.0
primary,x86_64,none,0.3.0,2.4.4,32,1,balanced,200,1000,0.05,0,0.9902010050251256,5,"[40, 40, 40, 40, 40]",powerlaw,5,0,0,1,0,[200],0.0818710709999948,0.08191377033333286,0.08176583399998094,0.08221711300001289,0.0001458372856139675,"[0.081766, 0.082217, 0.081778, 0.08199, 0.081827, 0.081982, 0.081803, 0.081871, 0.08199]",0.08376762099999269,0.08381875700000466,0.08344771300002662,0.08420227199999886,0.00023232697667763684,"[0.084081, 0.084202, 0.083958, 0.083768, 0.083851, 0.083734, 0.083671, 0.083448, 0.083657]",0.9773593904499442,0.9710644624884,0.9852530410268602,38,optimal,nan,3.385162353515625,5.829886436462402,208.40636467441706,208.40636467441706,0.0,0.0,0.0,1.0,0.058174523570712136,0.8923076923076924,0.10922787193973633,9,2,1e-07,1e-05,1000,40.0,40.0,40.0,0.0,40.0,200.0,200.0,200.0,0.0,200.0
primary,x86_64,none,0.3.0,2.4.4,32,1,balanced,200,1000,0.1,0,0.9902010050251256,5,"[40, 40, 40, 40, 40]",powerlaw,5,0,0,5,3,"[195, 2, 1, 1, 1]",0.1063766319999786,0.10636352177777691,0.10612780100001373,0.10652270100001715,0.00013193772467100348,"[0.106128, 0.106275, 0.106377, 0.10647, 0.106296, 0.106495, 0.106523, 0.106263, 0.106446]",0.10401286400002618,0.10414270300000478,0.10354259400000387,0.1050175329999945,0.0005028590411975641,"[0.103584, 0.103543, 0.104005, 0.104084, 0.103962, 0.104855, 0.104013, 0.104222, 0.105018]",1.0227257274634012,1.010572215593936,1.028781459734466,50,optimal,nan,3.385162353515625,5.58914852142334,213.18205291983494,213.18205291764608,1.0267606958903983e-11,3.639494397703058e-06,2.79996152256326e-06,1.0,0.3888888888888889,0.8256410256410256,0.5287356321839081,9,2,1e-07,1e-05,1000,40.0,40.0,40.0,0.0,40.0,1.0,195.0,40.0,77.50096773589347,1.0
primary,x86_64,none,0.3.0,2.4.4,32,1,balanced,200,1000,0.15,0,0.9902010050251256,5,"[40, 40, 40, 40, 40]",powerlaw,5,0,0,31,12,"[129, 7, 5, 5, 4, 4, 4, 3, 3, 3, 3, 3, 3, 2, 2, 2, 2, 2, 2, 1, 1, 1, 1, 1, 1, 1, 1, 1, 1, 1, 1]",0.1126262699999927,0.11265168633333802,0.11237094900002376,0.1129041549999954,0.00016795955483140212,"[0.112823, 0.11254, 0.112506, 0.112779, 0.112699, 0.112626, 0.112371, 0.112618, 0.112904]",0.06298444299997641,0.06308050355555868,0.0628431260000184,0.06358325299999024,0.0002324493784878348,"[0.063583, 0.063204, 0.063271, 0.063008, 0.062955, 0.062984, 0.062923, 0.062843, 0.062952]",1.78816013344811,1.7673041830691016,1.7966031002334661,53,optimal,nan,3.385162353515625,2.980780601501465,216.37794277617337,216.37793555888578,3.33550060431376e-08,0.0004350230571176228,0.00033811539556197727,0.99995,0.7755102040816326,0.7794871794871795,0.7774936061381075,9,2,1e-07,1e-05,1000,40.0,40.0,40.0,0.0,40.0,1.0,129.0,6.451612903225806,22.423833388833327,2.0
primary,x86_64,none,0.3.0,2.4.4,32,1,balanced,200,1000,0.2,0,0.9902010050251256,5,"[40, 40, 40, 40, 40]",powerlaw,5,0,0,54,22,"[26, 23, 21, 14, 7, 7, 5, 5, 5, 4, 4, 4, 4, 4, 3, 3, 3, 3, 3, 3, 3, 3, 3, 2, 2, 2, 2, 2, 2, 2, 2, 2, 1, 1, 1, 1, 1, 1, 1, 1, 1, 1, 1, 1, 1, 1, 1, 1, 1, 1, 1, 1, 1, 1]",0.1153989729999978,0.11552945255555061,0.11515943300000231,0.11589807600000768,0.0002581000931494406,"[0.115323, 0.115796, 0.115159, 0.115898, 0.115762, 0.115377, 0.115364, 0.115399, 0.115687]",0.02329209199999127,0.02331505055555441,0.023176902000017208,0.023419157000006408,7.68296818589901e-05,"[0.023177, 0.023277, 0.023419, 0.023292, 0.023355, 0.023279, 0.023266, 0.023378, 0.023393]",4.954427150641559,4.917317604556423,5.000585324126651,55,optimal,nan,3.385162353515625,2.354900360107422,218.97662804356784,218.97662761641052,1.9506982153018857e-09,0.0001901454455948831,0.000148321748360819,0.99995,0.9533333333333334,0.7333333333333333,0.8289855072463769,9,2,1e-07,1e-05,1000,40.0,40.0,40.0,0.0,40.0,1.0,26.0,3.7037037037037037,5.258607158320712,2.0
primary,x86_64,none,0.3.0,2.4.4,32,1,balanced,200,1000,0.25,0,0.9902010050251256,5,"[40, 40, 40, 40, 40]",powerlaw,5,0,0,72,36,"[21, 18, 12, 10, 8, 7, 6, 5, 5, 5, 4, 4, 4, 3, 3, 3, 3, 3, 3, 3, 3, 3, 2, 2, 2, 2, 2, 2, 2, 2, 2, 2, 2, 2, 2, 2, 1, 1, 1, 1, 1, 1, 1, 1, 1, 1, 1, 1, 1, 1, 1, 1, 1, 1, 1, 1, 1, 1, 1, 1, 1, 1, 1, 1, 1, 1, 1, 1, 1, 1, 1, 1]",0.11304585499999575,0.11302465055555268,0.11288151700000526,0.11325467699998626,0.00013996104557211596,"[0.113046, 0.113207, 0.112909, 0.11291, 0.113255, 0.113047, 0.112885, 0.112882, 0.113081]",0.020690055999978085,0.02069203544443907,0.020561804999999822,0.020918058999995992,0.00010597365171638989,"[0.020713, 0.020918, 0.020749, 0.02069, 0.020713, 0.020586, 0.020613, 0.020685, 0.020562]",5.463777140096455,5.396366699225148,5.508012404552384,54,optimal,nan,3.385162353515625,2.3448495864868164,221.09268088735445,221.09268056620593,1.4525515636445487e-09,0.00017873323699915677,0.00013942089252729265,1.0,0.9922480620155039,0.6564102564102564,0.7901234567901235,9,2,1e-07,1e-05,1000,40.0,40.0,40.0,0.0,40.0,1.0,21.0,2.7777777777777777,3.532477184884341,1.5
primary,x86_64,none,0.3.0,2.4.4,32,1,balanced,200,1000,0.3,0,0.9902010050251256,5,"[40, 40, 40, 40, 40]",powerlaw,5,0,0,91,56,"[18, 14, 12, 8, 7, 7, 5, 5, 4, 4, 4, 4, 3, 3, 3, 3, 3, 3, 2, 2, 2, 2, 2, 2, 2, 2, 2, 2, 2, 2, 2, 2, 2, 2, 2, 1, 1, 1, 1, 1, 1, 1, 1, 1, 1, 1, 1, 1, 1, 1, 1, 1, 1, 1, 1, 1, 1, 1, 1, 1, 1, 1, 1, 1, 1, 1, 1, 1, 1, 1, 1, 1, 1, 1, 1, 1, 1, 1, 1, 1, 1, 1, 1, 1, 1, 1, 1, 1, 1, 1, 1]",0.11325470599999221,0.11330362611111076,0.11309838700000796,0.11366201999999248,0.00019619128413713092,"[0.113098, 0.113515, 0.113116, 0.113155, 0.113219, 0.113457, 0.113256, 0.113662, 0.113255]",0.017269881999993686,0.0172855833333377,0.017204569000000447,0.017419506999999612,7.21983248609745e-05,"[0.017271, 0.017256, 0.017219, 0.017317, 0.017205, 0.017238, 0.017376, 0.01742, 0.01727]",6.557931663924144,6.492628465318248,6.606502028617487,54,optimal,nan,3.385162353515625,2.342845916748047,222.8208287040688,222.82082857472693,5.804747118510017e-10,6.0633086033823336e-05,4.7296849274239085e-05,1.0,1.0,0.558974358974359,0.7171052631578948,9,2,1e-07,1e-05,1000,40.0,40.0,40.0,0.0,40.0,1.0,18.0,2.197802197802198,2.7304541353134124,1.0
primary,x86_64,none,0.3.0,2.4.4,32,1,balanced,200,1000,0.35,0,0.9902010050251256,5,"[40, 40, 40, 40, 40]",powerlaw,5,0,0,105,74,"[18, 14, 12, 8, 7, 7, 4, 4, 3, 3, 3, 3, 3, 3, 2, 2, 2, 2, 2, 2, 2, 2, 2, 2, 2, 2, 2, 2, 2, 2, 2, 1, 1, 1, 1, 1, 1, 1, 1, 1, 1, 1, 1, 1, 1, 1, 1, 1, 1, 1, 1, 1, 1, 1, 1, 1, 1, 1, 1, 1, 1, 1, 1, 1, 1, 1, 1, 1, 1, 1, 1, 1, 1, 1, 1, 1, 1, 1, 1, 1, 1, 1, 1, 1, 1, 1, 1, 1, 1, 1, 1, 1, 1, 1, 1, 1, 1, 1, 1, 1, 1, 1, 1, 1, 1]",0.11180988699999261,0.11189156800000116,0.11170427400000449,0.11227182199999675,0.00019974010218787576,"[0.111704, 0.112046, 0.11181, 0.111724, 0.11176, 0.112107, 0.112272, 0.111819, 0.111781]",0.016095266999997193,0.0160873503333442,0.016024018000024398,0.016142766999990954,4.1511182602979534e-05,"[0.016142, 0.016143, 0.016104, 0.016095, 0.016079, 0.016062, 0.016101, 0.016037, 0.016024]",6.946755651833058,6.919772428113909,7.006471285780246,53,optimal,nan,3.385162353515625,2.3445568084716797,224.24327836637306,224.24327811803954,1.1074290505704085e-09,9.35564567434155e-05,7.29787302040317e-05,1.0,1.0,0.48717948717948717,0.6551724137931034,9,2,1e-07,1e-05,1000,40.0,40.0,40.0,0.0,40.0,1.0,18.0,1.9047619047619047,2.531793302041665,1.0
primary,x86_64,none,0.3.0,2.4.4,32,1,balanced,200,1000,0.4,0,0.9902010050251256,5,"[40, 40, 40, 40, 40]",powerlaw,5,0,0,118,93,"[16, 14, 12, 8, 7, 4, 4, 3, 3, 3, 3, 3, 3, 2, 2, 2, 2, 2, 2, 2, 2, 2, 2, 2, 2, 1, 1, 1, 1, 1, 1, 1, 1, 1, 1, 1, 1, 1, 1, 1, 1, 1, 1, 1, 1, 1, 1, 1, 1, 1, 1, 1, 1, 1, 1, 1, 1, 1, 1, 1, 1, 1, 1, 1, 1, 1, 1, 1, 1, 1, 1, 1, 1, 1, 1, 1, 1, 1, 1, 1, 1, 1, 1, 1, 1, 1, 1, 1, 1, 1, 1, 1, 1, 1, 1, 1, 1, 1, 1, 1, 1, 1, 1, 1, 1, 1, 1, 1, 1, 1, 1, 1, 1, 1, 1, 1, 1, 1]",0.10974883099999033,0.10977808166667084,0.10944245800001795,0.11012645200000293,0.00019738900309219294,"[0.109442, 0.109915, 0.109717, 0.109922, 0.110126, 0.109819, 0.109749, 0.109688, 0.109624]",0.013986188999979277,0.014010070222215947,0.013955314000014596,0.014115623999998661,5.3992728033804216e-05,"[0.014116, 0.014071, 0.013984, 0.014021, 0.013955, 0.014027, 0.013986, 0.013967, 0.013965]",7.846943223786905,7.753285154097922,7.891363246995929,52,optimal,nan,3.385162353515625,2.343242645263672,225.42580353170666,225.42580304098695,2.176856890669464e-09,0.00014074614121295514,0.00010978905145239363,1.0,1.0,0.4205128205128205,0.592057761732852,9,2,1e-07,1e-05,1000,40.0,40.0,40.0,0.0,40.0,1.0,16.0,1.694915254237288,2.2493256035497073,1.0
primary,x86_64,none,0.3.0,2.4.4,32,1,balanced,200,2000,0.05,0,0.9902010050251256,5,"[40, 40, 40, 40, 40]",powerlaw,5,0,0,1,0,[200],0.09918430100000819,0.09935171444443983,0.09870812199997658,0.10025897100001657,0.0004807660767155952,"[0.098708, 0.099251, 0.099729, 0.099036, 0.099184, 0.100259, 0.099087, 0.099109, 0.099802]",0.10089752700000076,0.10086699100000374,0.1002515389999985,0.10136152999999126,0.0003772819064337623,"[0.101147, 0.100252, 0.101159, 0.100898, 0.100476, 0.100551, 0.100789, 0.10117, 0.101362]",0.9830201388385609,0.9738223367384559,1.0000741335254522,46,optimal,nan,3.385162353515625,5.829929351806641,209.24137606747823,209.24137606747823,0.0,0.0,0.0,1.0,0.1386687797147385,0.8974358974358975,0.24021962937542898,9,2,1e-07,1e-05,1000,40.0,40.0,40.0,0.0,40.0,200.0,200.0,200.0,0.0,200.0
primary,x86_64,none,0.3.0,2.4.4,32,1,balanced,200,2000,0.1,0,0.9902010050251256,5,"[40, 40, 40, 40, 40]",powerlaw,5,0,0,16,6,"[171, 3, 3, 3, 3, 3, 2, 2, 2, 2, 1, 1, 1, 1, 1, 1]",0.1090572399999985,0.10939837133333993,0.10852643300000864,0.11297739400001205,0.0013561688434686812,"[0.108784, 0.112977, 0.109057, 0.108905, 0.109096, 0.109114, 0.10913, 0.108526, 0.108994]",0.08934617099998832,0.08945081911111036,0.08858619299999759,0.09075925700000198,0.0007551940208296167,"[0.089495, 0.090223, 0.090759, 0.088591, 0.088586, 0.089346, 0.089986, 0.089284, 0.088787]",1.2206145913070272,1.1957615849588352,1.2753386298022213,51,optimal,nan,3.385162353515625,4.517740249633789,213.1733262382749,213.17332303797588,1.501266171641746e-08,0.0001531884149656229,0.00012536355778956223,1.0,0.6973684210526315,0.8153846153846154,0.7517730496453899,9,2,1e-07,1e-05,1000,40.0,40.0,40.0,0.0,40.0,1.0,171.0,12.5,40.93287187579195,2.0
primary,x86_64,none,0.3.0,2.4.4,32,1,balanced,200,2000,0.15,0,0.9902010050251256,5,"[40, 40, 40, 40, 40]",powerlaw,5,0,0,43,14,"[63, 23, 18, 7, 5, 5, 5, 4, 4, 4, 3, 3, 3, 3, 3, 3, 3, 3, 3, 3, 2, 2, 2, 2, 2, 2, 2, 2, 2, 1, 1, 1, 1, 1, 1, 1, 1, 1, 1, 1, 1, 1, 1]",0.11692446200001427,0.11725380222223218,0.1166335350000054,0.11803742100002523,0.0005574449478760752,"[0.117879, 0.117374, 0.118037, 0.116924, 0.117916, 0.116729, 0.116924, 0.116867, 0.116634]",0.03472371300000532,0.034713949555547664,0.03459190499998499,0.034889957999979515,9.363431737577986e-05,"[0.034698, 0.03489, 0.034757, 0.034789, 0.034728, 0.034592, 0.034626, 0.034622, 0.034724]",3.36727993345632,3.3428969733948626,3.412284492573521,55,optimal,nan,3.385162353515625,2.416259765625,216.32828790367856,216.32828207345972,2.695079268533031e-08,0.000535320737899532,0.0004402851977936773,0.99995,0.95,0.7794871794871795,0.856338028169014,9,2,1e-07,1e-05,1000,40.0,40.0,40.0,0.0,40.0,1.0,63.0,4.651162790697675,9.887468509767237,2.0
primary,x86_64,none,0.3.0,2.4.4,32,1,balanced,200,2000,0.2,0,0.9902010050251256,5,"[40, 40, 40, 40, 40]",powerlaw,5,0,0,58,25,"[23, 21, 18, 13, 8, 7, 6, 5, 5, 5, 4, 4, 4, 3, 3, 3, 3, 3, 3, 3, 3, 3, 3, 3, 3, 2, 2, 2, 2, 2, 2, 2, 2, 1, 1, 1, 1, 1, 1, 1, 1, 1, 1, 1, 1, 1, 1, 1, 1, 1, 1, 1, 1, 1, 1, 1, 1, 1]",0.11647502300002088,0.11655117055555782,0.1159133569999824,0.11744161199999326,0.00044168178640069427,"[0.116355, 0.116475, 0.116556, 0.116436, 0.116796, 0.117442, 0.116838, 0.11615, 0.115913]",0.02310068299999557,0.023115855222224962,0.023030621999993173,0.023205178000011983,5.27708481688461e-05,"[0.023098, 0.023098, 0.023101, 0.02313, 0.023205, 0.023173, 0.023069, 0.023137, 0.023031]",5.042059708799226,4.995150522005155,5.0993677895468075,55,optimal,nan,3.385162353515625,2.348663330078125,218.92633500917367,218.92633456204334,2.042378011491307e-09,0.00022811180491479066,0.0001876150951063102,1.0,0.9861111111111112,0.7282051282051282,0.8377581120943952,9,2,1e-07,1e-05,1000,40.0,40.0,40.0,0.0,40.0,1.0,23.0,3.4482758620689653,4.568152172238541,2.0
primary,x86_64,none,0.3.0,2.4.4,32,1,balanced,200,2000,0.25,0,0.9902010050251256,5,"[40, 40, 40, 40, 40]",powerlaw,5,0,0,72,36,"[18, 14, 12, 10, 8, 7, 7, 7, 5, 5, 5, 5, 4, 4, 3, 3, 3, 3, 3, 3, 3, 3, 3, 2, 2, 2, 2, 2, 2, 2, 2, 2, 2, 2, 2, 2, 1, 1, 1, 1, 1, 1, 1, 1, 1, 1, 1, 1, 1, 1, 1, 1, 1, 1, 1, 1, 1, 1, 1, 1, 1, 1, 1, 1, 1, 1, 1, 1, 1, 1, 1, 1]",0.11413283100000626,0.11420267377777628,0.11364953899999364,0.11492960900000071,0.0004216551584852843,"[0.11365, 0.114205, 0.114133, 0.114534, 0.11493, 0.113905, 0.114631, 0.114058, 0.113779]",0.019345872999991798,0.019355504666663137,0.019297188000024335,0.01942424399999254,3.8766997938236036e-05,"[0.019335, 0.019336, 0.019424, 0.019395, 0.019358, 0.019346, 0.019381, 0.019327, 0.019297]",5.899595794930249,5.850911829569134,5.955769773287993,54,optimal,nan,3.385162353515625,2.340972900390625,221.04998552138068,221.04998534450436,8.001643261376982e-10,6.848093988731652e-05,5.6323512297807226e-05,1.0,1.0,0.6564102564102564,0.7925696594427245,9,2,1e-07,1e-05,1000,40.0,40.0,40.0,0.0,40.0,1.0,18.0,2.7777777777777777,3.16325352121928,1.5
primary,x86_64,none,0.3.0,2.4.4,32,1,balanced,200,2000,0.3,0,0.9902010050251256,5,"[40, 40, 40, 40, 40]",powerlaw,5,0,0,87,52,"[18, 14, 12, 8, 7, 7, 6, 5, 5, 4, 4, 4, 3, 3, 3, 3, 3, 3, 3, 3, 2, 2, 2, 2, 2, 2, 2, 2, 2, 2, 2, 2, 2, 2, 2, 1, 1, 1, 1, 1, 1, 1, 1, 1, 1, 1, 1, 1, 1, 1, 1, 1, 1, 1, 1, 1, 1, 1, 1, 1, 1, 1, 1, 1, 1, 1, 1, 1, 1, 1, 1, 1, 1, 1, 1, 1, 1, 1, 1, 1, 1, 1, 1, 1, 1, 1, 1]",0.11374641100002236,0.11375127722222562,0.11353837199999361,0.11414515399999914,0.0001804021907913329,"[0.113746, 0.113784, 0.113869, 0.113778, 0.113633, 0.113598, 0.113538, 0.113669, 0.114145]",0.017652499999996962,0.017640757333339252,0.017553942000006373,0.01771187200000668,4.7654928301235985e-05,"[0.017712, 0.017652, 0.01766, 0.017618, 0.017658, 0.017686, 0.017632, 0.017594, 0.017554]",6.443643166692646,6.4102976805586,6.502536809108615,54,optimal,nan,3.385162353515625,2.3427019119262695,222.78439946242653,222.78439914917956,1.4060543387629177e-09,0.00010095005692828396,8.302838398148813e-05,1.0,1.0,0.5794871794871795,0.7337662337662337,9,2,1e-07,1e-05,1000,40.0,40.0,40.0,0.0,40.0,1.0,18.0,2.2988505747126435,2.804409264444059,1.0
primary,x86_64,none,0.3.0,2.4.4,32,1,balanced,200,2000,0.35,0,0.9902010050251256,5,"[40, 40, 40, 40, 40]",powerlaw,5,0,0,101,69,"[18, 14, 12, 8, 7, 7, 5, 5, 4, 4, 3, 3, 3, 2, 2, 2, 2, 2, 2, 2, 2, 2, 2, 2, 2, 2, 2, 2, 2, 2, 2, 2, 1, 1, 1, 1, 1, 1, 1, 1, 1, 1, 1, 1, 1, 1, 1, 1, 1, 1, 1, 1, 1, 1, 1, 1, 1, 1, 1, 1, 1, 1, 1, 1, 1, 1, 1, 1, 1, 1, 1, 1, 1, 1, 1, 1, 1, 1, 1, 1, 1, 1, 1, 1, 1, 1, 1, 1, 1, 1, 1, 1, 1, 1, 1, 1, 1, 1, 1, 1, 1]",0.11119392099999459,0.1112686295555597,0.11090062400000988,0.11170333100000107,0.00024787480660114447,"[0.111091, 0.111379, 0.110901, 0.11117, 0.111144, 0.111263, 0.111194, 0.111573, 0.111703]",0.016123011999980008,0.016128810777770595,0.01602917399998205,0.016267878999997265,7.512830948801471e-05,"[0.016054, 0.016079, 0.016163, 0.016133, 0.016268, 0.016206, 0.016123, 0.016104, 0.016029]",6.896597298329398,6.817153237986865,6.968751540168331,53,optimal,nan,3.385162353515625,2.344331741333008,224.20674586871874,224.20674531020651,2.4910589756134024e-09,0.0001456594202962347,0.00011980048991559641,1.0,1.0,0.5076923076923077,0.673469387755102,9,2,1e-07,1e-05,1000,40.0,40.0,40.0,0.0,40.0,1.0,18.0,1.9801980198019802,2.6022845942177444,1.0
primary,x86_64,none,0.3.0,2.4.4,32,1,balanced,200,2000,0.4,0,0.9902010050251256,5,"[40, 40, 40, 40, 40]",powerlaw,5,0,0,117,94,"[17, 14, 12, 8, 7, 7, 4, 4, 3, 3, 3, 2, 2, 2, 2, 2, 2, 2, 2, 2, 2, 2, 2, 1, 1, 1, 1, 1, 1, 1, 1, 1, 1, 1, 1, 1, 1, 1, 1, 1, 1, 1, 1, 1, 1, 1, 1, 1, 1, 1, 1, 1, 1, 1, 1, 1, 1, 1, 1, 1, 1, 1, 1, 1, 1, 1, 1, 1, 1, 1, 1, 1, 1, 1, 1, 1, 1, 1, 1, 1, 1, 1, 1, 1, 1, 1, 1, 1, 1, 1, 1, 1, 1, 1, 1, 1, 1, 1, 1, 1, 1, 1, 1, 1, 1, 1, 1, 1, 1, 1, 1, 1, 1, 1, 1, 1, 1]",0.11155923399999779,0.11168932500000198,0.11119944200001441,0.11304114899999718,0.00055944173325559,"[0.111509, 0.111888, 0.111251, 0.111559, 0.111199, 0.113041, 0.111683, 0.111769, 0.111304]",0.014485457000006363,0.014494956111115521,0.0144771439999829,0.014522267000018019,1.753220299967631e-05,"[0.014481, 0.014484, 0.014495, 0.014477, 0.014522, 0.014518, 0.014481, 0.014512, 0.014485]",7.701464579263794,7.657168264422934,7.808249265195586,53,optimal,nan,3.385162353515625,2.3433752059936523,225.38301897685005,225.3830181808278,3.5318643463876406e-09,0.0001783708933149608,0.00014670469209192055,1.0,1.0,0.4256410256410256,0.5971223021582733,9,2,1e-07,1e-05,1000,40.0,40.0,40.0,0.0,40.0,1.0,17.0,1.7094017094017093,2.357239545427446,1.0
primary,x86_64,none,0.3.0,2.4.4,32,1,balanced,400,800,0.05,0,0.9950501253132832,5,"[80, 80, 80, 80, 80]",powerlaw,5,0,0,1,0,[400],0.2909771490000139,0.2902125621111161,0.2855849469999896,0.2944393490000152,0.0031124170037389906,"[0.294439, 0.288615, 0.28654, 0.293077, 0.29312, 0.290977, 0.285585, 0.291291, 0.28827]",0.3000040959999808,0.2996286323333284,0.2951340510000193,0.3031756949999931,0.0030994575344209714,"[0.302404, 0.302018, 0.300004, 0.303176, 0.296621, 0.295661, 0.295134, 0.302022, 0.299617]",0.969910587487554,0.9419783700009201,0.9976461475805648,26,optimal,nan,13.45904541015625,23.229501724243164,340.9915797888274,340.9915797888274,0.0,0.0,0.0,1.0,0.0353870458135861,0.850632911392405,0.0679474216380182,9,2,1e-07,1e-05,1000,80.0,80.0,80.0,0.0,80.0,400.0,400.0,400.0,0.0,400.0
primary,x86_64,none,0.3.0,2.4.4,32,1,balanced,400,800,0.1,0,0.9950501253132832,5,"[80, 80, 80, 80, 80]",powerlaw,5,0,0,9,6,"[390, 2, 2, 1, 1, 1, 1, 1, 1]",0.445513582999979,0.44704622022221785,0.44333752999997955,0.46036715200000344,0.005140038908250009,"[0.447539, 0.460367, 0.445477, 0.445854, 0.443338, 0.446331, 0.445514, 0.44419, 0.444808]",0.43345269899998584,0.4336342402222202,0.43167780500002095,0.43654707600001075,0.0015903051792171617,"[0.431822, 0.43552, 0.436547, 0.433453, 0.433894, 0.432883, 0.433038, 0.431678, 0.433873]",1.027825144537844,1.0155549180679169,1.0664600928462864,41,optimal,nan,13.45904541015625,22.265936851501465,352.36835725093164,352.36829596337833,1.7393035454734614e-07,0.00040073242618477584,0.00023317487260277555,0.9999875,0.2965451055662188,0.7822784810126582,0.4300626304801671,9,2,1e-07,1e-05,1000,80.0,80.0,80.0,0.0,80.0,1.0,390.0,44.44444444444444,122.17302039967845,1.0
primary,x86_64,none,0.3.0,2.4.4,32,1,balanced,400,800,0.15,0,0.9950501253132832,5,"[80, 80, 80, 80, 80]",powerlaw,5,0,0,79,53,"[278, 9, 4, 4, 4, 3, 3, 3, 3, 3, 3, 2, 2, 2, 2, 2, 2, 2, 2, 2, 2, 2, 2, 2, 2, 2, 1, 1, 1, 1, 1, 1, 1, 1, 1, 1, 1, 1, 1, 1, 1, 1, 1, 1, 1, 1, 1, 1, 1, 1, 1, 1, 1, 1, 1, 1, 1, 1, 1, 1, 1, 1, 1, 1, 1, 1, 1, 1, 1, 1, 1, 1, 1, 1, 1, 1, 1, 1, 1]",0.48247940800001743,0.4832586163333335,0.4793513619999885,0.49245949900000596,0.004039314853251806,"[0.492459, 0.486684, 0.479351, 0.483104, 0.480089, 0.482479, 0.481494, 0.481118, 0.482548]",0.26137488500000927,0.2613525865555586,0.26093456500001366,0.2620004419999873,0.000318486314800382,"[0.261419, 0.260935, 0.261084, 0.261375, 0.261236, 0.261402, 0.26161, 0.262, 0.261112]",1.8459287241771538,1.8295822645979039,1.8872911643575476,44,optimal,nan,13.45904541015625,13.140583992004395,358.29244860784405,358.2921950116404,7.077910925795954e-07,0.002021631188639003,0.0011763317346113996,0.99995,0.7017543859649122,0.7088607594936709,0.7052896725440806,9,2,1e-07,1e-05,1000,80.0,80.0,80.0,0.0,80.0,1.0,278.0,5.063291139240507,30.925529895136556,1.0
primary,x86_64,none,0.3.0,2.4.4,32,1,balanced,400,800,0.2,0,0.9950501253132832,5,"[80, 80, 80, 80, 80]",powerlaw,5,0,0,145,107,"[170, 9, 8, 7, 6, 6, 5, 4, 4, 4, 4, 3, 3, 3, 3, 3, 3, 3, 3, 3, 3, 3, 3, 2, 2, 2, 2, 2, 2, 2, 2, 2, 2, 2, 2, 2, 2, 2, 1, 1, 1, 1, 1, 1, 1, 1, 1, 1, 1, 1, 1, 1, 1, 1, 1, 1, 1, 1, 1, 1, 1, 1, 1, 1, 1, 1, 1, 1, 1, 1, 1, 1, 1, 1, 1, 1, 1, 1, 1, 1, 1, 1, 1, 1, 1, 1, 1, 1, 1, 1, 1, 1, 1, 1, 1, 1, 1, 1, 1, 1, 1, 1, 1, 1, 1, 1, 1, 1, 1, 1, 1, 1, 1, 1, 1, 1, 1, 1, 1, 1, 1, 1, 1, 1, 1, 1, 1, 1, 1, 1, 1, 1, 1, 1, 1, 1, 1, 1, 1, 1, 1, 1, 1, 1, 1]",0.523895452000005,0.5251647654444488,0.5201773619999983,0.5325513490000162,0.0036540830039030548,"[0.532551, 0.528446, 0.523123, 0.525944, 0.522455, 0.523895, 0.523764, 0.526126, 0.520177]",0.13063261199999943,0.13082890977777753,0.1304972689999886,0.13155522900001415,0.0003614438420414971,"[0.130497, 0.130597, 0.131555, 0.131176, 0.130633, 0.130579, 0.130516, 0.130912, 0.130995]",4.010449182475256,3.9540607086012702,4.0809386516744866,48,optimal,nan,13.45904541015625,9.427663803100586,362.76124849416095,362.76070514155884,1.4978242697184395e-06,0.0031991551979882876,0.0018614971639961911,0.9999875,0.8876404494382022,0.6,0.716012084592145,9,2,1e-07,1e-05,1000,80.0,80.0,80.0,0.0,80.0,1.0,170.0,2.7586206896551726,14.001613632163956,1.0
primary,x86_64,none,0.3.0,2.4.4,32,1,balanced,400,800,0.25,0,0.9950501253132832,5,"[80, 80, 80, 80, 80]",powerlaw,5,0,0,189,144,"[67, 31, 15, 8, 8, 6, 5, 5, 5, 5, 5, 4, 4, 4, 4, 4, 4, 4, 3, 3, 3, 3, 3, 3, 3, 3, 3, 3, 3, 3, 3, 3, 2, 2, 2, 2, 2, 2, 2, 2, 2, 2, 2, 2, 2, 1, 1, 1, 1, 1, 1, 1, 1, 1, 1, 1, 1, 1, 1, 1, 1, 1, 1, 1, 1, 1, 1, 1, 1, 1, 1, 1, 1, 1, 1, 1, 1, 1, 1, 1, 1, 1, 1, 1, 1, 1, 1, 1, 1, 1, 1, 1, 1, 1, 1, 1, 1, 1, 1, 1, 1, 1, 1, 1, 1, 1, 1, 1, 1, 1, 1, 1, 1, 1, 1, 1, 1, 1, 1, 1, 1, 1, 1, 1, 1, 1, 1, 1, 1, 1, 1, 1, 1, 1, 1, 1, 1, 1, 1, 1, 1, 1, 1, 1, 1, 1, 1, 1, 1, 1, 1, 1, 1, 1, 1, 1, 1, 1, 1, 1, 1, 1, 1, 1, 1, 1, 1, 1, 1, 1, 1, 1, 1, 1, 1, 1, 1, 1, 1, 1, 1, 1, 1, 1, 1, 1, 1, 1, 1]",0.5226328809999927,0.5253228565555553,0.521644914999996,0.5351916440000082,0.00471097965507475,"[0.535192, 0.530481, 0.526943, 0.522025, 0.522378, 0.524415, 0.522194, 0.522633, 0.521645]",0.039570642000001044,0.03962644922222896,0.03940203500002326,0.04012158700001578,0.00020465344127083658,"[0.03967, 0.039693, 0.039534, 0.03956, 0.039402, 0.039503, 0.039584, 0.039571, 0.040122]",13.207591653427784,13.001602229737095,13.582842713572845,48,optimal,nan,13.45904541015625,8.916414260864258,366.2620813011371,366.2615530579492,1.442254644570986e-06,0.0036625485872969765,0.002131138026582941,0.999975,0.971830985915493,0.5240506329113924,0.6809210526315789,9,2,1e-07,1e-05,1000,80.0,80.0,80.0,0.0,80.0,1.0,67.0,2.1164021164021163,5.4196581011665765,1.0
primary,x86_64,none,0.3.0,2.4.4,32,1,balanced,400,800,0.3,0,0.9950501253132832,5,"[80, 80, 80, 80, 80]",powerlaw,5,0,0,226,189,"[51, 31, 15, 14, 8, 5, 5, 5, 5, 4, 4, 4, 3, 3, 3, 3, 3, 3, 3, 3, 3, 3, 2, 2, 2, 2, 2, 2, 2, 2, 2, 2, 2, 2, 2, 2, 2, 1, 1, 1, 1, 1, 1, 1, 1, 1, 1, 1, 1, 1, 1, 1, 1, 1, 1, 1, 1, 1, 1, 1, 1, 1, 1, 1, 1, 1, 1, 1, 1, 1, 1, 1, 1, 1, 1, 1, 1, 1, 1, 1, 1, 1, 1, 1, 1, 1, 1, 1, 1, 1, 1, 1, 1, 1, 1, 1, 1, 1, 1, 1, 1, 1, 1, 1, 1, 1, 1, 1, 1, 1, 1, 1, 1, 1, 1, 1, 1, 1, 1, 1, 1, 1, 1, 1, 1, 1, 1, 1, 1, 1, 1, 1, 1, 1, 1, 1, 1, 1, 1, 1, 1, 1, 1, 1, 1, 1, 1, 1, 1, 1, 1, 1, 1, 1, 1, 1, 1, 1, 1, 1, 1, 1, 1, 1, 1, 1, 1, 1, 1, 1, 1, 1, 1, 1, 1, 1, 1, 1, 1, 1, 1, 1, 1, 1, 1, 1, 1, 1, 1, 1, 1, 1, 1, 1, 1, 1, 1, 1, 1, 1]",0.535557324999985,0.5363875637777716,0.5330114669999944,0.5427673639999853,0.00360417869209176,"[0.542245, 0.542767, 0.535634, 0.535746, 0.535557, 0.533011, 0.534605, 0.534627, 0.533295]",0.034755708000005825,0.0347566314444426,0.03435674900001118,0.03524015799999347,0.00031148220156667077,"[0.034705, 0.034999, 0.034821, 0.03524, 0.035075, 0.034756, 0.03442, 0.034357, 0.034437]",15.409190484621842,15.125115698973117,15.797983796424065,49,optimal,nan,13.45904541015625,8.882909774780273,369.04148500968574,369.0413848936389,2.7128670055903395e-07,0.0018182224904254307,0.0010579733153423697,0.999975,0.9827586206896551,0.43291139240506327,0.6010544815465729,9,2,1e-07,1e-05,1000,80.0,80.0,80.0,0.0,80.0,1.0,51.0,1.7699115044247788,4.1145303704262135,1.0
primary,x86_64,none,0.3.0,2.4.4,32,1,balanced,400,800,0.35,0,0.9950501253132832,5,"[80, 80, 80, 80, 80]",powerlaw,5,0,0,254,222,"[21, 17, 16, 15, 14, 12, 8, 7, 5, 5, 4, 4, 4, 4, 3, 3, 3, 3, 3, 3, 2, 2, 2, 2, 2, 2, 2, 2, 2, 2, 2, 2, 1, 1, 1, 1, 1, 1, 1, 1, 1, 1, 1, 1, 1, 1, 1, 1, 1, 1, 1, 1, 1, 1, 1, 1, 1, 1, 1, 1, 1, 1, 1, 1, 1, 1, 1, 1, 1, 1, 1, 1, 1, 1, 1, 1, 1, 1, 1, 1, 1, 1, 1, 1, 1, 1, 1, 1, 1, 1, 1, 1, 1, 1, 1, 1, 1, 1, 1, 1, 1, 1, 1, 1, 1, 1, 1, 1, 1, 1, 1, 1, 1, 1, 1, 1, 1, 1, 1, 1, 1, 1, 1, 1, 1, 1, 1, 1, 1, 1, 1, 1, 1, 1, 1, 1, 1, 1, 1, 1, 1, 1, 1, 1, 1, 1, 1, 1, 1, 1, 1, 1, 1, 1, 1, 1, 1, 1, 1, 1, 1, 1, 1, 1, 1, 1, 1, 1, 1, 1, 1, 1, 1, 1, 1, 1, 1, 1, 1, 1, 1, 1, 1, 1, 1, 1, 1, 1, 1, 1, 1, 1, 1, 1, 1, 1, 1, 1, 1, 1]",0.5355413320000082,0.5374059839999998,0.5341427660000022,0.5467912150000132,0.004475707790195602,"[0.546791, 0.542791, 0.534223, 0.537375, 0.534404, 0.534272, 0.534143, 0.537114, 0.535541]",0.023344961000020703,0.0233572304444528,0.023277279999973643,0.023445888000026116,4.744322465874047e-05,"[0.023277, 0.023366, 0.023345, 0.023345, 0.023334, 0.023446, 0.023341, 0.023352, 0.023408]",22.940339544775135,22.781937967092876,23.490339721850333,49,optimal,nan,13.45904541015625,8.835760116577148,371.30818849624217,371.30816991501473,5.004260076232106e-08,0.0012342559705927347,0.0007181789718139003,1.0,1.0,0.369620253164557,0.5397412199630315,9,2,1e-07,1e-05,1000,80.0,80.0,80.0,0.0,80.0,1.0,21.0,1.5748031496062993,2.4074022495568084,1.0
primary,x86_64,none,0.3.0,2.4.4,32,1,balanced,400,800,0.4,0,0.9950501253132832,5,"[80, 80, 80, 80, 80]",powerlaw,5,0,0,274,251,"[21, 17, 15, 15, 12, 8, 8, 7, 6, 5, 4, 4, 4, 3, 3, 3, 2, 2, 2, 2, 2, 2, 2, 1, 1, 1, 1, 1, 1, 1, 1, 1, 1, 1, 1, 1, 1, 1, 1, 1, 1, 1, 1, 1, 1, 1, 1, 1, 1, 1, 1, 1, 1, 1, 1, 1, 1, 1, 1, 1, 1, 1, 1, 1, 1, 1, 1, 1, 1, 1, 1, 1, 1, 1, 1, 1, 1, 1, 1, 1, 1, 1, 1, 1, 1, 1, 1, 1, 1, 1, 1, 1, 1, 1, 1, 1, 1, 1, 1, 1, 1, 1, 1, 1, 1, 1, 1, 1, 1, 1, 1, 1, 1, 1, 1, 1, 1, 1, 1, 1, 1, 1, 1, 1, 1, 1, 1, 1, 1, 1, 1, 1, 1, 1, 1, 1, 1, 1, 1, 1, 1, 1, 1, 1, 1, 1, 1, 1, 1, 1, 1, 1, 1, 1, 1, 1, 1, 1, 1, 1, 1, 1, 1, 1, 1, 1, 1, 1, 1, 1, 1, 1, 1, 1, 1, 1, 1, 1, 1, 1, 1, 1, 1, 1, 1, 1, 1, 1, 1, 1, 1, 1, 1, 1, 1, 1, 1, 1, 1, 1]",0.5336775249999732,0.537440843222214,0.5321834239999816,0.5535113799999749,0.007392408735657107,"[0.553511, 0.546176, 0.533048, 0.536254, 0.532183, 0.532846, 0.53336, 0.535911, 0.533678]",0.01993143599997893,0.01992985366666744,0.01979490399997985,0.020165324000004148,0.00011150622796021173,"[0.019795, 0.019934, 0.019803, 0.01986, 0.020165, 0.019975, 0.019922, 0.019982, 0.019931]",26.775668597111487,26.391017768912228,27.96231696807109,49,optimal,nan,13.45904541015625,8.83448600769043,373.2060192059843,373.2060180127557,3.19723843027856e-09,0.00011698335747722943,6.806930546813213e-05,1.0,1.0,0.3189873417721519,0.4836852207293666,9,2,1e-07,1e-05,1000,80.0,80.0,80.0,0.0,80.0,1.0,21.0,1.4598540145985401,2.2048870687605593,1.0
primary,x86_64,none,0.3.0,2.4.4,32,1,balanced,400,2000,0.05,0,0.9950501253132832,5,"[80, 80, 80, 80, 80]",powerlaw,5,0,0,1,0,[400],0.3595143699999994,0.3597287173333257,0.35599602199999936,0.3641197869999928,0.0024088774541746096,"[0.359918, 0.361898, 0.36412, 0.358078, 0.36104, 0.355996, 0.359183, 0.357811, 0.359514]",0.36767333200003804,0.36831971188889334,0.3665991759999656,0.3720999230000075,0.0018487672459211095,"[0.366599, 0.369436, 0.366604, 0.368118, 0.369993, 0.367673, 0.367042, 0.367313, 0.3721]",0.9778092091812691,0.9567215685771377,0.9932367851258536,33,optimal,nan,13.45904541015625,23.229501724243164,345.5516619046824,345.5516619046824,0.0,0.0,0.0,1.0,0.14395557454079452,0.8531645569620253,0.24634502923976606,9,2,1e-07,1e-05,1000,80.0,80.0,80.0,0.0,80.0,400.0,400.0,400.0,0.0,400.0
primary,x86_64,none,0.3.0,2.4.4,32,1,balanced,400,2000,0.1,0,0.9950501253132832,5,"[80, 80, 80, 80, 80]",powerlaw,5,0,0,50,24,"[299, 9, 6, 6, 5, 4, 4, 3, 3, 3, 3, 3, 2, 2, 2, 2, 2, 2, 2, 2, 2, 2, 2, 2, 2, 2, 1, 1, 1, 1, 1, 1, 1, 1, 1, 1, 1, 1, 1, 1, 1, 1, 1, 1, 1, 1, 1, 1, 1, 1]",0.43493574800004353,0.4365433242222328,0.4321892700000376,0.44907025600002726,0.005059828943609043,"[0.438977, 0.44907, 0.434551, 0.433314, 0.434387, 0.432189, 0.434936, 0.435916, 0.435549]",0.2673067240000364,0.26731548988889625,0.266157034999992,0.26863491599999634,0.00069282400889288,"[0.266659, 0.266157, 0.267648, 0.268635, 0.26766, 0.267108, 0.267495, 0.267307, 0.267169]",1.6271036563973014,1.6088350555295778,1.6872379721243917,40,optimal,nan,13.45904541015625,14.616571426391602,353.11931926207706,353.1190891244661,6.517276127820752e-07,0.0008975338662076116,0.000529468558400913,0.9999875,0.7417061611374408,0.7924050632911392,0.766217870257038,9,2,1e-07,1e-05,1000,80.0,80.0,80.0,0.0,80.0,1.0,299.0,8.0,41.60192303247531,2.0
primary,x86_64,none,0.3.0,2.4.4,32,1,balanced,400,2000,0.15,0,0.9950501253132832,5,"[80, 80, 80, 80, 80]",powerlaw,5,0,0,119,62,"[111, 20, 19, 11, 9, 9, 8, 8, 7, 5, 5, 4, 4, 4, 4, 4, 4, 4, 4, 4, 4, 3, 3, 3, 3, 3, 3, 3, 3, 3, 3, 3, 3, 3, 3, 2, 2, 2, 2, 2, 2, 2, 2, 2, 2, 2, 2, 2, 2, 2, 2, 2, 2, 2, 2, 2, 2, 1, 1, 1, 1, 1, 1, 1, 1, 1, 1, 1, 1, 1, 1, 1, 1, 1, 1, 1, 1, 1, 1, 1, 1, 1, 1, 1, 1, 1, 1, 1, 1, 1, 1, 1, 1, 1, 1, 1, 1, 1, 1, 1, 1, 1, 1, 1, 1, 1, 1, 1, 1, 1, 1, 1, 1, 1, 1, 1, 1, 1, 1]",0.4607666670000299,0.4626992875555642,0.4599885509999808,0.46980432800000926,0.0037437258374712077,"[0.469804, 0.468438, 0.462667, 0.459989, 0.461499, 0.460767, 0.46035, 0.460358, 0.460423]",0.06592841600001975,0.06621547399998917,0.06575151199996299,0.06726766700001008,0.00048418889361379194,"[0.065926, 0.065871, 0.065752, 0.065928, 0.065927, 0.066261, 0.067268, 0.066598, 0.066408]",6.988893332427278,6.838182019898384,7.1451486621368305,42,optimal,nan,13.45904541015625,9.073583602905273,358.7800197029877,358.77957336088883,1.2440550598448137e-06,0.00265033466633377,0.0015634753373347308,0.9999625,0.9681978798586572,0.6936708860759494,0.808259587020649,9,2,1e-07,1e-05,1000,80.0,80.0,80.0,0.0,80.0,1.0,111.0,3.361344537815126,10.323938969176297,1.0
primary,x86_64,none,0.3.0,2.4.4,32,1,balanced,400,2000,0.2,0,0.9950501253132832,5,"[80, 80, 80, 80, 80]",powerlaw,5,0,0,161,110,"[60, 20, 19, 14, 12, 10, 9, 9, 8, 6, 5, 5, 5, 5, 5, 4, 4, 4, 4, 4, 4, 4, 3, 3, 3, 3, 3, 3, 3, 3, 3, 3, 3, 3, 2, 2, 2, 2, 2, 2, 2, 2, 2, 2, 2, 2, 2, 2, 2, 2, 2, 1, 1, 1, 1, 1, 1, 1, 1, 1, 1, 1, 1, 1, 1, 1, 1, 1, 1, 1, 1, 1, 1, 1, 1, 1, 1, 1, 1, 1, 1, 1, 1, 1, 1, 1, 1, 1, 1, 1, 1, 1, 1, 1, 1, 1, 1, 1, 1, 1, 1, 1, 1, 1, 1, 1, 1, 1, 1, 1, 1, 1, 1, 1, 1, 1, 1, 1, 1, 1, 1, 1, 1, 1, 1, 1, 1, 1, 1, 1, 1, 1, 1, 1, 1, 1, 1, 1, 1, 1, 1, 1, 1, 1, 1, 1, 1, 1, 1, 1, 1, 1, 1, 1, 1, 1, 1, 1, 1, 1, 1]",0.48173790500004543,0.48277761755555404,0.4802723629999832,0.4892624459999979,0.0031056871859092886,"[0.489262, 0.4864, 0.480879, 0.48204, 0.483346, 0.480272, 0.480363, 0.480698, 0.481738]",0.04228168000003052,0.042369141666666915,0.04206677999997055,0.04282427000003963,0.00024530494278130887,"[0.042593, 0.042535, 0.042437, 0.042229, 0.042282, 0.042163, 0.042193, 0.042067, 0.042824]",11.393537461134413,11.214957382800424,11.63061318219128,44,optimal,nan,13.45904541015625,8.89371395111084,363.17083198226294,363.1703878412534,1.222953415967226e-06,0.004055560226727074,0.002392438239800444,0.999975,0.9874476987447699,0.5974683544303797,0.7444794952681387,9,2,1e-07,1e-05,1000,80.0,80.0,80.0,0.0,80.0,1.0,60.0,2.484472049689441,5.340697595654054,1.0
primary,x86_64,none,0.3.0,2.4.4,32,1,balanced,400,2000,0.25,0,0.9950501253132832,5,"[80, 80, 80, 80, 80]",powerlaw,5,0,0,184,134,"[39, 19, 17, 15, 14, 12, 9, 8, 7, 6, 5, 5, 5, 5, 5, 4, 4, 4, 4, 4, 3, 3, 3, 3, 3, 3, 3, 3, 3, 3, 3, 3, 3, 3, 3, 2, 2, 2, 2, 2, 2, 2, 2, 2, 2, 2, 2, 2, 2, 2, 1, 1, 1, 1, 1, 1, 1, 1, 1, 1, 1, 1, 1, 1, 1, 1, 1, 1, 1, 1, 1, 1, 1, 1, 1, 1, 1, 1, 1, 1, 1, 1, 1, 1, 1, 1, 1, 1, 1, 1, 1, 1, 1, 1, 1, 1, 1, 1, 1, 1, 1, 1, 1, 1, 1, 1, 1, 1, 1, 1, 1, 1, 1, 1, 1, 1, 1, 1, 1, 1, 1, 1, 1, 1, 1, 1, 1, 1, 1, 1, 1, 1, 1, 1, 1, 1, 1, 1, 1, 1, 1, 1, 1, 1, 1, 1, 1, 1, 1, 1, 1, 1, 1, 1, 1, 1, 1, 1, 1, 1, 1, 1, 1, 1, 1, 1, 1, 1, 1, 1, 1, 1, 1, 1, 1, 1, 1, 1, 1, 1, 1, 1, 1, 1]",0.48305775199997925,0.48341044044443987,0.4802758390000008,0.48923484400000916,0.00290504620608237,"[0.489235, 0.484741, 0.483058, 0.480682, 0.480526, 0.485848, 0.483024, 0.483304, 0.480276]",0.032121050999990075,0.03218371344445359,0.031991635999986556,0.03254135299999916,0.00019369144486590818,"[0.032541, 0.032469, 0.032203, 0.031992, 0.032121, 0.03216, 0.032058, 0.032056, 0.032053]",15.038665826972116,14.758938849285498,15.292585974665839,44,optimal,nan,13.45904541015625,8.8523588180542,366.633182058829,366.63305816048324,3.379354401382296e-07,0.0021346381034069023,0.001259254017594721,0.9999875,0.9953703703703703,0.5443037974683544,0.7037643207855973,9,2,1e-07,1e-05,1000,80.0,80.0,80.0,0.0,80.0,1.0,39.0,2.1739130434782608,3.7809841588969757,1.0
primary,x86_64,none,0.3.0,2.4.4,32,1,balanced,400,2000,0.3,0,0.9950501253132832,5,"[80, 80, 80, 80, 80]",powerlaw,5,0,0,227,183,"[38, 17, 15, 14, 12, 8, 7, 6, 5, 5, 5, 4, 4, 4, 4, 4, 3, 3, 3, 3, 3, 3, 3, 3, 3, 2, 2, 2, 2, 2, 2, 2, 2, 2, 2, 2, 2, 2, 2, 2, 2, 2, 2, 2, 1, 1, 1, 1, 1, 1, 1, 1, 1, 1, 1, 1, 1, 1, 1, 1, 1, 1, 1, 1, 1, 1, 1, 1, 1, 1, 1, 1, 1, 1, 1, 1, 1, 1, 1, 1, 1, 1, 1, 1, 1, 1, 1, 1, 1, 1, 1, 1, 1, 1, 1, 1, 1, 1, 1, 1, 1, 1, 1, 1, 1, 1, 1, 1, 1, 1, 1, 1, 1, 1, 1, 1, 1, 1, 1, 1, 1, 1, 1, 1, 1, 1, 1, 1, 1, 1, 1, 1, 1, 1, 1, 1, 1, 1, 1, 1, 1, 1, 1, 1, 1, 1, 1, 1, 1, 1, 1, 1, 1, 1, 1, 1, 1, 1, 1, 1, 1, 1, 1, 1, 1, 1, 1, 1, 1, 1, 1, 1, 1, 1, 1, 1, 1, 1, 1, 1, 1, 1, 1, 1, 1, 1, 1, 1, 1, 1, 1, 1, 1, 1, 1, 1, 1, 1, 1, 1]",0.4934962359999986,0.4955616723333378,0.4917593970000098,0.5053040900000383,0.004809970858093389,"[0.505304, 0.501892, 0.491825, 0.495698, 0.49266, 0.494739, 0.493496, 0.491759, 0.492681]",0.03229932499999677,0.03249852777777404,0.0321497260000001,0.03317080400000805,0.0003662580005956316,"[0.032232, 0.032883, 0.032815, 0.03228, 0.032299, 0.032196, 0.033171, 0.032461, 0.03215]",15.27884053304668,14.825067158453274,15.7172129554086,45,optimal,nan,13.45904541015625,8.850707054138184,369.3793541474393,369.379311781572,1.1469473536441704e-07,0.0018682803153659,0.0011021244536005823,0.999975,0.9942196531791907,0.43544303797468353,0.6056338028169014,9,2,1e-07,1e-05,1000,80.0,80.0,80.0,0.0,80.0,1.0,38.0,1.7621145374449338,3.1393159732388702,1.0
primary,x86_64,none,0.3.0,2.4.4,32,1,balanced,400,2000,0.35,0,0.9950501253132832,5,"[80, 80, 80, 80, 80]",powerlaw,5,0,0,254,220,"[21, 17, 16, 15, 12, 8, 8, 7, 6, 5, 5, 4, 4, 4, 4, 3, 3, 3, 3, 3, 3, 2, 2, 2, 2, 2, 2, 2, 2, 2, 2, 2, 2, 2, 1, 1, 1, 1, 1, 1, 1, 1, 1, 1, 1, 1, 1, 1, 1, 1, 1, 1, 1, 1, 1, 1, 1, 1, 1, 1, 1, 1, 1, 1, 1, 1, 1, 1, 1, 1, 1, 1, 1, 1, 1, 1, 1, 1, 1, 1, 1, 1, 1, 1, 1, 1, 1, 1, 1, 1, 1, 1, 1, 1, 1, 1, 1, 1, 1, 1, 1, 1, 1, 1, 1, 1, 1, 1, 1, 1, 1, 1, 1, 1, 1, 1, 1, 1, 1, 1, 1, 1, 1, 1, 1, 1, 1, 1, 1, 1, 1, 1, 1, 1, 1, 1, 1, 1, 1, 1, 1, 1, 1, 1, 1, 1, 1, 1, 1, 1, 1, 1, 1, 1, 1, 1, 1, 1, 1, 1, 1, 1, 1, 1, 1, 1, 1, 1, 1, 1, 1, 1, 1, 1, 1, 1, 1, 1, 1, 1, 1, 1, 1, 1, 1, 1, 1, 1, 1, 1, 1, 1, 1, 1, 1, 1, 1, 1, 1, 1]",0.49578617899999244,0.49730773311111104,0.4935638370000106,0.5059809929999801,0.004057539046368214,"[0.505981, 0.501872, 0.495119, 0.495786, 0.495546, 0.493564, 0.494029, 0.497384, 0.496489]",0.02278678499999387,0.022822531888885403,0.022621749999984786,0.023185706999981903,0.0001737834973542464,"[0.023022, 0.023186, 0.022718, 0.022731, 0.02279, 0.022733, 0.022622, 0.022787, 0.022814]",21.75761868118411,21.287418020092975,22.367013736794032,45,optimal,nan,13.45904541015625,8.834207534790039,371.6096508139418,371.6096494774013,3.596624817399367e-09,6.909911034025384e-05,4.076248881243455e-05,1.0,1.0,0.369620253164557,0.5397412199630315,9,2,1e-07,1e-05,1000,80.0,80.0,80.0,0.0,80.0,1.0,21.0,1.5748031496062993,2.3292717426298077,1.0
primary,x86_64,none,0.3.0,2.4.4,32,1,balanced,400,2000,0.4,0,0.9950501253132832,5,"[80, 80, 80, 80, 80]",powerlaw,5,0,0,277,254,"[21, 17, 15, 14, 12, 8, 8, 7, 6, 5, 4, 4, 3, 3, 3, 2, 2, 2, 2, 2, 2, 2, 2, 1, 1, 1, 1, 1, 1, 1, 1, 1, 1, 1, 1, 1, 1, 1, 1, 1, 1, 1, 1, 1, 1, 1, 1, 1, 1, 1, 1, 1, 1, 1, 1, 1, 1, 1, 1, 1, 1, 1, 1, 1, 1, 1, 1, 1, 1, 1, 1, 1, 1, 1, 1, 1, 1, 1, 1, 1, 1, 1, 1, 1, 1, 1, 1, 1, 1, 1, 1, 1, 1, 1, 1, 1, 1, 1, 1, 1, 1, 1, 1, 1, 1, 1, 1, 1, 1, 1, 1, 1, 1, 1, 1, 1, 1, 1, 1, 1, 1, 1, 1, 1, 1, 1, 1, 1, 1, 1, 1, 1, 1, 1, 1, 1, 1, 1, 1, 1, 1, 1, 1, 1, 1, 1, 1, 1, 1, 1, 1, 1, 1, 1, 1, 1, 1, 1, 1, 1, 1, 1, 1, 1, 1, 1, 1, 1, 1, 1, 1, 1, 1, 1, 1, 1, 1, 1, 1, 1, 1, 1, 1, 1, 1, 1, 1, 1, 1, 1, 1, 1, 1, 1, 1, 1, 1, 1, 1, 1]",0.4862104649999992,0.48835792866666833,0.48253065200003675,0.49543287400001645,0.004627775379135877,"[0.495433, 0.492208, 0.482531, 0.493919, 0.489593, 0.48621, 0.485872, 0.485928, 0.483526]",0.019679678999978023,0.01975513977777786,0.019600130000014815,0.020031123000023854,0.0001478057572526722,"[0.019898, 0.020031, 0.01989, 0.019677, 0.019645, 0.019649, 0.019726, 0.01968, 0.0196]",24.706219293543466,24.089046430370487,25.277019795258603,44,optimal,nan,13.45904541015625,8.83453369140625,373.482128470691,373.4821270847871,3.7107635954372283e-09,0.00012942836563301086,7.635153354126679e-05,1.0,1.0,0.31139240506329113,0.47490347490347495,9,2,1e-07,1e-05,1000,80.0,80.0,80.0,0.0,80.0,1.0,21.0,1.444043321299639,2.166684628576968,1.0
primary,x86_64,none,0.3.0,2.4.4,32,1,balanced,400,4000,0.05,0,0.9950501253132832,5,"[80, 80, 80, 80, 80]",powerlaw,5,0,0,8,4,"[386, 6, 2, 2, 1, 1, 1, 1]",0.4000939310000149,0.40131157999999484,0.3965626680000014,0.4101821400000176,0.003971888307926066,"[0.402392, 0.410182, 0.40353, 0.401788, 0.396563, 0.40001, 0.400094, 0.397909, 0.399337]",0.3710137400000235,0.3715005825555598,0.3681709909999995,0.3745387120000032,0.0022220941430667277,"[0.373185, 0.368171, 0.374539, 0.372449, 0.370288, 0.370401, 0.371014, 0.369236, 0.374222]",1.0783803613310643,1.0588028828379108,1.114107710892459,37,optimal,nan,13.45904541015625,21.8867130279541,346.853483385965,346.85348684692485,9.978160923916993e-09,5.286419491680114e-05,3.1419745938194634e-05,0.9999875,0.41154791154791154,0.8481012658227848,0.5541770057899089,9,2,1e-07,1e-05,1000,80.0,80.0,80.0,0.0,80.0,1.0,386.0,50.0,127.00590537451399,1.5
primary,x86_64,none,0.3.0,2.4.4,32,1,balanced,400,4000,0.1,0,0.9950501253132832,5,"[80, 80, 80, 80, 80]",powerlaw,5,0,0,75,25,"[128, 45, 40, 16, 9, 7, 7, 6, 6, 5, 4, 4, 4, 4, 4, 4, 4, 4, 3, 3, 3, 3, 3, 3, 3, 3, 3, 3, 2, 2, 2, 2, 2, 2, 2, 2, 2, 2, 2, 2, 2, 2, 2, 2, 2, 2, 2, 2, 2, 2, 1, 1, 1, 1, 1, 1, 1, 1, 1, 1, 1, 1, 1, 1, 1, 1, 1, 1, 1, 1, 1, 1, 1, 1, 1]",0.40318731600001456,0.40416911877777767,0.3991863779999676,0.41705858699998544,0.005267950200078337,"[0.406341, 0.417059, 0.401901, 0.403815, 0.403187, 0.400553, 0.401529, 0.403951, 0.399186]",0.08880795100003525,0.08897525011111737,0.08842210099999193,0.08976852899996857,0.00042475965254561653,"[0.088808, 0.089151, 0.088776, 0.088535, 0.088422, 0.089362, 0.089769, 0.089158, 0.088796]",4.539991199660204,4.446841030447401,4.716678096124673,37,optimal,nan,13.45904541015625,9.2105712890625,354.12522300758735,354.12513776261954,2.407198422139744e-07,0.0019425442108002774,0.0011660173435940567,0.99995,0.9573170731707317,0.7949367088607595,0.8686030428769017,9,2,1e-07,1e-05,1000,80.0,80.0,80.0,0.0,80.0,1.0,128.0,5.333333333333333,15.806609025622443,2.0
primary,x86_64,none,0.3.0,2.4.4,32,1,balanced,400,4000,0.15,0,0.9950501253132832,5,"[80, 80, 80, 80, 80]",powerlaw,5,0,0,125,57,"[29, 23, 20, 19, 15, 14, 12, 11, 11, 9, 9, 8, 7, 6, 5, 5, 5, 4, 4, 4, 4, 4, 4, 4, 4, 4, 3, 3, 3, 3, 3, 3, 3, 3, 3, 3, 3, 3, 3, 3, 3, 2, 2, 2, 2, 2, 2, 2, 2, 2, 2, 2, 2, 2, 2, 2, 2, 2, 2, 2, 2, 2, 2, 2, 2, 2, 2, 2, 1, 1, 1, 1, 1, 1, 1, 1, 1, 1, 1, 1, 1, 1, 1, 1, 1, 1, 1, 1, 1, 1, 1, 1, 1, 1, 1, 1, 1, 1, 1, 1, 1, 1, 1, 1, 1, 1, 1, 1, 1, 1, 1, 1, 1, 1, 1, 1, 1, 1, 1, 1, 1, 1, 1, 1, 1]",0.4049957380000251,0.4068070250000157,0.40226719300000013,0.41944745600000033,0.00518280558876484,"[0.408073, 0.419447, 0.403753, 0.408024, 0.404144, 0.402267, 0.407157, 0.404996, 0.403401]",0.036414005000040106,0.03647350277777327,0.03607324299997572,0.03711452499999268,0.0002901835668830469,"[0.036073, 0.036405, 0.036638, 0.037115, 0.036501, 0.036518, 0.036414, 0.036339, 0.036258]",11.121977327118481,10.838538092568326,11.627661422076265,37,optimal,nan,13.45904541015625,8.847328186035156,359.74666266634,359.74666130420405,3.7863754928299154e-09,0.00022435366435000215,0.00013474003025325764,1.0,1.0,0.6962025316455697,0.8208955223880596,9,2,1e-07,1e-05,1000,80.0,80.0,80.0,0.0,80.0,1.0,29.0,3.2,4.46138991795158,2.0
primary,x86_64,none,0.3.0,2.4.4,32,1,balanced,400,4000,0.2,0,0.9950501253132832,5,"[80, 80, 80, 80, 80]",powerlaw,5,0,0,163,108,"[26, 19, 18, 17, 15, 14, 12, 11, 9, 9, 8, 6, 5, 5, 5, 5, 5, 4, 4, 4, 4, 4, 4, 4, 3, 3, 3, 3, 3, 3, 3, 3, 3, 3, 3, 3, 3, 2, 2, 2, 2, 2, 2, 2, 2, 2, 2, 2, 2, 2, 2, 2, 2, 2, 2, 1, 1, 1, 1, 1, 1, 1, 1, 1, 1, 1, 1, 1, 1, 1, 1, 1, 1, 1, 1, 1, 1, 1, 1, 1, 1, 1, 1, 1, 1, 1, 1, 1, 1, 1, 1, 1, 1, 1, 1, 1, 1, 1, 1, 1, 1, 1, 1, 1, 1, 1, 1, 1, 1, 1, 1, 1, 1, 1, 1, 1, 1, 1, 1, 1, 1, 1, 1, 1, 1, 1, 1, 1, 1, 1, 1, 1, 1, 1, 1, 1, 1, 1, 1, 1, 1, 1, 1, 1, 1, 1, 1, 1, 1, 1, 1, 1, 1, 1, 1, 1, 1, 1, 1, 1, 1, 1, 1]",0.39825344900003756,0.39971186511111984,0.39114876200000026,0.41282113599999093,0.006883179235784576,"[0.398253, 0.403834, 0.403722, 0.39338, 0.397925, 0.391149, 0.412821, 0.403188, 0.393134]",0.03152943399999231,0.031639723111103045,0.031345397999984925,0.03248641900000848,0.0003598055763374201,"[0.031415, 0.032486, 0.03189, 0.031666, 0.031579, 0.031529, 0.031487, 0.031345, 0.031358]",12.631163914967035,12.040377919151327,13.170071600309221,36,optimal,nan,13.45904541015625,8.839337348937988,364.110466182541,364.11045896784384,1.9814583340878383e-08,0.0007488677492014789,0.0004497513492224971,1.0,1.0,0.6,0.7499999999999999,9,2,1e-07,1e-05,1000,80.0,80.0,80.0,0.0,80.0,1.0,26.0,2.4539877300613497,3.632171271717334,1.0
primary,x86_64,none,0.3.0,2.4.4,32,1,balanced,400,4000,0.25,0,0.9950501253132832,5,"[80, 80, 80, 80, 80]",powerlaw,5,0,0,190,138,"[22, 18, 17, 15, 14, 14, 12, 9, 8, 6, 6, 5, 5, 5, 5, 5, 4, 4, 4, 4, 3, 3, 3, 3, 3, 3, 3, 3, 3, 3, 3, 3, 3, 3, 3, 3, 2, 2, 2, 2, 2, 2, 2, 2, 2, 2, 2, 2, 2, 2, 2, 2, 1, 1, 1, 1, 1, 1, 1, 1, 1, 1, 1, 1, 1, 1, 1, 1, 1, 1, 1, 1, 1, 1, 1, 1, 1, 1, 1, 1, 1, 1, 1, 1, 1, 1, 1, 1, 1, 1, 1, 1, 1, 1, 1, 1, 1, 1, 1, 1, 1, 1, 1, 1, 1, 1, 1, 1, 1, 1, 1, 1, 1, 1, 1, 1, 1, 1, 1, 1, 1, 1, 1, 1, 1, 1, 1, 1, 1, 1, 1, 1, 1, 1, 1, 1, 1, 1, 1, 1, 1, 1, 1, 1, 1, 1, 1, 1, 1, 1, 1, 1, 1, 1, 1, 1, 1, 1, 1, 1, 1, 1, 1, 1, 1, 1, 1, 1, 1, 1, 1, 1, 1, 1, 1, 1, 1, 1, 1, 1, 1, 1, 1, 1, 1, 1, 1, 1, 1, 1]",0.40860321399998156,0.40927332122222043,0.40397038899999416,0.42054771400000845,0.005481270729270059,"[0.410175, 0.414689, 0.420548, 0.408603, 0.404885, 0.410263, 0.40397, 0.404664, 0.405662]",0.029104969000002257,0.02911618677778607,0.02884375700000419,0.02940417500002468,0.0001868093487465174,"[0.028844, 0.029404, 0.029366, 0.029105, 0.029143, 0.028926, 0.028986, 0.029185, 0.029087]",14.038950324941075,13.738538455836801,14.580198897111336,37,optimal,nan,13.45904541015625,8.834795951843262,367.55713843218507,367.55706763766284,1.9260820924936517e-07,0.0024892258325847627,0.0014949574194277452,0.9999875,1.0,0.5316455696202531,0.6942148760330578,9,2,1e-07,1e-05,1000,80.0,80.0,80.0,0.0,80.0,1.0,22.0,2.1052631578947367,3.0503621328088633,1.0
primary,x86_64,none,0.3.0,2.4.4,32,1,balanced,400,4000,0.3,0,0.9950501253132832,5,"[80, 80, 80, 80, 80]",powerlaw,5,0,0,222,175,"[21, 18, 17, 15, 14, 12, 8, 8, 6, 5, 5, 5, 4, 4, 4, 4, 4, 4, 3, 3, 3, 3, 3, 3, 3, 3, 3, 2, 2, 2, 2, 2, 2, 2, 2, 2, 2, 2, 2, 2, 2, 2, 2, 2, 2, 2, 2, 1, 1, 1, 1, 1, 1, 1, 1, 1, 1, 1, 1, 1, 1, 1, 1, 1, 1, 1, 1, 1, 1, 1, 1, 1, 1, 1, 1, 1, 1, 1, 1, 1, 1, 1, 1, 1, 1, 1, 1, 1, 1, 1, 1, 1, 1, 1, 1, 1, 1, 1, 1, 1, 1, 1, 1, 1, 1, 1, 1, 1, 1, 1, 1, 1, 1, 1, 1, 1, 1, 1, 1, 1, 1, 1, 1, 1, 1, 1, 1, 1, 1, 1, 1, 1, 1, 1, 1, 1, 1, 1, 1, 1, 1, 1, 1, 1, 1, 1, 1, 1, 1, 1, 1, 1, 1, 1, 1, 1, 1, 1, 1, 1, 1, 1, 1, 1, 1, 1, 1, 1, 1, 1, 1, 1, 1, 1, 1, 1, 1, 1, 1, 1, 1, 1, 1, 1, 1, 1, 1, 1, 1, 1, 1, 1, 1, 1, 1, 1, 1, 1, 1, 1]",0.4113991230000238,0.41197447522221686,0.4079391829999963,0.42304540899999665,0.004535453182160594,"[0.412584, 0.423045, 0.410152, 0.413372, 0.411574, 0.407939, 0.409053, 0.411399, 0.408652]",0.026317174000041632,0.026418624555560655,0.026185379999958514,0.026923898999996254,0.0002305279221900778,"[0.026185, 0.026284, 0.026625, 0.026924, 0.026501, 0.026352, 0.026296, 0.026284, 0.026317]",15.632344225081804,15.151564154955903,16.155786511429923,37,optimal,nan,13.45904541015625,8.836368560791016,370.29431652657377,370.29431600199933,1.416641866970277e-09,0.00011928223521709413,7.163730773759724e-05,1.0,1.0,0.4506329113924051,0.6212914485165795,9,2,1e-07,1e-05,1000,80.0,80.0,80.0,0.0,80.0,1.0,21.0,1.8018018018018018,2.658726308279793,1.0
primary,x86_64,none,0.3.0,2.4.4,32,1,balanced,400,4000,0.35,0,0.9950501253132832,5,"[80, 80, 80, 80, 80]",powerlaw,5,0,0,256,223,"[21, 17, 16, 15, 12, 8, 8, 7, 6, 5, 5, 4, 4, 4, 3, 3, 3, 3, 3, 3, 3, 2, 2, 2, 2, 2, 2, 2, 2, 2, 2, 2, 2, 1, 1, 1, 1, 1, 1, 1, 1, 1, 1, 1, 1, 1, 1, 1, 1, 1, 1, 1, 1, 1, 1, 1, 1, 1, 1, 1, 1, 1, 1, 1, 1, 1, 1, 1, 1, 1, 1, 1, 1, 1, 1, 1, 1, 1, 1, 1, 1, 1, 1, 1, 1, 1, 1, 1, 1, 1, 1, 1, 1, 1, 1, 1, 1, 1, 1, 1, 1, 1, 1, 1, 1, 1, 1, 1, 1, 1, 1, 1, 1, 1, 1, 1, 1, 1, 1, 1, 1, 1, 1, 1, 1, 1, 1, 1, 1, 1, 1, 1, 1, 1, 1, 1, 1, 1, 1, 1, 1, 1, 1, 1, 1, 1, 1, 1, 1, 1, 1, 1, 1, 1, 1, 1, 1, 1, 1, 1, 1, 1, 1, 1, 1, 1, 1, 1, 1, 1, 1, 1, 1, 1, 1, 1, 1, 1, 1, 1, 1, 1, 1, 1, 1, 1, 1, 1, 1, 1, 1, 1, 1, 1, 1, 1, 1, 1, 1, 1]",0.4115968790000011,0.4138027331111213,0.4089740070000403,0.4279046550000203,0.005958382062711028,"[0.414607, 0.427905, 0.409944, 0.417939, 0.408974, 0.41186, 0.411597, 0.409897, 0.411502]",0.022089130000040313,0.02219664933334621,0.021826728999997158,0.022641240000041307,0.00025014528833720834,"[0.021827, 0.022089, 0.022186, 0.022073, 0.022089, 0.022048, 0.022496, 0.022641, 0.022321]",18.633458130729906,18.063233594948603,19.604616660612592,37,optimal,nan,13.45904541015625,8.834547996520996,372.5121566309923,372.5121561110881,1.3956705148753473e-09,0.00013225199754585137,7.942639072806806e-05,1.0,1.0,0.36455696202531646,0.5343228200371057,9,2,1e-07,1e-05,1000,80.0,80.0,80.0,0.0,80.0,1.0,21.0,1.5625,2.3175620272173947,1.0
primary,x86_64,none,0.3.0,2.4.4,32,1,balanced,400,4000,0.4,0,0.9950501253132832,5,"[80, 80, 80, 80, 80]",powerlaw,5,0,0,278,254,"[21, 17, 15, 13, 12, 8, 8, 7, 6, 5, 4, 3, 3, 3, 3, 2, 2, 2, 2, 2, 2, 2, 2, 2, 1, 1, 1, 1, 1, 1, 1, 1, 1, 1, 1, 1, 1, 1, 1, 1, 1, 1, 1, 1, 1, 1, 1, 1, 1, 1, 1, 1, 1, 1, 1, 1, 1, 1, 1, 1, 1, 1, 1, 1, 1, 1, 1, 1, 1, 1, 1, 1, 1, 1, 1, 1, 1, 1, 1, 1, 1, 1, 1, 1, 1, 1, 1, 1, 1, 1, 1, 1, 1, 1, 1, 1, 1, 1, 1, 1, 1, 1, 1, 1, 1, 1, 1, 1, 1, 1, 1, 1, 1, 1, 1, 1, 1, 1, 1, 1, 1, 1, 1, 1, 1, 1, 1, 1, 1, 1, 1, 1, 1, 1, 1, 1, 1, 1, 1, 1, 1, 1, 1, 1, 1, 1, 1, 1, 1, 1, 1, 1, 1, 1, 1, 1, 1, 1, 1, 1, 1, 1, 1, 1, 1, 1, 1, 1, 1, 1, 1, 1, 1, 1, 1, 1, 1, 1, 1, 1, 1, 1, 1, 1, 1, 1, 1, 1, 1, 1, 1, 1, 1, 1, 1, 1, 1, 1, 1, 1]",0.4112259470000481,0.41274306077778217,0.40844632600004616,0.42370218799999293,0.004411684410508696,"[0.414049, 0.423702, 0.412572, 0.410526, 0.411185, 0.412635, 0.408446, 0.410345, 0.411226]",0.018225575000030858,0.018244572333344422,0.01818164399998068,0.01837874099999226,5.712779221486936e-05,"[0.018182, 0.018379, 0.018226, 0.018254, 0.018204, 0.018226, 0.018262, 0.01821, 0.018259]",22.563126101610063,22.22384688919759,23.303843590845975,37,optimal,nan,13.45904541015625,8.83495044708252,374.3797343348589,374.3797338242739,1.3638157610242418e-09,0.00014683999162096173,8.818732265121454e-05,1.0,1.0,0.30886075949367087,0.4719535783365571,9,2,1e-07,1e-05,1000,80.0,80.0,80.0,0.0,80.0,1.0,21.0,1.4388489208633093,2.1394381966579403,1.0
primary,x86_64,none,0.3.0,2.4.4,32,1,balanced,800,1600,0.05,0,0.9975125156445557,5,"[160, 160, 160, 160, 160]",powerlaw,5,0,0,1,0,[800],1.9232848309999895,1.9222570366666598,1.9064549679999914,1.9334439849999967,0.010262435955003873,"[1.933444, 1.930871, 1.919687, 1.923285, 1.906455, 1.933211, 1.912868, 1.929456, 1.911038]",1.9646576850000201,1.965261003111108,1.9574397479999561,1.9713048399999593,0.004609374503706115,"[1.95744, 1.971305, 1.962151, 1.96292, 1.961838, 1.964658, 1.96818, 1.968487, 1.970371]",0.9789414439391103,0.9671030727038801,0.9877412507718424,27,optimal,nan,53.74835205078125,92.81869220733643,678.576028591116,678.576028591116,0.0,0.0,0.0,1.0,0.04937142857142857,0.8150943396226416,0.09310344827586206,9,2,1e-07,1e-05,1000,160.0,160.0,160.0,0.0,160.0,800.0,800.0,800.0,0.0,800.0
primary,x86_64,none,0.3.0,2.4.4,32,1,balanced,800,1600,0.1,0,0.9975125156445557,5,"[160, 160, 160, 160, 160]",powerlaw,5,0,0,81,59,"[693, 3, 3, 3, 3, 3, 3, 2, 2, 2, 2, 2, 2, 2, 2, 2, 2, 2, 2, 2, 2, 2, 1, 1, 1, 1, 1, 1, 1, 1, 1, 1, 1, 1, 1, 1, 1, 1, 1, 1, 1, 1, 1, 1, 1, 1, 1, 1, 1, 1, 1, 1, 1, 1, 1, 1, 1, 1, 1, 1, 1, 1, 1, 1, 1, 1, 1, 1, 1, 1, 1, 1, 1, 1, 1, 1, 1, 1, 1, 1, 1]",2.712114620999955,2.707758231888887,2.684046744999989,2.7190011690000233,0.011792913803839128,"[2.719001, 2.71879, 2.712115, 2.697526, 2.713649, 2.710954, 2.684047, 2.714998, 2.698745]",2.0328493179999896,2.044832678777772,2.014857271999972,2.109764848999987,0.0308755039904735,"[2.055215, 2.047404, 2.032849, 2.029605, 2.109765, 2.073048, 2.024212, 2.014857, 2.01654]",1.3341444429674985,1.2722018504916355,1.3494758198436108,38,optimal,nan,53.74835205078125,73.32541847229004,693.4417526720821,693.4400265413873,2.48922232927907e-06,0.0025607175209275065,0.0013903519244235104,0.99993125,0.4623115577889447,0.6943396226415094,0.5550527903469079,9,2,1e-07,1e-05,1000,160.0,160.0,160.0,0.0,160.0,1.0,693.0,9.876543209876543,76.37793985629997,1.0
primary,x86_64,none,0.3.0,2.4.4,32,1,balanced,800,1600,0.15,0,0.9975125156445557,5,"[160, 160, 160, 160, 160]",powerlaw,5,0,0,276,200,"[367, 11, 9, 8, 7, 7, 6, 6, 6, 5, 4, 4, 4, 4, 4, 4, 4, 4, 3, 3, 3, 3, 3, 3, 3, 3, 3, 3, 3, 3, 3, 3, 3, 3, 3, 3, 3, 3, 2, 2, 2, 2, 2, 2, 2, 2, 2, 2, 2, 2, 2, 2, 2, 2, 2, 2, 2, 2, 2, 2, 2, 2, 2, 2, 2, 2, 2, 2, 2, 2, 2, 2, 2, 2, 2, 2, 1, 1, 1, 1, 1, 1, 1, 1, 1, 1, 1, 1, 1, 1, 1, 1, 1, 1, 1, 1, 1, 1, 1, 1, 1, 1, 1, 1, 1, 1, 1, 1, 1, 1, 1, 1, 1, 1, 1, 1, 1, 1, 1, 1, 1, 1, 1, 1, 1, 1, 1, 1, 1, 1, 1, 1, 1, 1, 1, 1, 1, 1, 1, 1, 1, 1, 1, 1, 1, 1, 1, 1, 1, 1, 1, 1, 1, 1, 1, 1, 1, 1, 1, 1, 1, 1, 1, 1, 1, 1, 1, 1, 1, 1, 1, 1, 1, 1, 1, 1, 1, 1, 1, 1, 1, 1, 1, 1, 1, 1, 1, 1, 1, 1, 1, 1, 1, 1, 1, 1, 1, 1, 1, 1]",2.4947666590000495,2.491676777444449,2.4653515109999944,2.510700084000007,0.013523811538249135,"[2.494767, 2.492279, 2.5107, 2.487781, 2.501393, 2.499131, 2.477188, 2.465352, 2.4965]",0.5689237949999324,0.5689917831111112,0.5681743510000388,0.570247696000024,0.0006673448914695341,"[0.569539, 0.570248, 0.568596, 0.568924, 0.569353, 0.569184, 0.568217, 0.568692, 0.568174]",4.385062957333936,4.323299380765741,4.418890221955541,35,optimal,nan,53.74835205078125,37.56729221343994,702.7672927624399,702.7643692732477,4.159967634104168e-06,0.0037667836690816053,0.0020455309824958263,0.999875,0.7979094076655052,0.5761006289308176,0.6691015339663988,9,2,1e-07,1e-05,1000,160.0,160.0,160.0,0.0,160.0,1.0,367.0,2.898550724637681,21.995318953600453,1.0
primary,x86_64,none,0.3.0,2.4.4,32,1,balanced,800,1600,0.2,0,0.9975125156445557,5,"[160, 160, 160, 160, 160]",powerlaw,5,0,0,400,328,"[166, 34, 24, 11, 9, 8, 7, 7, 7, 7, 6, 6, 6, 6, 6, 5, 5, 4, 4, 4, 4, 4, 4, 4, 4, 4, 4, 3, 3, 3, 3, 3, 3, 3, 3, 3, 3, 3, 3, 3, 3, 3, 3, 3, 3, 3, 3, 3, 3, 2, 2, 2, 2, 2, 2, 2, 2, 2, 2, 2, 2, 2, 2, 2, 2, 2, 2, 2, 2, 2, 2, 2, 1, 1, 1, 1, 1, 1, 1, 1, 1, 1, 1, 1, 1, 1, 1, 1, 1, 1, 1, 1, 1, 1, 1, 1, 1, 1, 1, 1, 1, 1, 1, 1, 1, 1, 1, 1, 1, 1, 1, 1, 1, 1, 1, 1, 1, 1, 1, 1, 1, 1, 1, 1, 1, 1, 1, 1, 1, 1, 1, 1, 1, 1, 1, 1, 1, 1, 1, 1, 1, 1, 1, 1, 1, 1, 1, 1, 1, 1, 1, 1, 1, 1, 1, 1, 1, 1, 1, 1, 1, 1, 1, 1, 1, 1, 1, 1, 1, 1, 1, 1, 1, 1, 1, 1, 1, 1, 1, 1, 1, 1, 1, 1, 1, 1, 1, 1, 1, 1, 1, 1, 1, 1, 1, 1, 1, 1, 1, 1]",2.6300021340000512,2.63041140066668,2.6157825999999886,2.643117492999977,0.008736249221944345,"[2.615783, 2.623966, 2.638825, 2.643117, 2.624921, 2.63772, 2.630002, 2.625324, 2.634044]",0.16948526800001673,0.16938981044442394,0.16850449699995806,0.1698103919999312,0.0003580325667436665,"[0.168504, 0.169298, 0.16981, 0.169518, 0.169471, 0.169431, 0.169486, 0.169485, 0.169504]",15.517585481233635,15.404137339256884,15.685738600796125,37,optimal,nan,53.74835205078125,35.210707664489746,709.8664763732359,709.8609632404675,7.766436297281518e-06,0.006506344267149446,0.0035331376689074372,0.99993125,0.9195121951219513,0.4742138364779874,0.6257261410788382,9,2,1e-07,1e-05,1000,160.0,160.0,160.0,0.0,160.0,1.0,166.0,2.0,8.537856873946764,1.0
primary,x86_64,none,0.3.0,2.4.4,32,1,balanced,800,1600,0.25,0,0.9975125156445557,5,"[160, 160, 160, 160, 160]",powerlaw,5,0,0,457,374,"[65, 34, 24, 13, 12, 10, 9, 8, 8, 7, 7, 7, 7, 7, 6, 6, 6, 6, 5, 5, 4, 4, 4, 4, 4, 4, 4, 4, 3, 3, 3, 3, 3, 3, 3, 3, 3, 3, 3, 3, 3, 3, 3, 3, 3, 3, 3, 3, 3, 3, 3, 3, 3, 3, 3, 3, 3, 3, 3, 3, 2, 2, 2, 2, 2, 2, 2, 2, 2, 2, 2, 2, 2, 2, 2, 2, 2, 2, 2, 2, 2, 2, 2, 1, 1, 1, 1, 1, 1, 1, 1, 1, 1, 1, 1, 1, 1, 1, 1, 1, 1, 1, 1, 1, 1, 1, 1, 1, 1, 1, 1, 1, 1, 1, 1, 1, 1, 1, 1, 1, 1, 1, 1, 1, 1, 1, 1, 1, 1, 1, 1, 1, 1, 1, 1, 1, 1, 1, 1, 1, 1, 1, 1, 1, 1, 1, 1, 1, 1, 1, 1, 1, 1, 1, 1, 1, 1, 1, 1, 1, 1, 1, 1, 1, 1, 1, 1, 1, 1, 1, 1, 1, 1, 1, 1, 1, 1, 1, 1, 1, 1, 1, 1, 1, 1, 1, 1, 1, 1, 1, 1, 1, 1, 1, 1, 1, 1, 1, 1, 1]",2.6239458160000595,2.6248789411111044,2.6049859919999108,2.6360379210000247,0.009710078235981605,"[2.604986, 2.617071, 2.636038, 2.633359, 2.623907, 2.628302, 2.622396, 2.623946, 2.633905]",0.08298874000001888,0.08283872833331113,0.0816626199999746,0.08363808799992967,0.0007054386886858443,"[0.082129, 0.083068, 0.083357, 0.083638, 0.083605, 0.081663, 0.082127, 0.082973, 0.082989]",31.618094406535906,31.145929495687437,32.27961484704807,37,optimal,nan,53.74835205078125,34.71518421173096,715.616810937423,715.6082819320309,1.1918397194927954e-05,0.010211125458475925,0.005544944466318156,0.999971875,0.9739884393063584,0.4238993710691824,0.5907099035933392,9,2,1e-07,1e-05,1000,160.0,160.0,160.0,0.0,160.0,1.0,65.0,1.75054704595186,3.771238141338177,1.0
primary,x86_64,none,0.3.0,2.4.4,32,1,balanced,800,1600,0.3,0,0.9975125156445557,5,"[160, 160, 160, 160, 160]",powerlaw,5,0,0,499,416,"[53, 34, 24, 12, 10, 9, 9, 8, 7, 7, 7, 6, 6, 6, 5, 5, 5, 4, 4, 4, 4, 4, 4, 4, 3, 3, 3, 3, 3, 3, 3, 3, 3, 3, 3, 3, 3, 3, 3, 3, 3, 3, 3, 3, 3, 3, 3, 3, 3, 2, 2, 2, 2, 2, 2, 2, 2, 2, 2, 2, 2, 2, 2, 2, 2, 2, 2, 2, 2, 2, 2, 2, 2, 2, 2, 2, 2, 2, 2, 2, 2, 2, 2, 1, 1, 1, 1, 1, 1, 1, 1, 1, 1, 1, 1, 1, 1, 1, 1, 1, 1, 1, 1, 1, 1, 1, 1, 1, 1, 1, 1, 1, 1, 1, 1, 1, 1, 1, 1, 1, 1, 1, 1, 1, 1, 1, 1, 1, 1, 1, 1, 1, 1, 1, 1, 1, 1, 1, 1, 1, 1, 1, 1, 1, 1, 1, 1, 1, 1, 1, 1, 1, 1, 1, 1, 1, 1, 1, 1, 1, 1, 1, 1, 1, 1, 1, 1, 1, 1, 1, 1, 1, 1, 1, 1, 1, 1, 1, 1, 1, 1, 1, 1, 1, 1, 1, 1, 1, 1, 1, 1, 1, 1, 1, 1, 1, 1, 1, 1, 1]",2.7052609549999715,2.7032459113333593,2.6979914000000917,2.707044518000089,0.003801543890335645,"[2.706948, 2.706144, 2.702045, 2.707045, 2.697991, 2.706022, 2.705261, 2.699115, 2.698642]",0.07667450799999642,0.07634749066666144,0.0754053450000356,0.07687633900002311,0.0005801395841985045,"[0.075405, 0.076482, 0.076731, 0.075905, 0.075517, 0.076851, 0.076675, 0.076876, 0.076684]",35.28240383361961,35.095211805016895,35.89990229470883,38,optimal,nan,53.74835205078125,34.689879417419434,720.3377099721977,720.3315587559312,8.53935061480278e-06,0.009769189290058107,0.005304760198523789,0.99998125,0.9867109634551495,0.37358490566037733,0.541970802919708,9,2,1e-07,1e-05,1000,160.0,160.0,160.0,0.0,160.0,1.0,53.0,1.6032064128256514,3.1487615244337683,1.0
primary,x86_64,none,0.3.0,2.4.4,32,1,balanced,800,1600,0.35,0,0.9975125156445557,5,"[160, 160, 160, 160, 160]",powerlaw,5,0,0,547,479,"[34, 28, 24, 17, 10, 9, 9, 8, 8, 8, 7, 7, 6, 6, 5, 5, 4, 4, 4, 4, 4, 3, 3, 3, 3, 3, 3, 3, 3, 3, 3, 3, 3, 3, 3, 3, 3, 2, 2, 2, 2, 2, 2, 2, 2, 2, 2, 2, 2, 2, 2, 2, 2, 2, 2, 2, 2, 2, 2, 2, 2, 2, 2, 2, 2, 2, 2, 2, 1, 1, 1, 1, 1, 1, 1, 1, 1, 1, 1, 1, 1, 1, 1, 1, 1, 1, 1, 1, 1, 1, 1, 1, 1, 1, 1, 1, 1, 1, 1, 1, 1, 1, 1, 1, 1, 1, 1, 1, 1, 1, 1, 1, 1, 1, 1, 1, 1, 1, 1, 1, 1, 1, 1, 1, 1, 1, 1, 1, 1, 1, 1, 1, 1, 1, 1, 1, 1, 1, 1, 1, 1, 1, 1, 1, 1, 1, 1, 1, 1, 1, 1, 1, 1, 1, 1, 1, 1, 1, 1, 1, 1, 1, 1, 1, 1, 1, 1, 1, 1, 1, 1, 1, 1, 1, 1, 1, 1, 1, 1, 1, 1, 1, 1, 1, 1, 1, 1, 1, 1, 1, 1, 1, 1, 1, 1, 1, 1, 1, 1, 1]",2.6456440990000374,2.6434796683333466,2.621395118999999,2.6559117550000337,0.01004476275131429,"[2.640537, 2.655912, 2.645644, 2.621395, 2.637107, 2.64597, 2.648756, 2.643751, 2.652244]",0.05848813800002972,0.05884774677778953,0.058204381999985344,0.06036163900000702,0.0007890616949818996,"[0.058481, 0.060072, 0.060362, 0.058204, 0.05839, 0.058631, 0.058413, 0.058589, 0.058488]",45.23385748745657,43.42816335718939,45.630786956911635,37,optimal,nan,53.74835205078125,34.65592670440674,724.2482932162371,724.243367554128,6.801068301135541e-06,0.009198191710370562,0.0049948925236155675,0.99999375,0.9960474308300395,0.3169811320754717,0.4809160305343511,9,2,1e-07,1e-05,1000,160.0,160.0,160.0,0.0,160.0,1.0,34.0,1.4625228519195612,2.394380119795124,1.0
primary,x86_64,none,0.3.0,2.4.4,32,1,balanced,800,1600,0.4,0,0.9975125156445557,5,"[160, 160, 160, 160, 160]",powerlaw,5,0,0,574,512,"[28, 24, 23, 17, 11, 10, 9, 8, 8, 8, 7, 7, 6, 6, 4, 4, 4, 3, 3, 3, 3, 3, 3, 3, 3, 3, 3, 3, 3, 3, 3, 2, 2, 2, 2, 2, 2, 2, 2, 2, 2, 2, 2, 2, 2, 2, 2, 2, 2, 2, 2, 2, 2, 2, 2, 2, 2, 2, 2, 2, 2, 2, 1, 1, 1, 1, 1, 1, 1, 1, 1, 1, 1, 1, 1, 1, 1, 1, 1, 1, 1, 1, 1, 1, 1, 1, 1, 1, 1, 1, 1, 1, 1, 1, 1, 1, 1, 1, 1, 1, 1, 1, 1, 1, 1, 1, 1, 1, 1, 1, 1, 1, 1, 1, 1, 1, 1, 1, 1, 1, 1, 1, 1, 1, 1, 1, 1, 1, 1, 1, 1, 1, 1, 1, 1, 1, 1, 1, 1, 1, 1, 1, 1, 1, 1, 1, 1, 1, 1, 1, 1, 1, 1, 1, 1, 1, 1, 1, 1, 1, 1, 1, 1, 1, 1, 1, 1, 1, 1, 1, 1, 1, 1, 1, 1, 1, 1, 1, 1, 1, 1, 1, 1, 1, 1, 1, 1, 1, 1, 1, 1, 1, 1, 1, 1, 1, 1, 1, 1, 1]",2.6458986650000043,2.6447977232222306,2.623347392000028,2.6614868679999972,0.01037898186979431,"[2.649568, 2.651499, 2.645899, 2.638022, 2.642218, 2.623347, 2.646075, 2.645064, 2.661487]",0.054192126999964785,0.053823543222228584,0.052499067999974613,0.054913992000024336,0.0008367948294485017,"[0.052499, 0.053007, 0.053173, 0.053321, 0.054485, 0.054244, 0.054576, 0.054192, 0.054914]",48.82441069348918,47.7719301849129,50.69588793464456,37,optimal,nan,53.74835205078125,34.646803855895996,727.5475491908987,727.5435141811109,5.546042718838565e-06,0.008261210956576254,0.004486084421925056,0.999996875,1.0,0.2842767295597484,0.4427032321253673,9,2,1e-07,1e-05,1000,160.0,160.0,160.0,0.0,160.0,1.0,28.0,1.3937282229965158,2.1023536758600034,1.0
primary,x86_64,none,0.3.0,2.4.4,32,1,balanced,800,4000,0.05,0,0.9975125156445557,5,"[160, 160, 160, 160, 160]",powerlaw,5,0,0,12,7,"[784, 3, 2, 2, 2, 1, 1, 1, 1, 1, 1, 1]",2.1841807539999536,2.182020459888867,2.1635066379999444,2.1922174489999406,0.007935770876598948,"[2.181271, 2.192217, 2.178989, 2.163507, 2.184466, 2.184264, 2.187633, 2.181657, 2.184181]",2.09244589299999,2.0930258953333247,2.0804367079999793,2.1012232709999807,0.006159331696011255,"[2.101223, 2.095422, 2.100235, 2.080437, 2.092446, 2.09492, 2.091751, 2.091016, 2.089784]",1.0438409716145354,1.0296414797321003,1.0537294600552503,31,optimal,nan,53.74835205078125,89.72596454620361,683.2468448824646,683.2468496512597,6.979607884354173e-09,0.00018755363345424048,0.00010440873219081416,0.999996875,0.2586484312148029,0.8088050314465409,0.3919536726607742,9,2,1e-07,1e-05,1000,160.0,160.0,160.0,0.0,160.0,1.0,784.0,66.66666666666667,216.28504854062896,1.0
primary,x86_64,none,0.3.0,2.4.4,32,1,balanced,800,4000,0.1,0,0.9975125156445557,5,"[160, 160, 160, 160, 160]",powerlaw,5,0,0,206,106,"[377, 15, 12, 11, 8, 7, 7, 6, 6, 6, 6, 5, 5, 4, 4, 4, 4, 4, 4, 4, 4, 3, 3, 3, 3, 3, 3, 3, 3, 3, 3, 3, 3, 3, 3, 3, 3, 3, 3, 3, 3, 3, 3, 3, 3, 3, 3, 3, 3, 3, 3, 3, 3, 3, 2, 2, 2, 2, 2, 2, 2, 2, 2, 2, 2, 2, 2, 2, 2, 2, 2, 2, 2, 2, 2, 2, 2, 2, 2, 2, 2, 2, 2, 2, 2, 2, 2, 2, 2, 2, 2, 2, 2, 2, 2, 2, 2, 2, 2, 2, 1, 1, 1, 1, 1, 1, 1, 1, 1, 1, 1, 1, 1, 1, 1, 1, 1, 1, 1, 1, 1, 1, 1, 1, 1, 1, 1, 1, 1, 1, 1, 1, 1, 1, 1, 1, 1, 1, 1, 1, 1, 1, 1, 1, 1, 1, 1, 1, 1, 1, 1, 1, 1, 1, 1, 1, 1, 1, 1, 1, 1, 1, 1, 1, 1, 1, 1, 1, 1, 1, 1, 1, 1, 1, 1, 1, 1, 1, 1, 1, 1, 1, 1, 1, 1, 1, 1, 1, 1, 1, 1, 1, 1, 1, 1, 1, 1, 1, 1, 1]",2.271474119000004,2.2669257838889,2.2468377550000014,2.2764699800000017,0.010067144717342722,"[2.274689, 2.276082, 2.260318, 2.26135, 2.271474, 2.261398, 2.273713, 2.246838, 2.27647]",0.5198169569999891,0.5197638234444386,0.5190248870000005,0.5210231769999609,0.000576244485165581,"[0.519025, 0.521023, 0.519604, 0.519817, 0.519213, 0.520032, 0.519876, 0.519444, 0.51984]",4.3697576395147335,4.312356636296373,4.3860516846468665,32,optimal,nan,53.74835205078125,37.73528861999512,695.7842099277731,695.7814732925348,3.933166633072915e-06,0.0034391959189911878,0.001914913746783823,0.9999,0.8743961352657005,0.6830188679245283,0.7669491525423728,9,2,1e-07,1e-05,1000,160.0,160.0,160.0,0.0,160.0,1.0,377.0,3.883495145631068,26.123604982821956,1.0
primary,x86_64,none,0.3.0,2.4.4,32,1,balanced,800,4000,0.15,0,0.9975125156445557,5,"[160, 160, 160, 160, 160]",powerlaw,5,0,0,316,194,"[112, 34, 29, 16, 13, 12, 12, 11, 10, 9, 9, 8, 8, 8, 7, 7, 7, 6, 6, 6, 6, 6, 6, 6, 5, 4, 4, 4, 4, 4, 4, 4, 4, 4, 4, 4, 4, 3, 3, 3, 3, 3, 3, 3, 3, 3, 3, 3, 3, 3, 3, 3, 3, 3, 3, 3, 3, 3, 3, 3, 3, 3, 3, 3, 3, 3, 2, 2, 2, 2, 2, 2, 2, 2, 2, 2, 2, 2, 2, 2, 2, 2, 2, 2, 2, 2, 2, 2, 2, 2, 2, 2, 2, 2, 2, 2, 2, 2, 2, 2, 2, 2, 2, 2, 2, 2, 2, 2, 2, 2, 2, 2, 2, 2, 2, 2, 2, 2, 2, 2, 2, 2, 1, 1, 1, 1, 1, 1, 1, 1, 1, 1, 1, 1, 1, 1, 1, 1, 1, 1, 1, 1, 1, 1, 1, 1, 1, 1, 1, 1, 1, 1, 1, 1, 1, 1, 1, 1, 1, 1, 1, 1, 1, 1, 1, 1, 1, 1, 1, 1, 1, 1, 1, 1, 1, 1, 1, 1, 1, 1, 1, 1, 1, 1, 1, 1, 1, 1, 1, 1, 1, 1, 1, 1, 1, 1, 1, 1, 1, 1]",2.1995691990000523,2.199233792666683,2.1907290839999405,2.210414017000062,0.00611158455100501,"[2.197557, 2.210414, 2.196466, 2.19137, 2.202493, 2.201932, 2.202574, 2.199569, 2.190729]",0.12966807999998764,0.12959948677779368,0.12913972900003046,0.12992453900005785,0.00029249644433041496,"[0.12914, 0.129149, 0.129925, 0.129668, 0.12954, 0.129872, 0.12977, 0.129814, 0.129517]",16.96307371097237,16.861549795446763,17.116452342869177,31,optimal,nan,53.74835205078125,34.900031089782715,705.0569448761095,705.0550127962629,2.7403174461836327e-06,0.004753080333434606,0.0026466891661129483,0.999965625,0.9753593429158111,0.5974842767295597,0.7410296411856474,9,2,1e-07,1e-05,1000,160.0,160.0,160.0,0.0,160.0,1.0,112.0,2.5316455696202533,6.912354456156286,1.0
primary,x86_64,none,0.3.0,2.4.4,32,1,balanced,800,4000,0.2,0,0.9975125156445557,5,"[160, 160, 160, 160, 160]",powerlaw,5,0,0,419,324,"[34, 24, 23, 17, 16, 13, 12, 11, 11, 10, 9, 9, 8, 8, 8, 7, 7, 7, 7, 6, 6, 6, 6, 6, 6, 5, 5, 5, 4, 4, 4, 4, 4, 4, 4, 4, 4, 4, 4, 4, 4, 4, 3, 3, 3, 3, 3, 3, 3, 3, 3, 3, 3, 3, 3, 3, 3, 3, 3, 3, 3, 3, 3, 3, 2, 2, 2, 2, 2, 2, 2, 2, 2, 2, 2, 2, 2, 2, 2, 2, 2, 2, 2, 2, 2, 2, 2, 2, 2, 2, 2, 2, 2, 2, 2, 1, 1, 1, 1, 1, 1, 1, 1, 1, 1, 1, 1, 1, 1, 1, 1, 1, 1, 1, 1, 1, 1, 1, 1, 1, 1, 1, 1, 1, 1, 1, 1, 1, 1, 1, 1, 1, 1, 1, 1, 1, 1, 1, 1, 1, 1, 1, 1, 1, 1, 1, 1, 1, 1, 1, 1, 1, 1, 1, 1, 1, 1, 1, 1, 1, 1, 1, 1, 1, 1, 1, 1, 1, 1, 1, 1, 1, 1, 1, 1, 1, 1, 1, 1, 1, 1, 1, 1, 1, 1, 1, 1, 1, 1, 1, 1, 1, 1, 1, 1, 1, 1, 1, 1, 1]",2.2726478419999694,2.2691513907777665,2.25706142599995,2.2800474780000286,0.008093483830256253,"[2.261868, 2.272648, 2.265159, 2.260556, 2.280047, 2.274747, 2.274411, 2.257061, 2.275865]",0.06706283599999097,0.066999248444429,0.06572592399993482,0.067620871000031,0.0005383323705886911,"[0.065726, 0.067195, 0.066793, 0.067621, 0.066912, 0.067043, 0.067063, 0.067392, 0.067249]",33.88833484465637,33.37817736773777,34.690230874537264,32,optimal,nan,53.74835205078125,34.645301818847656,712.1823676227025,712.1731981031534,1.2875240901746354e-05,0.013211774606611298,0.007356555894830023,0.99999375,0.9973821989528796,0.47924528301886793,0.6474086661002548,9,2,1e-07,1e-05,1000,160.0,160.0,160.0,0.0,160.0,1.0,34.0,1.909307875894988,2.9492742925517232,1.0
primary,x86_64,none,0.3.0,2.4.4,32,1,balanced,800,4000,0.25,0,0.9975125156445557,5,"[160, 160, 160, 160, 160]",powerlaw,5,0,0,458,370,"[28, 24, 23, 17, 13, 12, 11, 10, 9, 9, 8, 8, 7, 7, 7, 7, 7, 7, 6, 6, 6, 6, 6, 5, 5, 4, 4, 4, 4, 4, 4, 4, 4, 4, 4, 3, 3, 3, 3, 3, 3, 3, 3, 3, 3, 3, 3, 3, 3, 3, 3, 3, 3, 3, 3, 3, 3, 3, 3, 3, 3, 3, 3, 3, 3, 2, 2, 2, 2, 2, 2, 2, 2, 2, 2, 2, 2, 2, 2, 2, 2, 2, 2, 2, 2, 2, 2, 2, 1, 1, 1, 1, 1, 1, 1, 1, 1, 1, 1, 1, 1, 1, 1, 1, 1, 1, 1, 1, 1, 1, 1, 1, 1, 1, 1, 1, 1, 1, 1, 1, 1, 1, 1, 1, 1, 1, 1, 1, 1, 1, 1, 1, 1, 1, 1, 1, 1, 1, 1, 1, 1, 1, 1, 1, 1, 1, 1, 1, 1, 1, 1, 1, 1, 1, 1, 1, 1, 1, 1, 1, 1, 1, 1, 1, 1, 1, 1, 1, 1, 1, 1, 1, 1, 1, 1, 1, 1, 1, 1, 1, 1, 1, 1, 1, 1, 1, 1, 1, 1, 1, 1, 1, 1, 1, 1, 1, 1, 1, 1, 1]",2.283950026999946,2.282152843222219,2.2693045690000417,2.2975712980000935,0.008384380482569311,"[2.274384, 2.297571, 2.285583, 2.269305, 2.285126, 2.285437, 2.28395, 2.274275, 2.283744]",0.06371596700000737,0.06342797733332696,0.06227694300002895,0.0642419460000383,0.0006785195557223036,"[0.062277, 0.063778, 0.064052, 0.064242, 0.063716, 0.062787, 0.062674, 0.063589, 0.063737]",35.845803407483125,35.32434352157839,36.89280795300157,32,optimal,nan,53.74835205078125,34.63789653778076,717.943072167064,717.9351119269147,1.1087564540781587e-05,0.01217330997095499,0.006778321080848039,0.999996875,1.0,0.43018867924528303,0.6015831134564644,9,2,1e-07,1e-05,1000,160.0,160.0,160.0,0.0,160.0,1.0,28.0,1.7467248908296944,2.5681200060283356,1.0
primary,x86_64,none,0.3.0,2.4.4,32,1,balanced,800,4000,0.3,0,0.9975125156445557,5,"[160, 160, 160, 160, 160]",powerlaw,5,0,0,500,414,"[28, 24, 23, 17, 13, 11, 10, 9, 8, 8, 8, 7, 7, 7, 6, 6, 6, 6, 5, 5, 4, 4, 4, 4, 4, 4, 3, 3, 3, 3, 3, 3, 3, 3, 3, 3, 3, 3, 3, 3, 3, 3, 3, 3, 3, 3, 3, 3, 3, 3, 3, 3, 3, 3, 2, 2, 2, 2, 2, 2, 2, 2, 2, 2, 2, 2, 2, 2, 2, 2, 2, 2, 2, 2, 2, 2, 2, 2, 2, 2, 2, 2, 2, 2, 2, 2, 1, 1, 1, 1, 1, 1, 1, 1, 1, 1, 1, 1, 1, 1, 1, 1, 1, 1, 1, 1, 1, 1, 1, 1, 1, 1, 1, 1, 1, 1, 1, 1, 1, 1, 1, 1, 1, 1, 1, 1, 1, 1, 1, 1, 1, 1, 1, 1, 1, 1, 1, 1, 1, 1, 1, 1, 1, 1, 1, 1, 1, 1, 1, 1, 1, 1, 1, 1, 1, 1, 1, 1, 1, 1, 1, 1, 1, 1, 1, 1, 1, 1, 1, 1, 1, 1, 1, 1, 1, 1, 1, 1, 1, 1, 1, 1, 1, 1, 1, 1, 1, 1, 1, 1, 1, 1, 1, 1, 1, 1, 1, 1, 1, 1]",2.2876454390000163,2.28602647888892,2.2728571640000155,2.2976690320000444,0.009757438624176664,"[2.27672, 2.297669, 2.28322, 2.272857, 2.296168, 2.291204, 2.294877, 2.273878, 2.287645]",0.06139251700005843,0.061207558222223374,0.05950349400006871,0.061812822999968375,0.00066658198834189,"[0.059503, 0.061813, 0.061153, 0.061516, 0.061277, 0.061452, 0.061263, 0.061393, 0.061498]",37.262610343828044,36.76999453658957,38.61401873304097,32,optimal,nan,53.74835205078125,34.64243221282959,722.667996248602,722.6610469907945,9.61611396044286e-06,0.011144137532167572,0.006205100924756221,0.999996875,1.0,0.37735849056603776,0.5479452054794521,9,2,1e-07,1e-05,1000,160.0,160.0,160.0,0.0,160.0,1.0,28.0,1.6,2.3630488780387084,1.0
primary,x86_64,none,0.3.0,2.4.4,32,1,balanced,800,4000,0.35,0,0.9975125156445557,5,"[160, 160, 160, 160, 160]",powerlaw,5,0,0,546,475,"[28, 24, 23, 17, 11, 10, 9, 8, 8, 8, 7, 7, 7, 6, 6, 6, 5, 5, 4, 4, 4, 4, 3, 3, 3, 3, 3, 3, 3, 3, 3, 3, 3, 3, 3, 3, 3, 3, 2, 2, 2, 2, 2, 2, 2, 2, 2, 2, 2, 2, 2, 2, 2, 2, 2, 2, 2, 2, 2, 2, 2, 2, 2, 2, 2, 2, 2, 2, 2, 2, 2, 1, 1, 1, 1, 1, 1, 1, 1, 1, 1, 1, 1, 1, 1, 1, 1, 1, 1, 1, 1, 1, 1, 1, 1, 1, 1, 1, 1, 1, 1, 1, 1, 1, 1, 1, 1, 1, 1, 1, 1, 1, 1, 1, 1, 1, 1, 1, 1, 1, 1, 1, 1, 1, 1, 1, 1, 1, 1, 1, 1, 1, 1, 1, 1, 1, 1, 1, 1, 1, 1, 1, 1, 1, 1, 1, 1, 1, 1, 1, 1, 1, 1, 1, 1, 1, 1, 1, 1, 1, 1, 1, 1, 1, 1, 1, 1, 1, 1, 1, 1, 1, 1, 1, 1, 1, 1, 1, 1, 1, 1, 1, 1, 1, 1, 1, 1, 1, 1, 1, 1, 1, 1, 1, 1, 1, 1, 1, 1, 1]",2.2780369250000376,2.2816933576666667,2.2688073909999957,2.3000516910000215,0.011489358792837577,"[2.278037, 2.28965, 2.272401, 2.300052, 2.272284, 2.292739, 2.271223, 2.290046, 2.268807]",0.05463439899995137,0.05454706511111201,0.05366792299992085,0.05481249600006777,0.0003508280228255518,"[0.053668, 0.054542, 0.054812, 0.054491, 0.054766, 0.054516, 0.054773, 0.054634, 0.054721]",41.6960187482261,41.39215610610381,42.85710276142816,32,optimal,nan,53.74835205078125,34.644959449768066,726.5727558794075,726.5668777116941,8.090267169819666e-06,0.010119160986143697,0.005634535006349691,0.999996875,1.0,0.31949685534591193,0.48427073403241183,9,2,1e-07,1e-05,1000,160.0,160.0,160.0,0.0,160.0,1.0,28.0,1.465201465201465,2.190488441290304,1.0
primary,x86_64,none,0.3.0,2.4.4,32,1,balanced,800,4000,0.4,0,0.9975125156445557,5,"[160, 160, 160, 160, 160]",powerlaw,5,0,0,573,514,"[28, 24, 23, 17, 11, 9, 9, 8, 8, 7, 7, 7, 6, 6, 6, 4, 4, 4, 4, 3, 3, 3, 3, 3, 3, 3, 3, 3, 3, 3, 3, 3, 3, 2, 2, 2, 2, 2, 2, 2, 2, 2, 2, 2, 2, 2, 2, 2, 2, 2, 2, 2, 2, 2, 2, 2, 2, 2, 2, 1, 1, 1, 1, 1, 1, 1, 1, 1, 1, 1, 1, 1, 1, 1, 1, 1, 1, 1, 1, 1, 1, 1, 1, 1, 1, 1, 1, 1, 1, 1, 1, 1, 1, 1, 1, 1, 1, 1, 1, 1, 1, 1, 1, 1, 1, 1, 1, 1, 1, 1, 1, 1, 1, 1, 1, 1, 1, 1, 1, 1, 1, 1, 1, 1, 1, 1, 1, 1, 1, 1, 1, 1, 1, 1, 1, 1, 1, 1, 1, 1, 1, 1, 1, 1, 1, 1, 1, 1, 1, 1, 1, 1, 1, 1, 1, 1, 1, 1, 1, 1, 1, 1, 1, 1, 1, 1, 1, 1, 1, 1, 1, 1, 1, 1, 1, 1, 1, 1, 1, 1, 1, 1, 1, 1, 1, 1, 1, 1, 1, 1, 1, 1, 1, 1, 1, 1, 1, 1, 1, 1]",2.2927772839999534,2.294313750444429,2.2874217730000055,2.302454772000033,0.004954290789590117,"[2.301102, 2.292866, 2.291832, 2.290804, 2.287422, 2.297344, 2.302455, 2.29222, 2.292777]",0.05301852200000212,0.05275902699999177,0.05080892199998743,0.05375465999998141,0.0008570416786594919,"[0.050809, 0.053019, 0.053755, 0.053074, 0.052992, 0.053034, 0.053319, 0.052757, 0.052072]",43.24483590847481,42.55299490315438,45.31595399722518,32,optimal,nan,53.74835205078125,34.643815994262695,729.8579694855392,729.8529866343303,6.827151880647685e-06,0.009098730113148268,0.005066340918852653,0.999996875,1.0,0.28553459119496855,0.4442270058708415,9,2,1e-07,1e-05,1000,160.0,160.0,160.0,0.0,160.0,1.0,28.0,1.3961605584642234,2.1033802900041754,1.0
primary,x86_64,none,0.3.0,2.4.4,32,1,balanced,800,8000,0.05,0,0.9975125156445557,5,"[160, 160, 160, 160, 160]",powerlaw,5,0,0,55,25,"[701, 6, 4, 3, 3, 3, 3, 3, 3, 3, 3, 3, 3, 2, 2, 2, 2, 2, 2, 2, 2, 2, 2, 2, 2, 2, 2, 2, 2, 2, 1, 1, 1, 1, 1, 1, 1, 1, 1, 1, 1, 1, 1, 1, 1, 1, 1, 1, 1, 1, 1, 1, 1, 1, 1]",2.0496868970001287,2.0472749656666895,2.03387654800008,2.059737889999951,0.008682394906498886,"[2.057435, 2.039914, 2.038205, 2.033877, 2.050946, 2.049915, 2.059738, 2.045759, 2.049687]",1.5628870240000197,1.5630749315556234,1.5549969529999998,1.5714437890001136,0.006371014250928368,"[1.569365, 1.57005, 1.554997, 1.555335, 1.571444, 1.557196, 1.562887, 1.565027, 1.561374]",1.3114747678653085,1.2942725423823183,1.3245928784787473,29,optimal,nan,53.74835205078125,74.68392372131348,683.6969022888733,683.6961393159722,1.115951964224118e-06,0.0018782925501972664,0.0010599431092816784,0.999903125,0.6618257261410788,0.8025157232704403,0.7254121660034111,9,2,1e-07,1e-05,1000,160.0,160.0,160.0,0.0,160.0,1.0,701.0,14.545454545454545,93.4198379130604,2.0
primary,x86_64,none,0.3.0,2.4.4,32,1,balanced,800,8000,0.1,0,0.9975125156445557,5,"[160, 160, 160, 160, 160]",powerlaw,5,0,0,243,116,"[157, 23, 22, 18, 16, 15, 13, 12, 11, 10, 9, 8, 8, 8, 8, 7, 7, 7, 7, 6, 6, 6, 6, 6, 6, 6, 5, 5, 5, 4, 4, 4, 4, 4, 4, 4, 4, 4, 4, 4, 4, 4, 4, 3, 3, 3, 3, 3, 3, 3, 3, 3, 3, 3, 3, 3, 3, 3, 3, 3, 3, 3, 3, 3, 3, 3, 3, 3, 3, 3, 3, 3, 3, 3, 3, 3, 3, 3, 3, 3, 2, 2, 2, 2, 2, 2, 2, 2, 2, 2, 2, 2, 2, 2, 2, 2, 2, 2, 2, 2, 2, 2, 2, 2, 2, 2, 2, 2, 2, 2, 2, 2, 2, 2, 2, 2, 2, 2, 2, 2, 2, 2, 2, 2, 2, 2, 2, 1, 1, 1, 1, 1, 1, 1, 1, 1, 1, 1, 1, 1, 1, 1, 1, 1, 1, 1, 1, 1, 1, 1, 1, 1, 1, 1, 1, 1, 1, 1, 1, 1, 1, 1, 1, 1, 1, 1, 1, 1, 1, 1, 1, 1, 1, 1, 1, 1, 1, 1, 1, 1, 1, 1, 1, 1, 1, 1, 1, 1, 1, 1, 1, 1, 1, 1, 1, 1, 1, 1, 1, 1]",1.9488931070000035,1.9523970571111324,1.9416316330000427,1.9904199130000961,0.014773038815950327,"[1.99042, 1.95038, 1.944218, 1.941632, 1.949659, 1.948893, 1.947883, 1.954407, 1.944081]",0.1563315700000203,0.15643935444445056,0.15558121499998379,0.1572421949999807,0.0005045885905827251,"[0.155581, 0.156653, 0.157242, 0.156722, 0.156332, 0.156281, 0.156124, 0.156072, 0.156948]",12.46640782152799,12.348031856209339,12.793446258922092,28,optimal,nan,53.74835205078125,35.13022804260254,696.0324133577757,696.0310862131258,1.906728227564751e-06,0.0034759835064650316,0.0019618403965677247,0.99995,0.9628318584070796,0.6842767295597484,0.8,9,2,1e-07,1e-05,1000,160.0,160.0,160.0,0.0,160.0,1.0,157.0,3.292181069958848,10.361422424879807,2.0
primary,x86_64,none,0.3.0,2.4.4,32,1,balanced,800,8000,0.15,0,0.9975125156445557,5,"[160, 160, 160, 160, 160]",powerlaw,5,0,0,328,195,"[34, 29, 23, 17, 16, 15, 13, 13, 12, 11, 11, 11, 10, 9, 9, 9, 8, 8, 8, 8, 7, 7, 7, 6, 6, 6, 6, 6, 6, 6, 6, 5, 5, 4, 4, 4, 4, 4, 4, 4, 4, 4, 4, 4, 4, 3, 3, 3, 3, 3, 3, 3, 3, 3, 3, 3, 3, 3, 3, 3, 3, 3, 3, 3, 3, 3, 3, 3, 3, 3, 3, 3, 3, 2, 2, 2, 2, 2, 2, 2, 2, 2, 2, 2, 2, 2, 2, 2, 2, 2, 2, 2, 2, 2, 2, 2, 2, 2, 2, 2, 2, 2, 2, 2, 2, 2, 2, 2, 2, 2, 2, 2, 2, 2, 2, 2, 2, 2, 2, 2, 2, 2, 2, 2, 2, 2, 2, 2, 2, 2, 2, 2, 2, 1, 1, 1, 1, 1, 1, 1, 1, 1, 1, 1, 1, 1, 1, 1, 1, 1, 1, 1, 1, 1, 1, 1, 1, 1, 1, 1, 1, 1, 1, 1, 1, 1, 1, 1, 1, 1, 1, 1, 1, 1, 1, 1, 1, 1, 1, 1, 1, 1, 1, 1, 1, 1, 1, 1, 1, 1, 1, 1, 1, 1, 1, 1, 1, 1, 1, 1]",1.9568784049999977,1.9574840868889523,1.947797496000021,1.968813917000034,0.0068014425160179085,"[1.961872, 1.955619, 1.947982, 1.947797, 1.968814, 1.962869, 1.959398, 1.956127, 1.956878]",0.07548531900010857,0.07533334088892236,0.0744476349998422,0.07598634600003606,0.0005463117952909417,"[0.074632, 0.075354, 0.075562, 0.075648, 0.074448, 0.07495, 0.075986, 0.075935, 0.075485]",25.92396019412971,25.633519685222087,26.445620697073956,28,optimal,nan,53.74835205078125,34.656028747558594,705.2519795021138,705.2489622067316,4.278322457752731e-06,0.005490709198535844,0.003099058185097047,0.999990625,0.9957805907172996,0.5937106918238994,0.7438928289992119,9,2,1e-07,1e-05,1000,160.0,160.0,160.0,0.0,160.0,1.0,34.0,2.4390243902439024,3.558218110424983,1.0
primary,x86_64,none,0.3.0,2.4.4,32,1,balanced,800,8000,0.2,0,0.9975125156445557,5,"[160, 160, 160, 160, 160]",powerlaw,5,0,0,423,329,"[34, 24, 23, 17, 16, 13, 12, 11, 10, 10, 9, 9, 8, 8, 8, 7, 7, 7, 7, 6, 6, 6, 6, 6, 5, 5, 5, 5, 4, 4, 4, 4, 4, 4, 4, 4, 4, 4, 4, 4, 4, 3, 3, 3, 3, 3, 3, 3, 3, 3, 3, 3, 3, 3, 3, 3, 3, 3, 3, 3, 3, 3, 3, 3, 2, 2, 2, 2, 2, 2, 2, 2, 2, 2, 2, 2, 2, 2, 2, 2, 2, 2, 2, 2, 2, 2, 2, 2, 2, 2, 2, 2, 2, 2, 1, 1, 1, 1, 1, 1, 1, 1, 1, 1, 1, 1, 1, 1, 1, 1, 1, 1, 1, 1, 1, 1, 1, 1, 1, 1, 1, 1, 1, 1, 1, 1, 1, 1, 1, 1, 1, 1, 1, 1, 1, 1, 1, 1, 1, 1, 1, 1, 1, 1, 1, 1, 1, 1, 1, 1, 1, 1, 1, 1, 1, 1, 1, 1, 1, 1, 1, 1, 1, 1, 1, 1, 1, 1, 1, 1, 1, 1, 1, 1, 1, 1, 1, 1, 1, 1, 1, 1, 1, 1, 1, 1, 1, 1, 1, 1, 1, 1, 1, 1, 1, 1, 1, 1, 1, 1]",2.029013773000088,2.02711336311116,2.0190840350001054,2.037080074999949,0.005913607569370071,"[2.03708, 2.019313, 2.029389, 2.029594, 2.021739, 2.028769, 2.030038, 2.019084, 2.029014]",0.06713198700003886,0.06722710055560634,0.06646948100001282,0.06787165900004766,0.00042734295486112603,"[0.066469, 0.066988, 0.067664, 0.067132, 0.067216, 0.066999, 0.067872, 0.067095, 0.067608]",30.22424724295608,29.74855874671765,30.64684791204487,29,optimal,nan,53.74835205078125,34.64345359802246,712.3300993868205,712.3173165356066,1.794512294926105e-05,0.015168367313405234,0.008560709079309458,0.99999375,0.9973544973544973,0.4742138364779874,0.6427962489343564,9,2,1e-07,1e-05,1000,160.0,160.0,160.0,0.0,160.0,1.0,34.0,1.8912529550827424,2.9257952934431852,1.0
primary,x86_64,none,0.3.0,2.4.4,32,1,balanced,800,8000,0.25,0,0.9975125156445557,5,"[160, 160, 160, 160, 160]",powerlaw,5,0,0,455,369,"[34, 24, 23, 17, 13, 12, 11, 10, 10, 9, 9, 8, 8, 7, 7, 7, 7, 7, 7, 6, 6, 6, 5, 5, 4, 4, 4, 4, 4, 4, 4, 4, 4, 4, 3, 3, 3, 3, 3, 3, 3, 3, 3, 3, 3, 3, 3, 3, 3, 3, 3, 3, 3, 3, 3, 3, 3, 3, 3, 3, 3, 3, 3, 2, 2, 2, 2, 2, 2, 2, 2, 2, 2, 2, 2, 2, 2, 2, 2, 2, 2, 2, 2, 2, 2, 2, 1, 1, 1, 1, 1, 1, 1, 1, 1, 1, 1, 1, 1, 1, 1, 1, 1, 1, 1, 1, 1, 1, 1, 1, 1, 1, 1, 1, 1, 1, 1, 1, 1, 1, 1, 1, 1, 1, 1, 1, 1, 1, 1, 1, 1, 1, 1, 1, 1, 1, 1, 1, 1, 1, 1, 1, 1, 1, 1, 1, 1, 1, 1, 1, 1, 1, 1, 1, 1, 1, 1, 1, 1, 1, 1, 1, 1, 1, 1, 1, 1, 1, 1, 1, 1, 1, 1, 1, 1, 1, 1, 1, 1, 1, 1, 1, 1, 1, 1, 1, 1, 1, 1, 1, 1, 1, 1, 1, 1, 1, 1, 1, 1, 1]",2.034465467000018,2.0340000327778145,2.0263509490000615,2.0458695720001288,0.0062194201668296575,"[2.04587, 2.03174, 2.035932, 2.027877, 2.028135, 2.037818, 2.034465, 2.026351, 2.037812]",0.06337569800007259,0.06360893177780882,0.0628449850000834,0.0646923889999016,0.0005991266063323659,"[0.063189, 0.064284, 0.064692, 0.063189, 0.06362, 0.063289, 0.063376, 0.062845, 0.063995]",32.10166564157902,31.322864719111607,32.55422166140089,29,optimal,nan,53.74835205078125,34.64352893829346,718.0681284339491,718.0566815304092,1.5941249982721665e-05,0.014480839803364634,0.008172931573797703,0.99999375,1.0,0.4339622641509434,0.6052631578947368,9,2,1e-07,1e-05,1000,160.0,160.0,160.0,0.0,160.0,1.0,34.0,1.7582417582417582,2.73415780206774,1.0
primary,x86_64,none,0.3.0,2.4.4,32,1,balanced,800,8000,0.3,0,0.9975125156445557,5,"[160, 160, 160, 160, 160]",powerlaw,5,0,0,504,417,"[28, 24, 23, 17, 13, 12, 11, 10, 9, 8, 8, 7, 7, 7, 6, 6, 6, 6, 5, 4, 4, 4, 4, 3, 3, 3, 3, 3, 3, 3, 3, 3, 3, 3, 3, 3, 3, 3, 3, 3, 3, 3, 3, 3, 3, 3, 3, 3, 3, 2, 2, 2, 2, 2, 2, 2, 2, 2, 2, 2, 2, 2, 2, 2, 2, 2, 2, 2, 2, 2, 2, 2, 2, 2, 2, 2, 2, 2, 2, 2, 2, 2, 2, 2, 2, 2, 2, 1, 1, 1, 1, 1, 1, 1, 1, 1, 1, 1, 1, 1, 1, 1, 1, 1, 1, 1, 1, 1, 1, 1, 1, 1, 1, 1, 1, 1, 1, 1, 1, 1, 1, 1, 1, 1, 1, 1, 1, 1, 1, 1, 1, 1, 1, 1, 1, 1, 1, 1, 1, 1, 1, 1, 1, 1, 1, 1, 1, 1, 1, 1, 1, 1, 1, 1, 1, 1, 1, 1, 1, 1, 1, 1, 1, 1, 1, 1, 1, 1, 1, 1, 1, 1, 1, 1, 1, 1, 1, 1, 1, 1, 1, 1, 1, 1, 1, 1, 1, 1, 1, 1, 1, 1, 1, 1, 1, 1, 1, 1, 1, 1]",2.1117194450000625,2.116476704666689,2.1073953820000497,2.1338961960000233,0.009144671646206486,"[2.127341, 2.111719, 2.110889, 2.110277, 2.114472, 2.110297, 2.122004, 2.133896, 2.107395]",0.059671600999990915,0.05982119833333854,0.05896398100003353,0.060866005999969275,0.0007289795671499462,"[0.059672, 0.060866, 0.060431, 0.060807, 0.059256, 0.059934, 0.058964, 0.05911, 0.059351]",35.38901939300043,34.62352009759132,36.18982571748013,30,optimal,nan,53.74835205078125,34.644615173339844,722.7765249675388,722.7664812217308,1.3896059793011658e-05,0.01342685003659845,0.0075776057916688904,0.999996875,1.0,0.3723270440251572,0.5426214482126489,9,2,1e-07,1e-05,1000,160.0,160.0,160.0,0.0,160.0,1.0,28.0,1.5873015873015872,2.371356323669432,1.0
primary,x86_64,none,0.3.0,2.4.4,32,1,balanced,800,8000,0.35,0,0.9975125156445557,5,"[160, 160, 160, 160, 160]",powerlaw,5,0,0,543,467,"[28, 24, 23, 17, 11, 10, 9, 8, 8, 8, 7, 7, 7, 6, 6, 5, 4, 4, 4, 4, 4, 4, 3, 3, 3, 3, 3, 3, 3, 3, 3, 3, 3, 3, 3, 3, 3, 3, 3, 2, 2, 2, 2, 2, 2, 2, 2, 2, 2, 2, 2, 2, 2, 2, 2, 2, 2, 2, 2, 2, 2, 2, 2, 2, 2, 2, 2, 2, 2, 2, 2, 2, 2, 2, 2, 2, 1, 1, 1, 1, 1, 1, 1, 1, 1, 1, 1, 1, 1, 1, 1, 1, 1, 1, 1, 1, 1, 1, 1, 1, 1, 1, 1, 1, 1, 1, 1, 1, 1, 1, 1, 1, 1, 1, 1, 1, 1, 1, 1, 1, 1, 1, 1, 1, 1, 1, 1, 1, 1, 1, 1, 1, 1, 1, 1, 1, 1, 1, 1, 1, 1, 1, 1, 1, 1, 1, 1, 1, 1, 1, 1, 1, 1, 1, 1, 1, 1, 1, 1, 1, 1, 1, 1, 1, 1, 1, 1, 1, 1, 1, 1, 1, 1, 1, 1, 1, 1, 1, 1, 1, 1, 1, 1, 1, 1, 1, 1, 1, 1, 1, 1, 1, 1, 1, 1, 1, 1, 1, 1, 1]",2.0455216059999657,2.047165656333391,2.0394835970000713,2.0554589370001395,0.0055249818205891825,"[2.054194, 2.050351, 2.045522, 2.045407, 2.048584, 2.044979, 2.039484, 2.055459, 2.040511]",0.057148799999822586,0.057026909111047845,0.05579529400006322,0.05746937300000354,0.0004873028912891246,"[0.055795, 0.057092, 0.057149, 0.05698, 0.057296, 0.057469, 0.057182, 0.057288, 0.056991]",35.792905642923664,35.48818249678739,36.83928857867136,29,optimal,nan,53.74835205078125,34.64604473114014,726.6746813659444,726.6657413042657,1.2302701481055182e-05,0.012378878252540831,0.0069868347950796045,0.999996875,1.0,0.3232704402515723,0.48859315589353614,9,2,1e-07,1e-05,1000,160.0,160.0,160.0,0.0,160.0,1.0,28.0,1.4732965009208103,2.188772118614756,1.0
primary,x86_64,none,0.3.0,2.4.4,32,1,balanced,800,8000,0.4,0,0.9975125156445557,5,"[160, 160, 160, 160, 160]",powerlaw,5,0,0,578,517,"[28, 24, 23, 17, 11, 9, 9, 8, 8, 7, 7, 6, 6, 6, 5, 4, 4, 4, 3, 3, 3, 3, 3, 3, 3, 3, 3, 3, 3, 2, 2, 2, 2, 2, 2, 2, 2, 2, 2, 2, 2, 2, 2, 2, 2, 2, 2, 2, 2, 2, 2, 2, 2, 2, 2, 2, 2, 2, 2, 2, 2, 1, 1, 1, 1, 1, 1, 1, 1, 1, 1, 1, 1, 1, 1, 1, 1, 1, 1, 1, 1, 1, 1, 1, 1, 1, 1, 1, 1, 1, 1, 1, 1, 1, 1, 1, 1, 1, 1, 1, 1, 1, 1, 1, 1, 1, 1, 1, 1, 1, 1, 1, 1, 1, 1, 1, 1, 1, 1, 1, 1, 1, 1, 1, 1, 1, 1, 1, 1, 1, 1, 1, 1, 1, 1, 1, 1, 1, 1, 1, 1, 1, 1, 1, 1, 1, 1, 1, 1, 1, 1, 1, 1, 1, 1, 1, 1, 1, 1, 1, 1, 1, 1, 1, 1, 1, 1, 1, 1, 1, 1, 1, 1, 1, 1, 1, 1, 1, 1, 1, 1, 1, 1, 1, 1, 1, 1, 1, 1, 1, 1, 1, 1, 1, 1, 1, 1, 1, 1, 1]",2.0498396049999883,2.052259228444427,2.0429118739998557,2.0616111950000686,0.006467251007257008,"[2.058278, 2.046621, 2.042912, 2.047487, 2.048965, 2.058102, 2.056517, 2.061611, 2.04984]",0.05346242799987522,0.05364408322222718,0.05265269699998498,0.05476251000004595,0.000671096032926439,"[0.052653, 0.05372, 0.054632, 0.054763, 0.05321, 0.053462, 0.053376, 0.053644, 0.053338]",38.341685585338034,37.30493496368486,39.15490207463934,29,optimal,nan,53.74835205078125,34.645968437194824,729.9545886835831,729.9466203892008,1.0916150820648613e-05,0.011332744619277926,0.006396381011448816,0.999996875,1.0,0.2792452830188679,0.4365781710914454,9,2,1e-07,1e-05,1000,160.0,160.0,160.0,0.0,160.0,1.0,28.0,1.3840830449826989,2.0816937989743605,1.0
primary,x86_64,none,0.3.0,2.4.4,32,1,imbalanced,100,200,0.05,0,0.9808080808080808,5,"[90, 4, 4, 1, 1]",powerlaw,3,0,2,1,0,[100],0.014029011999809882,0.014032837444347024,0.014010014999939813,0.014058693999913885,1.6058962412276312e-05,"[0.014021, 0.014059, 0.01401, 0.014028, 0.01405, 0.014029, 0.014018, 0.014035, 0.014046]",0.014768692999950872,0.014762097222223424,0.014702204999821333,0.014817371999924944,3.867854275631492e-05,"[0.01473, 0.014722, 0.014769, 0.014817, 0.014809, 0.014776, 0.014777, 0.014757, 0.014702]",0.9499156086362246,0.945512807535019,0.9562303069563193,26,optimal,nan,0.9413604736328125,1.4787569046020508,104.13890989378409,104.13890989378409,0.0,0.0,0.0,1.0,0.03497682258744206,0.8736842105263158,0.06726094003241491,9,2,1e-07,1e-05,1000,1.0,90.0,20.0,35.02570484658374,4.0,100.0,100.0,100.0,0.0,100.0
primary,x86_64,none,0.3.0,2.4.4,32,1,imbalanced,100,200,0.1,0,0.9808080808080808,5,"[90, 4, 4, 1, 1]",powerlaw,3,0,2,1,0,[100],0.021971978000010495,0.02197685922222566,0.021945857999980944,0.022013533000063035,2.587928240288257e-05,"[0.022014, 0.021946, 0.021957, 0.021972, 0.021954, 0.021996, 0.022014, 0.021958, 0.021983]",0.022724719999814624,0.022722344999995887,0.022686726999836537,0.022755589000098553,2.1404036245806812e-05,"[0.022725, 0.022735, 0.022731, 0.022739, 0.022702, 0.022756, 0.022687, 0.022724, 0.022703]",0.9668756314792759,0.9644161704575478,0.9703265261763694,41,optimal,nan,0.9413604736328125,1.4787569046020508,111.05336922883896,111.05336922883896,0.0,0.0,0.0,1.0,0.06957328385899815,0.7894736842105263,0.1278772378516624,9,2,1e-07,1e-05,1000,1.0,90.0,20.0,35.02570484658374,4.0,100.0,100.0,100.0,0.0,100.0
primary,x86_64,none,0.3.0,2.4.4,32,1,imbalanced,100,200,0.15,0,0.9808080808080808,5,"[90, 4, 4, 1, 1]",powerlaw,3,0,2,1,0,[100],0.02746913099986159,0.027482454777807815,0.027367023999886442,0.027560552000068128,6.091658926618812e-05,"[0.027518, 0.027517, 0.027551, 0.027561, 0.027437, 0.027458, 0.027367, 0.027464, 0.027469]",0.02817200600020442,0.028193245333315846,0.02811026699987451,0.02839759099992989,8.238080400972693e-05,"[0.02811, 0.028195, 0.028172, 0.028198, 0.028161, 0.028398, 0.028136, 0.028204, 0.028165]",0.9750505874399669,0.9637093512599012,0.9804443337443633,52,optimal,nan,0.9413604736328125,1.4787569046020508,114.30096625725047,114.30096625725047,0.0,0.0,0.0,1.0,0.15,0.7578947368421053,0.2504347826086956,9,2,1e-07,1e-05,1000,1.0,90.0,20.0,35.02570484658374,4.0,100.0,100.0,100.0,0.0,100.0
primary,x86_64,none,0.3.0,2.4.4,32,1,imbalanced,100,200,0.2,0,0.9808080808080808,5,"[90, 4, 4, 1, 1]",powerlaw,3,0,2,4,3,"[97, 1, 1, 1]",0.02929399699996793,0.029281200222158077,0.029213260999995327,0.029334364999840545,4.222284403321386e-05,"[0.029313, 0.029298, 0.029232, 0.029321, 0.029294, 0.029213, 0.029334, 0.029244, 0.029281]",0.02916458300001068,0.029173289666661932,0.029094533000034062,0.029352173999996012,7.81356851285301e-05,"[0.029128, 0.029175, 0.029352, 0.02922, 0.029172, 0.029157, 0.029095, 0.029165, 0.029096]",1.004437368432705,0.9952673692926219,1.008243198122692,56,optimal,nan,0.9413604736328125,1.4068422317504883,116.1590861987113,116.15908604915104,1.2875467197685793e-09,3.4282429036233686e-05,2.931905247021078e-05,1.0,0.32211538461538464,0.7052631578947368,0.44224422442244227,9,2,1e-07,1e-05,1000,1.0,90.0,20.0,35.02570484658374,4.0,1.0,97.0,25.0,41.569219381653056,1.0
primary,x86_64,none,0.3.0,2.4.4,32,1,imbalanced,100,200,0.25,0,0.9808080808080808,5,"[90, 4, 4, 1, 1]",powerlaw,3,0,2,13,9,"[83, 4, 2, 2, 1, 1, 1, 1, 1, 1, 1, 1, 1]",0.028995986999916568,0.029000208888848848,0.028946122999968793,0.029062475999808157,4.0940194026869716e-05,"[0.029029, 0.029062, 0.028992, 0.029053, 0.028998, 0.028996, 0.028963, 0.028962, 0.028946]",0.023363488000086363,0.02335966166664447,0.02328512599979149,0.023408603999996558,3.889514771152116e-05,"[0.023363, 0.023316, 0.023409, 0.023285, 0.023354, 0.023384, 0.023353, 0.023394, 0.023379]",1.2410812546401198,1.2365591301374934,1.248113323503957,56,optimal,nan,0.9413604736328125,1.1001930236816406,117.42507541882122,117.42507525778406,1.371403539437944e-09,6.036959912211759e-05,5.268145863491717e-05,1.0,0.6055045871559633,0.6947368421052632,0.6470588235294118,9,2,1e-07,1e-05,1000,1.0,90.0,20.0,35.02570484658374,4.0,1.0,83.0,7.6923076923076925,21.755227896494265,1.0
primary,x86_64,none,0.3.0,2.4.4,32,1,imbalanced,100,200,0.3,0,0.9808080808080808,5,"[90, 4, 4, 1, 1]",powerlaw,3,0,2,28,15,"[52, 5, 3, 3, 3, 3, 3, 3, 2, 2, 2, 2, 2, 1, 1, 1, 1, 1, 1, 1, 1, 1, 1, 1, 1, 1, 1, 1]",0.02943291299993689,0.02942658033326653,0.029346239999995305,0.029495838999991975,5.4657196552116375e-05,"[0.029347, 0.029433, 0.029454, 0.029496, 0.029469, 0.029423, 0.029478, 0.029346, 0.029393]",0.015441890000147396,0.015440571222269581,0.015418144000022949,0.015459700000064913,1.2287986837868938e-05,"[0.01546, 0.015432, 0.015443, 0.015418, 0.015442, 0.01545, 0.015437, 0.01545, 0.015432]",1.9060434311898313,1.8982412336508525,1.913060287927527,57,optimal,nan,0.9413604736328125,0.7469491958618164,118.38414515967747,118.38414488584837,2.3130555299143455e-09,0.00016861522939651263,0.00014955004777648934,1.0,0.782051282051282,0.6421052631578947,0.7052023121387283,9,2,1e-07,1e-05,1000,1.0,90.0,20.0,35.02570484658374,4.0,1.0,52.0,3.5714285714285716,9.37484693752601,1.0
primary,x86_64,none,0.3.0,2.4.4,32,1,imbalanced,100,200,0.35,0,0.9808080808080808,5,"[90, 4, 4, 1, 1]",powerlaw,3,0,2,41,24,"[24, 9, 7, 5, 3, 3, 3, 3, 3, 2, 2, 2, 2, 2, 2, 2, 2, 1, 1, 1, 1, 1, 1, 1, 1, 1, 1, 1, 1, 1, 1, 1, 1, 1, 1, 1, 1, 1, 1, 1, 1]",0.030262831000072765,0.030271537222284275,0.03021415100010927,0.030369686000085494,4.8841506680416016e-05,"[0.030307, 0.030241, 0.030296, 0.03022, 0.030263, 0.030284, 0.03037, 0.030214, 0.030249]",0.01044102700006988,0.010442873666710916,0.010378101000014794,0.010481394000180444,2.9294236884746012e-05,"[0.010378, 0.010466, 0.01043, 0.010481, 0.010459, 0.010455, 0.010434, 0.010441, 0.010441]",2.8984534758764844,2.8826462395735826,2.926323997043602,58,optimal,nan,0.9413604736328125,0.7077875137329102,119.1363759188948,119.13637567427057,2.0533126855272996e-09,0.00020694175237206958,0.00018584757719587554,1.0,0.8852459016393442,0.5684210526315789,0.6923076923076923,9,2,1e-07,1e-05,1000,1.0,90.0,20.0,35.02570484658374,4.0,1.0,24.0,2.4390243902439024,3.7873266231769116,1.0
primary,x86_64,none,0.3.0,2.4.4,32,1,imbalanced,100,200,0.4,0,0.9808080808080808,5,"[90, 4, 4, 1, 1]",powerlaw,3,0,2,52,34,"[22, 5, 5, 3, 3, 3, 3, 2, 2, 2, 2, 2, 2, 2, 2, 2, 2, 2, 1, 1, 1, 1, 1, 1, 1, 1, 1, 1, 1, 1, 1, 1, 1, 1, 1, 1, 1, 1, 1, 1, 1, 1, 1, 1, 1, 1, 1, 1, 1, 1, 1, 1]",0.030854103999899962,0.030855950555582642,0.030738937000023725,0.030998953000107576,9.449781134024626e-05,"[0.03077, 0.03089, 0.030772, 0.030854, 0.030786, 0.030739, 0.030961, 0.030999, 0.030932]",0.009590928000079657,0.00960873755555743,0.009568369999897186,0.009651480000002266,3.3686615983062405e-05,"[0.009634, 0.009583, 0.00959, 0.009574, 0.009591, 0.009568, 0.009651, 0.009643, 0.009644]",3.2170092403616946,3.184893612173108,3.2397318457000166,59,optimal,nan,0.9413604736328125,0.7072010040283203,119.72607701290342,119.72607682975524,1.5297266771740648e-09,0.00018334106524928173,0.00016611755480115385,1.0,0.88,0.4631578947368421,0.6068965517241379,9,2,1e-07,1e-05,1000,1.0,90.0,20.0,35.02570484658374,4.0,1.0,22.0,1.9230769230769231,2.9602894469067467,1.0
primary,x86_64,none,0.3.0,2.4.4,32,1,imbalanced,100,500,0.05,0,0.9808080808080808,5,"[90, 4, 4, 1, 1]",powerlaw,3,0,2,1,0,[100],0.015045338999925661,0.01505853077780254,0.015008531999910701,0.015101141000059215,3.178909380601953e-05,"[0.015041, 0.015009, 0.015101, 0.015035, 0.015039, 0.015045, 0.015093, 0.015087, 0.015077]",0.01582301399980679,0.015807315444337493,0.015758900999799152,0.0158348869999827,2.881315392845009e-05,"[0.015828, 0.015835, 0.015825, 0.015773, 0.015823, 0.015759, 0.015778, 0.015828, 0.015817]",0.9508516519109049,0.9478142786827022,0.9582610488035732,28,optimal,nan,0.9413604736328125,1.4787569046020508,110.82249934748795,110.82249934748795,0.0,0.0,0.0,1.0,0.05084745762711865,0.8526315789473684,0.09597156398104266,9,2,1e-07,1e-05,1000,1.0,90.0,20.0,35.02570484658374,4.0,100.0,100.0,100.0,0.0,100.0
primary,x86_64,none,0.3.0,2.4.4,32,1,imbalanced,100,500,0.1,0,0.9808080808080808,5,"[90, 4, 4, 1, 1]",powerlaw,3,0,2,1,0,[100],0.026567989000113812,0.026553609777768845,0.0265038759998788,0.026592921999963437,3.357335679890475e-05,"[0.026504, 0.026593, 0.026524, 0.026585, 0.026579, 0.026579, 0.026535, 0.026517, 0.026568]",0.027261365999947884,0.027276537444423512,0.02723049699989133,0.027362286999959906,4.2131408024289506e-05,"[0.027241, 0.027362, 0.027261, 0.027253, 0.02729, 0.027318, 0.027249, 0.02723, 0.027283]",0.9745655812025195,0.9686279513082235,0.9765859947422025,50,optimal,nan,0.9413604736328125,1.478799819946289,113.9839884343297,113.9839884343297,0.0,0.0,0.0,1.0,0.189873417721519,0.7894736842105263,0.30612244897959184,9,2,1e-07,1e-05,1000,1.0,90.0,20.0,35.02570484658374,4.0,100.0,100.0,100.0,0.0,100.0
primary,x86_64,none,0.3.0,2.4.4,32,1,imbalanced,100,500,0.15,0,0.9808080808080808,5,"[90, 4, 4, 1, 1]",powerlaw,3,0,2,11,6,"[85, 3, 2, 2, 2, 1, 1, 1, 1, 1, 1]",0.028226635999999417,0.028220435222288467,0.02813758900015273,0.02828125100018042,4.4924310451639364e-05,"[0.028172, 0.028281, 0.028271, 0.028241, 0.028211, 0.028231, 0.028138, 0.028212, 0.028227]",0.023412174999975832,0.02342048522220668,0.023325501999806875,0.023494096999911562,5.021829845735708e-05,"[0.023413, 0.02341, 0.023494, 0.023444, 0.023398, 0.023403, 0.023412, 0.023485, 0.023326]",1.2056392026810219,1.1976450510210563,1.2124605507060289,54,optimal,nan,0.9413604736328125,1.1409826278686523,115.74713679075234,115.74713672016681,6.098252664412218e-10,5.6159391100402134e-05,5.0249330767756236e-05,1.0,0.5590551181102362,0.7473684210526316,0.6396396396396397,9,2,1e-07,1e-05,1000,1.0,90.0,20.0,35.02570484658374,4.0,1.0,85.0,9.090909090909092,24.013081834149354,1.0
primary,x86_64,none,0.3.0,2.4.4,32,1,imbalanced,100,500,0.2,0,0.9808080808080808,5,"[90, 4, 4, 1, 1]",powerlaw,3,0,2,23,8,"[21, 14, 14, 12, 6, 4, 3, 3, 3, 2, 2, 2, 2, 2, 2, 1, 1, 1, 1, 1, 1, 1, 1]",0.030013508000138245,0.030002295777851233,0.029906651000146667,0.030063376000043718,4.4946143364104096e-05,"[0.029907, 0.029968, 0.030014, 0.030063, 0.029992, 0.030019, 0.030041, 0.030003, 0.030014]",0.010315178000155356,0.010317156444393226,0.010279558999854999,0.01033892400005243,1.7759821020924946e-05,"[0.010323, 0.01028, 0.01031, 0.010325, 0.010339, 0.010338, 0.010315, 0.010315, 0.010309]",2.9096451849581473,2.892627027725033,2.924578379332011,57,optimal,nan,0.9413604736328125,0.7061986923217773,117.09778106714016,117.09778093805532,1.1023679325230205e-09,0.0001775962774085149,0.00016114873480819499,1.0,0.8518518518518519,0.7263157894736842,0.7840909090909091,9,2,1e-07,1e-05,1000,1.0,90.0,20.0,35.02570484658374,4.0,1.0,21.0,4.3478260869565215,5.329235981232889,2.0
primary,x86_64,none,0.3.0,2.4.4,32,1,imbalanced,100,500,0.25,0,0.9808080808080808,5,"[90, 4, 4, 1, 1]",powerlaw,3,0,2,32,12,"[12, 10, 9, 8, 6, 5, 4, 4, 3, 3, 3, 3, 3, 3, 2, 2, 2, 2, 2, 2, 1, 1, 1, 1, 1, 1, 1, 1, 1, 1, 1, 1]",0.027640117000146347,0.02763774222226958,0.027551070000072286,0.027691171000014947,3.994675147734257e-05,"[0.027551, 0.027619, 0.027671, 0.027691, 0.02762, 0.027638, 0.027652, 0.02764, 0.027658]",0.009251365999944028,0.009259017444441674,0.00923474400019586,0.009295295999891096,1.9991952288578782e-05,"[0.009235, 0.009272, 0.009248, 0.009295, 0.009281, 0.009261, 0.009241, 0.009248, 0.009251]",2.9876795491945267,2.963979845331991,2.998585667282996,53,optimal,nan,0.9413604736328125,0.6997804641723633,118.19896867628523,118.19896866880256,6.330570216195156e-11,2.4350846164866713e-05,2.231462459586948e-05,1.0,0.9428571428571428,0.6947368421052632,0.7999999999999999,9,2,1e-07,1e-05,1000,1.0,90.0,20.0,35.02570484658374,4.0,1.0,12.0,3.125,2.8476964374736293,2.0
primary,x86_64,none,0.3.0,2.4.4,32,1,imbalanced,100,500,0.3,0,0.9808080808080808,5,"[90, 4, 4, 1, 1]",powerlaw,3,0,2,37,17,"[10, 10, 9, 6, 5, 4, 4, 4, 3, 3, 3, 3, 3, 3, 3, 2, 2, 2, 2, 2, 1, 1, 1, 1, 1, 1, 1, 1, 1, 1, 1, 1, 1, 1, 1, 1, 1]",0.02458047200002511,0.02456859877778091,0.02450804699992659,0.02460421699993276,3.697787109432989e-05,"[0.024604, 0.024597, 0.024512, 0.024598, 0.024508, 0.024553, 0.02458, 0.024595, 0.02457]",0.00919318900014332,0.009186461111110274,0.009137386000020342,0.009213371999976516,2.917941087474827e-05,"[0.00914, 0.009137, 0.009193, 0.009191, 0.00918, 0.00921, 0.00921, 0.009213, 0.009204]",2.673769896348471,2.6600518246727756,2.692697561411763,47,optimal,nan,0.9413604736328125,0.700016975402832,119.08978499346186,119.08978491859381,6.286689901312175e-10,0.0001012792666475748,9.33529695550576e-05,1.0,0.9538461538461539,0.6526315789473685,0.7750000000000001,9,2,1e-07,1e-05,1000,1.0,90.0,20.0,35.02570484658374,4.0,1.0,10.0,2.7027027027027026,2.4369327738053737,2.0
primary,x86_64,none,0.3.0,2.4.4,32,1,imbalanced,100,500,0.35,0,0.9808080808080808,5,"[90, 4, 4, 1, 1]",powerlaw,3,0,2,48,26,"[8, 7, 6, 5, 4, 4, 3, 3, 3, 3, 3, 3, 3, 3, 2, 2, 2, 2, 2, 2, 2, 2, 1, 1, 1, 1, 1, 1, 1, 1, 1, 1, 1, 1, 1, 1, 1, 1, 1, 1, 1, 1, 1, 1, 1, 1, 1, 1]",0.025444820999837248,0.025440071999987088,0.02536527200004457,0.02553980499988029,6.375297845462198e-05,"[0.025445, 0.025477, 0.025365, 0.025377, 0.025391, 0.025387, 0.02554, 0.025517, 0.025461]",0.008650597999803722,0.008650861888807211,0.008631601000161027,0.008674343999928169,1.582702442803334e-05,"[0.008645, 0.008634, 0.008651, 0.008674, 0.008632, 0.008634, 0.008658, 0.008666, 0.008665]",2.941394456246213,2.924171787544351,2.95887228793405,49,optimal,nan,0.9413604736328125,0.7009649276733398,119.79763790639615,119.79763790675634,3.0066396124850396e-12,4.682737674177595e-06,4.324340928194091e-06,1.0,1.0,0.5473684210526316,0.707482993197279,9,2,1e-07,1e-05,1000,1.0,90.0,20.0,35.02570484658374,4.0,1.0,8.0,2.0833333333333335,1.630865482565077,1.0
primary,x86_64,none,0.3.0,2.4.4,32,1,imbalanced,100,500,0.4,0,0.9808080808080808,5,"[90, 4, 4, 1, 1]",powerlaw,3,0,2,57,38,"[7, 7, 6, 5, 4, 3, 3, 3, 3, 3, 2, 2, 2, 2, 2, 2, 2, 2, 2, 1, 1, 1, 1, 1, 1, 1, 1, 1, 1, 1, 1, 1, 1, 1, 1, 1, 1, 1, 1, 1, 1, 1, 1, 1, 1, 1, 1, 1, 1, 1, 1, 1, 1, 1, 1, 1, 1]",0.0254994379999971,0.02548453144441333,0.02540326799999093,0.025508937000040532,3.358211105263586e-05,"[0.025504, 0.025507, 0.025403, 0.025499, 0.025471, 0.025475, 0.025509, 0.025505, 0.025488]",0.007819496000138315,0.007819759444474685,0.007794561999844518,0.007846803000120417,1.8563062164097863e-05,"[0.007831, 0.007847, 0.007798, 0.007795, 0.0078, 0.007819, 0.00783, 0.007819, 0.007837]",3.2610078705259333,3.237403564177805,3.2726581686757217,49,optimal,nan,0.9413604736328125,0.7018833160400391,120.35946612260666,120.3594661234853,7.300156477025055e-12,9.104719112751347e-06,8.407882789616089e-06,1.0,1.0,0.45263157894736844,0.6231884057971014,9,2,1e-07,1e-05,1000,1.0,90.0,20.0,35.02570484658374,4.0,1.0,7.0,1.7543859649122806,1.4422290466361125,1.0
primary,x86_64,none,0.3.0,2.4.4,32,1,imbalanced,100,1000,0.05,0,0.9808080808080808,5,"[90, 4, 4, 1, 1]",powerlaw,3,0,2,1,0,[100],0.020256363000044075,0.020270743111116946,0.02021837000006599,0.020327601999952094,4.03744917882783e-05,"[0.020267, 0.020246, 0.020256, 0.020234, 0.020318, 0.020218, 0.020318, 0.020328, 0.020252]",0.020977049000066472,0.020982326777811977,0.020941431999972338,0.0210316640000201,2.943800947818922e-05,"[0.020977, 0.021032, 0.021011, 0.020964, 0.021002, 0.02096, 0.020941, 0.020995, 0.020958]",0.9656440712885729,0.961330021250181,0.9706882509266294,38,optimal,nan,0.9413604736328125,1.478799819946289,111.88215067982973,111.88215067982973,0.0,0.0,0.0,1.0,0.08907741251325557,0.8842105263157894,0.161849710982659,9,2,1e-07,1e-05,1000,1.0,90.0,20.0,35.02570484658374,4.0,100.0,100.0,100.0,0.0,100.0
primary,x86_64,none,0.3.0,2.4.4,32,1,imbalanced,100,1000,0.1,0,0.9808080808080808,5,"[90, 4, 4, 1, 1]",powerlaw,3,0,2,5,4,"[96, 1, 1, 1, 1]",0.026423152000006667,0.026415765333290944,0.02631748399994649,0.026531195999950796,7.00395154095034e-05,"[0.026469, 0.026351, 0.026423, 0.026317, 0.026404, 0.026468, 0.026531, 0.02634, 0.026437]",0.024860678999857555,0.024862789222197534,0.024832183999933477,0.02492954100011957,2.912949302025435e-05,"[0.024861, 0.024835, 0.024859, 0.024843, 0.02493, 0.024865, 0.024876, 0.024864, 0.024832]",1.062849168365758,1.0556746311462477,1.0684197571998448,50,optimal,nan,0.9413604736328125,1.3834476470947266,114.0824155548477,114.08241555457667,2.3757335414942113e-12,1.1269997090002093e-06,1.0276332910977125e-06,1.0,0.5067567567567568,0.7894736842105263,0.617283950617284,9,2,1e-07,1e-05,1000,1.0,90.0,20.0,35.02570484658374,4.0,1.0,96.0,20.0,38.0,1.0
primary,x86_64,none,0.3.0,2.4.4,32,1,imbalanced,100,1000,0.15,0,0.9808080808080808,5,"[90, 4, 4, 1, 1]",powerlaw,3,0,2,26,8,"[29, 10, 9, 5, 4, 4, 4, 3, 3, 3, 3, 3, 2, 2, 2, 2, 2, 2, 1, 1, 1, 1, 1, 1, 1, 1]",0.026786465999975917,0.026800185777801744,0.026756784000099287,0.026927752999881704,5.231513962797093e-05,"[0.026928, 0.02681, 0.026786, 0.026772, 0.026789, 0.026775, 0.026757, 0.026822, 0.026763]",0.012037941000016872,0.012045723888857336,0.011985699999968347,0.012138860000050045,4.569181782095211e-05,"[0.012038, 0.011986, 0.012009, 0.012013, 0.012084, 0.012031, 0.01205, 0.012139, 0.012062]",2.2251700685306877,2.2042254379726742,2.246656682542765,51,optimal,nan,0.9413604736328125,0.7109365463256836,115.67520086047918,115.67520083930161,1.8307787462129497e-10,4.017428327654504e-05,3.663267233298271e-05,1.0,0.9342105263157895,0.7473684210526316,0.8304093567251462,9,2,1e-07,1e-05,1000,1.0,90.0,20.0,35.02570484658374,4.0,1.0,29.0,3.8461538461538463,5.503092191544591,2.0
primary,x86_64,none,0.3.0,2.4.4,32,1,imbalanced,100,1000,0.2,0,0.9808080808080808,5,"[90, 4, 4, 1, 1]",powerlaw,3,0,2,30,8,"[13, 10, 9, 8, 5, 4, 4, 4, 3, 3, 3, 3, 3, 3, 3, 2, 2, 2, 2, 2, 2, 2, 1, 1, 1, 1, 1, 1, 1, 1]",0.023029877999988457,0.023026184111156707,0.022981199000014385,0.023077369000020553,3.133647645390618e-05,"[0.023045, 0.023077, 0.022981, 0.02303, 0.023049, 0.023012, 0.02301, 0.022987, 0.023044]",0.010398292999980185,0.010395259000031527,0.010362674999896626,0.01045053400002871,2.974208558386253e-05,"[0.010398, 0.010422, 0.010364, 0.010405, 0.010386, 0.010364, 0.010363, 0.010404, 0.010451]",2.2147748673779764,2.1990454267649144,2.226970256256301,44,optimal,nan,0.9413604736328125,0.7008237838745117,117.00820835231724,117.0082083295644,1.9445510264201445e-10,3.584814976952122e-05,3.268791418292238e-05,1.0,0.9859154929577465,0.7368421052631579,0.8433734939759036,9,2,1e-07,1e-05,1000,1.0,90.0,20.0,35.02570484658374,4.0,1.0,13.0,3.3333333333333335,2.9021065146238554,2.5
primary,x86_64,none,0.3.0,2.4.4,32,1,imbalanced,100,1000,0.25,0,0.9808080808080808,5,"[90, 4, 4, 1, 1]",powerlaw,3,0,2,31,10,"[13, 10, 9, 8, 5, 4, 4, 4, 3, 3, 3, 3, 3, 3, 3, 2, 2, 2, 2, 2, 2, 1, 1, 1, 1, 1, 1, 1, 1, 1, 1]",0.024506869999868286,0.02450238444443029,0.024442756000098598,0.024562672999991264,3.641039715278118e-05,"[0.024518, 0.024533, 0.024563, 0.024507, 0.024523, 0.024481, 0.024443, 0.024482, 0.024472]",0.009899631000052977,0.00990490788889373,0.009853326999973433,0.009954246000006606,2.9348472155002932e-05,"[0.009887, 0.009853, 0.009909, 0.0099, 0.009954, 0.009896, 0.009936, 0.009917, 0.009891]",2.475533684006721,2.455510542946435,2.4928303912026357,47,optimal,nan,0.9413604736328125,0.7003288269042969,118.11289601457987,118.11289547780473,4.544593902187535e-09,0.00022477506265519698,0.00020495975403115853,1.0,1.0,0.7263157894736842,0.8414634146341463,9,2,1e-07,1e-05,1000,1.0,90.0,20.0,35.02570484658374,4.0,1.0,13.0,3.225806451612903,2.903942563852103,2.0
primary,x86_64,none,0.3.0,2.4.4,32,1,imbalanced,100,1000,0.3,0,0.9808080808080808,5,"[90, 4, 4, 1, 1]",powerlaw,3,0,2,41,19,"[9, 7, 7, 6, 5, 4, 4, 4, 3, 3, 3, 3, 3, 3, 3, 2, 2, 2, 2, 2, 2, 2, 1, 1, 1, 1, 1, 1, 1, 1, 1, 1, 1, 1, 1, 1, 1, 1, 1, 1, 1]",0.028155417000107263,0.028159374333351177,0.028105550999953266,0.02825514899996051,4.749894760672789e-05,"[0.028164, 0.028133, 0.028255, 0.028108, 0.028166, 0.028106, 0.028155, 0.028141, 0.028206]",0.008768142999997508,0.008765109111108258,0.008734899000046425,0.008788327000047502,2.059966493775117e-05,"[0.008787, 0.008788, 0.008778, 0.008768, 0.008766, 0.00878, 0.008741, 0.008743, 0.008735]",3.2111037650863206,3.198054760570624,3.234742496714654,54,optimal,nan,0.9413604736328125,0.7002296447753906,119.01025537294134,119.01025537341536,3.982995149408381e-12,5.42605411069097e-06,4.947713962521643e-06,1.0,1.0,0.6210526315789474,0.7662337662337663,9,2,1e-07,1e-05,1000,1.0,90.0,20.0,35.02570484658374,4.0,1.0,9.0,2.4390243902439024,1.938679214559771,2.0
primary,x86_64,none,0.3.0,2.4.4,32,1,imbalanced,100,1000,0.35,0,0.9808080808080808,5,"[90, 4, 4, 1, 1]",powerlaw,3,0,2,47,25,"[9, 7, 6, 5, 4, 4, 4, 3, 3, 3, 3, 3, 3, 2, 2, 2, 2, 2, 2, 2, 2, 2, 1, 1, 1, 1, 1, 1, 1, 1, 1, 1, 1, 1, 1, 1, 1, 1, 1, 1, 1, 1, 1, 1, 1, 1, 1]",0.02703699099993173,0.02705150222219446,0.027015619999929186,0.0271082290000777,3.269263223982175e-05,"[0.027108, 0.027016, 0.027029, 0.027074, 0.02709, 0.027055, 0.027037, 0.027036, 0.027019]",0.008514064000110011,0.008521847222229754,0.008479631999989579,0.008569867000005615,3.242365832205189e-05,"[0.00848, 0.008514, 0.008514, 0.0085, 0.008487, 0.00857, 0.008532, 0.008531, 0.00857]",3.1755682127339404,3.1523966474522283,3.1968638497650623,52,optimal,nan,0.9413604736328125,0.7011575698852539,119.73406632617181,119.73406632680367,5.2771717572905446e-12,8.756884274374599e-06,7.984910896311735e-06,1.0,1.0,0.5578947368421052,0.7162162162162162,9,2,1e-07,1e-05,1000,1.0,90.0,20.0,35.02570484658374,4.0,1.0,9.0,2.127659574468085,1.7334877065590366,1.0
primary,x86_64,none,0.3.0,2.4.4,32,1,imbalanced,100,1000,0.4,0,0.9808080808080808,5,"[90, 4, 4, 1, 1]",powerlaw,3,0,2,58,40,"[7, 7, 6, 5, 4, 3, 3, 3, 3, 3, 2, 2, 2, 2, 2, 2, 2, 2, 1, 1, 1, 1, 1, 1, 1, 1, 1, 1, 1, 1, 1, 1, 1, 1, 1, 1, 1, 1, 1, 1, 1, 1, 1, 1, 1, 1, 1, 1, 1, 1, 1, 1, 1, 1, 1, 1, 1, 1]",0.026043228000162344,0.026053519222210123,0.026000487999908728,0.02615008499992655,4.575632520046846e-05,"[0.02615, 0.026043, 0.026095, 0.026069, 0.026046, 0.026, 0.026023, 0.026019, 0.026035]",0.007497742999930779,0.007497611555587961,0.007462125000074593,0.007555920999948285,2.7155302234075325e-05,"[0.007513, 0.007498, 0.0075, 0.007495, 0.007462, 0.007468, 0.007487, 0.007499, 0.007556]",3.473475684669744,3.441074622152175,3.5043750941809666,50,optimal,nan,0.9413604736328125,0.7013273239135742,120.31173960496926,120.31173960578981,6.820190322279968e-12,7.875509302590622e-06,7.181234566284697e-06,1.0,1.0,0.4421052631578947,0.6131386861313868,9,2,1e-07,1e-05,1000,1.0,90.0,20.0,35.02570484658374,4.0,1.0,7.0,1.7241379310344827,1.4359077802522082,1.0
primary,x86_64,none,0.3.0,2.4.4,32,1,imbalanced,200,400,0.05,0,0.9902010050251256,5,"[180, 8, 8, 2, 2]",powerlaw,3,0,2,1,0,[200],0.048403484000118624,0.048386730555598154,0.048283566999998584,0.04849490600008721,7.986327194751251e-05,"[0.048425, 0.048495, 0.048284, 0.048452, 0.048453, 0.048403, 0.04829, 0.048293, 0.048386]",0.0501143740000316,0.0501230809999874,0.04999445699991156,0.05024972599994726,9.117285777924636e-05,"[0.05005, 0.050197, 0.050114, 0.049994, 0.050072, 0.05025, 0.05025, 0.050123, 0.050057]",0.9658602938966793,0.9608722443590889,0.9700056548303544,22,optimal,nan,3.385162353515625,5.8297576904296875,173.6504113006981,173.6504113006981,0.0,0.0,0.0,1.0,0.033666079467606184,0.882051282051282,0.06485671191553545,9,2,1e-07,1e-05,1000,2.0,180.0,40.0,70.05140969316749,8.0,200.0,200.0,200.0,0.0,200.0
primary,x86_64,none,0.3.0,2.4.4,32,1,imbalanced,200,400,0.1,0,0.9902010050251256,5,"[180, 8, 8, 2, 2]",powerlaw,3,0,2,1,0,[200],0.08253692900007081,0.082523340888934,0.0822828479999771,0.08266871799992259,0.00011786408102790007,"[0.082453, 0.082283, 0.082669, 0.082446, 0.082616, 0.082606, 0.082595, 0.082506, 0.082537]",0.08439860800012866,0.08445111200002328,0.08422407500006557,0.08507773899987114,0.0002687325605619253,"[0.08428, 0.084224, 0.084578, 0.085078, 0.084399, 0.084241, 0.084558, 0.084281, 0.084422]",0.9779418281394522,0.9671489741882036,0.9815331067733096,38,optimal,nan,3.385162353515625,5.829843521118164,182.16817402067514,182.16817402067514,0.0,0.0,0.0,1.0,0.18045977011494252,0.8051282051282052,0.2948356807511737,9,2,1e-07,1e-05,1000,2.0,180.0,40.0,70.05140969316749,8.0,200.0,200.0,200.0,0.0,200.0
primary,x86_64,none,0.3.0,2.4.4,32,1,imbalanced,200,400,0.15,0,0.9902010050251256,5,"[180, 8, 8, 2, 2]",powerlaw,3,0,2,20,8,"[158, 6, 5, 4, 3, 3, 3, 2, 2, 2, 2, 2, 1, 1, 1, 1, 1, 1, 1, 1]",0.09153067500005818,0.09157526444444859,0.09137039100005495,0.09192248099998324,0.00017362291003802832,"[0.09161, 0.091444, 0.091488, 0.091458, 0.091586, 0.091922, 0.091767, 0.09137, 0.091531]",0.06439275900015673,0.06435845911111453,0.06417904599993562,0.06450911299998552,0.00012446405126661754,"[0.064301, 0.064273, 0.064463, 0.064179, 0.064197, 0.064482, 0.064509, 0.064393, 0.06443]",1.4214435974056554,1.4163950913427605,1.4322818229500551,43,optimal,nan,3.385162353515625,3.9959325790405273,185.1510588262442,185.15104125261044,9.491511345776858e-08,0.001182128253181397,0.0008047946803974794,1.0,0.6405529953917051,0.7128205128205128,0.674757281553398,9,2,1e-07,1e-05,1000,2.0,180.0,40.0,70.05140969316749,8.0,1.0,158.0,10.0,33.982348359111384,2.0
primary,x86_64,none,0.3.0,2.4.4,32,1,imbalanced,200,400,0.2,0,0.9902010050251256,5,"[180, 8, 8, 2, 2]",powerlaw,3,0,2,82,43,"[40, 8, 6, 5, 5, 4, 4, 4, 4, 4, 4, 4, 3, 3, 3, 3, 3, 3, 3, 3, 3, 3, 3, 2, 2, 2, 2, 2, 2, 2, 2, 2, 2, 2, 2, 2, 2, 2, 2, 1, 1, 1, 1, 1, 1, 1, 1, 1, 1, 1, 1, 1, 1, 1, 1, 1, 1, 1, 1, 1, 1, 1, 1, 1, 1, 1, 1, 1, 1, 1, 1, 1, 1, 1, 1, 1, 1, 1, 1, 1, 1, 1]",0.08933063800009222,0.0893235154444988,0.08916797900019446,0.08941731000004438,9.645580324461073e-05,"[0.089168, 0.089409, 0.089321, 0.089413, 0.089195, 0.089331, 0.089417, 0.089398, 0.089259]",0.02041310700019494,0.02041746077780873,0.0203715520001424,0.020476034000012078,3.2940897762659785e-05,"[0.020458, 0.0204, 0.020385, 0.020415, 0.020413, 0.020425, 0.020476, 0.020413, 0.020372]",4.376141172396693,4.354748531875942,4.389322423712211,42,optimal,nan,3.385162353515625,2.363532066345215,186.9864817899605,186.9864817739704,8.551464252488679e-11,4.698024499374953e-05,3.198422389448876e-05,1.0,0.9008264462809917,0.558974358974359,0.6898734177215189,9,2,1e-07,1e-05,1000,2.0,180.0,40.0,70.05140969316749,8.0,1.0,40.0,2.4390243902439024,4.389837379552608,1.0
primary,x86_64,none,0.3.0,2.4.4,32,1,imbalanced,200,400,0.25,0,0.9902010050251256,5,"[180, 8, 8, 2, 2]",powerlaw,3,0,2,109,71,"[17, 9, 6, 6, 6, 4, 4, 4, 4, 3, 3, 3, 3, 3, 3, 3, 3, 3, 3, 3, 2, 2, 2, 2, 2, 2, 2, 2, 2, 2, 2, 2, 2, 2, 2, 2, 2, 2, 1, 1, 1, 1, 1, 1, 1, 1, 1, 1, 1, 1, 1, 1, 1, 1, 1, 1, 1, 1, 1, 1, 1, 1, 1, 1, 1, 1, 1, 1, 1, 1, 1, 1, 1, 1, 1, 1, 1, 1, 1, 1, 1, 1, 1, 1, 1, 1, 1, 1, 1, 1, 1, 1, 1, 1, 1, 1, 1, 1, 1, 1, 1, 1, 1, 1, 1, 1, 1, 1, 1]",0.08914187200002743,0.08916429955555334,0.08903620399996726,0.08935558500002116,9.482028906498944e-05,"[0.089252, 0.089356, 0.0892, 0.089109, 0.089142, 0.089167, 0.089036, 0.089116, 0.089102]",0.0157945450000625,0.01579903011111128,0.015713808999862522,0.01588359200013656,4.8743304529003886e-05,"[0.0158, 0.015714, 0.015844, 0.015759, 0.015822, 0.015793, 0.01578, 0.015884, 0.015795]",5.6438391862301005,5.605545899139298,5.686437005871901,42,optimal,nan,3.385162353515625,2.343142509460449,188.2517362629678,188.25173626175476,6.443704491496197e-12,1.9767150892580077e-05,1.3457505925724917e-05,1.0,0.9782608695652174,0.46153846153846156,0.6271777003484321,9,2,1e-07,1e-05,1000,2.0,180.0,40.0,70.05140969316749,8.0,1.0,17.0,1.834862385321101,1.956001170089751,1.0
primary,x86_64,none,0.3.0,2.4.4,32,1,imbalanced,200,400,0.3,0,0.9902010050251256,5,"[180, 8, 8, 2, 2]",powerlaw,3,0,2,136,106,"[14, 6, 6, 6, 5, 4, 4, 3, 3, 3, 2, 2, 2, 2, 2, 2, 2, 2, 2, 2, 2, 2, 2, 2, 2, 2, 2, 2, 2, 2, 1, 1, 1, 1, 1, 1, 1, 1, 1, 1, 1, 1, 1, 1, 1, 1, 1, 1, 1, 1, 1, 1, 1, 1, 1, 1, 1, 1, 1, 1, 1, 1, 1, 1, 1, 1, 1, 1, 1, 1, 1, 1, 1, 1, 1, 1, 1, 1, 1, 1, 1, 1, 1, 1, 1, 1, 1, 1, 1, 1, 1, 1, 1, 1, 1, 1, 1, 1, 1, 1, 1, 1, 1, 1, 1, 1, 1, 1, 1, 1, 1, 1, 1, 1, 1, 1, 1, 1, 1, 1, 1, 1, 1, 1, 1, 1, 1, 1, 1, 1, 1, 1, 1, 1, 1, 1]",0.0913134440002068,0.0913030217778012,0.0911804669999583,0.09141198800011807,7.936613087080563e-05,"[0.091412, 0.091222, 0.091405, 0.09133, 0.091328, 0.09118, 0.091313, 0.091232, 0.091305]",0.013284611000017321,0.013275772777761732,0.013216935999935231,0.013327354000011837,3.246153674815362e-05,"[0.013282, 0.013217, 0.013263, 0.013285, 0.013285, 0.013293, 0.013292, 0.013327, 0.013238]",6.873625731313302,6.8416031419197925,6.916276813367791,43,optimal,nan,3.385162353515625,2.3434667587280273,189.11096318432317,189.11096318237227,1.0316136749358409e-11,1.765160573263813e-05,1.2017238823391415e-05,1.0,0.984375,0.3230769230769231,0.48648648648648657,9,2,1e-07,1e-05,1000,2.0,180.0,40.0,70.05140969316749,8.0,1.0,14.0,1.4705882352941178,1.434558635089082,1.0
primary,x86_64,none,0.3.0,2.4.4,32,1,imbalanced,200,400,0.35,0,0.9902010050251256,5,"[180, 8, 8, 2, 2]",powerlaw,3,0,2,153,130,"[12, 6, 5, 4, 4, 3, 3, 3, 2, 2, 2, 2, 2, 2, 2, 2, 2, 2, 2, 2, 2, 2, 2, 1, 1, 1, 1, 1, 1, 1, 1, 1, 1, 1, 1, 1, 1, 1, 1, 1, 1, 1, 1, 1, 1, 1, 1, 1, 1, 1, 1, 1, 1, 1, 1, 1, 1, 1, 1, 1, 1, 1, 1, 1, 1, 1, 1, 1, 1, 1, 1, 1, 1, 1, 1, 1, 1, 1, 1, 1, 1, 1, 1, 1, 1, 1, 1, 1, 1, 1, 1, 1, 1, 1, 1, 1, 1, 1, 1, 1, 1, 1, 1, 1, 1, 1, 1, 1, 1, 1, 1, 1, 1, 1, 1, 1, 1, 1, 1, 1, 1, 1, 1, 1, 1, 1, 1, 1, 1, 1, 1, 1, 1, 1, 1, 1, 1, 1, 1, 1, 1, 1, 1, 1, 1, 1, 1, 1, 1, 1, 1, 1, 1]",0.0916827060000287,0.09164669044442537,0.0914155650000339,0.09177887600003487,0.0001107609417810981,"[0.09159, 0.091704, 0.091668, 0.091779, 0.091684, 0.091416, 0.091742, 0.091554, 0.091683]",0.010511098000051788,0.01051716666665925,0.01046598100015217,0.010565713999994841,3.270162828949036e-05,"[0.010535, 0.010546, 0.010494, 0.010505, 0.010546, 0.010566, 0.010466, 0.010511, 0.010486]",8.722467053354176,8.65209535295755,8.769256890367034,43,optimal,nan,3.385162353515625,2.343585968017578,189.70054310375264,189.70054310363605,6.145783779846804e-13,1.1650786722938733e-05,7.931872382571219e-06,1.0,1.0,0.24102564102564103,0.3884297520661157,9,2,1e-07,1e-05,1000,2.0,180.0,40.0,70.05140969316749,8.0,1.0,12.0,1.3071895424836601,1.1218626303871913,1.0
primary,x86_64,none,0.3.0,2.4.4,32,1,imbalanced,200,400,0.4,0,0.9902010050251256,5,"[180, 8, 8, 2, 2]",powerlaw,3,0,2,170,157,"[12, 4, 4, 4, 3, 2, 2, 2, 2, 2, 2, 2, 2, 1, 1, 1, 1, 1, 1, 1, 1, 1, 1, 1, 1, 1, 1, 1, 1, 1, 1, 1, 1, 1, 1, 1, 1, 1, 1, 1, 1, 1, 1, 1, 1, 1, 1, 1, 1, 1, 1, 1, 1, 1, 1, 1, 1, 1, 1, 1, 1, 1, 1, 1, 1, 1, 1, 1, 1, 1, 1, 1, 1, 1, 1, 1, 1, 1, 1, 1, 1, 1, 1, 1, 1, 1, 1, 1, 1, 1, 1, 1, 1, 1, 1, 1, 1, 1, 1, 1, 1, 1, 1, 1, 1, 1, 1, 1, 1, 1, 1, 1, 1, 1, 1, 1, 1, 1, 1, 1, 1, 1, 1, 1, 1, 1, 1, 1, 1, 1, 1, 1, 1, 1, 1, 1, 1, 1, 1, 1, 1, 1, 1, 1, 1, 1, 1, 1, 1, 1, 1, 1, 1, 1, 1, 1, 1, 1, 1, 1, 1, 1, 1, 1, 1, 1, 1, 1, 1, 1]",0.09149868899999092,0.09156873622221913,0.09138233500016213,0.09187030400016738,0.00015733898731401432,"[0.09187, 0.091588, 0.091632, 0.091744, 0.091499, 0.091382, 0.091475, 0.091436, 0.091493]",0.008112769000035769,0.008106568555553572,0.00805696599991279,0.00814007600001787,2.538673092780695e-05,"[0.008118, 0.008113, 0.008057, 0.008112, 0.008102, 0.00814, 0.008119, 0.008123, 0.008076]",11.27835502275333,11.22622626618738,11.402592986139174,43,optimal,nan,3.385162353515625,2.3422746658325195,190.12756290343603,190.12756290409496,3.4657200743121617e-12,1.4172632449072076e-05,9.648748414843813e-06,1.0,1.0,0.15384615384615385,0.2666666666666667,9,2,1e-07,1e-05,1000,2.0,180.0,40.0,70.05140969316749,8.0,1.0,12.0,1.1764705882352942,0.9539573376604032,1.0
primary,x86_64,none,0.3.0,2.4.4,32,1,imbalanced,200,1000,0.05,0,0.9902010050251256,5,"[180, 8, 8, 2, 2]",powerlaw,3,0,2,1,0,[200],0.061121816999957446,0.06115400599994953,0.06109450899998592,0.06141270499983875,9.883393896214216e-05,"[0.061151, 0.061122, 0.061122, 0.061095, 0.061134, 0.061099, 0.061413, 0.061109, 0.061142]",0.06284932799985654,0.06285144266669501,0.06276266000008945,0.06292531999997664,4.887373359423107e-05,"[0.062849, 0.062834, 0.062898, 0.062856, 0.062763, 0.062885, 0.062925, 0.062805, 0.062847]",0.9725134531286788,0.9709050188383405,0.9784911123867475,28,optimal,nan,3.385162353515625,5.829800605773926,179.28192355529762,179.28192355529762,0.0,0.0,0.0,1.0,0.08693388859968766,0.8564102564102564,0.15784499054820417,9,2,1e-07,1e-05,1000,2.0,180.0,40.0,70.05140969316749,8.0,200.0,200.0,200.0,0.0,200.0
primary,x86_64,none,0.3.0,2.4.4,32,1,imbalanced,200,1000,0.1,0,0.9902010050251256,5,"[180, 8, 8, 2, 2]",powerlaw,3,0,2,18,7,"[152, 10, 6, 6, 4, 3, 3, 3, 2, 2, 2, 1, 1, 1, 1, 1, 1, 1]",0.08634467199999563,0.08635205844444095,0.08626631099991755,0.08653701299999739,8.334611504057574e-05,"[0.086269, 0.086298, 0.086266, 0.086345, 0.086328, 0.086357, 0.086411, 0.086358, 0.086537]",0.057614567999962674,0.05762920988889972,0.05754808000006051,0.057732106000003114,5.3733221193752105e-05,"[0.057617, 0.057732, 0.057612, 0.057638, 0.057548, 0.057692, 0.057599, 0.05761, 0.057615]",1.4986604082504196,1.494251933229543,1.5037341471671408,40,optimal,nan,3.385162353515625,3.7728023529052734,183.21407997481157,183.21407969199058,1.5436640653054158e-09,5.7186585383749156e-05,4.256736337551633e-05,1.0,0.7574257425742574,0.7846153846153846,0.7707808564231737,9,2,1e-07,1e-05,1000,2.0,180.0,40.0,70.05140969316749,8.0,1.0,152.0,11.11111111111111,34.250529418274674,2.0
primary,x86_64,none,0.3.0,2.4.4,32,1,imbalanced,200,1000,0.15,0,0.9902010050251256,5,"[180, 8, 8, 2, 2]",powerlaw,3,0,2,56,17,"[35, 10, 10, 6, 6, 6, 6, 6, 5, 5, 5, 5, 5, 4, 4, 4, 4, 4, 4, 3, 3, 3, 3, 3, 3, 3, 3, 3, 2, 2, 2, 2, 2, 2, 2, 2, 2, 2, 2, 1, 1, 1, 1, 1, 1, 1, 1, 1, 1, 1, 1, 1, 1, 1, 1, 1]",0.08588400899998305,0.08590802411110114,0.08577596999998605,0.08615353099980894,0.0001047058954566306,"[0.085884, 0.085776, 0.085879, 0.085835, 0.085943, 0.085909, 0.085926, 0.085866, 0.086154]",0.0209201000000121,0.02091891255546822,0.02086429699988912,0.020986588000141637,4.345398211874139e-05,"[0.020934, 0.02092, 0.020987, 0.020864, 0.020893, 0.020982, 0.02089, 0.020876, 0.020924]",4.105334534726573,4.087180345819299,4.129232391595402,40,optimal,nan,3.385162353515625,2.352510452270508,185.7368059867258,185.73680585527185,7.077431860150112e-10,0.00011910319978612749,8.865556759361231e-05,1.0,0.9655172413793104,0.717948717948718,0.8235294117647058,9,2,1e-07,1e-05,1000,2.0,180.0,40.0,70.05140969316749,8.0,1.0,35.0,3.5714285714285716,4.731570046194055,2.5
primary,x86_64,none,0.3.0,2.4.4,32,1,imbalanced,200,1000,0.2,0,0.9902010050251256,5,"[180, 8, 8, 2, 2]",powerlaw,3,0,2,83,41,"[24, 10, 6, 6, 5, 5, 4, 4, 4, 4, 4, 4, 4, 4, 4, 4, 4, 3, 3, 3, 3, 3, 3, 3, 3, 3, 2, 2, 2, 2, 2, 2, 2, 2, 2, 2, 2, 2, 2, 2, 2, 2, 1, 1, 1, 1, 1, 1, 1, 1, 1, 1, 1, 1, 1, 1, 1, 1, 1, 1, 1, 1, 1, 1, 1, 1, 1, 1, 1, 1, 1, 1, 1, 1, 1, 1, 1, 1, 1, 1, 1, 1, 1]",0.08719835499982764,0.08720733066661523,0.08707963299980293,0.0873337119999178,8.68669898508506e-05,"[0.087198, 0.087253, 0.087166, 0.0873, 0.087103, 0.087334, 0.087167, 0.087264, 0.08708]",0.018328243000041766,0.018322701777808308,0.018247507000069163,0.018385231999900498,4.3551032924180286e-05,"[0.018328, 0.018332, 0.018347, 0.018248, 0.018306, 0.018385, 0.018303, 0.018373, 0.018282]",4.757594876913676,4.736390217989863,4.7860626659623575,41,optimal,nan,3.385162353515625,2.3453445434570312,187.51461924856932,187.5146192449644,1.922476430621906e-11,2.2011976112346066e-05,1.638481779778664e-05,1.0,0.9915254237288136,0.6,0.7476038338658145,9,2,1e-07,1e-05,1000,2.0,180.0,40.0,70.05140969316749,8.0,1.0,24.0,2.4096385542168677,2.858241706449872,2.0
primary,x86_64,none,0.3.0,2.4.4,32,1,imbalanced,200,1000,0.25,0,0.9902010050251256,5,"[180, 8, 8, 2, 2]",powerlaw,3,0,2,113,75,"[17, 10, 6, 6, 6, 4, 4, 4, 3, 3, 3, 3, 3, 3, 3, 3, 2, 2, 2, 2, 2, 2, 2, 2, 2, 2, 2, 2, 2, 2, 2, 2, 2, 2, 2, 2, 2, 2, 1, 1, 1, 1, 1, 1, 1, 1, 1, 1, 1, 1, 1, 1, 1, 1, 1, 1, 1, 1, 1, 1, 1, 1, 1, 1, 1, 1, 1, 1, 1, 1, 1, 1, 1, 1, 1, 1, 1, 1, 1, 1, 1, 1, 1, 1, 1, 1, 1, 1, 1, 1, 1, 1, 1, 1, 1, 1, 1, 1, 1, 1, 1, 1, 1, 1, 1, 1, 1, 1, 1, 1, 1, 1, 1]",0.08270090600012736,0.08273586499997994,0.08255605800013655,0.08295023999994555,0.00015073291141737958,"[0.082656, 0.082932, 0.082586, 0.082701, 0.082786, 0.08295, 0.082601, 0.082854, 0.082556]",0.014910028000031161,0.014909368666647223,0.014853037999955632,0.014978891000055228,4.3267488017236584e-05,"[0.01491, 0.014959, 0.014877, 0.014931, 0.014853, 0.014882, 0.014866, 0.014928, 0.014979]",5.546663359716998,5.511493340850945,5.584732227857583,39,optimal,nan,3.385162353515625,2.3444595336914062,188.7229293546901,188.72292935322773,7.74883168845977e-12,2.1937186021503408e-05,1.6329147162491793e-05,1.0,1.0,0.4461538461538462,0.6170212765957447,9,2,1e-07,1e-05,1000,2.0,180.0,40.0,70.05140969316749,8.0,1.0,17.0,1.7699115044247788,1.941666329151704,1.0
primary,x86_64,none,0.3.0,2.4.4,32,1,imbalanced,200,1000,0.3,0,0.9902010050251256,5,"[180, 8, 8, 2, 2]",powerlaw,3,0,2,135,100,"[12, 6, 5, 5, 5, 4, 4, 3, 3, 3, 2, 2, 2, 2, 2, 2, 2, 2, 2, 2, 2, 2, 2, 2, 2, 2, 2, 2, 2, 2, 2, 2, 2, 2, 2, 1, 1, 1, 1, 1, 1, 1, 1, 1, 1, 1, 1, 1, 1, 1, 1, 1, 1, 1, 1, 1, 1, 1, 1, 1, 1, 1, 1, 1, 1, 1, 1, 1, 1, 1, 1, 1, 1, 1, 1, 1, 1, 1, 1, 1, 1, 1, 1, 1, 1, 1, 1, 1, 1, 1, 1, 1, 1, 1, 1, 1, 1, 1, 1, 1, 1, 1, 1, 1, 1, 1, 1, 1, 1, 1, 1, 1, 1, 1, 1, 1, 1, 1, 1, 1, 1, 1, 1, 1, 1, 1, 1, 1, 1, 1, 1, 1, 1, 1, 1]",0.080890294000028,0.08088171811113574,0.0808083679999072,0.08097815700011779,5.6484840960305824e-05,"[0.080811, 0.080935, 0.080833, 0.080886, 0.080808, 0.080893, 0.08089, 0.080978, 0.080901]",0.012897566999981791,0.012899942333357709,0.012850075999949695,0.01295930700007375,4.177915566607568e-05,"[0.012863, 0.012861, 0.012933, 0.012898, 0.012959, 0.01285, 0.012957, 0.012874, 0.012905]",6.271748307269286,6.235547008759599,6.301764830062857,38,optimal,nan,3.385162353515625,2.344174385070801,189.5450474103392,189.54504741514882,2.5374479579670123e-11,1.135121366713232e-05,8.449380833334535e-06,1.0,1.0,0.3333333333333333,0.5,9,2,1e-07,1e-05,1000,2.0,180.0,40.0,70.05140969316749,8.0,1.0,12.0,1.4814814814814814,1.2698897697969074,1.0
primary,x86_64,none,0.3.0,2.4.4,32,1,imbalanced,200,1000,0.35,0,0.9902010050251256,5,"[180, 8, 8, 2, 2]",powerlaw,3,0,2,157,140,"[12, 6, 5, 5, 4, 4, 3, 3, 2, 2, 2, 2, 2, 2, 2, 2, 2, 1, 1, 1, 1, 1, 1, 1, 1, 1, 1, 1, 1, 1, 1, 1, 1, 1, 1, 1, 1, 1, 1, 1, 1, 1, 1, 1, 1, 1, 1, 1, 1, 1, 1, 1, 1, 1, 1, 1, 1, 1, 1, 1, 1, 1, 1, 1, 1, 1, 1, 1, 1, 1, 1, 1, 1, 1, 1, 1, 1, 1, 1, 1, 1, 1, 1, 1, 1, 1, 1, 1, 1, 1, 1, 1, 1, 1, 1, 1, 1, 1, 1, 1, 1, 1, 1, 1, 1, 1, 1, 1, 1, 1, 1, 1, 1, 1, 1, 1, 1, 1, 1, 1, 1, 1, 1, 1, 1, 1, 1, 1, 1, 1, 1, 1, 1, 1, 1, 1, 1, 1, 1, 1, 1, 1, 1, 1, 1, 1, 1, 1, 1, 1, 1, 1, 1, 1, 1, 1, 1]",0.07894789099987065,0.07895198088885991,0.07880541600002289,0.07902625300016553,6.834964071953935e-05,"[0.078928, 0.079022, 0.078948, 0.078963, 0.078805, 0.078932, 0.079014, 0.078929, 0.079026]",0.00915047099988442,0.009148491888860613,0.009112476999916908,0.00920983600008185,2.948602093024146e-05,"[0.009139, 0.00921, 0.009112, 0.00915, 0.009112, 0.00914, 0.009168, 0.009153, 0.009152]",8.627740692349919,8.55665790349823,8.672313027608864,37,optimal,nan,3.385162353515625,2.3424930572509766,190.10754036531304,190.10754036730066,1.045521604128388e-11,8.659706481450868e-06,6.445932612951053e-06,1.0,1.0,0.2205128205128205,0.361344537815126,9,2,1e-07,1e-05,1000,2.0,180.0,40.0,70.05140969316749,8.0,1.0,12.0,1.2738853503184713,1.132110733528351,1.0
primary,x86_64,none,0.3.0,2.4.4,32,1,imbalanced,200,1000,0.4,0,0.9902010050251256,5,"[180, 8, 8, 2, 2]",powerlaw,3,0,2,170,160,"[12, 6, 4, 4, 3, 3, 2, 2, 2, 2, 1, 1, 1, 1, 1, 1, 1, 1, 1, 1, 1, 1, 1, 1, 1, 1, 1, 1, 1, 1, 1, 1, 1, 1, 1, 1, 1, 1, 1, 1, 1, 1, 1, 1, 1, 1, 1, 1, 1, 1, 1, 1, 1, 1, 1, 1, 1, 1, 1, 1, 1, 1, 1, 1, 1, 1, 1, 1, 1, 1, 1, 1, 1, 1, 1, 1, 1, 1, 1, 1, 1, 1, 1, 1, 1, 1, 1, 1, 1, 1, 1, 1, 1, 1, 1, 1, 1, 1, 1, 1, 1, 1, 1, 1, 1, 1, 1, 1, 1, 1, 1, 1, 1, 1, 1, 1, 1, 1, 1, 1, 1, 1, 1, 1, 1, 1, 1, 1, 1, 1, 1, 1, 1, 1, 1, 1, 1, 1, 1, 1, 1, 1, 1, 1, 1, 1, 1, 1, 1, 1, 1, 1, 1, 1, 1, 1, 1, 1, 1, 1, 1, 1, 1, 1, 1, 1, 1, 1, 1, 1]",0.07673478700007763,0.07677159033331311,0.07662436900000102,0.07700429800001984,0.00013715401205337933,"[0.076998, 0.077004, 0.076744, 0.076677, 0.076768, 0.076675, 0.076735, 0.076624, 0.076718]",0.007982174999824565,0.007992333111082594,0.007970302000103402,0.008053411999981108,2.624883192425703e-05,"[0.00797, 0.007998, 0.007975, 0.007977, 0.008008, 0.007973, 0.007982, 0.007994, 0.008053]",9.613267937844526,9.51452241611143,9.661402792393668,36,optimal,nan,3.385162353515625,2.341421127319336,190.51935195718045,190.51935196010473,1.5348998574391934e-11,1.554582856766462e-05,1.1571681377602474e-05,1.0,1.0,0.15384615384615385,0.2666666666666667,9,2,1e-07,1e-05,1000,2.0,180.0,40.0,70.05140969316749,8.0,1.0,12.0,1.1764705882352942,1.002073973883639,1.0
primary,x86_64,none,0.3.0,2.4.4,32,1,imbalanced,200,2000,0.05,0,0.9902010050251256,5,"[180, 8, 8, 2, 2]",powerlaw,3,0,2,1,0,[200],0.07589537600006224,0.07588838422225308,0.07573746600019149,0.07612096200000451,0.0001280881798740249,"[0.075895, 0.075853, 0.075994, 0.075737, 0.075939, 0.075765, 0.075946, 0.075745, 0.076121]",0.07761695699991833,0.0776065346666049,0.07742105399984212,0.07777130599993143,0.00011333940429710837,"[0.077659, 0.077573, 0.07761, 0.077707, 0.077448, 0.077653, 0.077617, 0.077421, 0.077771]",0.9778195246709054,0.9738484525418445,0.9832075135551596,35,optimal,nan,3.385162353515625,5.829843521118164,179.75457144354777,179.75457144354777,0.0,0.0,0.0,1.0,0.26570048309178745,0.8461538461538461,0.40441176470588236,9,2,1e-07,1e-05,1000,2.0,180.0,40.0,70.05140969316749,8.0,200.0,200.0,200.0,0.0,200.0
primary,x86_64,none,0.3.0,2.4.4,32,1,imbalanced,200,2000,0.1,0,0.9902010050251256,5,"[180, 8, 8, 2, 2]",powerlaw,3,0,2,41,8,"[61, 12, 10, 6, 6, 6, 6, 6, 6, 5, 5, 5, 4, 4, 4, 4, 4, 3, 3, 3, 3, 3, 3, 2, 2, 2, 2, 2, 2, 2, 2, 2, 2, 1, 1, 1, 1, 1, 1, 1, 1]",0.07797077700001864,0.07798462844450821,0.07787104400017597,0.07812274999992042,7.178948019525532e-05,"[0.077942, 0.077871, 0.07799, 0.077971, 0.078056, 0.077954, 0.078, 0.077954, 0.078123]",0.023793369000031817,0.023804714444370094,0.02374350299987782,0.023866980999855514,3.797532003508343e-05,"[0.02383, 0.023744, 0.023781, 0.023842, 0.023793, 0.023867, 0.023817, 0.023774, 0.023793]",3.2769960823922992,3.262710269080425,3.2902790291863178,36,optimal,nan,3.385162353515625,2.401721954345703,183.18766899673233,183.18766888911222,5.8748555918782e-10,7.977663279817859e-05,6.071819373740961e-05,0.99995,0.9212121212121213,0.7794871794871795,0.8444444444444444,9,2,1e-07,1e-05,1000,2.0,180.0,40.0,70.05140969316749,8.0,1.0,61.0,4.878048780487805,9.189588812031028,3.0
primary,x86_64,none,0.3.0,2.4.4,32,1,imbalanced,200,2000,0.15,0,0.9902010050251256,5,"[180, 8, 8, 2, 2]",powerlaw,3,0,2,61,19,"[24, 14, 6, 6, 6, 6, 6, 6, 5, 5, 5, 5, 5, 4, 4, 4, 4, 4, 4, 4, 3, 3, 3, 3, 3, 3, 3, 3, 3, 3, 2, 2, 2, 2, 2, 2, 2, 2, 2, 2, 2, 2, 1, 1, 1, 1, 1, 1, 1, 1, 1, 1, 1, 1, 1, 1, 1, 1, 1, 1, 1]",0.08155404099989028,0.08156578099993163,0.08148992699989321,0.08165021199988587,5.378589886203961e-05,"[0.08153, 0.081507, 0.081624, 0.081548, 0.081596, 0.08149, 0.081593, 0.081554, 0.08165]",0.01994535300013922,0.019997065888926753,0.019900236000012228,0.02019112299990411,0.00010897105738080701,"[0.020034, 0.019945, 0.019918, 0.019935, 0.0199, 0.019936, 0.01995, 0.020164, 0.020191]",4.088874285620366,4.035928412712865,4.102977070213424,38,optimal,nan,3.385162353515625,2.341686248779297,185.7041046321154,185.70410452685488,5.668184428489654e-10,0.0001398438689194509,0.00010643551305846379,1.0,0.9928571428571429,0.7128205128205128,0.8298507462686566,9,2,1e-07,1e-05,1000,2.0,180.0,40.0,70.05140969316749,8.0,1.0,24.0,3.278688524590164,3.450498408004097,2.0
primary,x86_64,none,0.3.0,2.4.4,32,1,imbalanced,200,2000,0.2,0,0.9902010050251256,5,"[180, 8, 8, 2, 2]",powerlaw,3,0,2,83,37,"[18, 10, 6, 6, 6, 5, 5, 4, 4, 4, 4, 4, 4, 4, 4, 4, 3, 3, 3, 3, 3, 3, 3, 3, 3, 3, 3, 2, 2, 2, 2, 2, 2, 2, 2, 2, 2, 2, 2, 2, 2, 2, 2, 2, 2, 2, 1, 1, 1, 1, 1, 1, 1, 1, 1, 1, 1, 1, 1, 1, 1, 1, 1, 1, 1, 1, 1, 1, 1, 1, 1, 1, 1, 1, 1, 1, 1, 1, 1, 1, 1, 1, 1]",0.08555522899996504,0.08555984933329658,0.08544481599983555,0.08573569700001826,8.239635105301279e-05,"[0.085577, 0.085736, 0.085555, 0.085605, 0.085534, 0.085553, 0.085559, 0.085476, 0.085445]",0.018420869999999923,0.018385778666596606,0.018258209999885366,0.01849448199982362,8.620805452299046e-05,"[0.018494, 0.018275, 0.018258, 0.018445, 0.018364, 0.018421, 0.018314, 0.018464, 0.018437]",4.644472763770951,4.620016716372507,4.6957339739523505,40,optimal,nan,3.385162353515625,2.342137336730957,187.49210424296507,187.4921042369624,3.201556170025519e-11,2.721533653297914e-05,2.0713659467508365e-05,1.0,1.0,0.6,0.7499999999999999,9,2,1e-07,1e-05,1000,2.0,180.0,40.0,70.05140969316749,8.0,1.0,18.0,2.4096385542168677,2.344108968736043,2.0
primary,x86_64,none,0.3.0,2.4.4,32,1,imbalanced,200,2000,0.25,0,0.9902010050251256,5,"[180, 8, 8, 2, 2]",powerlaw,3,0,2,118,80,"[16, 8, 6, 6, 6, 4, 4, 3, 3, 3, 3, 3, 3, 3, 3, 2, 2, 2, 2, 2, 2, 2, 2, 2, 2, 2, 2, 2, 2, 2, 2, 2, 2, 2, 2, 2, 2, 2, 1, 1, 1, 1, 1, 1, 1, 1, 1, 1, 1, 1, 1, 1, 1, 1, 1, 1, 1, 1, 1, 1, 1, 1, 1, 1, 1, 1, 1, 1, 1, 1, 1, 1, 1, 1, 1, 1, 1, 1, 1, 1, 1, 1, 1, 1, 1, 1, 1, 1, 1, 1, 1, 1, 1, 1, 1, 1, 1, 1, 1, 1, 1, 1, 1, 1, 1, 1, 1, 1, 1, 1, 1, 1, 1, 1, 1, 1, 1, 1]",0.08096041600015269,0.08094379188891151,0.08087018299988813,0.08100196600003073,4.9614099806852707e-05,"[0.081002, 0.08089, 0.080981, 0.080935, 0.080989, 0.08087, 0.080978, 0.080888, 0.08096]",0.014780627999925855,0.014781023666652496,0.014767568000024767,0.01480081199997585,1.024777359831455e-05,"[0.014785, 0.014778, 0.01477, 0.014774, 0.014787, 0.014781, 0.014801, 0.014787, 0.014768]",5.477467939830352,5.463901777822736,5.485125648305455,38,optimal,nan,3.385162353515625,2.3442344665527344,188.70362468271588,188.70362468195816,4.015411864444031e-12,1.0214093464022689e-05,7.773971639617936e-06,1.0,1.0,0.4205128205128205,0.592057761732852,9,2,1e-07,1e-05,1000,2.0,180.0,40.0,70.05140969316749,8.0,1.0,16.0,1.694915254237288,1.7587961723488612,1.0
primary,x86_64,none,0.3.0,2.4.4,32,1,imbalanced,200,2000,0.3,0,0.9902010050251256,5,"[180, 8, 8, 2, 2]",powerlaw,3,0,2,137,105,"[12, 6, 6, 5, 5, 4, 3, 3, 3, 3, 3, 2, 2, 2, 2, 2, 2, 2, 2, 2, 2, 2, 2, 2, 2, 2, 2, 2, 2, 2, 2, 2, 1, 1, 1, 1, 1, 1, 1, 1, 1, 1, 1, 1, 1, 1, 1, 1, 1, 1, 1, 1, 1, 1, 1, 1, 1, 1, 1, 1, 1, 1, 1, 1, 1, 1, 1, 1, 1, 1, 1, 1, 1, 1, 1, 1, 1, 1, 1, 1, 1, 1, 1, 1, 1, 1, 1, 1, 1, 1, 1, 1, 1, 1, 1, 1, 1, 1, 1, 1, 1, 1, 1, 1, 1, 1, 1, 1, 1, 1, 1, 1, 1, 1, 1, 1, 1, 1, 1, 1, 1, 1, 1, 1, 1, 1, 1, 1, 1, 1, 1, 1, 1, 1, 1, 1, 1]",0.08049619000007624,0.08048537333338067,0.08035134000010657,0.08067665899989152,9.343777677005169e-05,"[0.080506, 0.080351, 0.080496, 0.080453, 0.080507, 0.080484, 0.080677, 0.080375, 0.080519]",0.012414351999950668,0.012413428333275078,0.012364484999807246,0.012442846999874746,2.3729392835437352e-05,"[0.012398, 0.01241, 0.012364, 0.012414, 0.012407, 0.012435, 0.012443, 0.012414, 0.012436]",6.484123375943917,6.457633048201543,6.524870142278406,38,optimal,nan,3.385162353515625,2.343489646911621,189.53386637300574,189.53386637406032,5.5641113042019375e-12,1.2859403375364842e-05,9.787323514983875e-06,1.0,1.0,0.3230769230769231,0.48837209302325585,9,2,1e-07,1e-05,1000,2.0,180.0,40.0,70.05140969316749,8.0,1.0,12.0,1.4598540145985401,1.2787687882196526,1.0
primary,x86_64,none,0.3.0,2.4.4,32,1,imbalanced,200,2000,0.35,0,0.9902010050251256,5,"[180, 8, 8, 2, 2]",powerlaw,3,0,2,155,137,"[12, 6, 5, 5, 4, 4, 3, 3, 3, 2, 2, 2, 2, 2, 2, 2, 2, 2, 1, 1, 1, 1, 1, 1, 1, 1, 1, 1, 1, 1, 1, 1, 1, 1, 1, 1, 1, 1, 1, 1, 1, 1, 1, 1, 1, 1, 1, 1, 1, 1, 1, 1, 1, 1, 1, 1, 1, 1, 1, 1, 1, 1, 1, 1, 1, 1, 1, 1, 1, 1, 1, 1, 1, 1, 1, 1, 1, 1, 1, 1, 1, 1, 1, 1, 1, 1, 1, 1, 1, 1, 1, 1, 1, 1, 1, 1, 1, 1, 1, 1, 1, 1, 1, 1, 1, 1, 1, 1, 1, 1, 1, 1, 1, 1, 1, 1, 1, 1, 1, 1, 1, 1, 1, 1, 1, 1, 1, 1, 1, 1, 1, 1, 1, 1, 1, 1, 1, 1, 1, 1, 1, 1, 1, 1, 1, 1, 1, 1, 1, 1, 1, 1, 1, 1, 1]",0.07904295200000888,0.07901590866665881,0.07881143000008706,0.0791343749999669,0.00010909686850512417,"[0.079105, 0.079134, 0.079028, 0.078811, 0.078918, 0.078921, 0.079043, 0.079075, 0.079108]",0.009551784999985102,0.009556929888882829,0.00953397600005701,0.009585028999936185,1.8791420469777736e-05,"[0.009577, 0.009545, 0.009534, 0.009585, 0.009552, 0.009572, 0.009541, 0.009568, 0.009539]",8.27520217426713,8.22234653652188,8.300249025117505,37,optimal,nan,3.385162353515625,2.3420839309692383,190.11227359484695,190.11227359551856,3.53267561920658e-12,7.070976919321126e-06,5.3817379295094195e-06,1.0,1.0,0.23076923076923078,0.375,9,2,1e-07,1e-05,1000,2.0,180.0,40.0,70.05140969316749,8.0,1.0,12.0,1.2903225806451613,1.147045247218929,1.0
primary,x86_64,none,0.3.0,2.4.4,32,1,imbalanced,200,2000,0.4,0,0.9902010050251256,5,"[180, 8, 8, 2, 2]",powerlaw,3,0,2,169,161,"[12, 6, 5, 5, 4, 3, 2, 2, 1, 1, 1, 1, 1, 1, 1, 1, 1, 1, 1, 1, 1, 1, 1, 1, 1, 1, 1, 1, 1, 1, 1, 1, 1, 1, 1, 1, 1, 1, 1, 1, 1, 1, 1, 1, 1, 1, 1, 1, 1, 1, 1, 1, 1, 1, 1, 1, 1, 1, 1, 1, 1, 1, 1, 1, 1, 1, 1, 1, 1, 1, 1, 1, 1, 1, 1, 1, 1, 1, 1, 1, 1, 1, 1, 1, 1, 1, 1, 1, 1, 1, 1, 1, 1, 1, 1, 1, 1, 1, 1, 1, 1, 1, 1, 1, 1, 1, 1, 1, 1, 1, 1, 1, 1, 1, 1, 1, 1, 1, 1, 1, 1, 1, 1, 1, 1, 1, 1, 1, 1, 1, 1, 1, 1, 1, 1, 1, 1, 1, 1, 1, 1, 1, 1, 1, 1, 1, 1, 1, 1, 1, 1, 1, 1, 1, 1, 1, 1, 1, 1, 1, 1, 1, 1, 1, 1, 1, 1, 1, 1]",0.07664344099998743,0.07667707688892733,0.07659238099995491,0.07685121200006506,8.43814332426719e-05,"[0.076592, 0.076611, 0.076755, 0.076679, 0.076851, 0.076616, 0.076627, 0.076643, 0.076718]",0.0074657100001331855,0.00746676488885593,0.007451462000062747,0.007490642999982811,1.145678724923453e-05,"[0.007475, 0.007451, 0.007469, 0.007465, 0.007491, 0.00746, 0.007466, 0.007456, 0.007468]",10.266061901496327,10.225074269342521,10.313574973531088,36,optimal,nan,3.385162353515625,2.3406524658203125,190.53550424277657,190.53550424345318,3.55108207989456e-12,1.1954912304323884e-05,9.098913212258085e-06,1.0,1.0,0.15897435897435896,0.27433628318584075,9,2,1e-07,1e-05,1000,2.0,180.0,40.0,70.05140969316749,8.0,1.0,12.0,1.183431952662722,1.052788940415821,1.0
primary,x86_64,none,0.3.0,2.4.4,32,1,imbalanced,400,800,0.05,0,0.9950501253132832,5,"[360, 16, 16, 4, 4]",powerlaw,5,0,0,1,0,[400],0.22052935200008505,0.220625914222233,0.22017433600012737,0.22132007499999418,0.00039261034877343136,"[0.220174, 0.220294, 0.22132, 0.220743, 0.22044, 0.221004, 0.220902, 0.220529, 0.220225]",0.22711648800009243,0.2272113492222666,0.22677100700002484,0.22762348500009466,0.00032112750916735573,"[0.227606, 0.227116, 0.227052, 0.226828, 0.227244, 0.227113, 0.227549, 0.226771, 0.227623]",0.9709966631748695,0.9672742511610162,0.975962835495853,20,optimal,nan,13.45904541015625,23.229415893554688,290.73861823879884,290.73861823879884,0.0,0.0,0.0,1.0,0.05208505027196308,0.8,0.09780253791395853,9,2,1e-07,1e-05,1000,4.0,360.0,80.0,140.10281938633497,16.0,400.0,400.0,400.0,0.0,400.0
primary,x86_64,none,0.3.0,2.4.4,32,1,imbalanced,400,800,0.1,0,0.9950501253132832,5,"[360, 16, 16, 4, 4]",powerlaw,5,0,0,42,24,"[330, 6, 6, 4, 3, 3, 2, 2, 2, 2, 2, 2, 2, 2, 2, 2, 2, 2, 1, 1, 1, 1, 1, 1, 1, 1, 1, 1, 1, 1, 1, 1, 1, 1, 1, 1, 1, 1, 1, 1, 1, 1]",0.31345313799988617,0.3134512705555355,0.31265052599997034,0.31424862599988046,0.0005077220829641303,"[0.312863, 0.31361, 0.313287, 0.313572, 0.313328, 0.314049, 0.313453, 0.312651, 0.314249]",0.22285538400001315,0.2228951024444541,0.2223448439999629,0.2233872900001188,0.00037109113170328916,"[0.222345, 0.223387, 0.222855, 0.222483, 0.223386, 0.222658, 0.223181, 0.222934, 0.222827]",1.4065315918051486,1.3995895916898586,1.4133389393996152,29,optimal,nan,13.45904541015625,16.995254516601562,298.85772871898496,298.85772471507516,1.3397377444777141e-08,0.00031561452183534455,0.00019560309456209256,0.9999875,0.6043010752688172,0.7113924050632912,0.6534883720930232,9,2,1e-07,1e-05,1000,4.0,360.0,80.0,140.10281938633497,16.0,1.0,330.0,9.523809523809524,50.063882093275915,1.0
primary,x86_64,none,0.3.0,2.4.4,32,1,imbalanced,400,800,0.15,0,0.9950501253132832,5,"[360, 16, 16, 4, 4]",powerlaw,5,0,0,167,94,"[80, 13, 7, 7, 7, 7, 7, 6, 6, 5, 5, 5, 4, 4, 4, 4, 4, 4, 4, 4, 3, 3, 3, 3, 3, 3, 3, 3, 3, 3, 3, 3, 3, 2, 2, 2, 2, 2, 2, 2, 2, 2, 2, 2, 2, 2, 2, 2, 2, 2, 2, 2, 2, 2, 2, 2, 2, 2, 2, 2, 2, 2, 2, 2, 2, 2, 2, 2, 2, 2, 2, 2, 2, 1, 1, 1, 1, 1, 1, 1, 1, 1, 1, 1, 1, 1, 1, 1, 1, 1, 1, 1, 1, 1, 1, 1, 1, 1, 1, 1, 1, 1, 1, 1, 1, 1, 1, 1, 1, 1, 1, 1, 1, 1, 1, 1, 1, 1, 1, 1, 1, 1, 1, 1, 1, 1, 1, 1, 1, 1, 1, 1, 1, 1, 1, 1, 1, 1, 1, 1, 1, 1, 1, 1, 1, 1, 1, 1, 1, 1, 1, 1, 1, 1, 1, 1, 1, 1, 1, 1, 1, 1, 1, 1, 1, 1, 1]",0.32179162800002814,0.3217611676667123,0.32109111399995527,0.322718924000128,0.0004988062538491731,"[0.321091, 0.321441, 0.321792, 0.321359, 0.32182, 0.322719, 0.321472, 0.321888, 0.322268]",0.04480499300007068,0.04479496744443168,0.04466607999984262,0.0449011639998389,7.493859000732427e-05,"[0.044758, 0.044901, 0.044896, 0.044805, 0.044743, 0.044819, 0.044754, 0.044812, 0.044666]",7.182048393569005,7.1510643688681945,7.2251454347743325,30,optimal,nan,13.45904541015625,8.946114540100098,302.6991152035445,302.6990978825046,5.722197080839462e-08,0.0008288979265104052,0.0005138309565454898,0.9999875,0.9409282700421941,0.5645569620253165,0.7056962025316454,9,2,1e-07,1e-05,1000,4.0,360.0,80.0,140.10281938633497,16.0,1.0,80.0,2.395209580838323,6.239681862602855,1.0
primary,x86_64,none,0.3.0,2.4.4,32,1,imbalanced,400,800,0.2,0,0.9950501253132832,5,"[360, 16, 16, 4, 4]",powerlaw,5,0,0,245,184,"[43, 8, 7, 7, 6, 6, 6, 5, 5, 4, 4, 4, 4, 3, 3, 3, 3, 3, 3, 3, 3, 3, 3, 3, 2, 2, 2, 2, 2, 2, 2, 2, 2, 2, 2, 2, 2, 2, 2, 2, 2, 2, 2, 2, 2, 2, 2, 2, 2, 2, 2, 2, 2, 2, 2, 2, 2, 2, 2, 2, 2, 1, 1, 1, 1, 1, 1, 1, 1, 1, 1, 1, 1, 1, 1, 1, 1, 1, 1, 1, 1, 1, 1, 1, 1, 1, 1, 1, 1, 1, 1, 1, 1, 1, 1, 1, 1, 1, 1, 1, 1, 1, 1, 1, 1, 1, 1, 1, 1, 1, 1, 1, 1, 1, 1, 1, 1, 1, 1, 1, 1, 1, 1, 1, 1, 1, 1, 1, 1, 1, 1, 1, 1, 1, 1, 1, 1, 1, 1, 1, 1, 1, 1, 1, 1, 1, 1, 1, 1, 1, 1, 1, 1, 1, 1, 1, 1, 1, 1, 1, 1, 1, 1, 1, 1, 1, 1, 1, 1, 1, 1, 1, 1, 1, 1, 1, 1, 1, 1, 1, 1, 1, 1, 1, 1, 1, 1, 1, 1, 1, 1, 1, 1, 1, 1, 1, 1, 1, 1, 1]",0.33034504500005824,0.33051086755560594,0.32963977000008526,0.33152285400001347,0.0006136375759660189,"[0.33113, 0.32964, 0.330973, 0.3301, 0.330345, 0.330095, 0.331523, 0.330052, 0.33074]",0.029872380999904635,0.029863146333380226,0.029782147000105397,0.029953116000115187,5.518615981659493e-05,"[0.029788, 0.029953, 0.029833, 0.029883, 0.029863, 0.029912, 0.029872, 0.029882, 0.029782]",11.05854417835367,11.00519124617344,11.131596858978643,31,optimal,nan,13.45904541015625,8.85766887664795,305.01892335998417,305.0189111575226,4.000558859648739e-08,0.0009784140939288477,0.000606513053034575,1.0,0.9935483870967742,0.389873417721519,0.56,9,2,1e-07,1e-05,1000,4.0,360.0,80.0,140.10281938633497,16.0,1.0,43.0,1.6326530612244898,2.8649456136948577,1.0
primary,x86_64,none,0.3.0,2.4.4,32,1,imbalanced,400,800,0.25,0,0.9950501253132832,5,"[360, 16, 16, 4, 4]",powerlaw,5,0,0,305,267,"[33, 10, 7, 6, 5, 5, 4, 3, 2, 2, 2, 2, 2, 2, 2, 2, 2, 2, 2, 2, 2, 2, 2, 2, 2, 2, 2, 2, 2, 2, 2, 2, 2, 2, 2, 2, 2, 2, 1, 1, 1, 1, 1, 1, 1, 1, 1, 1, 1, 1, 1, 1, 1, 1, 1, 1, 1, 1, 1, 1, 1, 1, 1, 1, 1, 1, 1, 1, 1, 1, 1, 1, 1, 1, 1, 1, 1, 1, 1, 1, 1, 1, 1, 1, 1, 1, 1, 1, 1, 1, 1, 1, 1, 1, 1, 1, 1, 1, 1, 1, 1, 1, 1, 1, 1, 1, 1, 1, 1, 1, 1, 1, 1, 1, 1, 1, 1, 1, 1, 1, 1, 1, 1, 1, 1, 1, 1, 1, 1, 1, 1, 1, 1, 1, 1, 1, 1, 1, 1, 1, 1, 1, 1, 1, 1, 1, 1, 1, 1, 1, 1, 1, 1, 1, 1, 1, 1, 1, 1, 1, 1, 1, 1, 1, 1, 1, 1, 1, 1, 1, 1, 1, 1, 1, 1, 1, 1, 1, 1, 1, 1, 1, 1, 1, 1, 1, 1, 1, 1, 1, 1, 1, 1, 1, 1, 1, 1, 1, 1, 1]",0.3223332689999552,0.32227549277776135,0.32123856200018963,0.32291033000001335,0.0005032820173212559,"[0.322456, 0.321239, 0.322333, 0.32223, 0.322739, 0.322558, 0.321818, 0.322197, 0.32291]",0.020824000999937198,0.02083996344446051,0.020731392000016058,0.0210329650001313,0.00011531159247897469,"[0.020975, 0.021033, 0.020936, 0.020838, 0.020731, 0.020755, 0.020824, 0.020733, 0.020735]",15.478930730022885,15.273099251493278,15.575911641618818,30,optimal,nan,13.45904541015625,8.845412254333496,306.44861495818697,306.4485986234614,5.330331011671422e-08,0.0011780399093364313,0.0007302629047655594,1.0,1.0,0.24050632911392406,0.38775510204081637,9,2,1e-07,1e-05,1000,4.0,360.0,80.0,140.10281938633497,16.0,1.0,33.0,1.3114754098360655,1.992946443857398,1.0
primary,x86_64,none,0.3.0,2.4.4,32,1,imbalanced,400,800,0.3,0,0.9950501253132832,5,"[360, 16, 16, 4, 4]",powerlaw,5,0,0,333,316,"[33, 7, 7, 5, 5, 4, 3, 2, 2, 2, 2, 2, 2, 2, 2, 2, 2, 1, 1, 1, 1, 1, 1, 1, 1, 1, 1, 1, 1, 1, 1, 1, 1, 1, 1, 1, 1, 1, 1, 1, 1, 1, 1, 1, 1, 1, 1, 1, 1, 1, 1, 1, 1, 1, 1, 1, 1, 1, 1, 1, 1, 1, 1, 1, 1, 1, 1, 1, 1, 1, 1, 1, 1, 1, 1, 1, 1, 1, 1, 1, 1, 1, 1, 1, 1, 1, 1, 1, 1, 1, 1, 1, 1, 1, 1, 1, 1, 1, 1, 1, 1, 1, 1, 1, 1, 1, 1, 1, 1, 1, 1, 1, 1, 1, 1, 1, 1, 1, 1, 1, 1, 1, 1, 1, 1, 1, 1, 1, 1, 1, 1, 1, 1, 1, 1, 1, 1, 1, 1, 1, 1, 1, 1, 1, 1, 1, 1, 1, 1, 1, 1, 1, 1, 1, 1, 1, 1, 1, 1, 1, 1, 1, 1, 1, 1, 1, 1, 1, 1, 1, 1, 1, 1, 1, 1, 1, 1, 1, 1, 1, 1, 1, 1, 1, 1, 1, 1, 1, 1, 1, 1, 1, 1, 1, 1, 1, 1, 1, 1, 1]",0.32203535500002545,0.3220403768889355,0.3213680829999248,0.32283561300005204,0.00042584682129946286,"[0.322053, 0.321368, 0.322473, 0.322035, 0.321918, 0.322836, 0.322136, 0.321843, 0.321701]",0.01654973700010487,0.016557652222268696,0.016454753000061828,0.016740890999926705,8.100826313244749e-05,"[0.016587, 0.016741, 0.016579, 0.01655, 0.016455, 0.016532, 0.01648, 0.016552, 0.016544]",19.458638829002833,19.19659371782134,19.619596416843144,30,optimal,nan,13.45904541015625,8.842516899108887,307.4409680899237,307.44095191956825,5.2596618866824635e-08,0.0011721724852358784,0.0007266257227834244,1.0,1.0,0.16962025316455695,0.29004329004329,9,2,1e-07,1e-05,1000,4.0,360.0,80.0,140.10281938633497,16.0,1.0,33.0,1.2012012012012012,1.848235518837264,1.0
primary,x86_64,none,0.3.0,2.4.4,32,1,imbalanced,400,800,0.35,0,0.9950501253132832,5,"[360, 16, 16, 4, 4]",powerlaw,5,0,0,343,331,"[33, 7, 5, 5, 4, 3, 2, 2, 2, 2, 2, 2, 1, 1, 1, 1, 1, 1, 1, 1, 1, 1, 1, 1, 1, 1, 1, 1, 1, 1, 1, 1, 1, 1, 1, 1, 1, 1, 1, 1, 1, 1, 1, 1, 1, 1, 1, 1, 1, 1, 1, 1, 1, 1, 1, 1, 1, 1, 1, 1, 1, 1, 1, 1, 1, 1, 1, 1, 1, 1, 1, 1, 1, 1, 1, 1, 1, 1, 1, 1, 1, 1, 1, 1, 1, 1, 1, 1, 1, 1, 1, 1, 1, 1, 1, 1, 1, 1, 1, 1, 1, 1, 1, 1, 1, 1, 1, 1, 1, 1, 1, 1, 1, 1, 1, 1, 1, 1, 1, 1, 1, 1, 1, 1, 1, 1, 1, 1, 1, 1, 1, 1, 1, 1, 1, 1, 1, 1, 1, 1, 1, 1, 1, 1, 1, 1, 1, 1, 1, 1, 1, 1, 1, 1, 1, 1, 1, 1, 1, 1, 1, 1, 1, 1, 1, 1, 1, 1, 1, 1, 1, 1, 1, 1, 1, 1, 1, 1, 1, 1, 1, 1, 1, 1, 1, 1, 1, 1, 1, 1, 1, 1, 1, 1, 1, 1, 1, 1, 1, 1]",0.31054239400009465,0.3107052092222047,0.3102634140000191,0.31141035700011344,0.00040404898426901775,"[0.310542, 0.310419, 0.310964, 0.310395, 0.311157, 0.310263, 0.310837, 0.310358, 0.31141]",0.015462177000017618,0.015457955555575609,0.015394500999946104,0.015498983000043154,3.201934332939202e-05,"[0.015395, 0.015494, 0.015462, 0.01545, 0.015499, 0.015466, 0.015476, 0.015436, 0.015443]",20.084002013412523,20.018307910858102,20.22867496654836,29,optimal,nan,13.45904541015625,8.84180736541748,308.22670685379023,308.22670203170156,1.5644616648957445e-08,0.0006282827745224262,0.0003894790812194466,1.0,1.0,0.14430379746835442,0.252212389380531,9,2,1e-07,1e-05,1000,4.0,360.0,80.0,140.10281938633497,16.0,1.0,33.0,1.1661807580174928,1.7920521786650956,1.0
primary,x86_64,none,0.3.0,2.4.4,32,1,imbalanced,400,800,0.4,0,0.9950501253132832,5,"[360, 16, 16, 4, 4]",powerlaw,5,0,0,349,338,"[33, 7, 4, 4, 2, 2, 2, 2, 2, 2, 2, 1, 1, 1, 1, 1, 1, 1, 1, 1, 1, 1, 1, 1, 1, 1, 1, 1, 1, 1, 1, 1, 1, 1, 1, 1, 1, 1, 1, 1, 1, 1, 1, 1, 1, 1, 1, 1, 1, 1, 1, 1, 1, 1, 1, 1, 1, 1, 1, 1, 1, 1, 1, 1, 1, 1, 1, 1, 1, 1, 1, 1, 1, 1, 1, 1, 1, 1, 1, 1, 1, 1, 1, 1, 1, 1, 1, 1, 1, 1, 1, 1, 1, 1, 1, 1, 1, 1, 1, 1, 1, 1, 1, 1, 1, 1, 1, 1, 1, 1, 1, 1, 1, 1, 1, 1, 1, 1, 1, 1, 1, 1, 1, 1, 1, 1, 1, 1, 1, 1, 1, 1, 1, 1, 1, 1, 1, 1, 1, 1, 1, 1, 1, 1, 1, 1, 1, 1, 1, 1, 1, 1, 1, 1, 1, 1, 1, 1, 1, 1, 1, 1, 1, 1, 1, 1, 1, 1, 1, 1, 1, 1, 1, 1, 1, 1, 1, 1, 1, 1, 1, 1, 1, 1, 1, 1, 1, 1, 1, 1, 1, 1, 1, 1, 1, 1, 1, 1, 1, 1]",0.3109865520000312,0.3109117534444926,0.3101886879999256,0.31157309500008523,0.00047552829325165215,"[0.310724, 0.311494, 0.311232, 0.310189, 0.310987, 0.310387, 0.311573, 0.310622, 0.310998]",0.015238969999927576,0.015238573999997444,0.01520216399990204,0.015304271000104563,2.9094758135704927e-05,"[0.015202, 0.015243, 0.015239, 0.015243, 0.015208, 0.015229, 0.015304, 0.015246, 0.015233]",20.40732096732976,20.268112607115118,20.495312049132803,29,optimal,nan,13.45904541015625,8.842842102050781,308.86431393231635,308.86407968575026,7.584125310955484e-07,0.004633371085418891,0.0028722754194965903,1.0,1.0,0.1291139240506329,0.22869955156950672,9,2,1e-07,1e-05,1000,4.0,360.0,80.0,140.10281938633497,16.0,1.0,33.0,1.146131805157593,1.7571363114486462,1.0
primary,x86_64,none,0.3.0,2.4.4,32,1,imbalanced,400,2000,0.05,0,0.9950501253132832,5,"[360, 16, 16, 4, 4]",powerlaw,5,0,0,4,3,"[397, 1, 1, 1]",0.2610429269998349,0.26119530588883005,0.2607282869998926,0.2621542540000519,0.0005147633220923914,"[0.260728, 0.260829, 0.261881, 0.261043, 0.260766, 0.262154, 0.261318, 0.260803, 0.261234]",0.2618610209999588,0.2618731638888726,0.2609408689997963,0.2635932750001757,0.0008077206074853548,"[0.263593, 0.261356, 0.261861, 0.262129, 0.260941, 0.261926, 0.261739, 0.262343, 0.260969]",0.9968758465960307,0.9891310277157822,1.0046500381672927,24,optimal,nan,13.45904541015625,22.937817573547363,293.5365901499482,293.53659004615764,3.5358647783973465e-10,0.00010198791636550908,6.551175977056153e-05,1.0,0.3079960513326752,0.789873417721519,0.44318181818181823,9,2,1e-07,1e-05,1000,4.0,360.0,80.0,140.10281938633497,16.0,1.0,397.0,100.0,171.47302994931886,1.0
primary,x86_64,none,0.3.0,2.4.4,32,1,imbalanced,400,2000,0.1,0,0.9950501253132832,5,"[360, 16, 16, 4, 4]",powerlaw,5,0,0,95,31,"[119, 12, 12, 9, 9, 8, 8, 7, 7, 6, 6, 6, 6, 6, 6, 6, 5, 5, 5, 5, 4, 4, 4, 4, 4, 4, 4, 3, 3, 3, 3, 3, 3, 3, 3, 3, 3, 3, 3, 3, 3, 2, 2, 2, 2, 2, 2, 2, 2, 2, 2, 2, 2, 2, 2, 2, 2, 2, 2, 2, 2, 2, 2, 2, 1, 1, 1, 1, 1, 1, 1, 1, 1, 1, 1, 1, 1, 1, 1, 1, 1, 1, 1, 1, 1, 1, 1, 1, 1, 1, 1, 1, 1, 1, 1]",0.31350026900008743,0.31323088222224116,0.3121728839998923,0.3139502609999454,0.0006830766454916483,"[0.313143, 0.313689, 0.313756, 0.312797, 0.3135, 0.312239, 0.31395, 0.312173, 0.31383]",0.062348617999987255,0.062389910666676464,0.062316560999988724,0.06270718199994008,0.00012187976263327488,"[0.06235, 0.062707, 0.062349, 0.062344, 0.062317, 0.06233, 0.062398, 0.062385, 0.06233]",5.028183126691782,4.9782636381298495,5.037990799909549,29,optimal,nan,13.45904541015625,9.103134155273438,299.47860349273327,299.47858517118345,6.117815965203368e-08,0.0012807316250441278,0.0008235367283348405,0.999975,0.9318181818181818,0.7265822784810126,0.8165007112375533,9,2,1e-07,1e-05,1000,4.0,360.0,80.0,140.10281938633497,16.0,1.0,119.0,4.2105263157894735,12.081211804713968,2.0
primary,x86_64,none,0.3.0,2.4.4,32,1,imbalanced,400,2000,0.15,0,0.9950501253132832,5,"[360, 16, 16, 4, 4]",powerlaw,5,0,0,173,87,"[43, 9, 8, 7, 7, 7, 7, 7, 6, 6, 6, 5, 5, 5, 5, 4, 4, 4, 4, 4, 4, 4, 4, 3, 3, 3, 3, 3, 3, 3, 3, 3, 3, 3, 3, 3, 3, 3, 3, 3, 3, 3, 3, 3, 3, 2, 2, 2, 2, 2, 2, 2, 2, 2, 2, 2, 2, 2, 2, 2, 2, 2, 2, 2, 2, 2, 2, 2, 2, 2, 2, 2, 2, 2, 2, 2, 2, 2, 2, 2, 2, 2, 2, 2, 2, 2, 1, 1, 1, 1, 1, 1, 1, 1, 1, 1, 1, 1, 1, 1, 1, 1, 1, 1, 1, 1, 1, 1, 1, 1, 1, 1, 1, 1, 1, 1, 1, 1, 1, 1, 1, 1, 1, 1, 1, 1, 1, 1, 1, 1, 1, 1, 1, 1, 1, 1, 1, 1, 1, 1, 1, 1, 1, 1, 1, 1, 1, 1, 1, 1, 1, 1, 1, 1, 1, 1, 1, 1, 1, 1, 1, 1, 1, 1, 1, 1, 1, 1, 1, 1, 1, 1, 1]",0.30896843899995474,0.3091332146666698,0.3086620999999923,0.3103433329999916,0.0005012137075207033,"[0.308662, 0.308966, 0.308968, 0.309306, 0.310343, 0.308711, 0.309237, 0.308915, 0.309091]",0.037608887000033064,0.03759529877776105,0.037252696999985346,0.037716930999977194,0.00014104035306633292,"[0.037253, 0.037579, 0.037641, 0.037564, 0.037717, 0.03771, 0.037697, 0.037589, 0.037609]",8.21530397854324,8.183648346154646,8.330761474803118,29,optimal,nan,13.45904541015625,8.852838516235352,303.240012586783,303.24000163315014,3.612199049481161e-08,0.0009214604870057819,0.0005925180144924229,1.0,1.0,0.5746835443037974,0.7299035369774919,9,2,1e-07,1e-05,1000,4.0,360.0,80.0,140.10281938633497,16.0,1.0,43.0,2.3121387283236996,3.483358047504281,1.0
primary,x86_64,none,0.3.0,2.4.4,32,1,imbalanced,400,2000,0.2,0,0.9950501253132832,5,"[360, 16, 16, 4, 4]",powerlaw,5,0,0,248,183,"[33, 10, 8, 7, 7, 6, 5, 5, 4, 4, 4, 3, 3, 3, 3, 3, 3, 3, 3, 3, 3, 3, 3, 3, 3, 3, 3, 2, 2, 2, 2, 2, 2, 2, 2, 2, 2, 2, 2, 2, 2, 2, 2, 2, 2, 2, 2, 2, 2, 2, 2, 2, 2, 2, 2, 2, 2, 2, 2, 2, 2, 2, 2, 2, 2, 1, 1, 1, 1, 1, 1, 1, 1, 1, 1, 1, 1, 1, 1, 1, 1, 1, 1, 1, 1, 1, 1, 1, 1, 1, 1, 1, 1, 1, 1, 1, 1, 1, 1, 1, 1, 1, 1, 1, 1, 1, 1, 1, 1, 1, 1, 1, 1, 1, 1, 1, 1, 1, 1, 1, 1, 1, 1, 1, 1, 1, 1, 1, 1, 1, 1, 1, 1, 1, 1, 1, 1, 1, 1, 1, 1, 1, 1, 1, 1, 1, 1, 1, 1, 1, 1, 1, 1, 1, 1, 1, 1, 1, 1, 1, 1, 1, 1, 1, 1, 1, 1, 1, 1, 1, 1, 1, 1, 1, 1, 1, 1, 1, 1, 1, 1, 1, 1, 1, 1, 1, 1, 1, 1, 1, 1, 1, 1, 1, 1, 1, 1, 1, 1, 1]",0.3072350820000338,0.30726990677774463,0.3061499069999627,0.3080934999998135,0.0005816068620112004,"[0.307118, 0.307494, 0.307198, 0.306721, 0.308093, 0.307235, 0.30766, 0.30615, 0.30776]",0.02814493300002141,0.028147703444473236,0.02802976500015575,0.028271974000062983,8.045449008249528e-05,"[0.028115, 0.028122, 0.02817, 0.02803, 0.028159, 0.028058, 0.028145, 0.028272, 0.028258]",10.916177416368342,10.82874181333361,10.991654764073177,29,optimal,nan,13.45904541015625,8.844374656677246,305.50316522564583,305.50315145355444,4.508002849157574e-08,0.001037664279312983,0.0006672394420637511,1.0,1.0,0.3848101265822785,0.5557586837294333,9,2,1e-07,1e-05,1000,4.0,360.0,80.0,140.10281938633497,16.0,1.0,33.0,1.6129032258064515,2.3060568125900147,1.0
primary,x86_64,none,0.3.0,2.4.4,32,1,imbalanced,400,2000,0.25,0,0.9950501253132832,5,"[360, 16, 16, 4, 4]",powerlaw,5,0,0,313,285,"[33, 10, 7, 7, 6, 5, 4, 3, 2, 2, 2, 2, 2, 2, 2, 2, 2, 2, 2, 2, 2, 2, 2, 2, 2, 2, 2, 2, 1, 1, 1, 1, 1, 1, 1, 1, 1, 1, 1, 1, 1, 1, 1, 1, 1, 1, 1, 1, 1, 1, 1, 1, 1, 1, 1, 1, 1, 1, 1, 1, 1, 1, 1, 1, 1, 1, 1, 1, 1, 1, 1, 1, 1, 1, 1, 1, 1, 1, 1, 1, 1, 1, 1, 1, 1, 1, 1, 1, 1, 1, 1, 1, 1, 1, 1, 1, 1, 1, 1, 1, 1, 1, 1, 1, 1, 1, 1, 1, 1, 1, 1, 1, 1, 1, 1, 1, 1, 1, 1, 1, 1, 1, 1, 1, 1, 1, 1, 1, 1, 1, 1, 1, 1, 1, 1, 1, 1, 1, 1, 1, 1, 1, 1, 1, 1, 1, 1, 1, 1, 1, 1, 1, 1, 1, 1, 1, 1, 1, 1, 1, 1, 1, 1, 1, 1, 1, 1, 1, 1, 1, 1, 1, 1, 1, 1, 1, 1, 1, 1, 1, 1, 1, 1, 1, 1, 1, 1, 1, 1, 1, 1, 1, 1, 1, 1, 1, 1, 1, 1, 1]",0.2986319750000348,0.29869808200002507,0.29813687000000755,0.2995224799999505,0.0004237844426143007,"[0.298137, 0.29908, 0.298632, 0.298241, 0.298549, 0.298579, 0.298637, 0.298906, 0.299522]",0.01860617500005901,0.01864284866666013,0.018540873000119973,0.018929119999938848,0.00012088236207587477,"[0.018706, 0.018929, 0.018677, 0.018582, 0.018578, 0.018544, 0.018541, 0.018622, 0.018606]",16.050154048270947,15.750170636615474,16.154712887468264,28,optimal,nan,13.45904541015625,8.844289779663086,306.8759040630739,306.87588449336465,6.377075877611853e-08,0.0012743570530453496,0.0008194417046702234,1.0,1.0,0.22025316455696203,0.36099585062240663,9,2,1e-07,1e-05,1000,4.0,360.0,80.0,140.10281938633497,16.0,1.0,33.0,1.2779552715654952,1.9797843263421488,1.0
primary,x86_64,none,0.3.0,2.4.4,32,1,imbalanced,400,2000,0.3,0,0.9950501253132832,5,"[360, 16, 16, 4, 4]",powerlaw,5,0,0,336,322,"[33, 7, 7, 5, 5, 4, 3, 2, 2, 2, 2, 2, 2, 2, 1, 1, 1, 1, 1, 1, 1, 1, 1, 1, 1, 1, 1, 1, 1, 1, 1, 1, 1, 1, 1, 1, 1, 1, 1, 1, 1, 1, 1, 1, 1, 1, 1, 1, 1, 1, 1, 1, 1, 1, 1, 1, 1, 1, 1, 1, 1, 1, 1, 1, 1, 1, 1, 1, 1, 1, 1, 1, 1, 1, 1, 1, 1, 1, 1, 1, 1, 1, 1, 1, 1, 1, 1, 1, 1, 1, 1, 1, 1, 1, 1, 1, 1, 1, 1, 1, 1, 1, 1, 1, 1, 1, 1, 1, 1, 1, 1, 1, 1, 1, 1, 1, 1, 1, 1, 1, 1, 1, 1, 1, 1, 1, 1, 1, 1, 1, 1, 1, 1, 1, 1, 1, 1, 1, 1, 1, 1, 1, 1, 1, 1, 1, 1, 1, 1, 1, 1, 1, 1, 1, 1, 1, 1, 1, 1, 1, 1, 1, 1, 1, 1, 1, 1, 1, 1, 1, 1, 1, 1, 1, 1, 1, 1, 1, 1, 1, 1, 1, 1, 1, 1, 1, 1, 1, 1, 1, 1, 1, 1, 1, 1, 1, 1, 1, 1, 1]",0.29978138699993906,0.2998392826667037,0.29884575900018717,0.3005982350000522,0.0006305875059366583,"[0.298846, 0.299042, 0.300488, 0.299498, 0.299708, 0.300598, 0.300244, 0.299781, 0.300349]",0.015843332000031296,0.015861141555559597,0.01578396700006124,0.015956125999991855,5.6540357150157875e-05,"[0.015935, 0.015956, 0.015784, 0.015869, 0.015888, 0.015843, 0.015822, 0.015831, 0.015821]",18.921612385535244,18.729217793864233,19.044530123440197,28,optimal,nan,13.45904541015625,8.842434883117676,307.84282547533746,307.84280788983665,5.712493311030509e-08,0.0012157208006217946,0.0007817372112084497,1.0,1.0,0.1620253164556962,0.2788671023965142,9,2,1e-07,1e-05,1000,4.0,360.0,80.0,140.10281938633497,16.0,1.0,33.0,1.1904761904761905,1.8385824668826645,1.0
primary,x86_64,none,0.3.0,2.4.4,32,1,imbalanced,400,2000,0.35,0,0.9950501253132832,5,"[360, 16, 16, 4, 4]",powerlaw,5,0,0,344,332,"[33, 7, 5, 4, 4, 3, 2, 2, 2, 2, 2, 2, 1, 1, 1, 1, 1, 1, 1, 1, 1, 1, 1, 1, 1, 1, 1, 1, 1, 1, 1, 1, 1, 1, 1, 1, 1, 1, 1, 1, 1, 1, 1, 1, 1, 1, 1, 1, 1, 1, 1, 1, 1, 1, 1, 1, 1, 1, 1, 1, 1, 1, 1, 1, 1, 1, 1, 1, 1, 1, 1, 1, 1, 1, 1, 1, 1, 1, 1, 1, 1, 1, 1, 1, 1, 1, 1, 1, 1, 1, 1, 1, 1, 1, 1, 1, 1, 1, 1, 1, 1, 1, 1, 1, 1, 1, 1, 1, 1, 1, 1, 1, 1, 1, 1, 1, 1, 1, 1, 1, 1, 1, 1, 1, 1, 1, 1, 1, 1, 1, 1, 1, 1, 1, 1, 1, 1, 1, 1, 1, 1, 1, 1, 1, 1, 1, 1, 1, 1, 1, 1, 1, 1, 1, 1, 1, 1, 1, 1, 1, 1, 1, 1, 1, 1, 1, 1, 1, 1, 1, 1, 1, 1, 1, 1, 1, 1, 1, 1, 1, 1, 1, 1, 1, 1, 1, 1, 1, 1, 1, 1, 1, 1, 1, 1, 1, 1, 1, 1, 1]",0.2792340299999978,0.27927728888885717,0.2788267609998911,0.27975049099995886,0.0003425383921822542,"[0.279016, 0.278827, 0.279247, 0.279726, 0.27975, 0.278967, 0.279112, 0.279618, 0.279234]",0.01539334900007816,0.015407332666680103,0.015287680000028558,0.015598751999959859,9.891473156659595e-05,"[0.015415, 0.015599, 0.015475, 0.015345, 0.015353, 0.015393, 0.015288, 0.015311, 0.015487]",18.139914192719203,17.8749403157771,18.29908076303509,26,optimal,nan,13.45904541015625,8.841936111450195,308.6106059729666,308.610599520494,2.090813617846681e-08,0.000724129493236414,0.0004656535495778456,1.0,1.0,0.14177215189873418,0.2483370288248337,9,2,1e-07,1e-05,1000,4.0,360.0,80.0,140.10281938633497,16.0,1.0,33.0,1.1627906976744187,1.7840407826986666,1.0
primary,x86_64,none,0.3.0,2.4.4,32,1,imbalanced,400,2000,0.4,0,0.9950501253132832,5,"[360, 16, 16, 4, 4]",powerlaw,5,0,0,352,344,"[33, 7, 4, 4, 2, 2, 2, 2, 1, 1, 1, 1, 1, 1, 1, 1, 1, 1, 1, 1, 1, 1, 1, 1, 1, 1, 1, 1, 1, 1, 1, 1, 1, 1, 1, 1, 1, 1, 1, 1, 1, 1, 1, 1, 1, 1, 1, 1, 1, 1, 1, 1, 1, 1, 1, 1, 1, 1, 1, 1, 1, 1, 1, 1, 1, 1, 1, 1, 1, 1, 1, 1, 1, 1, 1, 1, 1, 1, 1, 1, 1, 1, 1, 1, 1, 1, 1, 1, 1, 1, 1, 1, 1, 1, 1, 1, 1, 1, 1, 1, 1, 1, 1, 1, 1, 1, 1, 1, 1, 1, 1, 1, 1, 1, 1, 1, 1, 1, 1, 1, 1, 1, 1, 1, 1, 1, 1, 1, 1, 1, 1, 1, 1, 1, 1, 1, 1, 1, 1, 1, 1, 1, 1, 1, 1, 1, 1, 1, 1, 1, 1, 1, 1, 1, 1, 1, 1, 1, 1, 1, 1, 1, 1, 1, 1, 1, 1, 1, 1, 1, 1, 1, 1, 1, 1, 1, 1, 1, 1, 1, 1, 1, 1, 1, 1, 1, 1, 1, 1, 1, 1, 1, 1, 1, 1, 1, 1, 1, 1, 1]",0.30060787000002165,0.3007428222222441,0.2999441489998844,0.30195781399993393,0.0006246984521739546,"[0.299944, 0.300121, 0.301958, 0.300772, 0.300473, 0.300816, 0.300608, 0.300553, 0.301441]",0.014404329999933907,0.01441264144442458,0.014322407000008752,0.014499314999966373,6.193044759636752e-05,"[0.014438, 0.014489, 0.014499, 0.014455, 0.014404, 0.014392, 0.014322, 0.01435, 0.014364]",20.8692712539494,20.68678065140181,21.082895773018418,28,optimal,nan,13.45904541015625,8.842439651489258,309.23416005487127,309.23415735082415,8.744335098912457e-09,0.00047350618528116395,0.0003044817121738513,1.0,1.0,0.12151898734177215,0.21670428893905191,9,2,1e-07,1e-05,1000,4.0,360.0,80.0,140.10281938633497,16.0,1.0,33.0,1.1363636363636365,1.7479326631885233,1.0
primary,x86_64,none,0.3.0,2.4.4,32,1,imbalanced,400,4000,0.05,0,0.9950501253132832,5,"[360, 16, 16, 4, 4]",powerlaw,5,0,0,38,17,"[313, 9, 6, 5, 5, 4, 4, 4, 4, 4, 3, 3, 3, 2, 2, 2, 2, 2, 2, 2, 2, 1, 1, 1, 1, 1, 1, 1, 1, 1, 1, 1, 1, 1, 1, 1, 1, 1]",0.26104706699993585,0.26121803944447997,0.26045459100009793,0.2631770969999252,0.0008105199873457976,"[0.261536, 0.260455, 0.261093, 0.261047, 0.261346, 0.260798, 0.260938, 0.260572, 0.263177]",0.17705862399998296,0.17699331833339077,0.17654926299996987,0.17772944900002585,0.00037071601373800075,"[0.176549, 0.176635, 0.177309, 0.177068, 0.17684, 0.176687, 0.177063, 0.177059, 0.177729]",1.4743538671121774,1.4654554575255565,1.4906723060065683,24,optimal,nan,13.45904541015625,15.660257339477539,294.6057081428419,294.60569386025355,4.848035163511426e-08,0.0009057565764861858,0.0005946146986792171,0.999925,0.7775061124694377,0.8050632911392405,0.7910447761194029,9,2,1e-07,1e-05,1000,4.0,360.0,80.0,140.10281938633497,16.0,1.0,313.0,10.526315789473685,49.75769543344671,2.0
primary,x86_64,none,0.3.0,2.4.4,32,1,imbalanced,400,4000,0.1,0,0.9950501253132832,5,"[360, 16, 16, 4, 4]",powerlaw,5,0,0,108,28,"[43, 14, 12, 12, 10, 10, 9, 9, 8, 8, 7, 7, 6, 6, 6, 6, 6, 6, 6, 5, 5, 5, 5, 5, 5, 4, 4, 4, 4, 4, 4, 4, 4, 4, 4, 4, 4, 4, 4, 3, 3, 3, 3, 3, 3, 3, 3, 3, 3, 3, 3, 3, 2, 2, 2, 2, 2, 2, 2, 2, 2, 2, 2, 2, 2, 2, 2, 2, 2, 2, 2, 2, 2, 2, 2, 2, 2, 2, 2, 2, 1, 1, 1, 1, 1, 1, 1, 1, 1, 1, 1, 1, 1, 1, 1, 1, 1, 1, 1, 1, 1, 1, 1, 1, 1, 1, 1, 1]",0.2802944929999285,0.2804228420000325,0.2796545109999897,0.2817572480000763,0.0006300880292159696,"[0.280272, 0.279655, 0.280642, 0.28014, 0.280747, 0.280587, 0.279712, 0.280294, 0.281757]",0.038653777000035916,0.03864863266671313,0.03855760600004032,0.03877369499991801,7.140114069932715e-05,"[0.038558, 0.038774, 0.038654, 0.038698, 0.038691, 0.038579, 0.038575, 0.038689, 0.038621]",7.251412792071213,7.212480291098929,7.3074362552431715,26,optimal,nan,13.45904541015625,8.844962120056152,300.41706398235976,300.4170541186367,3.283343136381875e-08,0.0008563707633088002,0.0005649275603332032,1.0,0.9965870307167235,0.739240506329114,0.8488372093023255,9,2,1e-07,1e-05,1000,4.0,360.0,80.0,140.10281938633497,16.0,1.0,43.0,3.7037037037037037,4.637326934495096,2.0
primary,x86_64,none,0.3.0,2.4.4,32,1,imbalanced,400,4000,0.15,0,0.9950501253132832,5,"[360, 16, 16, 4, 4]",powerlaw,5,0,0,175,91,"[43, 9, 8, 7, 7, 7, 7, 7, 6, 6, 6, 6, 5, 5, 5, 5, 5, 4, 4, 4, 4, 4, 4, 3, 3, 3, 3, 3, 3, 3, 3, 3, 3, 3, 3, 3, 3, 3, 3, 3, 3, 3, 2, 2, 2, 2, 2, 2, 2, 2, 2, 2, 2, 2, 2, 2, 2, 2, 2, 2, 2, 2, 2, 2, 2, 2, 2, 2, 2, 2, 2, 2, 2, 2, 2, 2, 2, 2, 2, 2, 2, 2, 2, 2, 1, 1, 1, 1, 1, 1, 1, 1, 1, 1, 1, 1, 1, 1, 1, 1, 1, 1, 1, 1, 1, 1, 1, 1, 1, 1, 1, 1, 1, 1, 1, 1, 1, 1, 1, 1, 1, 1, 1, 1, 1, 1, 1, 1, 1, 1, 1, 1, 1, 1, 1, 1, 1, 1, 1, 1, 1, 1, 1, 1, 1, 1, 1, 1, 1, 1, 1, 1, 1, 1, 1, 1, 1, 1, 1, 1, 1, 1, 1, 1, 1, 1, 1, 1, 1, 1, 1, 1, 1, 1, 1]",0.27785109799992824,0.27785121544446967,0.2769368700000996,0.27870474800010925,0.0006307028511068019,"[0.277382, 0.277071, 0.278099, 0.278705, 0.278432, 0.278463, 0.276937, 0.277722, 0.277851]",0.03642284700003984,0.03641691077784041,0.0363100540000687,0.036528517000078864,8.006802107991695e-05,"[0.036494, 0.036423, 0.036443, 0.036529, 0.036495, 0.03631, 0.036315, 0.036365, 0.036379]",7.628483792044712,7.581388261656001,7.675690815540563,26,optimal,nan,13.45904541015625,8.853126525878906,304.1297023853285,304.12967599045896,8.678820042128344e-08,0.0014256754108609992,0.0009404843922966605,1.0,1.0,0.569620253164557,0.7258064516129034,9,2,1e-07,1e-05,1000,4.0,360.0,80.0,140.10281938633497,16.0,1.0,43.0,2.2857142857142856,3.4803237006382743,1.0
primary,x86_64,none,0.3.0,2.4.4,32,1,imbalanced,400,4000,0.2,0,0.9950501253132832,5,"[360, 16, 16, 4, 4]",powerlaw,5,0,0,246,180,"[33, 10, 8, 7, 7, 7, 6, 5, 4, 4, 3, 3, 3, 3, 3, 3, 3, 3, 3, 3, 3, 3, 3, 3, 3, 3, 3, 2, 2, 2, 2, 2, 2, 2, 2, 2, 2, 2, 2, 2, 2, 2, 2, 2, 2, 2, 2, 2, 2, 2, 2, 2, 2, 2, 2, 2, 2, 2, 2, 2, 2, 2, 2, 2, 2, 2, 1, 1, 1, 1, 1, 1, 1, 1, 1, 1, 1, 1, 1, 1, 1, 1, 1, 1, 1, 1, 1, 1, 1, 1, 1, 1, 1, 1, 1, 1, 1, 1, 1, 1, 1, 1, 1, 1, 1, 1, 1, 1, 1, 1, 1, 1, 1, 1, 1, 1, 1, 1, 1, 1, 1, 1, 1, 1, 1, 1, 1, 1, 1, 1, 1, 1, 1, 1, 1, 1, 1, 1, 1, 1, 1, 1, 1, 1, 1, 1, 1, 1, 1, 1, 1, 1, 1, 1, 1, 1, 1, 1, 1, 1, 1, 1, 1, 1, 1, 1, 1, 1, 1, 1, 1, 1, 1, 1, 1, 1, 1, 1, 1, 1, 1, 1, 1, 1, 1, 1, 1, 1, 1, 1, 1, 1, 1, 1, 1, 1, 1, 1, 1, 1]",0.2760642660000485,0.27596439499999786,0.2749956719999318,0.2763895870000397,0.0005046759877946027,"[0.274996, 0.275255, 0.275999, 0.276264, 0.276339, 0.275994, 0.276064, 0.27639, 0.27638]",0.027788797999846793,0.027779563111051984,0.027638009999918722,0.027876657999968302,9.377407196155445e-05,"[0.027841, 0.027865, 0.027877, 0.027874, 0.027645, 0.027789, 0.027752, 0.027735, 0.027638]",9.934372332389856,9.86472883515106,10.000343259187346,26,optimal,nan,13.45904541015625,8.84458065032959,306.36214784365916,306.3620921502665,1.8178940526827797e-07,0.002173496095213029,0.0014338040399215874,1.0,1.0,0.389873417721519,0.5610200364298725,9,2,1e-07,1e-05,1000,4.0,360.0,80.0,140.10281938633497,16.0,1.0,33.0,1.6260162601626016,2.3265815461299697,1.0
primary,x86_64,none,0.3.0,2.4.4,32,1,imbalanced,400,4000,0.25,0,0.9950501253132832,5,"[360, 16, 16, 4, 4]",powerlaw,5,0,0,310,281,"[33, 10, 7, 7, 5, 5, 4, 4, 3, 3, 2, 2, 2, 2, 2, 2, 2, 2, 2, 2, 2, 2, 2, 2, 2, 2, 2, 2, 2, 1, 1, 1, 1, 1, 1, 1, 1, 1, 1, 1, 1, 1, 1, 1, 1, 1, 1, 1, 1, 1, 1, 1, 1, 1, 1, 1, 1, 1, 1, 1, 1, 1, 1, 1, 1, 1, 1, 1, 1, 1, 1, 1, 1, 1, 1, 1, 1, 1, 1, 1, 1, 1, 1, 1, 1, 1, 1, 1, 1, 1, 1, 1, 1, 1, 1, 1, 1, 1, 1, 1, 1, 1, 1, 1, 1, 1, 1, 1, 1, 1, 1, 1, 1, 1, 1, 1, 1, 1, 1, 1, 1, 1, 1, 1, 1, 1, 1, 1, 1, 1, 1, 1, 1, 1, 1, 1, 1, 1, 1, 1, 1, 1, 1, 1, 1, 1, 1, 1, 1, 1, 1, 1, 1, 1, 1, 1, 1, 1, 1, 1, 1, 1, 1, 1, 1, 1, 1, 1, 1, 1, 1, 1, 1, 1, 1, 1, 1, 1, 1, 1, 1, 1, 1, 1, 1, 1, 1, 1, 1, 1, 1, 1, 1, 1, 1, 1, 1, 1, 1, 1]",0.2783130660000097,0.27828681755555507,0.27724448999993,0.2793460309999318,0.0007097437538342664,"[0.277282, 0.277244, 0.278313, 0.278141, 0.27877, 0.279346, 0.277975, 0.27865, 0.278859]",0.01901582999994389,0.019014641666621576,0.01894221599991397,0.019106063999970502,5.198440520585954e-05,"[0.019035, 0.019106, 0.019066, 0.019035, 0.018971, 0.018994, 0.018942, 0.018967, 0.019016]",14.635862121234306,14.510811331960264,14.747273022396142,26,optimal,nan,13.45904541015625,8.84399700164795,307.7121712727853,307.7121428339816,9.24201457704885e-08,0.0015366675473487967,0.001013731544466047,1.0,1.0,0.22784810126582278,0.3711340206185567,9,2,1e-07,1e-05,1000,4.0,360.0,80.0,140.10281938633497,16.0,1.0,33.0,1.2903225806451613,1.990194485343107,1.0
primary,x86_64,none,0.3.0,2.4.4,32,1,imbalanced,400,4000,0.3,0,0.9950501253132832,5,"[360, 16, 16, 4, 4]",powerlaw,5,0,0,338,325,"[33, 7, 7, 5, 4, 4, 3, 2, 2, 2, 2, 2, 2, 1, 1, 1, 1, 1, 1, 1, 1, 1, 1, 1, 1, 1, 1, 1, 1, 1, 1, 1, 1, 1, 1, 1, 1, 1, 1, 1, 1, 1, 1, 1, 1, 1, 1, 1, 1, 1, 1, 1, 1, 1, 1, 1, 1, 1, 1, 1, 1, 1, 1, 1, 1, 1, 1, 1, 1, 1, 1, 1, 1, 1, 1, 1, 1, 1, 1, 1, 1, 1, 1, 1, 1, 1, 1, 1, 1, 1, 1, 1, 1, 1, 1, 1, 1, 1, 1, 1, 1, 1, 1, 1, 1, 1, 1, 1, 1, 1, 1, 1, 1, 1, 1, 1, 1, 1, 1, 1, 1, 1, 1, 1, 1, 1, 1, 1, 1, 1, 1, 1, 1, 1, 1, 1, 1, 1, 1, 1, 1, 1, 1, 1, 1, 1, 1, 1, 1, 1, 1, 1, 1, 1, 1, 1, 1, 1, 1, 1, 1, 1, 1, 1, 1, 1, 1, 1, 1, 1, 1, 1, 1, 1, 1, 1, 1, 1, 1, 1, 1, 1, 1, 1, 1, 1, 1, 1, 1, 1, 1, 1, 1, 1, 1, 1, 1, 1, 1, 1]",0.28908313200008706,0.28905860699999014,0.2884692970001197,0.28966847499987125,0.0003983580673231094,"[0.288469, 0.289083, 0.289668, 0.289541, 0.28855, 0.289164, 0.289012, 0.288875, 0.289164]",0.015988211999911073,0.015982934666630574,0.01585642099985307,0.016128313000081107,8.178420962637125e-05,"[0.016, 0.016128, 0.015988, 0.015856, 0.016008, 0.016067, 0.015954, 0.015932, 0.015912]",18.081016939335992,17.885894017475295,18.268212921601627,27,optimal,nan,13.45904541015625,8.841748237609863,308.6573688822849,308.65691212884695,1.4798073333318633e-06,0.006323445610079137,0.004171506949352192,1.0,1.0,0.1569620253164557,0.2713347921225383,9,2,1e-07,1e-05,1000,4.0,360.0,80.0,140.10281938633497,16.0,1.0,33.0,1.183431952662722,1.8273296866824824,1.0
primary,x86_64,none,0.3.0,2.4.4,32,1,imbalanced,400,4000,0.35,0,0.9950501253132832,5,"[360, 16, 16, 4, 4]",powerlaw,5,0,0,345,333,"[33, 7, 5, 4, 3, 3, 2, 2, 2, 2, 2, 2, 1, 1, 1, 1, 1, 1, 1, 1, 1, 1, 1, 1, 1, 1, 1, 1, 1, 1, 1, 1, 1, 1, 1, 1, 1, 1, 1, 1, 1, 1, 1, 1, 1, 1, 1, 1, 1, 1, 1, 1, 1, 1, 1, 1, 1, 1, 1, 1, 1, 1, 1, 1, 1, 1, 1, 1, 1, 1, 1, 1, 1, 1, 1, 1, 1, 1, 1, 1, 1, 1, 1, 1, 1, 1, 1, 1, 1, 1, 1, 1, 1, 1, 1, 1, 1, 1, 1, 1, 1, 1, 1, 1, 1, 1, 1, 1, 1, 1, 1, 1, 1, 1, 1, 1, 1, 1, 1, 1, 1, 1, 1, 1, 1, 1, 1, 1, 1, 1, 1, 1, 1, 1, 1, 1, 1, 1, 1, 1, 1, 1, 1, 1, 1, 1, 1, 1, 1, 1, 1, 1, 1, 1, 1, 1, 1, 1, 1, 1, 1, 1, 1, 1, 1, 1, 1, 1, 1, 1, 1, 1, 1, 1, 1, 1, 1, 1, 1, 1, 1, 1, 1, 1, 1, 1, 1, 1, 1, 1, 1, 1, 1, 1, 1, 1, 1, 1, 1, 1]",0.3004314310001064,0.3004261620000206,0.3000408210000387,0.30093008700009705,0.0003469166296661615,"[0.30093, 0.300431, 0.300574, 0.300108, 0.300156, 0.300041, 0.300899, 0.300601, 0.300094]",0.015734131999806777,0.01574824766665491,0.015713947999984157,0.01582792900012464,4.0352784502127786e-05,"[0.015716, 0.015805, 0.015828, 0.015714, 0.015732, 0.015744, 0.015723, 0.015734, 0.015738]",19.094248796425237,18.95641691327248,19.15050800730666,28,optimal,nan,13.45904541015625,8.844437599182129,309.41336393811474,309.41313509213154,7.396124727417394e-07,0.004475288713292114,0.002952276799757164,0.9999875,1.0,0.13924050632911392,0.2444444444444444,9,2,1e-07,1e-05,1000,4.0,360.0,80.0,140.10281938633497,16.0,1.0,33.0,1.1594202898550725,1.777664877742522,1.0
primary,x86_64,none,0.3.0,2.4.4,32,1,imbalanced,400,4000,0.4,0,0.9950501253132832,5,"[360, 16, 16, 4, 4]",powerlaw,5,0,0,352,344,"[33, 7, 5, 3, 2, 2, 2, 2, 1, 1, 1, 1, 1, 1, 1, 1, 1, 1, 1, 1, 1, 1, 1, 1, 1, 1, 1, 1, 1, 1, 1, 1, 1, 1, 1, 1, 1, 1, 1, 1, 1, 1, 1, 1, 1, 1, 1, 1, 1, 1, 1, 1, 1, 1, 1, 1, 1, 1, 1, 1, 1, 1, 1, 1, 1, 1, 1, 1, 1, 1, 1, 1, 1, 1, 1, 1, 1, 1, 1, 1, 1, 1, 1, 1, 1, 1, 1, 1, 1, 1, 1, 1, 1, 1, 1, 1, 1, 1, 1, 1, 1, 1, 1, 1, 1, 1, 1, 1, 1, 1, 1, 1, 1, 1, 1, 1, 1, 1, 1, 1, 1, 1, 1, 1, 1, 1, 1, 1, 1, 1, 1, 1, 1, 1, 1, 1, 1, 1, 1, 1, 1, 1, 1, 1, 1, 1, 1, 1, 1, 1, 1, 1, 1, 1, 1, 1, 1, 1, 1, 1, 1, 1, 1, 1, 1, 1, 1, 1, 1, 1, 1, 1, 1, 1, 1, 1, 1, 1, 1, 1, 1, 1, 1, 1, 1, 1, 1, 1, 1, 1, 1, 1, 1, 1, 1, 1, 1, 1, 1, 1]",0.301240049000171,0.3011579956666992,0.3007283079998615,0.3019013850000647,0.0003911143873703802,"[0.300728, 0.301331, 0.300769, 0.30124, 0.30134, 0.301901, 0.300728, 0.30139, 0.300994]",0.0165130059999683,0.01652936488888675,0.016442955999991682,0.01662223800008178,6.424008664655622e-05,"[0.016604, 0.016622, 0.016598, 0.016501, 0.016513, 0.016443, 0.016464, 0.016495, 0.016523]",18.24259308091751,18.091926490186335,18.360529882839643,28,optimal,nan,13.45904541015625,8.841867446899414,310.03281380276246,310.03281352195125,9.057467296181245e-10,0.0002076882054604101,0.000137007909970467,1.0,1.0,0.1189873417721519,0.21266968325791855,9,2,1e-07,1e-05,1000,4.0,360.0,80.0,140.10281938633497,16.0,1.0,33.0,1.1363636363636365,1.749557204901612,1.0
primary,x86_64,none,0.3.0,2.4.4,32,1,imbalanced,800,1600,0.05,0,0.9975125156445557,5,"[720, 32, 32, 8, 8]",powerlaw,5,0,0,18,16,"[782, 2, 1, 1, 1, 1, 1, 1, 1, 1, 1, 1, 1, 1, 1, 1, 1, 1]",1.4527192880000257,1.4527124851111795,1.4484327049999592,1.45871483000019,0.0032761823298426093,"[1.449126, 1.453023, 1.455616, 1.448433, 1.458715, 1.449968, 1.452502, 1.454311, 1.452719]",1.4000617900001089,1.4008973150000403,1.396705061000148,1.405919572999892,0.0028356143311898604,"[1.40592, 1.400128, 1.396705, 1.402865, 1.399681, 1.400062, 1.399143, 1.399525, 1.404048]",1.0376108385901401,1.030238665722076,1.0443971821478462,21,optimal,nan,53.74835205078125,89.34426593780518,394.19148198720717,394.19145795791263,6.095843171252514e-08,0.006355790548831841,0.003175356384085576,0.999996875,0.29939516129032256,0.7471698113207547,0.4274919035624325,9,2,1e-07,1e-05,1000,8.0,720.0,160.0,280.20563877266994,32.0,1.0,782.0,44.44444444444444,178.88364381544602,1.0
primary,x86_64,none,0.3.0,2.4.4,32,1,imbalanced,800,1600,0.1,0,0.9975125156445557,5,"[720, 32, 32, 8, 8]",powerlaw,5,0,0,377,260,"[210, 11, 9, 7, 7, 7, 6, 6, 6, 6, 6, 5, 5, 4, 4, 4, 4, 4, 4, 4, 4, 4, 4, 3, 3, 3, 3, 3, 3, 3, 3, 3, 3, 3, 3, 3, 3, 3, 3, 3, 3, 3, 3, 3, 2, 2, 2, 2, 2, 2, 2, 2, 2, 2, 2, 2, 2, 2, 2, 2, 2, 2, 2, 2, 2, 2, 2, 2, 2, 2, 2, 2, 2, 2, 2, 2, 2, 2, 2, 2, 2, 2, 2, 2, 2, 2, 2, 2, 2, 2, 2, 2, 2, 2, 2, 2, 2, 2, 2, 2, 2, 2, 2, 2, 2, 2, 2, 2, 2, 2, 2, 2, 2, 2, 2, 2, 2, 1, 1, 1, 1, 1, 1, 1, 1, 1, 1, 1, 1, 1, 1, 1, 1, 1, 1, 1, 1, 1, 1, 1, 1, 1, 1, 1, 1, 1, 1, 1, 1, 1, 1, 1, 1, 1, 1, 1, 1, 1, 1, 1, 1, 1, 1, 1, 1, 1, 1, 1, 1, 1, 1, 1, 1, 1, 1, 1, 1, 1, 1, 1, 1, 1, 1, 1, 1, 1, 1, 1, 1, 1, 1, 1, 1, 1, 1, 1, 1, 1, 1, 1]",1.377671219999911,1.3780673846665903,1.3751461549998112,1.3827162149998458,0.0027727844586393972,"[1.376814, 1.377777, 1.377671, 1.381258, 1.382716, 1.380376, 1.375601, 1.375146, 1.375247]",0.1566922169999998,0.15655053466664665,0.15565807500001938,0.15697005200013336,0.00040561068240399414,"[0.155658, 0.156778, 0.156692, 0.15633, 0.156743, 0.156895, 0.156594, 0.156294, 0.15697]",8.792212187539045,8.76056379849223,8.883035557260191,20,optimal,nan,53.74835205078125,35.55538082122803,402.303864114882,402.3028139323404,2.6104212145373773e-06,0.00793772368678125,0.003968827734568656,0.99995,0.8665158371040724,0.4817610062893082,0.6192400970088924,9,2,1e-07,1e-05,1000,8.0,720.0,160.0,280.20563877266994,32.0,1.0,210.0,2.1220159151193636,10.788832430801113,1.0
primary,x86_64,none,0.3.0,2.4.4,32,1,imbalanced,800,1600,0.15,0,0.9975125156445557,5,"[720, 32, 32, 8, 8]",powerlaw,5,0,0,619,568,"[29, 21, 21, 18, 16, 14, 8, 6, 6, 4, 4, 3, 3, 3, 3, 3, 2, 2, 2, 2, 2, 2, 2, 2, 2, 2, 2, 2, 2, 2, 2, 2, 2, 2, 2, 2, 2, 2, 2, 2, 2, 2, 2, 2, 2, 2, 2, 2, 2, 2, 2, 1, 1, 1, 1, 1, 1, 1, 1, 1, 1, 1, 1, 1, 1, 1, 1, 1, 1, 1, 1, 1, 1, 1, 1, 1, 1, 1, 1, 1, 1, 1, 1, 1, 1, 1, 1, 1, 1, 1, 1, 1, 1, 1, 1, 1, 1, 1, 1, 1, 1, 1, 1, 1, 1, 1, 1, 1, 1, 1, 1, 1, 1, 1, 1, 1, 1, 1, 1, 1, 1, 1, 1, 1, 1, 1, 1, 1, 1, 1, 1, 1, 1, 1, 1, 1, 1, 1, 1, 1, 1, 1, 1, 1, 1, 1, 1, 1, 1, 1, 1, 1, 1, 1, 1, 1, 1, 1, 1, 1, 1, 1, 1, 1, 1, 1, 1, 1, 1, 1, 1, 1, 1, 1, 1, 1, 1, 1, 1, 1, 1, 1, 1, 1, 1, 1, 1, 1, 1, 1, 1, 1, 1, 1, 1, 1, 1, 1, 1, 1]",1.3623986059999424,1.3636104234444448,1.3604171730000871,1.3718987180000113,0.0034919166825755975,"[1.362399, 1.361595, 1.363261, 1.360417, 1.366262, 1.361999, 1.362555, 1.362108, 1.371899]",0.044316192999986015,0.04429877988890338,0.04365961300004528,0.044629642000018066,0.0002837096858794801,"[0.04366, 0.044316, 0.044568, 0.044471, 0.04463, 0.044281, 0.04433, 0.04415, 0.044284]",30.74268148440396,30.482368041391336,31.422603723001128,20,optimal,nan,53.74835205078125,34.64516544342041,405.91364961969145,405.9130219096915,1.5464126435133686e-06,0.007938029556533444,0.003968981275120857,0.999996875,0.989010989010989,0.22641509433962265,0.368474923234391,9,2,1e-07,1e-05,1000,8.0,720.0,160.0,280.20563877266994,32.0,1.0,29.0,1.2924071082390953,1.9633451694226343,1.0
primary,x86_64,none,0.3.0,2.4.4,32,1,imbalanced,800,1600,0.2,0,0.9975125156445557,5,"[720, 32, 32, 8, 8]",powerlaw,5,0,0,689,677,"[28, 21, 21, 18, 8, 7, 6, 4, 3, 3, 2, 2, 1, 1, 1, 1, 1, 1, 1, 1, 1, 1, 1, 1, 1, 1, 1, 1, 1, 1, 1, 1, 1, 1, 1, 1, 1, 1, 1, 1, 1, 1, 1, 1, 1, 1, 1, 1, 1, 1, 1, 1, 1, 1, 1, 1, 1, 1, 1, 1, 1, 1, 1, 1, 1, 1, 1, 1, 1, 1, 1, 1, 1, 1, 1, 1, 1, 1, 1, 1, 1, 1, 1, 1, 1, 1, 1, 1, 1, 1, 1, 1, 1, 1, 1, 1, 1, 1, 1, 1, 1, 1, 1, 1, 1, 1, 1, 1, 1, 1, 1, 1, 1, 1, 1, 1, 1, 1, 1, 1, 1, 1, 1, 1, 1, 1, 1, 1, 1, 1, 1, 1, 1, 1, 1, 1, 1, 1, 1, 1, 1, 1, 1, 1, 1, 1, 1, 1, 1, 1, 1, 1, 1, 1, 1, 1, 1, 1, 1, 1, 1, 1, 1, 1, 1, 1, 1, 1, 1, 1, 1, 1, 1, 1, 1, 1, 1, 1, 1, 1, 1, 1, 1, 1, 1, 1, 1, 1, 1, 1, 1, 1, 1, 1, 1, 1, 1, 1, 1, 1]",1.3632202189999134,1.3646162455555038,1.3600642449998759,1.3743152609999925,0.004267582307286312,"[1.374315, 1.36483, 1.362516, 1.366638, 1.360064, 1.363193, 1.36322, 1.360614, 1.366155]",0.03399615099988296,0.03399192933332213,0.03374325500021769,0.034368964999885065,0.00017737027901566977,"[0.033743, 0.033924, 0.034088, 0.033996, 0.034021, 0.033876, 0.034369, 0.033863, 0.034047]",40.09925179484603,39.57245279293176,40.7285918620218,20,optimal,nan,53.74835205078125,34.63700866699219,408.0152988098077,408.0146431431847,1.606965780245445e-06,0.007938263738721751,0.003969098829968826,0.999996875,1.0,0.13962264150943396,0.24503311258278146,9,2,1e-07,1e-05,1000,8.0,720.0,160.0,280.20563877266994,32.0,1.0,28.0,1.1611030478955007,1.673284300641841,1.0
primary,x86_64,none,0.3.0,2.4.4,32,1,imbalanced,800,1600,0.25,0,0.9975125156445557,5,"[720, 32, 32, 8, 8]",powerlaw,5,0,0,702,692,"[28, 20, 18, 15, 8, 6, 6, 3, 2, 2, 1, 1, 1, 1, 1, 1, 1, 1, 1, 1, 1, 1, 1, 1, 1, 1, 1, 1, 1, 1, 1, 1, 1, 1, 1, 1, 1, 1, 1, 1, 1, 1, 1, 1, 1, 1, 1, 1, 1, 1, 1, 1, 1, 1, 1, 1, 1, 1, 1, 1, 1, 1, 1, 1, 1, 1, 1, 1, 1, 1, 1, 1, 1, 1, 1, 1, 1, 1, 1, 1, 1, 1, 1, 1, 1, 1, 1, 1, 1, 1, 1, 1, 1, 1, 1, 1, 1, 1, 1, 1, 1, 1, 1, 1, 1, 1, 1, 1, 1, 1, 1, 1, 1, 1, 1, 1, 1, 1, 1, 1, 1, 1, 1, 1, 1, 1, 1, 1, 1, 1, 1, 1, 1, 1, 1, 1, 1, 1, 1, 1, 1, 1, 1, 1, 1, 1, 1, 1, 1, 1, 1, 1, 1, 1, 1, 1, 1, 1, 1, 1, 1, 1, 1, 1, 1, 1, 1, 1, 1, 1, 1, 1, 1, 1, 1, 1, 1, 1, 1, 1, 1, 1, 1, 1, 1, 1, 1, 1, 1, 1, 1, 1, 1, 1, 1, 1, 1, 1, 1, 1]",1.364879430999963,1.3656068220000432,1.3626782119999916,1.3692169180001201,0.0022901756541531273,"[1.368412, 1.364675, 1.364879, 1.362678, 1.362823, 1.36693, 1.366295, 1.369217, 1.364552]",0.033192361999908826,0.03316861599998649,0.03281123600004321,0.03348325300021315,0.00020459804555162783,"[0.032811, 0.033196, 0.032981, 0.03342, 0.033207, 0.033094, 0.033192, 0.033483, 0.033133]",41.120286378044206,40.69730656072505,41.730123119967715,20,optimal,nan,53.74835205078125,34.63473606109619,409.6787443493444,409.6781523120797,1.445125657300008e-06,0.00793845678746763,0.003969195736659228,1.0,1.0,0.12327044025157233,0.219484882418813,9,2,1e-07,1e-05,1000,8.0,720.0,160.0,280.20563877266994,32.0,1.0,28.0,1.1396011396011396,1.5406732018778206,1.0
primary,x86_64,none,0.3.0,2.4.4,32,1,imbalanced,800,1600,0.3,0,0.9975125156445557,5,"[720, 32, 32, 8, 8]",powerlaw,5,0,0,721,710,"[28, 17, 9, 8, 6, 6, 6, 3, 3, 2, 2, 1, 1, 1, 1, 1, 1, 1, 1, 1, 1, 1, 1, 1, 1, 1, 1, 1, 1, 1, 1, 1, 1, 1, 1, 1, 1, 1, 1, 1, 1, 1, 1, 1, 1, 1, 1, 1, 1, 1, 1, 1, 1, 1, 1, 1, 1, 1, 1, 1, 1, 1, 1, 1, 1, 1, 1, 1, 1, 1, 1, 1, 1, 1, 1, 1, 1, 1, 1, 1, 1, 1, 1, 1, 1, 1, 1, 1, 1, 1, 1, 1, 1, 1, 1, 1, 1, 1, 1, 1, 1, 1, 1, 1, 1, 1, 1, 1, 1, 1, 1, 1, 1, 1, 1, 1, 1, 1, 1, 1, 1, 1, 1, 1, 1, 1, 1, 1, 1, 1, 1, 1, 1, 1, 1, 1, 1, 1, 1, 1, 1, 1, 1, 1, 1, 1, 1, 1, 1, 1, 1, 1, 1, 1, 1, 1, 1, 1, 1, 1, 1, 1, 1, 1, 1, 1, 1, 1, 1, 1, 1, 1, 1, 1, 1, 1, 1, 1, 1, 1, 1, 1, 1, 1, 1, 1, 1, 1, 1, 1, 1, 1, 1, 1, 1, 1, 1, 1, 1, 1]",1.3016465020000396,1.3015523933333952,1.2959748160001254,1.3062901030000376,0.0034718391239689428,"[1.300679, 1.300465, 1.301647, 1.30629, 1.295975, 1.302445, 1.303088, 1.297349, 1.306035]",0.032589225999799964,0.03254199766658732,0.03162988199983374,0.032850434000010864,0.00035993221735525216,"[0.03163, 0.032727, 0.03285, 0.032777, 0.032589, 0.032571, 0.032498, 0.032576, 0.032659]",39.94100694530239,39.450766951806386,41.299240477941204,19,optimal,nan,53.74835205078125,34.62829780578613,411.05495733545905,411.053952152346,2.4453740189352454e-06,0.009915354029172319,0.004962541401835378,1.0,1.0,0.09937106918238994,0.18077803203661327,9,2,1e-07,1e-05,1000,8.0,720.0,160.0,280.20563877266994,32.0,1.0,28.0,1.1095700416088765,1.276233170314483,1.0
primary,x86_64,none,0.3.0,2.4.4,32,1,imbalanced,800,1600,0.35,0,0.9975125156445557,5,"[720, 32, 32, 8, 8]",powerlaw,5,0,0,731,720,"[28, 16, 8, 6, 6, 5, 3, 2, 2, 2, 2, 1, 1, 1, 1, 1, 1, 1, 1, 1, 1, 1, 1, 1, 1, 1, 1, 1, 1, 1, 1, 1, 1, 1, 1, 1, 1, 1, 1, 1, 1, 1, 1, 1, 1, 1, 1, 1, 1, 1, 1, 1, 1, 1, 1, 1, 1, 1, 1, 1, 1, 1, 1, 1, 1, 1, 1, 1, 1, 1, 1, 1, 1, 1, 1, 1, 1, 1, 1, 1, 1, 1, 1, 1, 1, 1, 1, 1, 1, 1, 1, 1, 1, 1, 1, 1, 1, 1, 1, 1, 1, 1, 1, 1, 1, 1, 1, 1, 1, 1, 1, 1, 1, 1, 1, 1, 1, 1, 1, 1, 1, 1, 1, 1, 1, 1, 1, 1, 1, 1, 1, 1, 1, 1, 1, 1, 1, 1, 1, 1, 1, 1, 1, 1, 1, 1, 1, 1, 1, 1, 1, 1, 1, 1, 1, 1, 1, 1, 1, 1, 1, 1, 1, 1, 1, 1, 1, 1, 1, 1, 1, 1, 1, 1, 1, 1, 1, 1, 1, 1, 1, 1, 1, 1, 1, 1, 1, 1, 1, 1, 1, 1, 1, 1, 1, 1, 1, 1, 1, 1]",1.2977041710000776,1.2970778926667208,1.291964562999965,1.2997191150000162,0.0027410750310290105,"[1.299473, 1.291965, 1.29731, 1.296684, 1.298533, 1.297704, 1.299058, 1.299719, 1.293255]",0.031006557999944562,0.0310094606666856,0.03007452099996044,0.031514727000057974,0.00040072875580472565,"[0.030075, 0.031061, 0.031007, 0.030978, 0.030979, 0.03136, 0.031163, 0.031515, 0.030947]",41.85257102714844,40.99558162117629,43.216618977962305,19,optimal,nan,53.74835205078125,34.6286678314209,412.2322872232676,412.231296232313,2.4039624873583692e-06,0.009915482250503871,0.004962605893873572,1.0,1.0,0.08679245283018867,0.1597222222222222,9,2,1e-07,1e-05,1000,8.0,720.0,160.0,280.20563877266994,32.0,1.0,28.0,1.094391244870041,1.2101299543016764,1.0
primary,x86_64,none,0.3.0,2.4.4,32,1,imbalanced,800,1600,0.4,0,0.9975125156445557,5,"[720, 32, 32, 8, 8]",powerlaw,5,0,0,738,728,"[28, 16, 6, 6, 5, 3, 2, 2, 2, 2, 1, 1, 1, 1, 1, 1, 1, 1, 1, 1, 1, 1, 1, 1, 1, 1, 1, 1, 1, 1, 1, 1, 1, 1, 1, 1, 1, 1, 1, 1, 1, 1, 1, 1, 1, 1, 1, 1, 1, 1, 1, 1, 1, 1, 1, 1, 1, 1, 1, 1, 1, 1, 1, 1, 1, 1, 1, 1, 1, 1, 1, 1, 1, 1, 1, 1, 1, 1, 1, 1, 1, 1, 1, 1, 1, 1, 1, 1, 1, 1, 1, 1, 1, 1, 1, 1, 1, 1, 1, 1, 1, 1, 1, 1, 1, 1, 1, 1, 1, 1, 1, 1, 1, 1, 1, 1, 1, 1, 1, 1, 1, 1, 1, 1, 1, 1, 1, 1, 1, 1, 1, 1, 1, 1, 1, 1, 1, 1, 1, 1, 1, 1, 1, 1, 1, 1, 1, 1, 1, 1, 1, 1, 1, 1, 1, 1, 1, 1, 1, 1, 1, 1, 1, 1, 1, 1, 1, 1, 1, 1, 1, 1, 1, 1, 1, 1, 1, 1, 1, 1, 1, 1, 1, 1, 1, 1, 1, 1, 1, 1, 1, 1, 1, 1, 1, 1, 1, 1, 1, 1]",1.2978448589999516,1.2987419938888758,1.2942793359998177,1.3032777560001705,0.0029015000232475246,"[1.303278, 1.298961, 1.296578, 1.296837, 1.301013, 1.294279, 1.297845, 1.297748, 1.302141]",0.030237194999926942,0.030255796444458208,0.03013508699996237,0.030427164999991874,9.753489410909314e-05,"[0.030135, 0.030377, 0.030237, 0.030248, 0.030217, 0.030308, 0.030427, 0.030175, 0.030177]",42.922131467653905,42.536967739195006,43.24785111792768,19,optimal,nan,53.74835205078125,34.628846168518066,413.2687567455529,413.2677666093208,2.395865198892187e-06,0.009915590648331252,0.004962660415204514,1.0,1.0,0.0779874213836478,0.14469078179696615,9,2,1e-07,1e-05,1000,8.0,720.0,160.0,280.20563877266994,32.0,1.0,28.0,1.084010840108401,1.1772408879594591,1.0
primary,x86_64,none,0.3.0,2.4.4,32,1,imbalanced,800,4000,0.05,0,0.9975125156445557,5,"[720, 32, 32, 8, 8]",powerlaw,5,0,0,108,41,"[536, 8, 7, 7, 7, 6, 6, 6, 6, 5, 5, 5, 4, 4, 4, 4, 4, 4, 4, 4, 4, 4, 4, 4, 4, 3, 3, 3, 3, 3, 3, 3, 3, 3, 3, 3, 3, 3, 3, 3, 3, 3, 3, 3, 2, 2, 2, 2, 2, 2, 2, 2, 2, 2, 2, 2, 2, 2, 2, 2, 2, 2, 2, 2, 2, 2, 2, 1, 1, 1, 1, 1, 1, 1, 1, 1, 1, 1, 1, 1, 1, 1, 1, 1, 1, 1, 1, 1, 1, 1, 1, 1, 1, 1, 1, 1, 1, 1, 1, 1, 1, 1, 1, 1, 1, 1, 1, 1]",1.4509559289999743,1.4521606941111713,1.4449827450000612,1.4600364249999984,0.005115961668009633,"[1.450042, 1.45469, 1.460036, 1.450956, 1.447761, 1.457681, 1.45572, 1.444983, 1.447578]",0.5822019289998934,0.5818580175555831,0.5797252340000796,0.5835044340001332,0.001092347599535113,"[0.580935, 0.582787, 0.582202, 0.581573, 0.582246, 0.581543, 0.583504, 0.579725, 0.582207]",2.4921867426520325,2.4763869146532165,2.5184972800404233,21,optimal,nan,53.74835205078125,49.773179054260254,396.68192826924,396.6807299528228,3.020849531661392e-06,0.007462719982409327,0.0038605157098064815,0.999971875,0.7617834394904459,0.7522012578616353,0.7569620253164558,9,2,1e-07,1e-05,1000,8.0,720.0,160.0,280.20563877266994,32.0,1.0,536.0,7.407407407407407,51.1272988321411,2.0
primary,x86_64,none,0.3.0,2.4.4,32,1,imbalanced,800,4000,0.1,0,0.9975125156445557,5,"[720, 32, 32, 8, 8]",powerlaw,5,0,0,410,263,"[46, 21, 21, 16, 14, 11, 9, 9, 8, 8, 7, 7, 7, 7, 6, 6, 6, 6, 6, 5, 5, 5, 4, 4, 4, 4, 4, 4, 4, 4, 4, 4, 4, 4, 3, 3, 3, 3, 3, 3, 3, 3, 3, 3, 3, 3, 3, 3, 3, 3, 3, 3, 3, 3, 3, 3, 3, 3, 3, 3, 3, 2, 2, 2, 2, 2, 2, 2, 2, 2, 2, 2, 2, 2, 2, 2, 2, 2, 2, 2, 2, 2, 2, 2, 2, 2, 2, 2, 2, 2, 2, 2, 2, 2, 2, 2, 2, 2, 2, 2, 2, 2, 2, 2, 2, 2, 2, 2, 2, 2, 2, 2, 2, 2, 2, 2, 2, 2, 2, 2, 2, 2, 2, 2, 2, 2, 2, 2, 2, 2, 2, 2, 2, 2, 2, 2, 2, 2, 2, 2, 2, 2, 2, 2, 2, 2, 2, 1, 1, 1, 1, 1, 1, 1, 1, 1, 1, 1, 1, 1, 1, 1, 1, 1, 1, 1, 1, 1, 1, 1, 1, 1, 1, 1, 1, 1, 1, 1, 1, 1, 1, 1, 1, 1, 1, 1, 1, 1, 1, 1, 1, 1, 1, 1, 1, 1, 1, 1, 1, 1]",1.303288708000082,1.304452837666708,1.301563576000035,1.3097842909999144,0.002909163204276484,"[1.30704, 1.309784, 1.301677, 1.30521, 1.301766, 1.306748, 1.302997, 1.303289, 1.301564]",0.07346242900007383,0.0734448831111523,0.07250545700003386,0.07408814199993685,0.00042875217426181496,"[0.072505, 0.073428, 0.073649, 0.073428, 0.073614, 0.073189, 0.073639, 0.073462, 0.074088]",17.74088776725273,17.567771857487593,18.064630514628753,19,optimal,nan,53.74835205078125,34.66198253631592,404.59366500554626,404.5924437611668,3.018446617136962e-06,0.0072226237240888835,0.0037415850127962254,0.999996875,0.9974358974358974,0.48930817610062893,0.6565400843881856,9,2,1e-07,1e-05,1000,8.0,720.0,160.0,280.20563877266994,32.0,1.0,46.0,1.951219512195122,3.0415915242837723,1.0
primary,x86_64,none,0.3.0,2.4.4,32,1,imbalanced,800,4000,0.15,0,0.9975125156445557,5,"[720, 32, 32, 8, 8]",powerlaw,5,0,0,615,560,"[28, 21, 21, 18, 16, 14, 8, 7, 6, 4, 4, 4, 3, 3, 3, 2, 2, 2, 2, 2, 2, 2, 2, 2, 2, 2, 2, 2, 2, 2, 2, 2, 2, 2, 2, 2, 2, 2, 2, 2, 2, 2, 2, 2, 2, 2, 2, 2, 2, 2, 2, 2, 2, 2, 2, 1, 1, 1, 1, 1, 1, 1, 1, 1, 1, 1, 1, 1, 1, 1, 1, 1, 1, 1, 1, 1, 1, 1, 1, 1, 1, 1, 1, 1, 1, 1, 1, 1, 1, 1, 1, 1, 1, 1, 1, 1, 1, 1, 1, 1, 1, 1, 1, 1, 1, 1, 1, 1, 1, 1, 1, 1, 1, 1, 1, 1, 1, 1, 1, 1, 1, 1, 1, 1, 1, 1, 1, 1, 1, 1, 1, 1, 1, 1, 1, 1, 1, 1, 1, 1, 1, 1, 1, 1, 1, 1, 1, 1, 1, 1, 1, 1, 1, 1, 1, 1, 1, 1, 1, 1, 1, 1, 1, 1, 1, 1, 1, 1, 1, 1, 1, 1, 1, 1, 1, 1, 1, 1, 1, 1, 1, 1, 1, 1, 1, 1, 1, 1, 1, 1, 1, 1, 1, 1, 1, 1, 1, 1, 1, 1]",1.2319019379999645,1.233337104111115,1.2272168890001467,1.2409435150000263,0.00444216677663507,"[1.231902, 1.230522, 1.237719, 1.227217, 1.229247, 1.231115, 1.236269, 1.2351, 1.240944]",0.04336651099993105,0.0432728450000468,0.042438034000042535,0.04366333799998756,0.0003547715798594328,"[0.042438, 0.043367, 0.043424, 0.043116, 0.043448, 0.043253, 0.043663, 0.043216, 0.043532]",28.406756955889836,28.106346083767033,29.241305452528326,18,optimal,nan,53.74835205078125,34.6439094543457,408.1892572754631,408.18769967069017,3.8158886966389295e-06,0.009154043218005059,0.004746880896593172,1.0,1.0,0.23270440251572327,0.3775510204081633,9,2,1e-07,1e-05,1000,8.0,720.0,160.0,280.20563877266994,32.0,1.0,28.0,1.3008130081300813,1.9528380820718694,1.0
primary,x86_64,none,0.3.0,2.4.4,32,1,imbalanced,800,4000,0.2,0,0.9975125156445557,5,"[720, 32, 32, 8, 8]",powerlaw,5,0,0,685,673,"[28, 21, 21, 18, 8, 7, 6, 6, 4, 4, 2, 2, 1, 1, 1, 1, 1, 1, 1, 1, 1, 1, 1, 1, 1, 1, 1, 1, 1, 1, 1, 1, 1, 1, 1, 1, 1, 1, 1, 1, 1, 1, 1, 1, 1, 1, 1, 1, 1, 1, 1, 1, 1, 1, 1, 1, 1, 1, 1, 1, 1, 1, 1, 1, 1, 1, 1, 1, 1, 1, 1, 1, 1, 1, 1, 1, 1, 1, 1, 1, 1, 1, 1, 1, 1, 1, 1, 1, 1, 1, 1, 1, 1, 1, 1, 1, 1, 1, 1, 1, 1, 1, 1, 1, 1, 1, 1, 1, 1, 1, 1, 1, 1, 1, 1, 1, 1, 1, 1, 1, 1, 1, 1, 1, 1, 1, 1, 1, 1, 1, 1, 1, 1, 1, 1, 1, 1, 1, 1, 1, 1, 1, 1, 1, 1, 1, 1, 1, 1, 1, 1, 1, 1, 1, 1, 1, 1, 1, 1, 1, 1, 1, 1, 1, 1, 1, 1, 1, 1, 1, 1, 1, 1, 1, 1, 1, 1, 1, 1, 1, 1, 1, 1, 1, 1, 1, 1, 1, 1, 1, 1, 1, 1, 1, 1, 1, 1, 1, 1, 1]",1.2326801469998827,1.2327087276666537,1.2278252600001451,1.2386451500001385,0.0034631222456916622,"[1.231074, 1.234273, 1.235338, 1.235137, 1.238645, 1.229049, 1.23268, 1.227825, 1.230357]",0.03377661500007889,0.03370023077779175,0.03298942700007501,0.03394996199995148,0.00027903774114166236,"[0.032989, 0.033752, 0.03395, 0.033779, 0.033672, 0.033813, 0.033777, 0.033705, 0.033864]",36.49507646035589,36.16573296906488,37.546731260210194,18,optimal,nan,53.74835205078125,34.6363525390625,410.2888539720259,410.2871057563619,4.260938719353337e-06,0.009154295177527638,0.004747012171850027,0.999996875,1.0,0.14465408805031446,0.25274725274725274,9,2,1e-07,1e-05,1000,8.0,720.0,160.0,280.20563877266994,32.0,1.0,28.0,1.167883211678832,1.6888182844934265,1.0
primary,x86_64,none,0.3.0,2.4.4,32,1,imbalanced,800,4000,0.25,0,0.9975125156445557,5,"[720, 32, 32, 8, 8]",powerlaw,5,0,0,702,692,"[28, 20, 18, 15, 8, 6, 6, 3, 2, 2, 1, 1, 1, 1, 1, 1, 1, 1, 1, 1, 1, 1, 1, 1, 1, 1, 1, 1, 1, 1, 1, 1, 1, 1, 1, 1, 1, 1, 1, 1, 1, 1, 1, 1, 1, 1, 1, 1, 1, 1, 1, 1, 1, 1, 1, 1, 1, 1, 1, 1, 1, 1, 1, 1, 1, 1, 1, 1, 1, 1, 1, 1, 1, 1, 1, 1, 1, 1, 1, 1, 1, 1, 1, 1, 1, 1, 1, 1, 1, 1, 1, 1, 1, 1, 1, 1, 1, 1, 1, 1, 1, 1, 1, 1, 1, 1, 1, 1, 1, 1, 1, 1, 1, 1, 1, 1, 1, 1, 1, 1, 1, 1, 1, 1, 1, 1, 1, 1, 1, 1, 1, 1, 1, 1, 1, 1, 1, 1, 1, 1, 1, 1, 1, 1, 1, 1, 1, 1, 1, 1, 1, 1, 1, 1, 1, 1, 1, 1, 1, 1, 1, 1, 1, 1, 1, 1, 1, 1, 1, 1, 1, 1, 1, 1, 1, 1, 1, 1, 1, 1, 1, 1, 1, 1, 1, 1, 1, 1, 1, 1, 1, 1, 1, 1, 1, 1, 1, 1, 1, 1]",1.2312283109999953,1.2308701842222136,1.2227259989999766,1.2365083729998787,0.004101849459466672,"[1.230947, 1.231342, 1.231228, 1.222726, 1.233732, 1.233888, 1.236508, 1.226531, 1.230928]",0.03330170000003818,0.033155660111156574,0.03234947600003579,0.03349641799991332,0.00035984389983575034,"[0.032349, 0.033302, 0.033496, 0.032923, 0.033433, 0.033207, 0.033384, 0.032976, 0.03333]",36.9719356969339,36.503186669187755,38.2234436501695,18,optimal,nan,53.74835205078125,34.63469314575195,411.9398192648306,411.93834577434717,3.5769556971928698e-06,0.009154482418909593,0.004747109727861629,1.0,1.0,0.12327044025157233,0.219484882418813,9,2,1e-07,1e-05,1000,8.0,720.0,160.0,280.20563877266994,32.0,1.0,28.0,1.1396011396011396,1.5406732018778206,1.0
primary,x86_64,none,0.3.0,2.4.4,32,1,imbalanced,800,4000,0.3,0,0.9975125156445557,5,"[720, 32, 32, 8, 8]",powerlaw,5,0,0,723,713,"[28, 17, 8, 8, 6, 6, 6, 3, 3, 2, 1, 1, 1, 1, 1, 1, 1, 1, 1, 1, 1, 1, 1, 1, 1, 1, 1, 1, 1, 1, 1, 1, 1, 1, 1, 1, 1, 1, 1, 1, 1, 1, 1, 1, 1, 1, 1, 1, 1, 1, 1, 1, 1, 1, 1, 1, 1, 1, 1, 1, 1, 1, 1, 1, 1, 1, 1, 1, 1, 1, 1, 1, 1, 1, 1, 1, 1, 1, 1, 1, 1, 1, 1, 1, 1, 1, 1, 1, 1, 1, 1, 1, 1, 1, 1, 1, 1, 1, 1, 1, 1, 1, 1, 1, 1, 1, 1, 1, 1, 1, 1, 1, 1, 1, 1, 1, 1, 1, 1, 1, 1, 1, 1, 1, 1, 1, 1, 1, 1, 1, 1, 1, 1, 1, 1, 1, 1, 1, 1, 1, 1, 1, 1, 1, 1, 1, 1, 1, 1, 1, 1, 1, 1, 1, 1, 1, 1, 1, 1, 1, 1, 1, 1, 1, 1, 1, 1, 1, 1, 1, 1, 1, 1, 1, 1, 1, 1, 1, 1, 1, 1, 1, 1, 1, 1, 1, 1, 1, 1, 1, 1, 1, 1, 1, 1, 1, 1, 1, 1, 1]",1.2293242230000487,1.229473296444414,1.2235158339999543,1.237298267999904,0.0038203939101663876,"[1.226114, 1.223516, 1.230516, 1.229295, 1.229324, 1.230016, 1.227681, 1.237298, 1.231499]",0.032427847000008114,0.0323960531111172,0.03183537800009617,0.03259644400009165,0.0002335096190161338,"[0.031835, 0.032396, 0.032291, 0.032455, 0.032589, 0.032408, 0.032566, 0.032428, 0.032596]",37.90952334885943,37.53525488843244,38.865512072643405,18,optimal,nan,53.74835205078125,34.62837219238281,413.3009022950517,413.2994382830567,3.542242436088354e-06,0.009154624860366,0.004747183942346721,1.0,1.0,0.09685534591194969,0.176605504587156,9,2,1e-07,1e-05,1000,8.0,720.0,160.0,280.20563877266994,32.0,1.0,28.0,1.1065006915629323,1.2660037466429723,1.0
primary,x86_64,none,0.3.0,2.4.4,32,1,imbalanced,800,4000,0.35,0,0.9975125156445557,5,"[720, 32, 32, 8, 8]",powerlaw,5,0,0,731,721,"[28, 16, 8, 6, 6, 5, 3, 3, 2, 2, 1, 1, 1, 1, 1, 1, 1, 1, 1, 1, 1, 1, 1, 1, 1, 1, 1, 1, 1, 1, 1, 1, 1, 1, 1, 1, 1, 1, 1, 1, 1, 1, 1, 1, 1, 1, 1, 1, 1, 1, 1, 1, 1, 1, 1, 1, 1, 1, 1, 1, 1, 1, 1, 1, 1, 1, 1, 1, 1, 1, 1, 1, 1, 1, 1, 1, 1, 1, 1, 1, 1, 1, 1, 1, 1, 1, 1, 1, 1, 1, 1, 1, 1, 1, 1, 1, 1, 1, 1, 1, 1, 1, 1, 1, 1, 1, 1, 1, 1, 1, 1, 1, 1, 1, 1, 1, 1, 1, 1, 1, 1, 1, 1, 1, 1, 1, 1, 1, 1, 1, 1, 1, 1, 1, 1, 1, 1, 1, 1, 1, 1, 1, 1, 1, 1, 1, 1, 1, 1, 1, 1, 1, 1, 1, 1, 1, 1, 1, 1, 1, 1, 1, 1, 1, 1, 1, 1, 1, 1, 1, 1, 1, 1, 1, 1, 1, 1, 1, 1, 1, 1, 1, 1, 1, 1, 1, 1, 1, 1, 1, 1, 1, 1, 1, 1, 1, 1, 1, 1, 1]",1.2263859970000794,1.2268221905555694,1.2221471790001033,1.2302066089998789,0.0029022949704991283,"[1.230207, 1.225131, 1.222147, 1.225736, 1.230204, 1.229069, 1.223737, 1.228782, 1.226386]",0.03123816800007262,0.031134212111106133,0.0303298740000173,0.03131415600000764,0.0003082139693514221,"[0.03033, 0.031113, 0.031314, 0.031276, 0.031168, 0.031238, 0.031286, 0.031275, 0.031207]",39.259216385456035,39.02858435653846,40.560887559215615,18,optimal,nan,53.74835205078125,34.62804985046387,414.4664452654729,414.46499238148203,3.5054321223040228e-06,0.009154739767981868,0.004747243811228279,1.0,1.0,0.08679245283018867,0.1597222222222222,9,2,1e-07,1e-05,1000,8.0,720.0,160.0,280.20563877266994,32.0,1.0,28.0,1.094391244870041,1.2112598748453414,1.0
primary,x86_64,none,0.3.0,2.4.4,32,1,imbalanced,800,4000,0.4,0,0.9975125156445557,5,"[720, 32, 32, 8, 8]",powerlaw,5,0,0,736,727,"[28, 16, 6, 6, 5, 5, 3, 2, 2, 1, 1, 1, 1, 1, 1, 1, 1, 1, 1, 1, 1, 1, 1, 1, 1, 1, 1, 1, 1, 1, 1, 1, 1, 1, 1, 1, 1, 1, 1, 1, 1, 1, 1, 1, 1, 1, 1, 1, 1, 1, 1, 1, 1, 1, 1, 1, 1, 1, 1, 1, 1, 1, 1, 1, 1, 1, 1, 1, 1, 1, 1, 1, 1, 1, 1, 1, 1, 1, 1, 1, 1, 1, 1, 1, 1, 1, 1, 1, 1, 1, 1, 1, 1, 1, 1, 1, 1, 1, 1, 1, 1, 1, 1, 1, 1, 1, 1, 1, 1, 1, 1, 1, 1, 1, 1, 1, 1, 1, 1, 1, 1, 1, 1, 1, 1, 1, 1, 1, 1, 1, 1, 1, 1, 1, 1, 1, 1, 1, 1, 1, 1, 1, 1, 1, 1, 1, 1, 1, 1, 1, 1, 1, 1, 1, 1, 1, 1, 1, 1, 1, 1, 1, 1, 1, 1, 1, 1, 1, 1, 1, 1, 1, 1, 1, 1, 1, 1, 1, 1, 1, 1, 1, 1, 1, 1, 1, 1, 1, 1, 1, 1, 1, 1, 1, 1, 1, 1, 1, 1, 1]",1.2250967160000528,1.2259479407777891,1.2221914900001138,1.2314737849999347,0.0027150712258196823,"[1.227577, 1.225097, 1.231474, 1.224871, 1.224884, 1.22672, 1.227278, 1.223439, 1.222191]",0.030390434000082678,0.030333179111140553,0.029651926000042295,0.030570905000104176,0.00027485160689445814,"[0.029652, 0.030555, 0.030401, 0.030571, 0.03039, 0.030324, 0.030342, 0.030485, 0.030278]",40.31191907284772,39.97891099383381,41.53098807133736,18,optimal,nan,53.74835205078125,34.62793159484863,415.49291896129967,415.4914681837698,3.491702177420086e-06,0.009154839239262413,0.004747295637514384,1.0,1.0,0.08050314465408805,0.1490104772991851,9,2,1e-07,1e-05,1000,8.0,720.0,160.0,280.20563877266994,32.0,1.0,28.0,1.0869565217391304,1.1866757909775734,1.0
primary,x86_64,none,0.3.0,2.4.4,32,1,imbalanced,800,8000,0.05,0,0.9975125156445557,5,"[720, 32, 32, 8, 8]",powerlaw,5,0,0,176,55,"[192, 25, 23, 18, 15, 14, 12, 12, 11, 9, 9, 9, 8, 8, 8, 7, 7, 7, 7, 7, 7, 6, 6, 6, 6, 6, 6, 6, 6, 6, 6, 6, 5, 5, 5, 5, 5, 5, 4, 4, 4, 4, 4, 4, 4, 4, 4, 4, 4, 4, 4, 4, 4, 4, 4, 4, 4, 4, 4, 3, 3, 3, 3, 3, 3, 3, 3, 3, 3, 3, 3, 3, 3, 3, 3, 3, 3, 3, 3, 3, 3, 3, 3, 3, 3, 2, 2, 2, 2, 2, 2, 2, 2, 2, 2, 2, 2, 2, 2, 2, 2, 2, 2, 2, 2, 2, 2, 2, 2, 2, 2, 2, 2, 2, 2, 2, 2, 2, 2, 2, 2, 1, 1, 1, 1, 1, 1, 1, 1, 1, 1, 1, 1, 1, 1, 1, 1, 1, 1, 1, 1, 1, 1, 1, 1, 1, 1, 1, 1, 1, 1, 1, 1, 1, 1, 1, 1, 1, 1, 1, 1, 1, 1, 1, 1, 1, 1, 1, 1, 1, 1, 1, 1, 1, 1, 1]",1.4508560440001474,1.4507595469999868,1.4482060569998794,1.4538030249998428,0.0018919930955974358,"[1.448699, 1.450856, 1.451878, 1.449264, 1.453803, 1.448206, 1.452522, 1.451804, 1.449804]",0.1439378499999293,0.14377492333336603,0.14322071300011885,0.1442323020000913,0.0003555290830986284,"[0.143431, 0.143966, 0.144232, 0.144, 0.143221, 0.143938, 0.144099, 0.143703, 0.143385]",10.079739582054755,10.040788623057287,10.150787512129174,21,optimal,nan,53.74835205078125,35.391801834106445,397.0442101542022,397.04266907540705,3.881378334492518e-06,0.006717554459253261,0.0035431310265148994,0.999971875,0.95260663507109,0.7584905660377359,0.8445378151260505,9,2,1e-07,1e-05,1000,8.0,720.0,160.0,280.20563877266994,32.0,1.0,192.0,4.545454545454546,14.612346189336767,2.0
primary,x86_64,none,0.3.0,2.4.4,32,1,imbalanced,800,8000,0.1,0,0.9975125156445557,5,"[720, 32, 32, 8, 8]",powerlaw,5,0,0,408,264,"[28, 21, 21, 18, 16, 14, 11, 9, 9, 8, 8, 8, 7, 7, 7, 7, 7, 6, 6, 6, 6, 5, 5, 5, 4, 4, 4, 4, 4, 4, 4, 4, 4, 4, 4, 4, 4, 3, 3, 3, 3, 3, 3, 3, 3, 3, 3, 3, 3, 3, 3, 3, 3, 3, 3, 3, 3, 3, 3, 3, 3, 3, 2, 2, 2, 2, 2, 2, 2, 2, 2, 2, 2, 2, 2, 2, 2, 2, 2, 2, 2, 2, 2, 2, 2, 2, 2, 2, 2, 2, 2, 2, 2, 2, 2, 2, 2, 2, 2, 2, 2, 2, 2, 2, 2, 2, 2, 2, 2, 2, 2, 2, 2, 2, 2, 2, 2, 2, 2, 2, 2, 2, 2, 2, 2, 2, 2, 2, 2, 2, 2, 2, 2, 2, 2, 2, 2, 2, 2, 2, 2, 2, 2, 2, 1, 1, 1, 1, 1, 1, 1, 1, 1, 1, 1, 1, 1, 1, 1, 1, 1, 1, 1, 1, 1, 1, 1, 1, 1, 1, 1, 1, 1, 1, 1, 1, 1, 1, 1, 1, 1, 1, 1, 1, 1, 1, 1, 1, 1, 1, 1, 1, 1, 1, 1, 1, 1, 1, 1, 1]",1.2923360639999828,1.2942936269999892,1.287062006000042,1.30162194799982,0.004898054735772333,"[1.292535, 1.291622, 1.301622, 1.291928, 1.291953, 1.30019, 1.287062, 1.292336, 1.299395]",0.06549096399999144,0.0656098265556011,0.06437726400008614,0.06656191999991279,0.0007974022133010395,"[0.064377, 0.064928, 0.065491, 0.066096, 0.065012, 0.065153, 0.066535, 0.066334, 0.066562]",19.733043844035517,19.336311302344168,20.21865899734537,19,optimal,nan,53.74835205078125,34.63805961608887,404.89956633413124,404.8984105251959,2.854557108537798e-06,0.00597005007461715,0.003152713446598251,1.0,1.0,0.4930817610062893,0.6604886267902275,9,2,1e-07,1e-05,1000,8.0,720.0,160.0,280.20563877266994,32.0,1.0,28.0,1.9607843137254901,2.6371091147108787,1.0
primary,x86_64,none,0.3.0,2.4.4,32,1,imbalanced,800,8000,0.15,0,0.9975125156445557,5,"[720, 32, 32, 8, 8]",powerlaw,5,0,0,621,573,"[28, 21, 21, 18, 16, 14, 8, 7, 6, 4, 4, 4, 3, 3, 3, 3, 2, 2, 2, 2, 2, 2, 2, 2, 2, 2, 2, 2, 2, 2, 2, 2, 2, 2, 2, 2, 2, 2, 2, 2, 2, 2, 2, 2, 2, 2, 2, 2, 1, 1, 1, 1, 1, 1, 1, 1, 1, 1, 1, 1, 1, 1, 1, 1, 1, 1, 1, 1, 1, 1, 1, 1, 1, 1, 1, 1, 1, 1, 1, 1, 1, 1, 1, 1, 1, 1, 1, 1, 1, 1, 1, 1, 1, 1, 1, 1, 1, 1, 1, 1, 1, 1, 1, 1, 1, 1, 1, 1, 1, 1, 1, 1, 1, 1, 1, 1, 1, 1, 1, 1, 1, 1, 1, 1, 1, 1, 1, 1, 1, 1, 1, 1, 1, 1, 1, 1, 1, 1, 1, 1, 1, 1, 1, 1, 1, 1, 1, 1, 1, 1, 1, 1, 1, 1, 1, 1, 1, 1, 1, 1, 1, 1, 1, 1, 1, 1, 1, 1, 1, 1, 1, 1, 1, 1, 1, 1, 1, 1, 1, 1, 1, 1, 1, 1, 1, 1, 1, 1, 1, 1, 1, 1, 1, 1, 1, 1, 1, 1, 1, 1]",1.2338028990000112,1.2343323525555105,1.2308216300000367,1.2370526170000176,0.0021049427993686857,"[1.233611, 1.233803, 1.235204, 1.236453, 1.237053, 1.236421, 1.230822, 1.233397, 1.232229]",0.04231225900002755,0.04236067488886874,0.042105665999997655,0.04275512699996398,0.00021651447156500821,"[0.042578, 0.042106, 0.042138, 0.042325, 0.042207, 0.042302, 0.042755, 0.042312, 0.042524]",29.15946650353052,28.78769673637208,29.3797185632947,18,optimal,nan,53.74835205078125,34.642605781555176,408.45744165270503,408.45593999229374,3.67641829517642e-06,0.007631508449093216,0.0040336492443307816,1.0,1.0,0.22515723270440252,0.3675564681724846,9,2,1e-07,1e-05,1000,8.0,720.0,160.0,280.20563877266994,32.0,1.0,28.0,1.288244766505636,1.9434038016389241,1.0
primary,x86_64,none,0.3.0,2.4.4,32,1,imbalanced,800,8000,0.2,0,0.9975125156445557,5,"[720, 32, 32, 8, 8]",powerlaw,5,0,0,684,672,"[28, 21, 21, 18, 8, 8, 6, 5, 4, 4, 3, 2, 1, 1, 1, 1, 1, 1, 1, 1, 1, 1, 1, 1, 1, 1, 1, 1, 1, 1, 1, 1, 1, 1, 1, 1, 1, 1, 1, 1, 1, 1, 1, 1, 1, 1, 1, 1, 1, 1, 1, 1, 1, 1, 1, 1, 1, 1, 1, 1, 1, 1, 1, 1, 1, 1, 1, 1, 1, 1, 1, 1, 1, 1, 1, 1, 1, 1, 1, 1, 1, 1, 1, 1, 1, 1, 1, 1, 1, 1, 1, 1, 1, 1, 1, 1, 1, 1, 1, 1, 1, 1, 1, 1, 1, 1, 1, 1, 1, 1, 1, 1, 1, 1, 1, 1, 1, 1, 1, 1, 1, 1, 1, 1, 1, 1, 1, 1, 1, 1, 1, 1, 1, 1, 1, 1, 1, 1, 1, 1, 1, 1, 1, 1, 1, 1, 1, 1, 1, 1, 1, 1, 1, 1, 1, 1, 1, 1, 1, 1, 1, 1, 1, 1, 1, 1, 1, 1, 1, 1, 1, 1, 1, 1, 1, 1, 1, 1, 1, 1, 1, 1, 1, 1, 1, 1, 1, 1, 1, 1, 1, 1, 1, 1, 1, 1, 1, 1, 1, 1]",1.2333910979998564,1.2338660784444073,1.2313904909999565,1.2373555899998792,0.002097307211094755,"[1.233391, 1.23139, 1.234816, 1.232106, 1.237356, 1.23201, 1.232552, 1.234701, 1.236472]",0.03468615600013436,0.03461043166667979,0.03405569200003811,0.03494261500009088,0.0002486691622145389,"[0.034056, 0.034943, 0.034686, 0.034598, 0.03454, 0.034789, 0.034711, 0.034691, 0.03448]",35.55859859464043,35.24036455190185,36.33329752919114,18,optimal,nan,53.74835205078125,34.63654804229736,410.5481854807104,410.5464015762129,4.345176913740816e-06,0.008171702509824741,0.004319172297520682,0.999996875,1.0,0.1459119496855346,0.25466520307354557,9,2,1e-07,1e-05,1000,8.0,720.0,160.0,280.20563877266994,32.0,1.0,28.0,1.1695906432748537,1.6929193293889948,1.0
primary,x86_64,none,0.3.0,2.4.4,32,1,imbalanced,800,8000,0.25,0,0.9975125156445557,5,"[720, 32, 32, 8, 8]",powerlaw,5,0,0,701,691,"[28, 21, 18, 15, 8, 6, 6, 3, 2, 2, 1, 1, 1, 1, 1, 1, 1, 1, 1, 1, 1, 1, 1, 1, 1, 1, 1, 1, 1, 1, 1, 1, 1, 1, 1, 1, 1, 1, 1, 1, 1, 1, 1, 1, 1, 1, 1, 1, 1, 1, 1, 1, 1, 1, 1, 1, 1, 1, 1, 1, 1, 1, 1, 1, 1, 1, 1, 1, 1, 1, 1, 1, 1, 1, 1, 1, 1, 1, 1, 1, 1, 1, 1, 1, 1, 1, 1, 1, 1, 1, 1, 1, 1, 1, 1, 1, 1, 1, 1, 1, 1, 1, 1, 1, 1, 1, 1, 1, 1, 1, 1, 1, 1, 1, 1, 1, 1, 1, 1, 1, 1, 1, 1, 1, 1, 1, 1, 1, 1, 1, 1, 1, 1, 1, 1, 1, 1, 1, 1, 1, 1, 1, 1, 1, 1, 1, 1, 1, 1, 1, 1, 1, 1, 1, 1, 1, 1, 1, 1, 1, 1, 1, 1, 1, 1, 1, 1, 1, 1, 1, 1, 1, 1, 1, 1, 1, 1, 1, 1, 1, 1, 1, 1, 1, 1, 1, 1, 1, 1, 1, 1, 1, 1, 1, 1, 1, 1, 1, 1, 1]",1.2341072919998624,1.234569421444424,1.2316032260000611,1.2389373319999777,0.002613863441140078,"[1.235538, 1.233281, 1.231603, 1.231615, 1.234107, 1.234312, 1.233435, 1.238296, 1.238937]",0.03335518299991236,0.03335175333331285,0.03281258099991646,0.033644888000026185,0.0002701348925688746,"[0.032813, 0.033099, 0.033645, 0.033637, 0.033322, 0.033312, 0.033593, 0.033355, 0.033391]",36.998966307668134,36.605954105096224,37.757996909878315,18,optimal,nan,53.74835205078125,34.634623527526855,412.1944506711335,412.19302987715275,3.446902253120311e-06,0.007633479740407179,0.004034695378216798,1.0,1.0,0.12452830188679245,0.2214765100671141,9,2,1e-07,1e-05,1000,8.0,720.0,160.0,280.20563877266994,32.0,1.0,28.0,1.1412268188302426,1.5595724133891873,1.0
primary,x86_64,none,0.3.0,2.4.4,32,1,imbalanced,800,8000,0.3,0,0.9975125156445557,5,"[720, 32, 32, 8, 8]",powerlaw,5,0,0,723,713,"[28, 17, 9, 8, 6, 6, 5, 3, 3, 2, 1, 1, 1, 1, 1, 1, 1, 1, 1, 1, 1, 1, 1, 1, 1, 1, 1, 1, 1, 1, 1, 1, 1, 1, 1, 1, 1, 1, 1, 1, 1, 1, 1, 1, 1, 1, 1, 1, 1, 1, 1, 1, 1, 1, 1, 1, 1, 1, 1, 1, 1, 1, 1, 1, 1, 1, 1, 1, 1, 1, 1, 1, 1, 1, 1, 1, 1, 1, 1, 1, 1, 1, 1, 1, 1, 1, 1, 1, 1, 1, 1, 1, 1, 1, 1, 1, 1, 1, 1, 1, 1, 1, 1, 1, 1, 1, 1, 1, 1, 1, 1, 1, 1, 1, 1, 1, 1, 1, 1, 1, 1, 1, 1, 1, 1, 1, 1, 1, 1, 1, 1, 1, 1, 1, 1, 1, 1, 1, 1, 1, 1, 1, 1, 1, 1, 1, 1, 1, 1, 1, 1, 1, 1, 1, 1, 1, 1, 1, 1, 1, 1, 1, 1, 1, 1, 1, 1, 1, 1, 1, 1, 1, 1, 1, 1, 1, 1, 1, 1, 1, 1, 1, 1, 1, 1, 1, 1, 1, 1, 1, 1, 1, 1, 1, 1, 1, 1, 1, 1, 1]",1.23279069299997,1.2320402261111414,1.2275891210001646,1.2347391440000592,0.0024213384071652393,"[1.232791, 1.231076, 1.234413, 1.23088, 1.227589, 1.23363, 1.234739, 1.233679, 1.229565]",0.03252763000000414,0.032525651333293756,0.03204320600002575,0.03281377299981614,0.00024080535959120297,"[0.032043, 0.032528, 0.032474, 0.032486, 0.032727, 0.032649, 0.032814, 0.032296, 0.032714]",37.8998006617701,37.41078848223406,38.533570704475295,18,optimal,nan,53.74835205078125,34.628315925598145,413.54759952257547,413.5461693867383,3.4582133684370258e-06,0.00763430268299925,0.004035132101798539,1.0,1.0,0.09685534591194969,0.176605504587156,9,2,1e-07,1e-05,1000,8.0,720.0,160.0,280.20563877266994,32.0,1.0,28.0,1.1065006915629323,1.2692770547444578,1.0
primary,x86_64,none,0.3.0,2.4.4,32,1,imbalanced,800,8000,0.35,0,0.9975125156445557,5,"[720, 32, 32, 8, 8]",powerlaw,5,0,0,730,720,"[28, 16, 8, 6, 6, 6, 3, 3, 2, 2, 1, 1, 1, 1, 1, 1, 1, 1, 1, 1, 1, 1, 1, 1, 1, 1, 1, 1, 1, 1, 1, 1, 1, 1, 1, 1, 1, 1, 1, 1, 1, 1, 1, 1, 1, 1, 1, 1, 1, 1, 1, 1, 1, 1, 1, 1, 1, 1, 1, 1, 1, 1, 1, 1, 1, 1, 1, 1, 1, 1, 1, 1, 1, 1, 1, 1, 1, 1, 1, 1, 1, 1, 1, 1, 1, 1, 1, 1, 1, 1, 1, 1, 1, 1, 1, 1, 1, 1, 1, 1, 1, 1, 1, 1, 1, 1, 1, 1, 1, 1, 1, 1, 1, 1, 1, 1, 1, 1, 1, 1, 1, 1, 1, 1, 1, 1, 1, 1, 1, 1, 1, 1, 1, 1, 1, 1, 1, 1, 1, 1, 1, 1, 1, 1, 1, 1, 1, 1, 1, 1, 1, 1, 1, 1, 1, 1, 1, 1, 1, 1, 1, 1, 1, 1, 1, 1, 1, 1, 1, 1, 1, 1, 1, 1, 1, 1, 1, 1, 1, 1, 1, 1, 1, 1, 1, 1, 1, 1, 1, 1, 1, 1, 1, 1, 1, 1, 1, 1, 1, 1]",1.2316985659999773,1.232617293000001,1.2299555669999336,1.237605503000168,0.0026096781612752456,"[1.229961, 1.229956, 1.230339, 1.231699, 1.231402, 1.233803, 1.234729, 1.234063, 1.237606]",0.031011434999982157,0.030997583666653047,0.03044271299995671,0.0312678949999281,0.00026394351894079885,"[0.030443, 0.031194, 0.031098, 0.031247, 0.031268, 0.030743, 0.031002, 0.030972, 0.031011]",39.71756115125553,39.33605274684342,40.653587707571525,18,optimal,nan,53.74835205078125,34.628111839294434,414.7100342813835,414.70863257050956,3.3799781970030623e-06,0.007634976772296964,0.004035489831399955,1.0,1.0,0.0880503144654088,0.16184971098265896,9,2,1e-07,1e-05,1000,8.0,720.0,160.0,280.20563877266994,32.0,1.0,28.0,1.095890410958904,1.2170521714331899,1.0
primary,x86_64,none,0.3.0,2.4.4,32,1,imbalanced,800,8000,0.4,0,0.9975125156445557,5,"[720, 32, 32, 8, 8]",powerlaw,5,0,0,735,725,"[28, 16, 7, 6, 6, 3, 3, 2, 2, 2, 1, 1, 1, 1, 1, 1, 1, 1, 1, 1, 1, 1, 1, 1, 1, 1, 1, 1, 1, 1, 1, 1, 1, 1, 1, 1, 1, 1, 1, 1, 1, 1, 1, 1, 1, 1, 1, 1, 1, 1, 1, 1, 1, 1, 1, 1, 1, 1, 1, 1, 1, 1, 1, 1, 1, 1, 1, 1, 1, 1, 1, 1, 1, 1, 1, 1, 1, 1, 1, 1, 1, 1, 1, 1, 1, 1, 1, 1, 1, 1, 1, 1, 1, 1, 1, 1, 1, 1, 1, 1, 1, 1, 1, 1, 1, 1, 1, 1, 1, 1, 1, 1, 1, 1, 1, 1, 1, 1, 1, 1, 1, 1, 1, 1, 1, 1, 1, 1, 1, 1, 1, 1, 1, 1, 1, 1, 1, 1, 1, 1, 1, 1, 1, 1, 1, 1, 1, 1, 1, 1, 1, 1, 1, 1, 1, 1, 1, 1, 1, 1, 1, 1, 1, 1, 1, 1, 1, 1, 1, 1, 1, 1, 1, 1, 1, 1, 1, 1, 1, 1, 1, 1, 1, 1, 1, 1, 1, 1, 1, 1, 1, 1, 1, 1, 1, 1, 1, 1, 1, 1]",1.2327768410000317,1.232290935222156,1.2259307809999882,1.235727273999828,0.0031341856379831193,"[1.232086, 1.234825, 1.230126, 1.235727, 1.235341, 1.233536, 1.225931, 1.232777, 1.23027]",0.03084402800004682,0.03080801333329772,0.03028124200000093,0.031050620999849343,0.00022604363086035873,"[0.030281, 0.0307, 0.031051, 0.030888, 0.030968, 0.030788, 0.030781, 0.030844, 0.030971]",39.968088506409096,39.481683184562925,40.80834181107202,18,optimal,nan,53.74835205078125,34.6286735534668,415.73039777466875,415.7289982669108,3.366383034329879e-06,0.007635579278571836,0.004035809573125158,1.0,1.0,0.08176100628930817,0.1511627906976744,9,2,1e-07,1e-05,1000,8.0,720.0,160.0,280.20563877266994,32.0,1.0,28.0,1.08843537414966,1.1925230217434488,1.0
primary,x86_64,none,0.3.0,2.4.4,32,1,many_tiny,100,200,0.05,0,0.9808080808080808,5,"[20, 20, 20, 20, 20]",powerlaw,5,0,0,1,0,[100],0.014608705000000555,0.014608836888884171,0.014595643999882668,0.014626514999918072,8.834399141945516e-06,"[0.014602, 0.014612, 0.014608, 0.014615, 0.01461, 0.014609, 0.014596, 0.014603, 0.014627]",0.015348400999982914,0.015354074000015316,0.015309220000062851,0.015407766999942396,3.003564838674468e-05,"[0.015384, 0.015325, 0.015354, 0.015347, 0.01534, 0.015348, 0.015371, 0.015309, 0.015408]",0.9518063151996626,0.9472913239106767,0.9554056313684187,27,optimal,nan,0.9413604736328125,1.4787569046020508,101.52796804483572,101.52796804483572,0.0,0.0,0.0,1.0,0.03413400758533502,0.8526315789473684,0.06564019448946515,9,2,1e-07,1e-05,1000,20.0,20.0,20.0,0.0,20.0,100.0,100.0,100.0,0.0,100.0
primary,x86_64,none,0.3.0,2.4.4,32,1,many_tiny,100,200,0.1,0,0.9808080808080808,5,"[20, 20, 20, 20, 20]",powerlaw,5,0,0,1,0,[100],0.024506149999979243,0.02450733722225272,0.024472905000038736,0.02456432799999675,3.04041675695331e-05,"[0.024564, 0.024473, 0.024537, 0.024506, 0.02452, 0.024491, 0.024478, 0.024481, 0.024516]",0.025301650000074005,0.025300594666684145,0.025254158000052485,0.025320646999944074,2.09673070296674e-05,"[0.025311, 0.025295, 0.025302, 0.025321, 0.025254, 0.025302, 0.025321, 0.025315, 0.025286]",0.9685593627256548,0.9665197338793432,0.9726844981307909,46,optimal,nan,0.9413604736328125,1.478799819946289,108.24612549543411,108.24612549543411,0.0,0.0,0.0,1.0,0.0710172744721689,0.7789473684210526,0.13016710642040458,9,2,1e-07,1e-05,1000,20.0,20.0,20.0,0.0,20.0,100.0,100.0,100.0,0.0,100.0
primary,x86_64,none,0.3.0,2.4.4,32,1,many_tiny,100,200,0.15,0,0.9808080808080808,5,"[20, 20, 20, 20, 20]",powerlaw,5,0,0,1,0,[100],0.03284821500005819,0.032846499888945696,0.03281378300016513,0.0328862090000257,2.5173464913557618e-05,"[0.032843, 0.032854, 0.032854, 0.032827, 0.032877, 0.032814, 0.032848, 0.032815, 0.032886]",0.03359740900009456,0.03360360999997485,0.033567726999990555,0.03367933399999856,3.4736640360702934e-05,"[0.033624, 0.033679, 0.033572, 0.033616, 0.033568, 0.033572, 0.033608, 0.033595, 0.033597]",0.9777008399655385,0.9743002340891459,0.9796972252555246,62,optimal,nan,0.9413604736328125,1.4787139892578125,111.28949527022243,111.28949527022243,0.0,0.0,0.0,1.0,0.16279069767441862,0.7368421052631579,0.2666666666666667,9,2,1e-07,1e-05,1000,20.0,20.0,20.0,0.0,20.0,100.0,100.0,100.0,0.0,100.0
primary,x86_64,none,0.3.0,2.4.4,32,1,many_tiny,100,200,0.2,0,0.9808080808080808,5,"[20, 20, 20, 20, 20]",powerlaw,5,0,0,3,2,"[98, 1, 1]",0.02956173100005799,0.029568723111095905,0.02947743200002151,0.02965790400003243,6.189259293609784e-05,"[0.029588, 0.02955, 0.02965, 0.029589, 0.029557, 0.029477, 0.029488, 0.029562, 0.029658]",0.029314769999928103,0.029316352999962367,0.029289836999851104,0.02933851600005255,1.6769922230805203e-05,"[0.029312, 0.029306, 0.02929, 0.029299, 0.029334, 0.029339, 0.029317, 0.029335, 0.029315]",1.0084244563450606,1.0047349361490783,1.0125663724309288,56,optimal,nan,0.9413604736328125,1.430612564086914,113.00466971507097,113.0046697065404,7.548871347598887e-11,3.3255327093750786e-06,2.7526262808825628e-06,1.0,0.34554973821989526,0.6947368421052632,0.46153846153846156,9,2,1e-07,1e-05,1000,20.0,20.0,20.0,0.0,20.0,1.0,98.0,33.333333333333336,45.726238516730064,1.0
primary,x86_64,none,0.3.0,2.4.4,32,1,many_tiny,100,200,0.25,0,0.9808080808080808,5,"[20, 20, 20, 20, 20]",powerlaw,5,0,0,15,10,"[75, 9, 2, 2, 2, 1, 1, 1, 1, 1, 1, 1, 1, 1, 1]",0.02973270400002548,0.029734947000027507,0.029668590000028416,0.029838376000043354,5.442733791162438e-05,"[0.029838, 0.029736, 0.029797, 0.029726, 0.029737, 0.029705, 0.029733, 0.029673, 0.029669]",0.020798170000034588,0.020809779888900773,0.020762550999961604,0.02087890799998604,3.3759193748693616e-05,"[0.020798, 0.020879, 0.020763, 0.020835, 0.020796, 0.02083, 0.020796, 0.020804, 0.020787]",1.4295826988612956,1.4209837985802827,1.4371247540872283,57,optimal,nan,0.9413604736328125,0.9459476470947266,114.18271923725119,114.18271921389363,2.0456298310142045e-10,1.9314668162073723e-05,1.6053127595932396e-05,1.0,0.6262626262626263,0.6526315789473685,0.6391752577319588,9,2,1e-07,1e-05,1000,20.0,20.0,20.0,0.0,20.0,1.0,75.0,6.666666666666667,18.36905610591416,1.0
primary,x86_64,none,0.3.0,2.4.4,32,1,many_tiny,100,200,0.3,0,0.9808080808080808,5,"[20, 20, 20, 20, 20]",powerlaw,5,0,0,36,21,"[42, 4, 3, 3, 3, 3, 3, 3, 3, 2, 2, 2, 2, 2, 2, 1, 1, 1, 1, 1, 1, 1, 1, 1, 1, 1, 1, 1, 1, 1, 1, 1, 1, 1, 1, 1]",0.02802534700003889,0.02802719466664409,0.02798616699988088,0.028083526000045822,3.0641655732032645e-05,"[0.028084, 0.027991, 0.028049, 0.028019, 0.028011, 0.028025, 0.028029, 0.027986, 0.02805]",0.012646076000009998,0.012674571555610074,0.012595021000151974,0.012812299999950483,7.858731373738347e-05,"[0.01265, 0.012645, 0.012812, 0.012603, 0.012739, 0.012646, 0.012595, 0.012768, 0.012613]",2.2161298888300793,2.18432030158434,2.229732368029157,53,optimal,nan,0.9413604736328125,0.7293424606323242,115.08280718471279,115.08280715021623,2.997542938685021e-10,4.1422226469578494e-05,3.44278028672065e-05,1.0,0.7941176470588235,0.5684210526315789,0.6625766871165645,9,2,1e-07,1e-05,1000,20.0,20.0,20.0,0.0,20.0,1.0,42.0,2.7777777777777777,6.6879290562720835,1.0
primary,x86_64,none,0.3.0,2.4.4,32,1,many_tiny,100,200,0.35,0,0.9808080808080808,5,"[20, 20, 20, 20, 20]",powerlaw,5,0,0,50,32,"[15, 14, 4, 3, 3, 3, 3, 3, 2, 2, 2, 2, 2, 2, 2, 2, 2, 2, 1, 1, 1, 1, 1, 1, 1, 1, 1, 1, 1, 1, 1, 1, 1, 1, 1, 1, 1, 1, 1, 1, 1, 1, 1, 1, 1, 1, 1, 1, 1, 1]",0.02795173499998782,0.027954240999962267,0.027929175000053874,0.027988541000013356,2.1880266232112342e-05,"[0.027952, 0.027929, 0.027934, 0.027949, 0.027983, 0.027958, 0.027966, 0.027989, 0.027929]",0.00927291800007879,0.009279646666679279,0.009249171999954342,0.009314474999882805,2.3137428514989787e-05,"[0.009263, 0.009261, 0.009273, 0.009275, 0.009303, 0.009249, 0.009269, 0.009314, 0.009309]",3.0143407932379347,2.99847012315834,3.0260590894137898,53,optimal,nan,0.9413604736328125,0.7045211791992188,115.79487047518279,115.79487047039109,4.1380945790919664e-11,1.4190469267066907e-05,1.1794312381522599e-05,1.0,0.8846153846153846,0.4842105263157895,0.6258503401360545,9,2,1e-07,1e-05,1000,20.0,20.0,20.0,0.0,20.0,1.0,15.0,2.0,2.6608269391300143,1.0
primary,x86_64,none,0.3.0,2.4.4,32,1,many_tiny,100,200,0.4,0,0.9808080808080808,5,"[20, 20, 20, 20, 20]",powerlaw,5,0,0,58,40,"[14, 11, 3, 3, 3, 2, 2, 2, 2, 2, 2, 2, 2, 2, 2, 2, 2, 2, 1, 1, 1, 1, 1, 1, 1, 1, 1, 1, 1, 1, 1, 1, 1, 1, 1, 1, 1, 1, 1, 1, 1, 1, 1, 1, 1, 1, 1, 1, 1, 1, 1, 1, 1, 1, 1, 1, 1, 1]",0.02588343399997939,0.02588105977777862,0.025853751999875385,0.025917867000089245,2.2465238023997745e-05,"[0.025868, 0.025854, 0.02586, 0.025891, 0.025918, 0.025905, 0.025883, 0.025893, 0.025858]",0.008283886000072016,0.008278609444434752,0.00823639300006107,0.008307632999958514,2.3598396591803834e-05,"[0.008236, 0.008274, 0.008308, 0.008284, 0.008287, 0.008251, 0.008305, 0.008291, 0.008271]",3.1245521727066707,3.112047920268564,3.146749675482589,49,optimal,nan,0.9413604736328125,0.705021858215332,116.36997730938437,116.36997729842993,9.41345664104557e-11,2.7692312998900404e-05,2.301627830525902e-05,1.0,0.9069767441860465,0.4105263157894737,0.5652173913043478,9,2,1e-07,1e-05,1000,20.0,20.0,20.0,0.0,20.0,1.0,14.0,1.7241379310344827,2.1318043470446533,1.0
primary,x86_64,none,0.3.0,2.4.4,32,1,many_tiny,100,500,0.05,0,0.9808080808080808,5,"[20, 20, 20, 20, 20]",powerlaw,5,0,0,1,0,[100],0.01724691599997641,0.017229765888891455,0.01716617900001438,0.017254040000125315,3.193124150321737e-05,"[0.017166, 0.017249, 0.017254, 0.017247, 0.017231, 0.01725, 0.01723, 0.017253, 0.017186]",0.017980676000206586,0.017986216666713517,0.017950992999885784,0.018035293000139063,2.2370864109438772e-05,"[0.017993, 0.017987, 0.017995, 0.017975, 0.017951, 0.018035, 0.017979, 0.017981, 0.017981]",0.9591917456150288,0.9518103753502657,0.9611746826615718,32,optimal,nan,0.9413604736328125,1.4787569046020508,107.95476231184338,107.95476231184338,0.0,0.0,0.0,1.0,0.05204216073781291,0.8315789473684211,0.09795412275263485,9,2,1e-07,1e-05,1000,20.0,20.0,20.0,0.0,20.0,100.0,100.0,100.0,0.0,100.0
primary,x86_64,none,0.3.0,2.4.4,32,1,many_tiny,100,500,0.1,0,0.9808080808080808,5,"[20, 20, 20, 20, 20]",powerlaw,5,0,0,2,1,"[99, 1]",0.030801287000031152,0.030810521888927016,0.03066949599997315,0.030874901000061072,6.555997898367265e-05,"[0.030669, 0.030869, 0.030849, 0.030801, 0.030875, 0.030787, 0.030869, 0.030774, 0.030801]",0.031383070999936535,0.031387952333312166,0.031298771999900055,0.031473306999942,4.91390601896274e-05,"[0.031473, 0.031404, 0.031299, 0.031387, 0.031369, 0.031358, 0.031438, 0.031381, 0.031383]",0.9814618524775169,0.9744605484269471,0.9864572642070323,58,optimal,nan,0.9413604736328125,1.4545841217041016,110.94440299571754,110.94440299765557,1.7468512887215335e-11,3.8621184784981555e-07,3.396769519707662e-07,1.0,0.20385674931129477,0.7789473684210526,0.3231441048034935,9,2,1e-07,1e-05,1000,20.0,20.0,20.0,0.0,20.0,1.0,99.0,50.0,49.0,50.0
primary,x86_64,none,0.3.0,2.4.4,32,1,many_tiny,100,500,0.15,0,0.9808080808080808,5,"[20, 20, 20, 20, 20]",powerlaw,5,0,0,7,5,"[93, 2, 1, 1, 1, 1, 1]",0.026841596999929607,0.02684120122221935,0.026785793000044578,0.02688196600001902,3.004303226296337e-05,"[0.026786, 0.026859, 0.026882, 0.026844, 0.026842, 0.026871, 0.026842, 0.026806, 0.026839]",0.024548895000179982,0.024550741666669436,0.0245156500000121,0.024588076000100045,2.442745229297304e-05,"[0.024562, 0.024552, 0.024544, 0.024588, 0.024523, 0.024549, 0.024516, 0.024583, 0.024539]",1.093393287141145,1.0893814139803208,1.0965226702129354,51,optimal,nan,0.9413604736328125,1.314401626586914,112.59821342513436,112.59821337645828,4.3229891402298205e-10,1.0897137115759015e-05,9.697609956557629e-06,1.0,0.5609756097560976,0.7263157894736842,0.6330275229357799,9,2,1e-07,1e-05,1000,20.0,20.0,20.0,0.0,20.0,1.0,93.0,14.285714285714286,32.13682483077757,1.0
primary,x86_64,none,0.3.0,2.4.4,32,1,many_tiny,100,500,0.2,0,0.9808080808080808,5,"[20, 20, 20, 20, 20]",powerlaw,5,0,0,28,11,"[27, 14, 6, 5, 5, 4, 3, 3, 3, 3, 3, 3, 2, 2, 2, 2, 2, 1, 1, 1, 1, 1, 1, 1, 1, 1, 1, 1]",0.02986449700006233,0.02986251844448715,0.029784948000042277,0.02991673900010028,3.552502342517174e-05,"[0.029785, 0.029847, 0.029879, 0.029872, 0.029883, 0.029917, 0.029864, 0.029863, 0.029853]",0.01069769500008988,0.010690307333409995,0.010654952000095363,0.01071313000011287,2.206772362379128e-05,"[0.010704, 0.010708, 0.010672, 0.010655, 0.010698, 0.010662, 0.010713, 0.010711, 0.010691]",2.7916758703450992,2.780228373941927,2.8077779233386053,56,optimal,nan,0.9413604736328125,0.7097578048706055,113.86210305262321,113.86210305280112,1.562466223703877e-12,4.322253949876065e-06,3.8574426689186325e-06,1.0,0.881578947368421,0.7052631578947368,0.783625730994152,9,2,1e-07,1e-05,1000,20.0,20.0,20.0,0.0,20.0,1.0,27.0,3.5714285714285716,5.19222338439607,2.0
primary,x86_64,none,0.3.0,2.4.4,32,1,many_tiny,100,500,0.25,0,0.9808080808080808,5,"[20, 20, 20, 20, 20]",powerlaw,5,0,0,37,16,"[17, 10, 5, 5, 4, 4, 3, 3, 3, 3, 3, 3, 3, 3, 3, 2, 2, 2, 2, 2, 2, 1, 1, 1, 1, 1, 1, 1, 1, 1, 1, 1, 1, 1, 1, 1, 1]",0.029039315000090937,0.029073086888830504,0.028998946000001524,0.02927915099985512,8.675503730233454e-05,"[0.029039, 0.029127, 0.029073, 0.029075, 0.029279, 0.028999, 0.029029, 0.02903, 0.029007]",0.00962792499990428,0.009626473999939359,0.00958636900008969,0.009665918999871792,2.3633152715484727e-05,"[0.009586, 0.009648, 0.009615, 0.009637, 0.009616, 0.009607, 0.009666, 0.009635, 0.009628]",3.016155090570361,3.000123009554101,3.0542482768586505,55,optimal,nan,0.9413604736328125,0.7027139663696289,114.887635097931,114.88763509992515,1.7357415330776088e-11,9.268269076739832e-06,8.27157981606799e-06,1.0,0.9682539682539683,0.6421052631578947,0.7721518987341772,9,2,1e-07,1e-05,1000,20.0,20.0,20.0,0.0,20.0,1.0,17.0,2.7027027027027026,2.9487960425915363,2.0
primary,x86_64,none,0.3.0,2.4.4,32,1,many_tiny,100,500,0.3,0,0.9808080808080808,5,"[20, 20, 20, 20, 20]",powerlaw,5,0,0,43,20,"[17, 10, 4, 4, 3, 3, 3, 3, 3, 3, 3, 2, 2, 2, 2, 2, 2, 2, 2, 2, 2, 2, 2, 1, 1, 1, 1, 1, 1, 1, 1, 1, 1, 1, 1, 1, 1, 1, 1, 1, 1, 1, 1]",0.027857936999907906,0.027870998111110466,0.027802134000012302,0.02795292300015717,5.3514844711165466e-05,"[0.027802, 0.027947, 0.027866, 0.027858, 0.027953, 0.027848, 0.027838, 0.027907, 0.02782]",0.009198118000085742,0.009197985777796526,0.00916962200017224,0.009219489000088288,1.565543779323852e-05,"[0.00917, 0.009196, 0.009191, 0.009216, 0.009199, 0.009219, 0.009198, 0.009184, 0.009209]",3.02865618810807,3.015582967748653,3.0484269689232675,53,optimal,nan,0.9413604736328125,0.7050848007202148,115.71492841275841,115.7149284107719,1.7167248739442946e-11,7.67838002585508e-06,6.852663934373165e-06,1.0,0.9649122807017544,0.5789473684210527,0.7236842105263158,9,2,1e-07,1e-05,1000,20.0,20.0,20.0,0.0,20.0,1.0,17.0,2.3255813953488373,2.7255972695783464,2.0
primary,x86_64,none,0.3.0,2.4.4,32,1,many_tiny,100,500,0.35,0,0.9808080808080808,5,"[20, 20, 20, 20, 20]",powerlaw,5,0,0,51,29,"[14, 8, 4, 4, 3, 3, 3, 3, 3, 2, 2, 2, 2, 2, 2, 2, 2, 2, 2, 2, 2, 2, 1, 1, 1, 1, 1, 1, 1, 1, 1, 1, 1, 1, 1, 1, 1, 1, 1, 1, 1, 1, 1, 1, 1, 1, 1, 1, 1, 1, 1]",0.029261341999927026,0.029259363444427637,0.029194853000035437,0.02930408600013834,3.8715384429435026e-05,"[0.029222, 0.029258, 0.029291, 0.029195, 0.029261, 0.029278, 0.029304, 0.029223, 0.029302]",0.009156562000043778,0.009154846999965431,0.009115006000001813,0.0091814960001102,1.9392849507068917e-05,"[0.009146, 0.009173, 0.009144, 0.00916, 0.009157, 0.009181, 0.009166, 0.009152, 0.009115]",3.195669073150723,3.1797490299712625,3.2149277795464437,56,optimal,nan,0.9413604736328125,0.7037820816040039,116.37392122055269,116.37392122070202,1.2831711759917053e-12,3.202162021348487e-06,2.857808564322933e-06,1.0,0.9795918367346939,0.5052631578947369,0.6666666666666666,9,2,1e-07,1e-05,1000,20.0,20.0,20.0,0.0,20.0,1.0,14.0,1.9607843137254901,2.086001751298547,1.0
primary,x86_64,none,0.3.0,2.4.4,32,1,many_tiny,100,500,0.4,0,0.9808080808080808,5,"[20, 20, 20, 20, 20]",powerlaw,5,0,0,60,41,"[11, 8, 4, 3, 3, 3, 3, 2, 2, 2, 2, 2, 2, 2, 2, 2, 2, 2, 2, 1, 1, 1, 1, 1, 1, 1, 1, 1, 1, 1, 1, 1, 1, 1, 1, 1, 1, 1, 1, 1, 1, 1, 1, 1, 1, 1, 1, 1, 1, 1, 1, 1, 1, 1, 1, 1, 1, 1, 1, 1]",0.027364014999875508,0.02735807888888707,0.027290402000062386,0.02741744399986601,3.6149686585236516e-05,"[0.027346, 0.027331, 0.027417, 0.027379, 0.027379, 0.027374, 0.02729, 0.027341, 0.027364]",0.007963311999901634,0.007959354111082777,0.007924129999992147,0.007988244999978633,2.01407021478058e-05,"[0.007979, 0.007988, 0.007924, 0.007963, 0.007969, 0.007943, 0.007949, 0.007972, 0.007947]",3.4362605659822845,3.4163201053717533,3.459994220172206,52,optimal,nan,0.9413604736328125,0.7035427093505859,116.90006470663857,116.9000647067641,1.073775964233927e-12,3.470580488440511e-06,3.0973618996528987e-06,1.0,1.0,0.42105263157894735,0.5925925925925926,9,2,1e-07,1e-05,1000,20.0,20.0,20.0,0.0,20.0,1.0,11.0,1.6666666666666667,1.6295875415440424,1.0
primary,x86_64,none,0.3.0,2.4.4,32,1,many_tiny,100,1000,0.05,0,0.9808080808080808,5,"[20, 20, 20, 20, 20]",powerlaw,5,0,0,1,0,[100],0.022352364999960628,0.02232268211107819,0.022238383000058093,0.02241291799987266,5.592982951416426e-05,"[0.022238, 0.02228, 0.022413, 0.022297, 0.022354, 0.022355, 0.022352, 0.022352, 0.022263]",0.023118181999961962,0.023125701888905798,0.02309443600006489,0.023169236000057936,2.6937622404735637e-05,"[0.023097, 0.023142, 0.023137, 0.023118, 0.0231, 0.023094, 0.023117, 0.023156, 0.023169]",0.9668738225175927,0.9598237507703096,0.970489948306583,42,optimal,nan,0.9413604736328125,1.478799819946289,108.93053135697251,108.93053135697251,0.0,0.0,0.0,1.0,0.09110867178924259,0.8736842105263158,0.16500994035785285,9,2,1e-07,1e-05,1000,20.0,20.0,20.0,0.0,20.0,100.0,100.0,100.0,0.0,100.0
primary,x86_64,none,0.3.0,2.4.4,32,1,many_tiny,100,1000,0.1,0,0.9808080808080808,5,"[20, 20, 20, 20, 20]",powerlaw,5,0,0,8,5,"[91, 2, 2, 1, 1, 1, 1, 1]",0.029002509000065402,0.029000793444437376,0.028931268999940585,0.029105803999982527,5.9291793265889607e-05,"[0.029106, 0.029063, 0.028938, 0.02903, 0.029003, 0.028931, 0.028956, 0.029017, 0.028963]",0.026424850000012157,0.02642537833329091,0.02638804399998662,0.02646046999984719,2.6516634301668012e-05,"[0.026452, 0.026417, 0.026388, 0.026425, 0.026453, 0.02646, 0.026388, 0.026425, 0.02642]",1.09754677888624,1.0933769883946756,1.1029920974816203,55,optimal,nan,0.9413604736328125,1.2695989608764648,110.9956861836338,110.9956861529951,2.760349441005704e-10,1.2307113138210202e-05,1.0502182788334242e-05,1.0,0.5736434108527132,0.7789473684210526,0.6607142857142858,9,2,1e-07,1e-05,1000,20.0,20.0,20.0,0.0,20.0,1.0,91.0,12.5,29.67322024991558,1.0
primary,x86_64,none,0.3.0,2.4.4,32,1,many_tiny,100,1000,0.15,0,0.9808080808080808,5,"[20, 20, 20, 20, 20]",powerlaw,5,0,0,29,11,"[25, 10, 6, 5, 5, 5, 4, 4, 3, 3, 3, 3, 3, 2, 2, 2, 2, 2, 1, 1, 1, 1, 1, 1, 1, 1, 1, 1, 1]",0.02711230499994599,0.027140405000005155,0.027075498999920455,0.02721203900000546,5.3656193420599764e-05,"[0.027103, 0.027212, 0.027199, 0.027105, 0.027112, 0.027211, 0.027148, 0.027098, 0.027075]",0.010459045000061451,0.010457594000046002,0.010417490000008911,0.010502975999997943,3.0616552767833486e-05,"[0.010482, 0.010425, 0.010503, 0.010417, 0.010493, 0.010459, 0.010433, 0.010464, 0.010442]",2.5922352375180235,2.577888305174244,2.6121492797192207,51,optimal,nan,0.9413604736328125,0.707118034362793,112.5042896686272,112.50428966543352,2.8387152559494865e-11,8.62493668155051e-06,7.369140942681258e-06,1.0,0.9178082191780822,0.7052631578947368,0.7976190476190476,9,2,1e-07,1e-05,1000,20.0,20.0,20.0,0.0,20.0,1.0,25.0,3.4482758620689653,4.54545022159561,2.0
primary,x86_64,none,0.3.0,2.4.4,32,1,many_tiny,100,1000,0.2,0,0.9808080808080808,5,"[20, 20, 20, 20, 20]",powerlaw,5,0,0,35,14,"[14, 10, 6, 5, 5, 4, 4, 4, 3, 3, 3, 3, 3, 3, 3, 3, 2, 2, 2, 2, 2, 1, 1, 1, 1, 1, 1, 1, 1, 1, 1, 1, 1, 1, 1]",0.02714198800003942,0.02715082711112397,0.027090933999943445,0.027213226999947437,4.199080130937864e-05,"[0.027172, 0.027091, 0.027112, 0.027125, 0.027124, 0.027175, 0.027213, 0.027142, 0.027203]",0.010334376999935557,0.010335828333356605,0.010315380000065488,0.010361686000123882,1.5097906555345125e-05,"[0.010327, 0.010362, 0.010345, 0.010315, 0.010318, 0.010343, 0.010334, 0.010349, 0.01033]",2.626378735767881,2.6145295273008227,2.638121620315943,51,optimal,nan,0.9413604736328125,0.7008066177368164,113.76234316674251,113.76234316738534,5.650622122822872e-12,8.7900250249906e-06,7.510192328866351e-06,1.0,1.0,0.6842105263157895,0.8125000000000001,9,2,1e-07,1e-05,1000,20.0,20.0,20.0,0.0,20.0,1.0,14.0,2.857142857142857,2.674139190125164,2.0
primary,x86_64,none,0.3.0,2.4.4,32,1,many_tiny,100,1000,0.25,0,0.9808080808080808,5,"[20, 20, 20, 20, 20]",powerlaw,5,0,0,38,15,"[12, 10, 6, 5, 4, 4, 3, 3, 3, 3, 3, 3, 3, 3, 3, 3, 2, 2, 2, 2, 2, 2, 2, 1, 1, 1, 1, 1, 1, 1, 1, 1, 1, 1, 1, 1, 1, 1]",0.025959424000120634,0.02595546622226013,0.025928554000074655,0.02598910699998669,2.1222649472371992e-05,"[0.025931, 0.025929, 0.025936, 0.025969, 0.025965, 0.025959, 0.025975, 0.025946, 0.025989]",0.010109974999977567,0.010110370888898816,0.010045860999980505,0.010169339999947624,4.588826860177635e-05,"[0.010057, 0.010118, 0.010089, 0.010046, 0.010084, 0.01011, 0.010155, 0.010166, 0.010169]",2.567704074458961,2.549679133572896,2.5870462472093854,49,optimal,nan,0.9413604736328125,0.7013235092163086,114.80120349028222,114.80120349091567,5.5177892711181376e-12,6.1984581807283945e-06,5.29595910573706e-06,1.0,1.0,0.6526315789473685,0.7898089171974523,9,2,1e-07,1e-05,1000,20.0,20.0,20.0,0.0,20.0,1.0,12.0,2.6315789473684212,2.333069500979106,2.0
primary,x86_64,none,0.3.0,2.4.4,32,1,many_tiny,100,1000,0.3,0,0.9808080808080808,5,"[20, 20, 20, 20, 20]",powerlaw,5,0,0,46,23,"[11, 9, 5, 4, 4, 3, 3, 3, 3, 3, 3, 3, 3, 2, 2, 2, 2, 2, 2, 2, 2, 2, 2, 1, 1, 1, 1, 1, 1, 1, 1, 1, 1, 1, 1, 1, 1, 1, 1, 1, 1, 1, 1, 1, 1, 1]",0.025034506999872974,0.025016697222150067,0.02492764899989197,0.025057065999817496,4.374557121412507e-05,"[0.025035, 0.025052, 0.024928, 0.025005, 0.024983, 0.024991, 0.025057, 0.025046, 0.025054]",0.009474761999854309,0.009466979111089636,0.009435580999934245,0.009487822999972195,1.6855144826949363e-05,"[0.009456, 0.009475, 0.009476, 0.009488, 0.009436, 0.009475, 0.009461, 0.009453, 0.009484]",2.6422306966927427,2.627330737511126,2.6555933333614656,48,optimal,nan,0.9413604736328125,0.7022104263305664,115.6391403924485,115.63914039280897,3.117219130845024e-12,5.093565578845327e-06,4.351939501278149e-06,1.0,1.0,0.5684210526315789,0.7248322147651006,9,2,1e-07,1e-05,1000,20.0,20.0,20.0,0.0,20.0,1.0,11.0,2.1739130434782608,1.9594181459554345,1.5
primary,x86_64,none,0.3.0,2.4.4,32,1,many_tiny,100,1000,0.35,0,0.9808080808080808,5,"[20, 20, 20, 20, 20]",powerlaw,5,0,0,54,33,"[11, 8, 4, 4, 3, 3, 3, 3, 3, 3, 2, 2, 2, 2, 2, 2, 2, 2, 2, 2, 2, 1, 1, 1, 1, 1, 1, 1, 1, 1, 1, 1, 1, 1, 1, 1, 1, 1, 1, 1, 1, 1, 1, 1, 1, 1, 1, 1, 1, 1, 1, 1, 1, 1]",0.024433726000097522,0.024439267222255187,0.024402857000040967,0.024518025999896054,3.696907740581297e-05,"[0.024424, 0.024415, 0.024403, 0.024438, 0.024475, 0.024404, 0.024434, 0.024442, 0.024518]",0.008580715000107375,0.008582430444499146,0.008554595000077825,0.008638894000114306,2.6563140426747704e-05,"[0.008555, 0.008562, 0.008603, 0.008562, 0.008581, 0.008566, 0.008639, 0.008594, 0.008581]",2.847516320002677,2.8247663415847075,2.866065079606107,47,optimal,nan,0.9413604736328125,0.7026195526123047,116.31343138945576,116.31343138963163,1.5120655959882856e-12,3.8700029958149695e-06,3.3065283331600776e-06,1.0,1.0,0.4842105263157895,0.6524822695035462,9,2,1e-07,1e-05,1000,20.0,20.0,20.0,0.0,20.0,1.0,11.0,1.8518518518518519,1.736401210330525,1.0
primary,x86_64,none,0.3.0,2.4.4,32,1,many_tiny,100,1000,0.4,0,0.9808080808080808,5,"[20, 20, 20, 20, 20]",powerlaw,5,0,0,58,39,"[11, 8, 4, 3, 3, 3, 3, 3, 3, 2, 2, 2, 2, 2, 2, 2, 2, 2, 2, 1, 1, 1, 1, 1, 1, 1, 1, 1, 1, 1, 1, 1, 1, 1, 1, 1, 1, 1, 1, 1, 1, 1, 1, 1, 1, 1, 1, 1, 1, 1, 1, 1, 1, 1, 1, 1, 1, 1]",0.024364862999846082,0.024374492777774828,0.024325681000163968,0.024459846999889123,4.3440153348943845e-05,"[0.024326, 0.024392, 0.02446, 0.024365, 0.024417, 0.024354, 0.024346, 0.02433, 0.02438]",0.008294572999830052,0.008299585888810017,0.008242331000019476,0.008356312999922011,3.666677493408657e-05,"[0.008242, 0.008295, 0.008267, 0.008266, 0.008295, 0.008356, 0.008317, 0.008328, 0.00833]",2.937446327899615,2.9110543131152458,2.9675885377366336,47,optimal,nan,0.9413604736328125,0.7029008865356445,116.85938867122611,116.85938867140365,1.5192293060551733e-12,3.844280696219116e-06,3.2845512153231024e-06,1.0,1.0,0.4421052631578947,0.6131386861313868,9,2,1e-07,1e-05,1000,20.0,20.0,20.0,0.0,20.0,1.0,11.0,1.7241379310344827,1.669122249693924,1.0
primary,x86_64,none,0.3.0,2.4.4,32,1,many_tiny,200,400,0.05,0,0.9904522613065326,10,"[20, 20, 20, 20, 20, 20, 20, 20, 20, 20]",powerlaw,10,0,0,1,0,[200],0.056690662999926644,0.05668776011109205,0.05658499099990877,0.056834327000160556,7.592335005608832e-05,"[0.056585, 0.056718, 0.056625, 0.056724, 0.056609, 0.056691, 0.056727, 0.056834, 0.056676]",0.05856543199979569,0.05856859699997585,0.058517938000022696,0.05861648499990224,4.109954540235746e-05,"[0.058614, 0.058616, 0.05852, 0.058565, 0.058557, 0.058518, 0.058524, 0.0586, 0.058602]",0.9679884714267012,0.9653426165011966,0.9712291468667011,26,optimal,nan,3.385162353515625,5.8297576904296875,207.77096288614783,207.77096288614783,0.0,0.0,0.0,1.0,0.025936157151626765,0.8894736842105263,0.05040262451535938,9,2,1e-07,1e-05,1000,20.0,20.0,20.0,0.0,20.0,200.0,200.0,200.0,0.0,200.0
primary,x86_64,none,0.3.0,2.4.4,32,1,many_tiny,200,400,0.1,0,0.9904522613065326,10,"[20, 20, 20, 20, 20, 20, 20, 20, 20, 20]",powerlaw,10,0,0,1,0,[200],0.11169652900002802,0.11173214777778008,0.11164428600000065,0.11196842300000753,0.00010646831366229179,"[0.111739, 0.11183, 0.111672, 0.111697, 0.11165, 0.111655, 0.111644, 0.111968, 0.111735]",0.11384556699999848,0.1138445113333546,0.11360454200007553,0.11412696000002143,0.00019222316729642315,"[0.114127, 0.114059, 0.11365, 0.113605, 0.113846, 0.113903, 0.113752, 0.114006, 0.113654]",0.9811232175604124,0.9782463845526043,0.9855981198351479,52,optimal,nan,3.385162353515625,5.829843521118164,218.54705863396623,218.54705863396623,0.0,0.0,0.0,1.0,0.08665906499429875,0.8,0.15637860082304528,9,2,1e-07,1e-05,1000,20.0,20.0,20.0,0.0,20.0,200.0,200.0,200.0,0.0,200.0
primary,x86_64,none,0.3.0,2.4.4,32,1,many_tiny,200,400,0.15,0,0.9904522613065326,10,"[20, 20, 20, 20, 20, 20, 20, 20, 20, 20]",powerlaw,10,0,0,4,3,"[197, 1, 1, 1]",0.11138189300004342,0.11136197200001637,0.11115867700004856,0.11152555700004996,0.00011759912375532029,"[0.111439, 0.111526, 0.111315, 0.111463, 0.111245, 0.111437, 0.111159, 0.111382, 0.111293]",0.11140682700010984,0.11144943811109442,0.11127265999994052,0.11176420799984044,0.00013893525681731348,"[0.111273, 0.111391, 0.111407, 0.111434, 0.111388, 0.111422, 0.111764, 0.11156, 0.111406]",0.9997761896578709,0.9945820669190198,1.0022727685319068,52,optimal,nan,3.385162353515625,5.684643745422363,222.89955858797697,222.89955857440827,6.087358224613075e-11,8.463889274279435e-06,6.637763224995191e-06,1.0,0.30752688172043013,0.7526315789473684,0.4366412213740459,9,2,1e-07,1e-05,1000,20.0,20.0,20.0,0.0,20.0,1.0,197.0,50.0,84.870489570875,1.0
primary,x86_64,none,0.3.0,2.4.4,32,1,many_tiny,200,400,0.2,0,0.9904522613065326,10,"[20, 20, 20, 20, 20, 20, 20, 20, 20, 20]",powerlaw,10,0,0,28,18,"[149, 8, 5, 5, 3, 3, 3, 2, 2, 2, 1, 1, 1, 1, 1, 1, 1, 1, 1, 1, 1, 1, 1, 1, 1, 1, 1, 1]",0.11046528800011401,0.11048890233334735,0.11036911599990162,0.11061488899986216,8.304901375948836e-05,"[0.110465, 0.110552, 0.110557, 0.11055, 0.110437, 0.110615, 0.110459, 0.110396, 0.110369]",0.07227059499996358,0.07228207288888673,0.07217323600002601,0.07241426000018691,7.405950948097259e-05,"[0.072414, 0.072334, 0.072271, 0.072299, 0.072344, 0.072255, 0.072235, 0.072214, 0.072173]",1.5284956212159273,1.524135108190248,1.5326303091054736,52,optimal,nan,3.385162353515625,3.659473419189453,225.7300246254022,225.73001833838507,2.7851931259735753e-08,0.00030217151566719336,0.00023697651404193057,1.0,0.6492890995260664,0.7210526315789474,0.6832917705735662,9,2,1e-07,1e-05,1000,20.0,20.0,20.0,0.0,20.0,1.0,149.0,7.142857142857143,27.349215561634214,1.0
primary,x86_64,none,0.3.0,2.4.4,32,1,many_tiny,200,400,0.25,0,0.9904522613065326,10,"[20, 20, 20, 20, 20, 20, 20, 20, 20, 20]",powerlaw,10,0,0,68,37,"[64, 8, 6, 6, 6, 5, 4, 4, 4, 4, 3, 3, 3, 3, 3, 3, 3, 3, 3, 3, 2, 2, 2, 2, 2, 2, 2, 2, 2, 2, 2, 1, 1, 1, 1, 1, 1, 1, 1, 1, 1, 1, 1, 1, 1, 1, 1, 1, 1, 1, 1, 1, 1, 1, 1, 1, 1, 1, 1, 1, 1, 1, 1, 1, 1, 1, 1, 1]",0.11643272800006343,0.11636452355557797,0.116107404000104,0.11665831699997398,0.00018742073073209361,"[0.116271, 0.116522, 0.116107, 0.116491, 0.116433, 0.116658, 0.116154, 0.116437, 0.116207]",0.030693246000055296,0.030700106111150188,0.030584012999952392,0.03083809800000381,8.008819360261266e-05,"[0.030584, 0.030674, 0.030656, 0.03062, 0.030718, 0.030693, 0.030723, 0.030794, 0.030838]",3.7934315581953655,3.7650637208588433,3.814356114750395,55,optimal,nan,3.385162353515625,2.411745071411133,227.96189549778776,227.96189046379283,2.2082615725045095e-08,0.0006732205506883027,0.0005279698825994293,1.0,0.8642857142857143,0.6368421052631579,0.7333333333333333,9,2,1e-07,1e-05,1000,20.0,20.0,20.0,0.0,20.0,1.0,64.0,2.9411764705882355,7.611682879822029,1.0
primary,x86_64,none,0.3.0,2.4.4,32,1,many_tiny,200,400,0.3,0,0.9904522613065326,10,"[20, 20, 20, 20, 20, 20, 20, 20, 20, 20]",powerlaw,10,0,0,83,47,"[43, 7, 6, 6, 6, 5, 4, 4, 4, 4, 4, 3, 3, 3, 3, 3, 3, 3, 3, 3, 3, 2, 2, 2, 2, 2, 2, 2, 2, 2, 2, 2, 2, 2, 2, 2, 1, 1, 1, 1, 1, 1, 1, 1, 1, 1, 1, 1, 1, 1, 1, 1, 1, 1, 1, 1, 1, 1, 1, 1, 1, 1, 1, 1, 1, 1, 1, 1, 1, 1, 1, 1, 1, 1, 1, 1, 1, 1, 1, 1, 1, 1, 1]",0.11137952299986864,0.11134179255549902,0.11116580599991721,0.11148400599995512,0.0001291881476046256,"[0.111181, 0.111484, 0.111456, 0.11144, 0.11138, 0.111453, 0.111203, 0.111314, 0.111166]",0.022908031000042683,0.022915286333373943,0.02286647500000072,0.022963833999938288,3.335281419793815e-05,"[0.022903, 0.022866, 0.022891, 0.022888, 0.022938, 0.022908, 0.022918, 0.022961, 0.022964]",4.86202952142247,4.840907925053628,4.875434713918591,53,optimal,nan,3.385162353515625,2.369845390319824,229.78914475810612,229.78913946423816,2.303793750965555e-08,0.0009452124479281399,0.000741278180338712,1.0,0.9495798319327731,0.5947368421052631,0.7313915857605177,9,2,1e-07,1e-05,1000,20.0,20.0,20.0,0.0,20.0,1.0,43.0,2.4096385542168677,4.690508602880319,1.0
primary,x86_64,none,0.3.0,2.4.4,32,1,many_tiny,200,400,0.35,0,0.9904522613065326,10,"[20, 20, 20, 20, 20, 20, 20, 20, 20, 20]",powerlaw,10,0,0,97,60,"[20, 12, 8, 7, 6, 5, 4, 4, 4, 4, 4, 4, 3, 3, 3, 3, 3, 3, 3, 3, 2, 2, 2, 2, 2, 2, 2, 2, 2, 2, 2, 2, 2, 2, 2, 2, 2, 1, 1, 1, 1, 1, 1, 1, 1, 1, 1, 1, 1, 1, 1, 1, 1, 1, 1, 1, 1, 1, 1, 1, 1, 1, 1, 1, 1, 1, 1, 1, 1, 1, 1, 1, 1, 1, 1, 1, 1, 1, 1, 1, 1, 1, 1, 1, 1, 1, 1, 1, 1, 1, 1, 1, 1, 1, 1, 1, 1]",0.10884104700016906,0.10950831788896823,0.10864514100012457,0.11502101600012793,0.002071063849535433,"[0.108841, 0.108758, 0.108835, 0.108853, 0.108682, 0.115021, 0.108645, 0.109083, 0.108856]",0.017921312999988004,0.017918542555561443,0.017863133999981073,0.01798186600012741,3.460579894630144e-05,"[0.017921, 0.017905, 0.017932, 0.017939, 0.017938, 0.017863, 0.017982, 0.017899, 0.017888]",6.073274151299177,6.041928073502203,6.439016580195267,52,optimal,nan,3.385162353515625,2.345317840576172,231.2832021553751,231.28319511024543,3.046105213092809e-08,0.0011889990076071888,0.0009324665818858429,1.0,0.9805825242718447,0.531578947368421,0.6894197952218429,9,2,1e-07,1e-05,1000,20.0,20.0,20.0,0.0,20.0,1.0,20.0,2.0618556701030926,2.4904536621038362,1.0
primary,x86_64,none,0.3.0,2.4.4,32,1,many_tiny,200,400,0.4,0,0.9904522613065326,10,"[20, 20, 20, 20, 20, 20, 20, 20, 20, 20]",powerlaw,10,0,0,110,73,"[18, 12, 8, 6, 4, 4, 4, 4, 4, 3, 3, 3, 3, 3, 3, 3, 2, 2, 2, 2, 2, 2, 2, 2, 2, 2, 2, 2, 2, 2, 2, 2, 2, 2, 2, 2, 2, 1, 1, 1, 1, 1, 1, 1, 1, 1, 1, 1, 1, 1, 1, 1, 1, 1, 1, 1, 1, 1, 1, 1, 1, 1, 1, 1, 1, 1, 1, 1, 1, 1, 1, 1, 1, 1, 1, 1, 1, 1, 1, 1, 1, 1, 1, 1, 1, 1, 1, 1, 1, 1, 1, 1, 1, 1, 1, 1, 1, 1, 1, 1, 1, 1, 1, 1, 1, 1, 1, 1, 1, 1]",0.11465176199999405,0.11467392511114365,0.11452353200002108,0.1148286720001579,0.00010452749390948567,"[0.114524, 0.114692, 0.114759, 0.114652, 0.114565, 0.114829, 0.114613, 0.114799, 0.114634]",0.017236232999948697,0.017243884888936616,0.01718399100013812,0.017320532999974603,5.614105749834959e-05,"[0.01719, 0.017313, 0.017236, 0.017309, 0.017241, 0.017201, 0.017321, 0.017201, 0.017184]",6.651787661511381,6.612009688165428,6.682305175743803,55,optimal,nan,3.385162353515625,2.3459081649780273,232.49962303234273,232.49961163084666,4.903877227224049e-08,0.0015366105960801513,0.0012050792501604917,1.0,0.9888888888888889,0.46842105263157896,0.6357142857142858,9,2,1e-07,1e-05,1000,20.0,20.0,20.0,0.0,20.0,1.0,18.0,1.8181818181818181,2.141290257518151,1.0
primary,x86_64,none,0.3.0,2.4.4,32,1,many_tiny,200,1000,0.05,0,0.9904522613065326,10,"[20, 20, 20, 20, 20, 20, 20, 20, 20, 20]",powerlaw,10,0,0,1,0,[200],0.07545972399998391,0.07547199333334396,0.07538254900009633,0.07559270299998389,8.650087124449391e-05,"[0.07546, 0.075593, 0.075391, 0.075564, 0.075388, 0.075546, 0.075393, 0.07553, 0.075383]",0.07732618199997887,0.0773277651110978,0.07711365199997999,0.07756245700011277,0.00013305739903963316,"[0.077562, 0.07747, 0.077361, 0.077272, 0.077326, 0.077248, 0.077363, 0.077235, 0.077114]",0.9758625351501841,0.9718948047247489,0.9802765274299744,35,optimal,nan,3.385162353515625,5.829800605773926,215.6184796484383,215.6184796484383,0.0,0.0,0.0,1.0,0.052398989898989896,0.8736842105263158,0.09886837403216199,9,2,1e-07,1e-05,1000,20.0,20.0,20.0,0.0,20.0,200.0,200.0,200.0,0.0,200.0
primary,x86_64,none,0.3.0,2.4.4,32,1,many_tiny,200,1000,0.1,0,0.9904522613065326,10,"[20, 20, 20, 20, 20, 20, 20, 20, 20, 20]",powerlaw,10,0,0,7,5,"[193, 2, 1, 1, 1, 1, 1]",0.10665401899996141,0.10670507377782694,0.10653766300015377,0.10696390800012523,0.00015500348080463284,"[0.106654, 0.106964, 0.106547, 0.106844, 0.106598, 0.106863, 0.106593, 0.106744, 0.106538]",0.10306002199990871,0.1031214977777179,0.10298759600004814,0.10335922399985975,0.0001321745100684304,"[0.103359, 0.103142, 0.102997, 0.103035, 0.103211, 0.10327, 0.103032, 0.10306, 0.102988]",1.0348728530259375,1.030751382192056,1.0386096205224096,50,optimal,nan,3.385162353515625,5.494503974914551,220.45339125455786,220.45339016459832,4.944172250244482e-09,8.225030315925363e-05,6.556218778392393e-05,1.0,0.38144329896907214,0.7789473684210526,0.5121107266435986,9,2,1e-07,1e-05,1000,20.0,20.0,20.0,0.0,20.0,1.0,193.0,28.571428571428573,67.12856990849114,1.0
primary,x86_64,none,0.3.0,2.4.4,32,1,many_tiny,200,1000,0.15,0,0.9904522613065326,10,"[20, 20, 20, 20, 20, 20, 20, 20, 20, 20]",powerlaw,10,0,0,44,18,"[75, 15, 15, 8, 7, 6, 5, 5, 4, 4, 3, 3, 3, 3, 3, 3, 2, 2, 2, 2, 2, 2, 2, 2, 2, 2, 1, 1, 1, 1, 1, 1, 1, 1, 1, 1, 1, 1, 1, 1, 1, 1, 1, 1]",0.09606911899982151,0.09603745711107574,0.0957734779999555,0.09629827000003388,0.000160902823623273,"[0.096176, 0.096298, 0.096069, 0.096113, 0.096018, 0.096093, 0.095773, 0.095873, 0.095923]",0.029211480999947526,0.029238920999988396,0.02917823600000702,0.029340898000100424,5.578615735454697e-05,"[0.029259, 0.02927, 0.029341, 0.029298, 0.029211, 0.029203, 0.0292, 0.02919, 0.029178]",3.288745236846913,3.264163148640771,3.3003458468157816,45,optimal,nan,3.385162353515625,2.444711685180664,223.62021958177687,223.6202189208982,2.9553618646789736e-09,0.0001166576236507344,9.470840176814526e-05,0.9999,0.8545454545454545,0.7421052631578947,0.7943661971830986,9,2,1e-07,1e-05,1000,20.0,20.0,20.0,0.0,20.0,1.0,75.0,4.545454545454546,11.189391374817621,2.0
primary,x86_64,none,0.3.0,2.4.4,32,1,many_tiny,200,1000,0.2,0,0.9904522613065326,10,"[20, 20, 20, 20, 20, 20, 20, 20, 20, 20]",powerlaw,10,0,0,62,22,"[17, 14, 10, 10, 10, 7, 6, 6, 5, 5, 5, 5, 5, 4, 4, 4, 3, 3, 3, 3, 3, 3, 3, 3, 3, 3, 3, 3, 3, 2, 2, 2, 2, 2, 2, 2, 2, 2, 2, 2, 1, 1, 1, 1, 1, 1, 1, 1, 1, 1, 1, 1, 1, 1, 1, 1, 1, 1, 1, 1, 1, 1]",0.0950990849999016,0.09509248822218473,0.0947773220000272,0.09535079499983112,0.000158216206325825,"[0.095094, 0.095351, 0.095099, 0.095166, 0.095075, 0.095137, 0.094777, 0.095179, 0.094954]",0.019454135999922073,0.01948249966661327,0.019348464999893622,0.019641731999854528,8.968061430179562e-05,"[0.019642, 0.019417, 0.019454, 0.019348, 0.019447, 0.019441, 0.019589, 0.019481, 0.019522]",4.888373608588043,4.825303695250966,4.928080599693844,45,optimal,nan,3.385162353515625,2.339468002319336,226.25004223231704,226.25004204804472,8.144631567982971e-10,0.00012165907100261664,9.876882313912591e-05,1.0,0.9856115107913669,0.7210526315789474,0.8328267477203648,9,2,1e-07,1e-05,1000,20.0,20.0,20.0,0.0,20.0,1.0,17.0,3.225806451612903,3.154205358947003,2.0
primary,x86_64,none,0.3.0,2.4.4,32,1,many_tiny,200,1000,0.25,0,0.9904522613065326,10,"[20, 20, 20, 20, 20, 20, 20, 20, 20, 20]",powerlaw,10,0,0,75,35,"[13, 13, 9, 7, 7, 6, 6, 6, 5, 5, 5, 4, 4, 4, 4, 4, 4, 3, 3, 3, 3, 3, 3, 3, 3, 3, 3, 3, 3, 3, 2, 2, 2, 2, 2, 2, 2, 2, 2, 2, 1, 1, 1, 1, 1, 1, 1, 1, 1, 1, 1, 1, 1, 1, 1, 1, 1, 1, 1, 1, 1, 1, 1, 1, 1, 1, 1, 1, 1, 1, 1, 1, 1, 1, 1]",0.09657016699998167,0.09665275133337066,0.09640394300004118,0.09690617700016446,0.00018765120375129266,"[0.09657, 0.096814, 0.096486, 0.096906, 0.096485, 0.096865, 0.096404, 0.096776, 0.09657]",0.017987804000085816,0.017981867222210388,0.017891631999873425,0.018050731999892378,4.644577835132431e-05,"[0.017991, 0.018025, 0.017965, 0.018051, 0.017988, 0.017892, 0.017979, 0.017941, 0.018004]",5.368646834239518,5.34072208266213,5.416284942639667,46,optimal,nan,3.385162353515625,2.337405204772949,228.43582463403604,228.43582464378886,4.269393533846666e-11,1.2521011632515844e-05,1.0165173696827317e-05,1.0,1.0,0.6578947368421053,0.7936507936507937,9,2,1e-07,1e-05,1000,20.0,20.0,20.0,0.0,20.0,1.0,13.0,2.6666666666666665,2.462158041682585,2.0
primary,x86_64,none,0.3.0,2.4.4,32,1,many_tiny,200,1000,0.3,0,0.9904522613065326,10,"[20, 20, 20, 20, 20, 20, 20, 20, 20, 20]",powerlaw,10,0,0,85,41,"[13, 11, 8, 7, 7, 6, 6, 5, 5, 4, 4, 4, 4, 3, 3, 3, 3, 3, 3, 3, 3, 3, 3, 3, 3, 3, 2, 2, 2, 2, 2, 2, 2, 2, 2, 2, 2, 2, 2, 2, 2, 2, 2, 2, 1, 1, 1, 1, 1, 1, 1, 1, 1, 1, 1, 1, 1, 1, 1, 1, 1, 1, 1, 1, 1, 1, 1, 1, 1, 1, 1, 1, 1, 1, 1, 1, 1, 1, 1, 1, 1, 1, 1, 1, 1]",0.09359238499996536,0.09361190977774135,0.09348671399993691,0.09382747299991934,0.00011826927515983791,"[0.093626, 0.093827, 0.093538, 0.093602, 0.09351, 0.093544, 0.093487, 0.093781, 0.093592]",0.017649419999997917,0.01765852255557042,0.01761617500005741,0.017736093999928926,4.112974994850088e-05,"[0.017703, 0.017628, 0.017616, 0.017624, 0.017653, 0.017736, 0.01763, 0.017649, 0.017686]",5.302858960803041,5.270986610710991,5.326211450534157,45,optimal,nan,3.385162353515625,2.3397531509399414,230.23882011145642,230.2388201106392,3.5493988844140322e-12,5.94482760019055e-06,4.8263037249220346e-06,1.0,1.0,0.6052631578947368,0.7540983606557378,9,2,1e-07,1e-05,1000,20.0,20.0,20.0,0.0,20.0,1.0,13.0,2.3529411764705883,2.1622748497708506,2.0
primary,x86_64,none,0.3.0,2.4.4,32,1,many_tiny,200,1000,0.35,0,0.9904522613065326,10,"[20, 20, 20, 20, 20, 20, 20, 20, 20, 20]",powerlaw,10,0,0,97,57,"[12, 11, 8, 7, 7, 6, 5, 4, 4, 4, 4, 4, 4, 3, 3, 3, 3, 3, 3, 3, 3, 3, 2, 2, 2, 2, 2, 2, 2, 2, 2, 2, 2, 2, 2, 2, 2, 2, 2, 2, 1, 1, 1, 1, 1, 1, 1, 1, 1, 1, 1, 1, 1, 1, 1, 1, 1, 1, 1, 1, 1, 1, 1, 1, 1, 1, 1, 1, 1, 1, 1, 1, 1, 1, 1, 1, 1, 1, 1, 1, 1, 1, 1, 1, 1, 1, 1, 1, 1, 1, 1, 1, 1, 1, 1, 1, 1]",0.0916808110000602,0.09169347555555557,0.09145759600005476,0.09191708599996673,0.00015118458431990722,"[0.091574, 0.09164, 0.091458, 0.091697, 0.091769, 0.091906, 0.091599, 0.091917, 0.091681]",0.01655709199985722,0.01655141866662133,0.016481102999932773,0.016642578000073627,4.502712820933423e-05,"[0.016505, 0.016481, 0.016539, 0.016557, 0.016545, 0.016571, 0.016643, 0.016563, 0.016558]",5.537253220604851,5.495398369149909,5.577119808082121,44,optimal,nan,3.385162353515625,2.34073543548584,231.71312015180104,231.71312015418414,1.0284715387541649e-11,7.534885691606874e-06,6.1171911584811215e-06,1.0,1.0,0.5421052631578948,0.7030716723549487,9,2,1e-07,1e-05,1000,20.0,20.0,20.0,0.0,20.0,1.0,12.0,2.0618556701030926,1.9835115845320905,1.0
primary,x86_64,none,0.3.0,2.4.4,32,1,many_tiny,200,1000,0.4,0,0.9904522613065326,10,"[20, 20, 20, 20, 20, 20, 20, 20, 20, 20]",powerlaw,10,0,0,109,72,"[12, 11, 8, 7, 7, 6, 4, 4, 4, 4, 4, 4, 3, 3, 3, 2, 2, 2, 2, 2, 2, 2, 2, 2, 2, 2, 2, 2, 2, 2, 2, 2, 2, 2, 2, 2, 2, 1, 1, 1, 1, 1, 1, 1, 1, 1, 1, 1, 1, 1, 1, 1, 1, 1, 1, 1, 1, 1, 1, 1, 1, 1, 1, 1, 1, 1, 1, 1, 1, 1, 1, 1, 1, 1, 1, 1, 1, 1, 1, 1, 1, 1, 1, 1, 1, 1, 1, 1, 1, 1, 1, 1, 1, 1, 1, 1, 1, 1, 1, 1, 1, 1, 1, 1, 1, 1, 1, 1, 1]",0.09192421100010506,0.0919222322221837,0.0916463799999292,0.09220085499987363,0.00017983773246256355,"[0.092096, 0.091924, 0.09198, 0.091911, 0.091721, 0.092201, 0.091646, 0.092033, 0.091786]",0.015169120999871666,0.015151179777755411,0.015084822000062559,0.015186931000016557,3.6181204294457576e-05,"[0.015173, 0.015187, 0.015085, 0.015099, 0.015169, 0.015138, 0.015164, 0.015169, 0.015176]",6.059956341628679,6.0345556320647855,6.112160620754508,44,optimal,nan,3.385162353515625,2.3429174423217773,232.91468642492708,232.9146864247024,9.646176310129774e-13,5.692487918040889e-06,4.621441949037588e-06,1.0,1.0,0.4789473684210526,0.6476868327402135,9,2,1e-07,1e-05,1000,20.0,20.0,20.0,0.0,20.0,1.0,12.0,1.834862385321101,1.8647564785197732,1.0
primary,x86_64,none,0.3.0,2.4.4,32,1,many_tiny,200,2000,0.05,0,0.9904522613065326,10,"[20, 20, 20, 20, 20, 20, 20, 20, 20, 20]",powerlaw,10,0,0,1,0,[200],0.09687293599995428,0.09687676222221045,0.09677557700001671,0.09706884199999877,9.06559081425364e-05,"[0.096856, 0.097069, 0.096776, 0.096882, 0.096827, 0.096873, 0.096874, 0.096955, 0.096779]",0.0989495490000536,0.0990544281111296,0.0987940099998923,0.09936510900001849,0.0002138269114953428,"[0.099259, 0.099289, 0.09895, 0.098844, 0.098794, 0.098889, 0.098946, 0.099365, 0.099154]",0.9790134162198335,0.9739392224689121,0.9825377267316571,45,optimal,nan,3.385162353515625,5.829843521118164,216.56421356488184,216.56421356488184,0.0,0.0,0.0,1.0,0.1245311327831958,0.8736842105263158,0.2179908076165463,9,2,1e-07,1e-05,1000,20.0,20.0,20.0,0.0,20.0,200.0,200.0,200.0,0.0,200.0
primary,x86_64,none,0.3.0,2.4.4,32,1,many_tiny,200,2000,0.1,0,0.9904522613065326,10,"[20, 20, 20, 20, 20, 20, 20, 20, 20, 20]",powerlaw,10,0,0,25,11,"[152, 5, 5, 3, 3, 3, 3, 3, 2, 2, 2, 2, 2, 2, 1, 1, 1, 1, 1, 1, 1, 1, 1, 1, 1]",0.09636476800005767,0.0964053997778491,0.09625434700001279,0.09658798200007368,0.00011394490388654335,"[0.096366, 0.096555, 0.096254, 0.096354, 0.096323, 0.096343, 0.096588, 0.0965, 0.096365]",0.06654775499987409,0.06654036711112592,0.06644683299987264,0.06662849200006349,6.062208447615043e-05,"[0.066548, 0.066628, 0.066544, 0.066463, 0.066564, 0.066504, 0.066555, 0.066447, 0.066609]",1.4480543783969873,1.4446424361506045,1.4536130262259273,45,optimal,nan,3.385162353515625,3.7693300247192383,220.4392156190782,220.43921334828394,1.0301226342498662e-08,0.0002444473020815144,0.00019301750400304186,0.9999,0.7411167512690355,0.7684210526315789,0.7545219638242894,9,2,1e-07,1e-05,1000,20.0,20.0,20.0,0.0,20.0,1.0,152.0,8.0,29.417001886664114,2.0
primary,x86_64,none,0.3.0,2.4.4,32,1,many_tiny,200,2000,0.15,0,0.9904522613065326,10,"[20, 20, 20, 20, 20, 20, 20, 20, 20, 20]",powerlaw,10,0,0,60,19,"[14, 13, 10, 10, 10, 9, 6, 6, 5, 5, 5, 5, 5, 4, 4, 4, 4, 4, 3, 3, 3, 3, 3, 3, 3, 3, 3, 3, 3, 3, 2, 2, 2, 2, 2, 2, 2, 2, 2, 2, 2, 1, 1, 1, 1, 1, 1, 1, 1, 1, 1, 1, 1, 1, 1, 1, 1, 1, 1, 1]",0.09620091900001171,0.09619471888888459,0.09590290400001322,0.09645262999993065,0.0001623277096651114,"[0.096201, 0.096453, 0.096149, 0.096337, 0.096176, 0.096288, 0.09603, 0.096216, 0.095903]",0.02034224799990625,0.020357419444457667,0.020278132999919762,0.02049066299991864,7.002101346165562e-05,"[0.020491, 0.020321, 0.020305, 0.020285, 0.020342, 0.020278, 0.020403, 0.020377, 0.020415]",4.7291193677539995,4.6803221545537115,4.756484731622596,45,optimal,nan,3.385162353515625,2.3376235961914062,223.58656277228727,223.586562784669,5.537786810430629e-11,2.7706628755508333e-05,2.1894463530796507e-05,1.0,0.9928571428571429,0.7315789473684211,0.8424242424242424,9,2,1e-07,1e-05,1000,20.0,20.0,20.0,0.0,20.0,1.0,14.0,3.3333333333333335,2.9646060259145544,2.5
primary,x86_64,none,0.3.0,2.4.4,32,1,many_tiny,200,2000,0.2,0,0.9904522613065326,10,"[20, 20, 20, 20, 20, 20, 20, 20, 20, 20]",powerlaw,10,0,0,64,22,"[14, 13, 10, 10, 10, 7, 6, 6, 5, 5, 5, 5, 4, 4, 4, 4, 3, 3, 3, 3, 3, 3, 3, 3, 3, 3, 3, 3, 3, 3, 2, 2, 2, 2, 2, 2, 2, 2, 2, 2, 2, 2, 1, 1, 1, 1, 1, 1, 1, 1, 1, 1, 1, 1, 1, 1, 1, 1, 1, 1, 1, 1, 1, 1]",0.09114177599985851,0.09115694666664037,0.0910539140002129,0.09130443699996249,8.68438279446238e-05,"[0.091167, 0.091249, 0.091224, 0.091304, 0.091119, 0.091142, 0.09106, 0.091094, 0.091054]",0.019139500000164844,0.019163246333341197,0.019093195000095875,0.01924398400001337,5.480977237436502e-05,"[0.01914, 0.019137, 0.019093, 0.019112, 0.019118, 0.019244, 0.019193, 0.019227, 0.019205]",4.7619726742638795,4.731552156775314,4.782040774187034,43,optimal,nan,3.385162353515625,2.338456153869629,226.24413456338272,226.24413457030712,3.060591826436443e-11,1.8618998829808553e-05,1.471319357474616e-05,1.0,1.0,0.7157894736842105,0.8343558282208589,9,2,1e-07,1e-05,1000,20.0,20.0,20.0,0.0,20.0,1.0,14.0,3.125,2.8531780526283317,2.0
primary,x86_64,none,0.3.0,2.4.4,32,1,many_tiny,200,2000,0.25,0,0.9904522613065326,10,"[20, 20, 20, 20, 20, 20, 20, 20, 20, 20]",powerlaw,10,0,0,72,30,"[13, 11, 10, 10, 9, 7, 6, 6, 5, 5, 5, 4, 4, 4, 4, 3, 3, 3, 3, 3, 3, 3, 3, 3, 3, 3, 3, 3, 2, 2, 2, 2, 2, 2, 2, 2, 2, 2, 2, 2, 2, 2, 1, 1, 1, 1, 1, 1, 1, 1, 1, 1, 1, 1, 1, 1, 1, 1, 1, 1, 1, 1, 1, 1, 1, 1, 1, 1, 1, 1, 1, 1]",0.08781373600004372,0.08780819500005539,0.08760833100018317,0.08799539400001777,0.00014950015709041482,"[0.087727, 0.087995, 0.087814, 0.087894, 0.087676, 0.087962, 0.087643, 0.087954, 0.087608]",0.018025799000042753,0.018028306555581568,0.017987806000064666,0.018066168999894217,2.6842580944608986e-05,"[0.018016, 0.018026, 0.017995, 0.018045, 0.018066, 0.018059, 0.017988, 0.01804, 0.01802]",4.871558592206395,4.849303192098787,4.891947022316197,42,optimal,nan,3.385162353515625,2.3382444381713867,228.45939309269494,228.45939310305403,4.534323439076853e-11,1.1153368468130864e-05,8.813667724855104e-06,1.0,1.0,0.6736842105263158,0.8050314465408805,9,2,1e-07,1e-05,1000,20.0,20.0,20.0,0.0,20.0,1.0,13.0,2.7777777777777777,2.5778017240267066,2.0
primary,x86_64,none,0.3.0,2.4.4,32,1,many_tiny,200,2000,0.3,0,0.9904522613065326,10,"[20, 20, 20, 20, 20, 20, 20, 20, 20, 20]",powerlaw,10,0,0,83,40,"[13, 11, 9, 7, 7, 6, 6, 5, 5, 4, 4, 4, 4, 3, 3, 3, 3, 3, 3, 3, 3, 3, 3, 3, 3, 3, 3, 3, 2, 2, 2, 2, 2, 2, 2, 2, 2, 2, 2, 2, 2, 2, 2, 1, 1, 1, 1, 1, 1, 1, 1, 1, 1, 1, 1, 1, 1, 1, 1, 1, 1, 1, 1, 1, 1, 1, 1, 1, 1, 1, 1, 1, 1, 1, 1, 1, 1, 1, 1, 1, 1, 1, 1]",0.0871096599998964,0.08707799788885495,0.08686507299989898,0.0872996289999719,0.00014608417582966395,"[0.087099, 0.087236, 0.086889, 0.0873, 0.087122, 0.08711, 0.086865, 0.087111, 0.086972]",0.017690977000029307,0.01769414344446179,0.017643485000007786,0.017756280000185143,3.770074337346415e-05,"[0.017695, 0.017689, 0.017728, 0.017725, 0.017756, 0.017643, 0.017645, 0.017691, 0.017676]",4.923959824251204,4.8920760992163475,4.947981025286863,42,optimal,nan,3.385162353515625,2.340208053588867,230.279507174531,230.27950717658385,8.914571921431774e-12,5.4298003591413124e-06,4.290762585335213e-06,1.0,1.0,0.6157894736842106,0.7622149837133552,9,2,1e-07,1e-05,1000,20.0,20.0,20.0,0.0,20.0,1.0,13.0,2.4096385542168677,2.2173257776647763,2.0
primary,x86_64,none,0.3.0,2.4.4,32,1,many_tiny,200,2000,0.35,0,0.9904522613065326,10,"[20, 20, 20, 20, 20, 20, 20, 20, 20, 20]",powerlaw,10,0,0,98,58,"[13, 11, 8, 7, 7, 6, 5, 4, 4, 4, 4, 4, 4, 3, 3, 3, 3, 3, 3, 3, 2, 2, 2, 2, 2, 2, 2, 2, 2, 2, 2, 2, 2, 2, 2, 2, 2, 2, 2, 2, 1, 1, 1, 1, 1, 1, 1, 1, 1, 1, 1, 1, 1, 1, 1, 1, 1, 1, 1, 1, 1, 1, 1, 1, 1, 1, 1, 1, 1, 1, 1, 1, 1, 1, 1, 1, 1, 1, 1, 1, 1, 1, 1, 1, 1, 1, 1, 1, 1, 1, 1, 1, 1, 1, 1, 1, 1, 1]",0.08503423599995585,0.085052573000035,0.08484663900003397,0.0852871330000653,0.00012267041725492597,"[0.085034, 0.085287, 0.084847, 0.085094, 0.084997, 0.085147, 0.084996, 0.085086, 0.084984]",0.016243641999835745,0.016257229777769073,0.01617121499998575,0.016335064000031707,4.7581960957567166e-05,"[0.016233, 0.016265, 0.016171, 0.016335, 0.016233, 0.016299, 0.016242, 0.016244, 0.016292]",5.234924286118576,5.194141816638691,5.274008972123644,41,optimal,nan,3.385162353515625,2.341549873352051,231.76428038510818,231.76428038752582,1.0431442952560343e-11,1.6528538800936188e-05,1.3061260255640983e-05,1.0,1.0,0.5368421052631579,0.6986301369863014,9,2,1e-07,1e-05,1000,20.0,20.0,20.0,0.0,20.0,1.0,13.0,2.0408163265306123,2.0249382320987173,1.0
primary,x86_64,none,0.3.0,2.4.4,32,1,many_tiny,200,2000,0.4,0,0.9904522613065326,10,"[20, 20, 20, 20, 20, 20, 20, 20, 20, 20]",powerlaw,10,0,0,108,71,"[13, 11, 8, 7, 6, 6, 4, 4, 4, 4, 4, 3, 3, 3, 3, 3, 3, 2, 2, 2, 2, 2, 2, 2, 2, 2, 2, 2, 2, 2, 2, 2, 2, 2, 2, 2, 2, 1, 1, 1, 1, 1, 1, 1, 1, 1, 1, 1, 1, 1, 1, 1, 1, 1, 1, 1, 1, 1, 1, 1, 1, 1, 1, 1, 1, 1, 1, 1, 1, 1, 1, 1, 1, 1, 1, 1, 1, 1, 1, 1, 1, 1, 1, 1, 1, 1, 1, 1, 1, 1, 1, 1, 1, 1, 1, 1, 1, 1, 1, 1, 1, 1, 1, 1, 1, 1, 1, 1]",0.08478252500003691,0.08477197166666883,0.08461511400014388,0.08496774700006426,0.0001235413594049727,"[0.084621, 0.084882, 0.084825, 0.084783, 0.084655, 0.084855, 0.084743, 0.084968, 0.084615]",0.015560937000145714,0.015568060222247167,0.01546238900004937,0.015668982000079268,6.566828181711615e-05,"[0.015519, 0.015462, 0.015513, 0.015561, 0.015651, 0.015591, 0.015585, 0.015561, 0.015669]",5.448420297520837,5.400166647693885,5.4951241363668295,41,optimal,nan,3.385162353515625,2.342043876647949,232.97327251801835,232.9732725181007,3.5354318990793483e-13,8.171902637688078e-06,6.457639619181784e-06,1.0,1.0,0.4842105263157895,0.6524822695035462,9,2,1e-07,1e-05,1000,20.0,20.0,20.0,0.0,20.0,1.0,13.0,1.8518518518518519,1.8993898377715683,1.0
primary,x86_64,none,0.3.0,2.4.4,32,1,many_tiny,400,800,0.05,0,0.9952380952380953,20,"[20, 20, 20, 20, 20, 20, 20, 20, 20, 20, 20, 20, 20, 20, 20, 20, 20, 20, 20, 20]",powerlaw,20,0,0,1,0,[400],0.47618057499994393,0.47617991333330184,0.47468099200000324,0.4771696059999613,0.0006943944298211477,"[0.476176, 0.474681, 0.475747, 0.476037, 0.476667, 0.47717, 0.476181, 0.476532, 0.476429]",0.48263838599996234,0.482496435888859,0.4815318119999574,0.48386131600000226,0.0006987079861330962,"[0.48273, 0.483861, 0.482858, 0.481744, 0.482638, 0.482286, 0.481532, 0.482784, 0.482034]",0.9866197733389177,0.9810269519458774,0.9909409806552998,44,optimal,nan,13.45904541015625,23.229544639587402,436.0437727133573,436.0437727133573,0.0,0.0,0.0,1.0,0.021239270722385815,0.8921052631578947,0.04149072884156416,9,2,1e-07,1e-05,1000,20.0,20.0,20.0,0.0,20.0,400.0,400.0,400.0,0.0,400.0
primary,x86_64,none,0.3.0,2.4.4,32,1,many_tiny,400,800,0.1,0,0.9952380952380953,20,"[20, 20, 20, 20, 20, 20, 20, 20, 20, 20, 20, 20, 20, 20, 20, 20, 20, 20, 20, 20]",powerlaw,20,0,0,1,0,[400],0.8498224100001153,0.8503152642222934,0.8488072310001371,0.8524332910001249,0.0011386461353930404,"[0.848807, 0.852433, 0.849325, 0.850857, 0.849635, 0.85106, 0.849727, 0.851171, 0.849822]",0.8574402470001132,0.8576656976666881,0.856784831999903,0.8593185640002048,0.000849981426939475,"[0.857015, 0.856785, 0.859319, 0.857799, 0.857305, 0.857671, 0.85744, 0.858723, 0.856936]",0.9911156059834488,0.9877678273920483,0.9949210807226585,79,optimal,nan,13.45904541015625,23.229501724243164,451.62313498525515,451.62313498525515,0.0,0.0,0.0,1.0,0.1279870392871608,0.8315789473684211,0.22183222183222184,9,2,1e-07,1e-05,1000,20.0,20.0,20.0,0.0,20.0,400.0,400.0,400.0,0.0,400.0
primary,x86_64,none,0.3.0,2.4.4,32,1,many_tiny,400,800,0.15,0,0.9952380952380953,20,"[20, 20, 20, 20, 20, 20, 20, 20, 20, 20, 20, 20, 20, 20, 20, 20, 20, 20, 20, 20]",powerlaw,20,0,0,6,5,"[395, 1, 1, 1, 1, 1]",0.9863077880002038,0.9863170395556407,0.9848105900000519,0.9880674040000486,0.0009163666121613169,"[0.986308, 0.984811, 0.98672, 0.985775, 0.988067, 0.986645, 0.986113, 0.985593, 0.986822]",0.9741580699999304,0.9742530474444366,0.9729802580000069,0.9751340229997822,0.0007294594010661111,"[0.974039, 0.975134, 0.97487, 0.974434, 0.973499, 0.97403, 0.974158, 0.97298, 0.975133]",1.0124720190433512,1.009923320048358,1.0155061172886013,92,optimal,nan,13.45904541015625,22.744714736938477,458.92108638786516,458.920910557104,3.8313942504449295e-07,0.00045659965976209416,0.0003359896467718018,1.0,0.37673830594184576,0.7842105263157895,0.5089666951323656,9,2,1e-07,1e-05,1000,20.0,20.0,20.0,0.0,20.0,1.0,395.0,66.66666666666667,146.83513052248617,1.0
primary,x86_64,none,0.3.0,2.4.4,32,1,many_tiny,400,800,0.2,0,0.9952380952380953,20,"[20, 20, 20, 20, 20, 20, 20, 20, 20, 20, 20, 20, 20, 20, 20, 20, 20, 20, 20, 20]",powerlaw,20,0,0,16,12,"[381, 3, 2, 2, 1, 1, 1, 1, 1, 1, 1, 1, 1, 1, 1, 1]",0.8770812539996768,0.8776969481110781,0.874949683000068,0.8799943710000662,0.0016885769499884364,"[0.87495, 0.878431, 0.876686, 0.879808, 0.876706, 0.879994, 0.876673, 0.878944, 0.877081]",0.8124941170003694,0.8123614851111193,0.8107846080001764,0.8145732180000778,0.0014331652516688528,"[0.810853, 0.812494, 0.810807, 0.813925, 0.812497, 0.813583, 0.811737, 0.814573, 0.810785]",1.079492436496347,1.0741203659361958,1.0853614663092799,82,optimal,nan,13.45904541015625,21.41941547393799,464.65583805833074,464.65545277294143,8.291844366436808e-07,0.0009062519213507633,0.0006672385483129322,0.9999625,0.5641025641025641,0.7526315789473684,0.6448703494926719,9,2,1e-07,1e-05,1000,20.0,20.0,20.0,0.0,20.0,1.0,381.0,25.0,91.92048193955469,1.0
primary,x86_64,none,0.3.0,2.4.4,32,1,many_tiny,400,800,0.25,0,0.9952380952380953,20,"[20, 20, 20, 20, 20, 20, 20, 20, 20, 20, 20, 20, 20, 20, 20, 20, 20, 20, 20, 20]",powerlaw,20,0,0,33,22,"[353, 4, 3, 3, 3, 2, 2, 2, 2, 2, 2, 1, 1, 1, 1, 1, 1, 1, 1, 1, 1, 1, 1, 1, 1, 1, 1, 1, 1, 1, 1, 1, 1]",0.9557859480000843,0.9555641658889221,0.9533448480001425,0.9567181150000579,0.0010647740074173646,"[0.953345, 0.955786, 0.954751, 0.956511, 0.955989, 0.956718, 0.955589, 0.956398, 0.954991]",0.7601818699999967,0.760562104888878,0.7582275029999437,0.7634290349997173,0.0015858781486537091,"[0.759962, 0.759675, 0.762049, 0.761723, 0.758228, 0.763429, 0.759298, 0.760513, 0.760182]",1.2573122113529076,1.2487668195649588,1.2617823954087417,90,optimal,nan,13.45904541015625,18.912240982055664,469.43288168285716,469.43211883329394,1.6250450127852818e-06,0.001018261092887357,0.0007499182255473588,0.99985,0.6363636363636364,0.7,0.6666666666666666,9,2,1e-07,1e-05,1000,20.0,20.0,20.0,0.0,20.0,1.0,353.0,12.121212121212121,60.264446313227275,1.0
primary,x86_64,none,0.3.0,2.4.4,32,1,many_tiny,400,800,0.3,0,0.9952380952380953,20,"[20, 20, 20, 20, 20, 20, 20, 20, 20, 20, 20, 20, 20, 20, 20, 20, 20, 20, 20, 20]",powerlaw,20,0,0,56,35,"[319, 4, 3, 3, 3, 3, 2, 2, 2, 2, 2, 2, 2, 2, 2, 2, 2, 2, 2, 2, 2, 1, 1, 1, 1, 1, 1, 1, 1, 1, 1, 1, 1, 1, 1, 1, 1, 1, 1, 1, 1, 1, 1, 1, 1, 1, 1, 1, 1, 1, 1, 1, 1, 1, 1, 1]",1.0441758280003341,1.0440972018890433,1.0413736590003282,1.0454736579999917,0.00116900377315991,"[1.041374, 1.044763, 1.04403, 1.044393, 1.044176, 1.045013, 1.044042, 1.045474, 1.043611]",0.6828673250001884,0.6826981806666986,0.6807065079997301,0.685313089000374,0.0014959191209563568,"[0.682917, 0.681661, 0.685313, 0.683711, 0.680996, 0.682867, 0.682116, 0.683995, 0.680707]",1.5291049809712978,1.51955898072707,1.535865524588765,99,optimal,nan,13.45904541015625,16.12534236907959,473.41965320561684,473.418355588112,2.7409455777221345e-06,0.0010511313054511057,0.0007742883045548601,0.999825,0.6757493188010899,0.6526315789473685,0.6639892904953146,9,2,1e-07,1e-05,1000,20.0,20.0,20.0,0.0,20.0,1.0,319.0,7.142857142857143,42.05669157366576,1.0
primary,x86_64,none,0.3.0,2.4.4,32,1,many_tiny,400,800,0.35,0,0.9952380952380953,20,"[20, 20, 20, 20, 20, 20, 20, 20, 20, 20, 20, 20, 20, 20, 20, 20, 20, 20, 20, 20]",powerlaw,20,0,0,90,65,"[272, 7, 4, 4, 4, 3, 3, 3, 3, 2, 2, 2, 2, 2, 2, 2, 2, 2, 2, 2, 2, 2, 2, 2, 2, 1, 1, 1, 1, 1, 1, 1, 1, 1, 1, 1, 1, 1, 1, 1, 1, 1, 1, 1, 1, 1, 1, 1, 1, 1, 1, 1, 1, 1, 1, 1, 1, 1, 1, 1, 1, 1, 1, 1, 1, 1, 1, 1, 1, 1, 1, 1, 1, 1, 1, 1, 1, 1, 1, 1, 1, 1, 1, 1, 1, 1, 1, 1, 1, 1]",1.112184870999954,1.1124639675555146,1.1093468889998803,1.1150069240002267,0.0018595283666570433,"[1.109347, 1.112479, 1.111311, 1.114845, 1.1112, 1.115007, 1.1118, 1.114001, 1.112185]",0.5428661149999243,0.5429613448888833,0.5421109389999401,0.5439477340000849,0.0005876715230606695,"[0.542111, 0.543039, 0.542711, 0.543311, 0.54246, 0.543948, 0.542866, 0.543639, 0.542567]",2.0487277438565292,2.0394365481439936,2.056787354369084,106,optimal,nan,13.45904541015625,12.737723350524902,476.72589580991854,476.7244456843157,3.041843574241356e-06,0.0009391324320031438,0.00069188072707858,0.9997375,0.691358024691358,0.5894736842105263,0.6363636363636362,9,2,1e-07,1e-05,1000,20.0,20.0,20.0,0.0,20.0,1.0,272.0,4.444444444444445,28.376089743581712,1.0
primary,x86_64,none,0.3.0,2.4.4,32,1,many_tiny,400,800,0.4,0,0.9952380952380953,20,"[20, 20, 20, 20, 20, 20, 20, 20, 20, 20, 20, 20, 20, 20, 20, 20, 20, 20, 20, 20]",powerlaw,20,0,0,118,88,"[227, 10, 7, 7, 4, 4, 3, 3, 3, 3, 3, 2, 2, 2, 2, 2, 2, 2, 2, 2, 2, 2, 2, 2, 2, 2, 2, 2, 2, 2, 1, 1, 1, 1, 1, 1, 1, 1, 1, 1, 1, 1, 1, 1, 1, 1, 1, 1, 1, 1, 1, 1, 1, 1, 1, 1, 1, 1, 1, 1, 1, 1, 1, 1, 1, 1, 1, 1, 1, 1, 1, 1, 1, 1, 1, 1, 1, 1, 1, 1, 1, 1, 1, 1, 1, 1, 1, 1, 1, 1, 1, 1, 1, 1, 1, 1, 1, 1, 1, 1, 1, 1, 1, 1, 1, 1, 1, 1, 1, 1, 1, 1, 1, 1, 1, 1, 1, 1]",0.8987983109996094,0.8987126474443257,0.8973580979995859,0.899641345999953,0.0006862787309097034,"[0.897358, 0.898798, 0.898528, 0.899641, 0.898506, 0.899373, 0.898134, 0.89908, 0.898996]",0.31717302600009134,0.31718991033332916,0.3167170920000899,0.31760993799980497,0.00030632942042084667,"[0.316717, 0.317158, 0.31761, 0.317501, 0.317173, 0.317263, 0.316966, 0.316848, 0.317473]",2.8337791593896466,2.8253464096584313,2.8405203530970082,85,optimal,nan,13.45904541015625,9.999754905700684,479.46088521121595,479.45963065739306,2.616592638910527e-06,0.0010308583362101803,0.0007594181774561381,0.9997,0.7024221453287197,0.5342105263157895,0.6068759342301944,9,2,1e-07,1e-05,1000,20.0,20.0,20.0,0.0,20.0,1.0,227.0,3.389830508474576,20.710283165249873,1.0
primary,x86_64,none,0.3.0,2.4.4,32,1,many_tiny,400,2000,0.05,0,0.9952380952380953,20,"[20, 20, 20, 20, 20, 20, 20, 20, 20, 20, 20, 20, 20, 20, 20, 20, 20, 20, 20, 20]",powerlaw,20,0,0,1,0,[400],0.6899637900000926,0.6895888087777975,0.68749053800002,0.6909931250002046,0.0010086770261945042,"[0.687491, 0.689313, 0.690208, 0.690196, 0.689054, 0.690993, 0.689038, 0.690042, 0.689964]",0.6980707200000325,0.698140786777761,0.6970995299998322,0.6997530620001271,0.0008902342063993324,"[0.699753, 0.697289, 0.698347, 0.698071, 0.6971, 0.698704, 0.697139, 0.697989, 0.698876]",0.9883866637467054,0.9824759266289501,0.9912402680867838,64,optimal,nan,13.45904541015625,23.229458808898926,444.5441492909319,444.5441492909319,0.0,0.0,0.0,1.0,0.06164383561643835,0.9,0.11538461538461538,9,2,1e-07,1e-05,1000,20.0,20.0,20.0,0.0,20.0,400.0,400.0,400.0,0.0,400.0
primary,x86_64,none,0.3.0,2.4.4,32,1,many_tiny,400,2000,0.1,0,0.9952380952380953,20,"[20, 20, 20, 20, 20, 20, 20, 20, 20, 20, 20, 20, 20, 20, 20, 20, 20, 20, 20, 20]",powerlaw,20,0,0,7,4,"[392, 2, 2, 1, 1, 1, 1]",0.934869338000226,0.9345324388888608,0.9313619909999034,0.9360947089999172,0.0013762067540084462,"[0.931362, 0.934228, 0.933979, 0.934869, 0.935503, 0.935332, 0.936095, 0.935211, 0.934212]",0.9064671730002374,0.9067325448889076,0.9049071220001679,0.9093014239997501,0.001701840378404437,"[0.908438, 0.906467, 0.905976, 0.904907, 0.906619, 0.905079, 0.908758, 0.905047, 0.909301]",1.0313328114309785,1.0242610056664327,1.0344649591560442,87,optimal,nan,13.45904541015625,22.45652484893799,453.04804777267975,453.0477604451896,6.342097522331181e-07,0.0006050194452796309,0.00046499390405907367,0.9999375,0.4340425531914894,0.8052631578947368,0.5640552995391704,9,2,1e-07,1e-05,1000,20.0,20.0,20.0,0.0,20.0,1.0,392.0,57.142857142857146,136.7055527887046,1.0
primary,x86_64,none,0.3.0,2.4.4,32,1,many_tiny,400,2000,0.15,0,0.9952380952380953,20,"[20, 20, 20, 20, 20, 20, 20, 20, 20, 20, 20, 20, 20, 20, 20, 20, 20, 20, 20, 20]",powerlaw,20,0,0,15,11,"[382, 3, 2, 2, 1, 1, 1, 1, 1, 1, 1, 1, 1, 1, 1]",0.8369289809998008,0.8369532984443645,0.833672192999984,0.8388524169999982,0.001411688749788349,"[0.833672, 0.836785, 0.836929, 0.838852, 0.837404, 0.836575, 0.83776, 0.836911, 0.83769]",0.7838998960000936,0.7834324387777087,0.7819266659998902,0.7844556430000011,0.000929700613505062,"[0.7839, 0.78212, 0.783934, 0.781927, 0.783062, 0.784456, 0.783902, 0.784422, 0.783169]",1.0676477765468424,1.0627397488171078,1.0728019051854614,78,optimal,nan,13.45904541015625,21.512521743774414,459.6949573384988,459.69442288848177,1.1626188377667492e-06,0.0008929637520424527,0.0006864805259990809,0.9999125,0.6651685393258427,0.7789473684210526,0.7175757575757575,9,2,1e-07,1e-05,1000,20.0,20.0,20.0,0.0,20.0,1.0,382.0,26.666666666666668,94.96853280019769,1.0
primary,x86_64,none,0.3.0,2.4.4,32,1,many_tiny,400,2000,0.2,0,0.9952380952380953,20,"[20, 20, 20, 20, 20, 20, 20, 20, 20, 20, 20, 20, 20, 20, 20, 20, 20, 20, 20, 20]",powerlaw,20,0,0,35,21,"[349, 3, 3, 3, 3, 2, 2, 2, 2, 2, 2, 2, 2, 2, 1, 1, 1, 1, 1, 1, 1, 1, 1, 1, 1, 1, 1, 1, 1, 1, 1, 1, 1, 1, 1]",0.9161754329998075,0.9161579629999829,0.9139064890000554,0.9175291010001274,0.001113087193197974,"[0.913906, 0.916175, 0.916755, 0.915059, 0.916113, 0.917315, 0.916171, 0.917529, 0.916398]",0.7384187460002067,0.738405189555528,0.7366710129999774,0.7394315729998198,0.00084830001750065,"[0.736671, 0.739012, 0.738419, 0.738122, 0.739106, 0.737981, 0.739432, 0.737918, 0.738986]",1.2407261299397605,1.2359581635017338,1.24550726824941,86,optimal,nan,13.45904541015625,18.569592475891113,465.33429724890635,465.33310763704435,2.5564671872157906e-06,0.0008289012169316046,0.0006372343518464554,0.9998,0.7390180878552972,0.7526315789473684,0.7457627118644068,9,2,1e-07,1e-05,1000,20.0,20.0,20.0,0.0,20.0,1.0,349.0,11.428571428571429,57.89709379051555,1.0
primary,x86_64,none,0.3.0,2.4.4,32,1,many_tiny,400,2000,0.25,0,0.9952380952380953,20,"[20, 20, 20, 20, 20, 20, 20, 20, 20, 20, 20, 20, 20, 20, 20, 20, 20, 20, 20, 20]",powerlaw,20,0,0,68,43,"[289, 7, 6, 4, 4, 3, 3, 3, 3, 3, 3, 3, 2, 2, 2, 2, 2, 2, 2, 2, 2, 2, 2, 2, 2, 1, 1, 1, 1, 1, 1, 1, 1, 1, 1, 1, 1, 1, 1, 1, 1, 1, 1, 1, 1, 1, 1, 1, 1, 1, 1, 1, 1, 1, 1, 1, 1, 1, 1, 1, 1, 1, 1, 1, 1, 1, 1, 1]",0.9816387219998433,0.9817787459999434,0.9789577540000209,0.9832606489999307,0.001325546493077144,"[0.978958, 0.981306, 0.981639, 0.982673, 0.982286, 0.983261, 0.981299, 0.983254, 0.981334]",0.5756173120003041,0.5755702128888819,0.5742946250002205,0.5767119829997682,0.000712651380664875,"[0.574295, 0.5751, 0.575699, 0.576712, 0.575617, 0.575841, 0.57634, 0.575402, 0.575126]",1.705366919192529,1.6974812087447373,1.7121188431801067,93,optimal,nan,13.45904541015625,13.89969539642334,470.08413162743426,470.08291230704594,2.593834393206258e-06,0.0008666093879844197,0.0006662245377848347,0.9997625,0.7787356321839081,0.7131578947368421,0.7445054945054944,9,2,1e-07,1e-05,1000,20.0,20.0,20.0,0.0,20.0,1.0,289.0,5.882352941176471,34.607687607271465,1.0
primary,x86_64,none,0.3.0,2.4.4,32,1,many_tiny,400,2000,0.3,0,0.9952380952380953,20,"[20, 20, 20, 20, 20, 20, 20, 20, 20, 20, 20, 20, 20, 20, 20, 20, 20, 20, 20, 20]",powerlaw,20,0,0,94,58,"[243, 7, 6, 6, 5, 4, 4, 3, 3, 3, 3, 3, 3, 3, 3, 3, 2, 2, 2, 2, 2, 2, 2, 2, 2, 2, 2, 2, 2, 2, 2, 2, 2, 2, 2, 2, 1, 1, 1, 1, 1, 1, 1, 1, 1, 1, 1, 1, 1, 1, 1, 1, 1, 1, 1, 1, 1, 1, 1, 1, 1, 1, 1, 1, 1, 1, 1, 1, 1, 1, 1, 1, 1, 1, 1, 1, 1, 1, 1, 1, 1, 1, 1, 1, 1, 1, 1, 1, 1, 1, 1, 1, 1, 1]",0.8174707870002749,0.8172698505555268,0.8146793619998789,0.8183779149999282,0.001107886026286401,"[0.814679, 0.817225, 0.818162, 0.816678, 0.818034, 0.817471, 0.817208, 0.818378, 0.817594]",0.3175814100000025,0.31770740022213634,0.3173605819997647,0.3184659369999281,0.0003578134167146164,"[0.318466, 0.317583, 0.317499, 0.317581, 0.317507, 0.317361, 0.318138, 0.317691, 0.317541]",2.5740511291270747,2.5581365770998072,2.578700574101339,78,optimal,nan,13.45904541015625,10.915821075439453,474.04699648213506,474.04641577260475,1.2250041338107731e-06,0.0007455789025805973,0.0005731771968844494,0.999775,0.8025889967637541,0.6526315789473685,0.7198838896952104,9,2,1e-07,1e-05,1000,20.0,20.0,20.0,0.0,20.0,1.0,243.0,4.25531914893617,24.78500583538051,1.0
primary,x86_64,none,0.3.0,2.4.4,32,1,many_tiny,400,2000,0.35,0,0.9952380952380953,20,"[20, 20, 20, 20, 20, 20, 20, 20, 20, 20, 20, 20, 20, 20, 20, 20, 20, 20, 20, 20]",powerlaw,20,0,0,123,81,"[188, 10, 7, 7, 6, 6, 5, 5, 4, 4, 4, 4, 3, 3, 3, 3, 3, 3, 3, 3, 3, 2, 2, 2, 2, 2, 2, 2, 2, 2, 2, 2, 2, 2, 2, 2, 2, 2, 2, 2, 2, 2, 1, 1, 1, 1, 1, 1, 1, 1, 1, 1, 1, 1, 1, 1, 1, 1, 1, 1, 1, 1, 1, 1, 1, 1, 1, 1, 1, 1, 1, 1, 1, 1, 1, 1, 1, 1, 1, 1, 1, 1, 1, 1, 1, 1, 1, 1, 1, 1, 1, 1, 1, 1, 1, 1, 1, 1, 1, 1, 1, 1, 1, 1, 1, 1, 1, 1, 1, 1, 1, 1, 1, 1, 1, 1, 1, 1, 1, 1, 1, 1, 1]",0.8047682920000625,0.8046969827777907,0.8022902640000211,0.8057738450002034,0.0009879390207687252,"[0.80229, 0.805044, 0.80468, 0.805774, 0.80462, 0.804717, 0.805535, 0.804844, 0.804768]",0.22250641800019366,0.22256974522224482,0.22221554199995808,0.22309413800030597,0.0002937238689935226,"[0.222648, 0.222506, 0.222937, 0.222476, 0.222238, 0.2226, 0.222413, 0.223094, 0.222216]",3.6168318165068034,3.59619607754517,3.6260913064323623,77,optimal,nan,13.45904541015625,9.568367004394531,477.3403342944537,477.3386757322195,3.4745905909918956e-06,0.000943962332519227,0.0007256877035332554,0.99975,0.8436363636363636,0.6105263157894737,0.7083969465648855,9,2,1e-07,1e-05,1000,20.0,20.0,20.0,0.0,20.0,1.0,188.0,3.252032520325203,16.789753696888894,1.0
primary,x86_64,none,0.3.0,2.4.4,32,1,many_tiny,400,2000,0.4,0,0.9952380952380953,20,"[20, 20, 20, 20, 20, 20, 20, 20, 20, 20, 20, 20, 20, 20, 20, 20, 20, 20, 20, 20]",powerlaw,20,0,0,161,112,"[127, 10, 8, 7, 7, 7, 7, 6, 6, 5, 4, 4, 4, 4, 4, 3, 3, 3, 3, 3, 3, 3, 3, 3, 3, 2, 2, 2, 2, 2, 2, 2, 2, 2, 2, 2, 2, 2, 2, 2, 2, 2, 2, 2, 2, 2, 2, 2, 2, 1, 1, 1, 1, 1, 1, 1, 1, 1, 1, 1, 1, 1, 1, 1, 1, 1, 1, 1, 1, 1, 1, 1, 1, 1, 1, 1, 1, 1, 1, 1, 1, 1, 1, 1, 1, 1, 1, 1, 1, 1, 1, 1, 1, 1, 1, 1, 1, 1, 1, 1, 1, 1, 1, 1, 1, 1, 1, 1, 1, 1, 1, 1, 1, 1, 1, 1, 1, 1, 1, 1, 1, 1, 1, 1, 1, 1, 1, 1, 1, 1, 1, 1, 1, 1, 1, 1, 1, 1, 1, 1, 1, 1, 1, 1, 1, 1, 1, 1, 1, 1, 1, 1, 1, 1, 1, 1, 1, 1, 1, 1, 1]",0.8334096149997094,0.8331872505554606,0.8309364599999753,0.8342622209997899,0.001048218412580207,"[0.830936, 0.83341, 0.832998, 0.833672, 0.832529, 0.832735, 0.83392, 0.834223, 0.834262]",0.15508586899977672,0.15511277877779625,0.15487571699986802,0.15530195400015145,0.00014594345404926547,"[0.154973, 0.155073, 0.155005, 0.155262, 0.155302, 0.155086, 0.155226, 0.155213, 0.154876]",5.373859142517422,5.350457213173023,5.386656069527676,79,optimal,nan,13.45904541015625,9.15012264251709,480.05577838672656,480.05371685310826,4.2943626785010855e-06,0.0015424409844416176,0.0011857796993224462,0.999675,0.8577405857740585,0.5394736842105263,0.6623586429725363,9,2,1e-07,1e-05,1000,20.0,20.0,20.0,0.0,20.0,1.0,127.0,2.484472049689441,9.959611350933386,1.0
primary,x86_64,none,0.3.0,2.4.4,32,1,many_tiny,400,4000,0.05,0,0.9952380952380953,20,"[20, 20, 20, 20, 20, 20, 20, 20, 20, 20, 20, 20, 20, 20, 20, 20, 20, 20, 20, 20]",powerlaw,20,0,0,1,0,[400],0.6345128190000651,0.6346954983333085,0.634177926999655,0.63592921999998,0.0005564898356898629,"[0.634178, 0.634596, 0.634231, 0.635929, 0.634772, 0.634364, 0.635207, 0.634513, 0.634469]",0.6425366849998682,0.6424696367777566,0.6412650769998436,0.6436717209999188,0.0009070942004268025,"[0.641399, 0.643566, 0.641936, 0.643351, 0.641954, 0.643672, 0.641265, 0.642537, 0.642547]",0.9875122056263531,0.9852505653261954,0.9916791710772285,59,optimal,nan,13.45904541015625,23.229501724243164,446.3369083813609,446.3369083813609,0.0,0.0,0.0,1.0,0.1935300794551646,0.8973684210526316,0.31839402427637725,9,2,1e-07,1e-05,1000,20.0,20.0,20.0,0.0,20.0,400.0,400.0,400.0,0.0,400.0
primary,x86_64,none,0.3.0,2.4.4,32,1,many_tiny,400,4000,0.1,0,0.9952380952380953,20,"[20, 20, 20, 20, 20, 20, 20, 20, 20, 20, 20, 20, 20, 20, 20, 20, 20, 20, 20, 20]",powerlaw,20,0,0,17,13,"[379, 4, 2, 2, 1, 1, 1, 1, 1, 1, 1, 1, 1, 1, 1, 1, 1]",0.7417069910002283,0.7413840610000888,0.7393311710002308,0.742268637000052,0.0009397216720705443,"[0.739331, 0.740584, 0.741683, 0.741707, 0.742024, 0.742114, 0.740991, 0.742269, 0.741753]",0.6832837719998679,0.6831915836665858,0.6818365169997378,0.6855372439999883,0.0011028513732341393,"[0.685537, 0.683809, 0.683284, 0.682491, 0.68305, 0.681994, 0.683375, 0.681837, 0.683348]",1.0855035951305627,1.0784697366497034,1.0886313925605386,69,optimal,nan,13.45904541015625,21.23404884338379,454.058363579189,454.05738708732804,2.1505866630673703e-06,0.001047181026793232,0.0008174467553734027,0.9998875,0.6770601336302895,0.8,0.7334137515078407,9,2,1e-07,1e-05,1000,20.0,20.0,20.0,0.0,20.0,1.0,379.0,23.529411764705884,88.87077045255347,1.0
primary,x86_64,none,0.3.0,2.4.4,32,1,many_tiny,400,4000,0.15,0,0.9952380952380953,20,"[20, 20, 20, 20, 20, 20, 20, 20, 20, 20, 20, 20, 20, 20, 20, 20, 20, 20, 20, 20]",powerlaw,20,0,0,39,22,"[334, 6, 4, 4, 3, 3, 3, 3, 2, 2, 2, 2, 2, 2, 2, 2, 2, 1, 1, 1, 1, 1, 1, 1, 1, 1, 1, 1, 1, 1, 1, 1, 1, 1, 1, 1, 1, 1, 1]",0.7721080810001695,0.7721455617778601,0.7706488660001014,0.7731339770002705,0.0007838658306678178,"[0.771358, 0.770649, 0.772883, 0.772108, 0.77203, 0.772785, 0.772413, 0.77195, 0.773134]",0.5732144490002611,0.5732009781110415,0.5726005960000293,0.5737771909998628,0.00046493259842076394,"[0.57375, 0.573777, 0.573464, 0.572601, 0.572978, 0.57282, 0.573214, 0.573578, 0.572627]",1.3469794460813003,1.3431151988756656,1.35021511049952,72,optimal,nan,13.45904541015625,17.319180488586426,460.6061824453331,460.6047010868121,3.2161064646169053e-06,0.001014186134153508,0.0007916906755217601,0.9997625,0.7903225806451613,0.7736842105263158,0.7819148936170212,9,2,1e-07,1e-05,1000,20.0,20.0,20.0,0.0,20.0,1.0,334.0,10.256410256410257,52.529707320870386,1.0
primary,x86_64,none,0.3.0,2.4.4,32,1,many_tiny,400,4000,0.2,0,0.9952380952380953,20,"[20, 20, 20, 20, 20, 20, 20, 20, 20, 20, 20, 20, 20, 20, 20, 20, 20, 20, 20, 20]",powerlaw,20,0,0,53,27,"[301, 6, 5, 4, 4, 4, 4, 3, 3, 3, 3, 3, 3, 3, 2, 2, 2, 2, 2, 2, 2, 2, 2, 2, 2, 2, 1, 1, 1, 1, 1, 1, 1, 1, 1, 1, 1, 1, 1, 1, 1, 1, 1, 1, 1, 1, 1, 1, 1, 1, 1, 1, 1]",0.7339379869999902,0.7338201444445581,0.7328052170000774,0.7351015179997376,0.000725773140956268,"[0.732805, 0.734111, 0.733474, 0.732944, 0.73439, 0.735102, 0.733469, 0.733938, 0.734148]",0.42298933800020677,0.42279514144451646,0.4214339680002013,0.4238738660001218,0.0007022957603328447,"[0.422999, 0.423337, 0.423089, 0.421434, 0.423874, 0.42217, 0.422989, 0.422518, 0.422746]",1.7351217183626304,1.7288284930495499,1.7442863504523833,69,optimal,nan,13.45904541015625,14.762402534484863,466.18500689351504,466.18394239710585,2.2834205164140275e-06,0.000828167069504962,0.000646481029208064,0.9998,0.8425655976676385,0.7605263157894737,0.7994467496542185,9,2,1e-07,1e-05,1000,20.0,20.0,20.0,0.0,20.0,1.0,301.0,7.547169811320755,40.71185726761567,1.0
primary,x86_64,none,0.3.0,2.4.4,32,1,many_tiny,400,4000,0.25,0,0.9952380952380953,20,"[20, 20, 20, 20, 20, 20, 20, 20, 20, 20, 20, 20, 20, 20, 20, 20, 20, 20, 20, 20]",powerlaw,20,0,0,87,45,"[224, 7, 6, 6, 6, 6, 5, 5, 5, 4, 4, 4, 4, 3, 3, 3, 3, 3, 3, 3, 3, 3, 3, 3, 2, 2, 2, 2, 2, 2, 2, 2, 2, 2, 2, 2, 2, 2, 2, 2, 2, 2, 1, 1, 1, 1, 1, 1, 1, 1, 1, 1, 1, 1, 1, 1, 1, 1, 1, 1, 1, 1, 1, 1, 1, 1, 1, 1, 1, 1, 1, 1, 1, 1, 1, 1, 1, 1, 1, 1, 1, 1, 1, 1, 1, 1, 1]",0.7721894639998936,0.7726095817777908,0.7718201059997227,0.7736438240003736,0.0007709469057204248,"[0.77182, 0.772093, 0.773644, 0.771855, 0.772029, 0.773614, 0.772821, 0.773421, 0.772189]",0.2637240180001754,0.26297772811110715,0.2616082459999234,0.26410869799974535,0.0010715211596910228,"[0.263738, 0.261741, 0.263942, 0.262001, 0.263828, 0.261608, 0.264109, 0.262107, 0.263724]",2.928021004136908,2.922357771043447,2.9572608502585203,73,optimal,nan,13.45904541015625,9.894091606140137,470.88104202751276,470.88027077965194,1.6378825902709292e-06,0.0008181783695171141,0.0006386837350714355,0.999775,0.8798701298701299,0.7131578947368421,0.7877906976744187,9,2,1e-07,1e-05,1000,20.0,20.0,20.0,0.0,20.0,1.0,224.0,4.597701149425287,23.704337723277444,1.0
primary,x86_64,none,0.3.0,2.4.4,32,1,many_tiny,400,4000,0.3,0,0.9952380952380953,20,"[20, 20, 20, 20, 20, 20, 20, 20, 20, 20, 20, 20, 20, 20, 20, 20, 20, 20, 20, 20]",powerlaw,20,0,0,128,70,"[139, 13, 9, 7, 6, 6, 6, 5, 5, 5, 5, 5, 4, 4, 4, 4, 4, 4, 3, 3, 3, 3, 3, 3, 3, 3, 3, 3, 3, 3, 3, 3, 3, 2, 2, 2, 2, 2, 2, 2, 2, 2, 2, 2, 2, 2, 2, 2, 2, 2, 2, 2, 2, 2, 2, 2, 2, 2, 1, 1, 1, 1, 1, 1, 1, 1, 1, 1, 1, 1, 1, 1, 1, 1, 1, 1, 1, 1, 1, 1, 1, 1, 1, 1, 1, 1, 1, 1, 1, 1, 1, 1, 1, 1, 1, 1, 1, 1, 1, 1, 1, 1, 1, 1, 1, 1, 1, 1, 1, 1, 1, 1, 1, 1, 1, 1, 1, 1, 1, 1, 1, 1, 1, 1, 1, 1, 1, 1]",0.7146946699999717,0.7145427076667248,0.7132414409998091,0.715458093000052,0.0008112067300641556,"[0.713846, 0.713862, 0.715458, 0.714695, 0.715313, 0.713241, 0.715253, 0.714036, 0.71518]",0.13913840700024593,0.1391319405555704,0.1389246900002945,0.13926425799991193,0.00010864119895266628,"[0.139264, 0.139235, 0.139223, 0.139175, 0.138925, 0.139096, 0.139106, 0.139138, 0.139026]",5.136573613342493,5.121496723159651,5.149970771923518,68,optimal,nan,13.45904541015625,9.218594551086426,474.7987447215293,474.79792400705065,1.7285523346216556e-06,0.0009175260279025085,0.0007162361062827632,0.999775,0.9074074074074074,0.6447368421052632,0.7538461538461537,9,2,1e-07,1e-05,1000,20.0,20.0,20.0,0.0,20.0,1.0,139.0,3.125,12.18477533645984,1.0
primary,x86_64,none,0.3.0,2.4.4,32,1,many_tiny,400,4000,0.35,0,0.9952380952380953,20,"[20, 20, 20, 20, 20, 20, 20, 20, 20, 20, 20, 20, 20, 20, 20, 20, 20, 20, 20, 20]",powerlaw,20,0,0,155,93,"[87, 13, 11, 10, 9, 9, 7, 6, 6, 6, 5, 5, 5, 5, 4, 4, 4, 4, 4, 4, 4, 4, 3, 3, 3, 3, 3, 3, 3, 3, 3, 3, 3, 2, 2, 2, 2, 2, 2, 2, 2, 2, 2, 2, 2, 2, 2, 2, 2, 2, 2, 2, 2, 2, 2, 2, 2, 2, 2, 2, 2, 2, 1, 1, 1, 1, 1, 1, 1, 1, 1, 1, 1, 1, 1, 1, 1, 1, 1, 1, 1, 1, 1, 1, 1, 1, 1, 1, 1, 1, 1, 1, 1, 1, 1, 1, 1, 1, 1, 1, 1, 1, 1, 1, 1, 1, 1, 1, 1, 1, 1, 1, 1, 1, 1, 1, 1, 1, 1, 1, 1, 1, 1, 1, 1, 1, 1, 1, 1, 1, 1, 1, 1, 1, 1, 1, 1, 1, 1, 1, 1, 1, 1, 1, 1, 1, 1, 1, 1, 1, 1, 1, 1, 1, 1]",0.7355972600003042,0.7358653378890571,0.7350083840001389,0.7368024040001728,0.0007155772647450932,"[0.735112, 0.735198, 0.736586, 0.735597, 0.736447, 0.735008, 0.736802, 0.735521, 0.736515]",0.09089846100005161,0.09094621766664407,0.09062538299986045,0.09144936900020184,0.00024003774725934638,"[0.090948, 0.090898, 0.090889, 0.090625, 0.090719, 0.090834, 0.091104, 0.091449, 0.091048]",8.092516109814957,8.03732592182803,8.130199063559349,70,optimal,nan,13.45904541015625,8.968402862548828,478.05623536516146,478.0559276846806,6.436072956880591e-07,0.0010835559233735997,0.0008458418376932026,0.99985,0.930327868852459,0.5973684210526315,0.7275641025641025,9,2,1e-07,1e-05,1000,20.0,20.0,20.0,0.0,20.0,1.0,87.0,2.5806451612903225,7.085533620027578,1.0
primary,x86_64,none,0.3.0,2.4.4,32,1,many_tiny,400,4000,0.4,0,0.9952380952380953,20,"[20, 20, 20, 20, 20, 20, 20, 20, 20, 20, 20, 20, 20, 20, 20, 20, 20, 20, 20, 20]",powerlaw,20,0,0,186,121,"[52, 13, 10, 9, 9, 7, 7, 6, 6, 6, 6, 5, 5, 4, 4, 4, 4, 4, 4, 4, 4, 4, 4, 4, 3, 3, 3, 3, 3, 3, 3, 3, 3, 3, 3, 3, 2, 2, 2, 2, 2, 2, 2, 2, 2, 2, 2, 2, 2, 2, 2, 2, 2, 2, 2, 2, 2, 2, 2, 2, 2, 2, 2, 2, 2, 1, 1, 1, 1, 1, 1, 1, 1, 1, 1, 1, 1, 1, 1, 1, 1, 1, 1, 1, 1, 1, 1, 1, 1, 1, 1, 1, 1, 1, 1, 1, 1, 1, 1, 1, 1, 1, 1, 1, 1, 1, 1, 1, 1, 1, 1, 1, 1, 1, 1, 1, 1, 1, 1, 1, 1, 1, 1, 1, 1, 1, 1, 1, 1, 1, 1, 1, 1, 1, 1, 1, 1, 1, 1, 1, 1, 1, 1, 1, 1, 1, 1, 1, 1, 1, 1, 1, 1, 1, 1, 1, 1, 1, 1, 1, 1, 1, 1, 1, 1, 1, 1, 1, 1, 1, 1, 1, 1, 1, 1, 1, 1, 1, 1, 1, 1, 1, 1, 1, 1, 1]",0.7331611029999294,0.7329189044442804,0.7307627249997495,0.7340218719996301,0.0009878238096733504,"[0.730763, 0.734022, 0.732548, 0.733161, 0.73383, 0.732554, 0.733327, 0.733576, 0.732489]",0.061753835000217805,0.06176570844450503,0.061579301999699965,0.06208271800005605,0.00014930873789634048,"[0.061621, 0.061822, 0.061754, 0.061841, 0.061696, 0.061579, 0.061686, 0.061811, 0.062083]",11.872316966182645,11.77079143021879,11.919944659379324,70,optimal,nan,13.45904541015625,8.86884880065918,480.7510253441532,480.750707235176,6.616917291273458e-07,0.0010616600876594239,0.0008287495896300322,0.9999125,0.9575471698113207,0.5342105263157895,0.6858108108108107,9,2,1e-07,1e-05,1000,20.0,20.0,20.0,0.0,20.0,1.0,52.0,2.150537634408602,4.074431780580595,1.0
primary,x86_64,none,0.3.0,2.4.4,32,1,many_tiny,800,1600,0.05,0,0.997622027534418,40,"[20, 20, 20, 20, 20, 20, 20, 20, 20, 20, 20, 20, 20, 20, 20, 20, 20, 20, 20, 20, 20, 20, 20, 20, 20, 20, 20, 20, 20, 20, 20, 20, 20, 20, 20, 20, 20, 20, 20, 20]",powerlaw,40,0,0,1,0,[800],2.3301731510000536,2.3282862071111796,2.318707821999851,2.3363159210002777,0.007130125083058075,"[2.318708, 2.33475, 2.323101, 2.336229, 2.336316, 2.320774, 2.32194, 2.330173, 2.332585]",2.3913212930001464,2.3888959225556494,2.3726813149996815,2.3956831099999363,0.007462434049969369,"[2.372681, 2.380915, 2.395683, 2.390197, 2.392472, 2.391321, 2.393367, 2.394595, 2.388832]",0.9744291399992611,0.9678691694745525,0.984673291870464,34,optimal,nan,53.74835205078125,92.8187780380249,889.0363008616822,889.0363008616822,0.0,0.0,0.0,1.0,0.02268192097911401,0.8973684210526316,0.04424549111197613,9,2,1e-07,1e-05,1000,20.0,20.0,20.0,0.0,20.0,800.0,800.0,800.0,0.0,800.0
primary,x86_64,none,0.3.0,2.4.4,32,1,many_tiny,800,1600,0.1,0,0.997622027534418,40,"[20, 20, 20, 20, 20, 20, 20, 20, 20, 20, 20, 20, 20, 20, 20, 20, 20, 20, 20, 20, 20, 20, 20, 20, 20, 20, 20, 20, 20, 20, 20, 20, 20, 20, 20, 20, 20, 20, 20, 20]",powerlaw,40,0,0,3,2,"[798, 1, 1]",3.4600054380002803,3.458908081111127,3.449268120999932,3.4701570840002205,0.006853933749247784,"[3.451711, 3.460005, 3.470157, 3.460383, 3.449268, 3.460385, 3.452378, 3.459494, 3.466391]",3.4945595939998384,3.4950266027777213,3.490096728000026,3.504897237000023,0.004505307027313055,"[3.492162, 3.504897, 3.492369, 3.490097, 3.496913, 3.495679, 3.497449, 3.491114, 3.49456]",0.9901120140978887,0.9841281748826091,0.9942867933029376,51,optimal,nan,53.74835205078125,92.42875099182129,910.8987800511683,910.8987775947396,2.6967086950561386e-09,3.401841089231e-05,2.6008317099942213e-05,1.0,0.2636211232187762,0.8276315789473684,0.39987285441830894,9,2,1e-07,1e-05,1000,20.0,20.0,20.0,0.0,20.0,1.0,798.0,266.6666666666667,375.7094030704522,1.0
primary,x86_64,none,0.3.0,2.4.4,32,1,many_tiny,800,1600,0.15,0,0.997622027534418,40,"[20, 20, 20, 20, 20, 20, 20, 20, 20, 20, 20, 20, 20, 20, 20, 20, 20, 20, 20, 20, 20, 20, 20, 20, 20, 20, 20, 20, 20, 20, 20, 20, 20, 20, 20, 20, 20, 20, 20, 20]",powerlaw,40,0,0,26,20,"[769, 3, 2, 2, 2, 2, 1, 1, 1, 1, 1, 1, 1, 1, 1, 1, 1, 1, 1, 1, 1, 1, 1, 1, 1, 1]",4.042541360999621,4.043945539888834,4.035837120999986,4.052113878,0.0049041235749226865,"[4.04236, 4.035837, 4.044138, 4.041752, 4.042541, 4.044025, 4.052114, 4.041966, 4.050777]",3.9145474960000683,3.911826396333456,3.8979001330003484,3.918123862000357,0.007078101268954477,"[3.917782, 3.912976, 3.902159, 3.914547, 3.918124, 3.914841, 3.916348, 3.911759, 3.8979]",1.032696975865113,1.030043271510955,1.0395632878569796,60,optimal,nan,53.74835205078125,86.88378047943115,924.500352784476,924.487229752515,1.4194728992311735e-05,0.0027131237032427813,0.0020751213541867564,0.99995625,0.6916859122401847,0.7881578947368421,0.7367773677736776,9,2,1e-07,1e-05,1000,20.0,20.0,20.0,0.0,20.0,1.0,769.0,30.76923076923077,147.64700827735874,1.0
primary,x86_64,none,0.3.0,2.4.4,32,1,many_tiny,800,1600,0.2,0,0.997622027534418,40,"[20, 20, 20, 20, 20, 20, 20, 20, 20, 20, 20, 20, 20, 20, 20, 20, 20, 20, 20, 20, 20, 20, 20, 20, 20, 20, 20, 20, 20, 20, 20, 20, 20, 20, 20, 20, 20, 20, 20, 20]",powerlaw,40,0,0,67,49,"[712, 4, 3, 3, 3, 2, 2, 2, 2, 2, 2, 2, 2, 2, 2, 2, 2, 2, 1, 1, 1, 1, 1, 1, 1, 1, 1, 1, 1, 1, 1, 1, 1, 1, 1, 1, 1, 1, 1, 1, 1, 1, 1, 1, 1, 1, 1, 1, 1, 1, 1, 1, 1, 1, 1, 1, 1, 1, 1, 1, 1, 1, 1, 1, 1, 1, 1]",3.760323734999929,3.761331611444348,3.7526547699999355,3.769563012999697,0.006178779440923806,"[3.765563, 3.760324, 3.768869, 3.755077, 3.755509, 3.764669, 3.769563, 3.752655, 3.759756]",3.016384972999731,3.0158763506666824,3.0103393169997616,3.024201983000239,0.004135410134393459,"[3.024202, 3.018263, 3.016385, 3.010339, 3.013253, 3.017405, 3.012894, 3.017468, 3.012678]",1.246632564695602,1.2408743830916398,1.252205354961982,56,optimal,nan,53.74835205078125,76.58270263671875,935.9425965814253,935.9140863286104,3.0461539969411627e-05,0.002836276921545075,0.0021693166563680087,0.999859375,0.8326118326118326,0.7592105263157894,0.7942188575361322,9,2,1e-07,1e-05,1000,20.0,20.0,20.0,0.0,20.0,1.0,712.0,11.940298507462687,86.17370180915394,1.0
primary,x86_64,none,0.3.0,2.4.4,32,1,many_tiny,800,1600,0.25,0,0.997622027534418,40,"[20, 20, 20, 20, 20, 20, 20, 20, 20, 20, 20, 20, 20, 20, 20, 20, 20, 20, 20, 20, 20, 20, 20, 20, 20, 20, 20, 20, 20, 20, 20, 20, 20, 20, 20, 20, 20, 20, 20, 20]",powerlaw,40,0,0,115,80,"[629, 5, 5, 5, 4, 4, 4, 3, 3, 3, 3, 3, 3, 3, 3, 2, 2, 2, 2, 2, 2, 2, 2, 2, 2, 2, 2, 2, 2, 2, 2, 2, 2, 2, 2, 1, 1, 1, 1, 1, 1, 1, 1, 1, 1, 1, 1, 1, 1, 1, 1, 1, 1, 1, 1, 1, 1, 1, 1, 1, 1, 1, 1, 1, 1, 1, 1, 1, 1, 1, 1, 1, 1, 1, 1, 1, 1, 1, 1, 1, 1, 1, 1, 1, 1, 1, 1, 1, 1, 1, 1, 1, 1, 1, 1, 1, 1, 1, 1, 1, 1, 1, 1, 1, 1, 1, 1, 1, 1, 1, 1, 1, 1, 1, 1]",3.8323281699999825,3.831652892666524,3.8202269959997466,3.8381587240000954,0.005719862028722382,"[3.838159, 3.820227, 3.832328, 3.835447, 3.83337, 3.8262, 3.829957, 3.831343, 3.837845]",2.585089082000195,2.5855446085556144,2.5740983159998905,2.594896103999872,0.006002275531494701,"[2.594896, 2.589487, 2.585089, 2.588761, 2.574098, 2.582093, 2.583818, 2.582049, 2.589611]",1.482474316527129,1.4722080741926826,1.4910692028129429,57,optimal,nan,53.74835205078125,63.00016784667969,945.6264439242518,945.5901716995269,3.8357879010249997e-05,0.0027269341216492465,0.002085692243286468,0.999815625,0.8678343949044586,0.7171052631578947,0.7853025936599424,9,2,1e-07,1e-05,1000,20.0,20.0,20.0,0.0,20.0,1.0,629.0,6.956521739130435,58.26706002154111,1.0
primary,x86_64,none,0.3.0,2.4.4,32,1,many_tiny,800,1600,0.3,0,0.997622027534418,40,"[20, 20, 20, 20, 20, 20, 20, 20, 20, 20, 20, 20, 20, 20, 20, 20, 20, 20, 20, 20, 20, 20, 20, 20, 20, 20, 20, 20, 20, 20, 20, 20, 20, 20, 20, 20, 20, 20, 20, 20]",powerlaw,40,0,0,172,126,"[540, 13, 6, 5, 5, 4, 4, 4, 4, 4, 4, 4, 3, 3, 3, 3, 3, 3, 3, 3, 3, 2, 2, 2, 2, 2, 2, 2, 2, 2, 2, 2, 2, 2, 2, 2, 2, 2, 2, 2, 2, 2, 2, 2, 2, 2, 1, 1, 1, 1, 1, 1, 1, 1, 1, 1, 1, 1, 1, 1, 1, 1, 1, 1, 1, 1, 1, 1, 1, 1, 1, 1, 1, 1, 1, 1, 1, 1, 1, 1, 1, 1, 1, 1, 1, 1, 1, 1, 1, 1, 1, 1, 1, 1, 1, 1, 1, 1, 1, 1, 1, 1, 1, 1, 1, 1, 1, 1, 1, 1, 1, 1, 1, 1, 1, 1, 1, 1, 1, 1, 1, 1, 1, 1, 1, 1, 1, 1, 1, 1, 1, 1, 1, 1, 1, 1, 1, 1, 1, 1, 1, 1, 1, 1, 1, 1, 1, 1, 1, 1, 1, 1, 1, 1, 1, 1, 1, 1, 1, 1, 1, 1, 1, 1, 1, 1, 1, 1, 1, 1, 1, 1]",4.010292445000232,4.011107975888939,4.00822045599989,4.014289058000031,0.0019409669943994817,"[4.012043, 4.009977, 4.010269, 4.009614, 4.011834, 4.00822, 4.010292, 4.014289, 4.013432]",2.1101442550002503,2.11152124511116,2.101768054999866,2.1198044070001743,0.00679916698565545,"[2.105331, 2.110144, 2.119536, 2.107501, 2.116917, 2.106039, 2.116651, 2.119804, 2.101768]",1.900482602313725,1.8908444773317996,1.9099581651983417,60,optimal,nan,53.74835205078125,50.305002212524414,953.7777906157299,953.740901001412,3.8677367706505173e-05,0.0032541812555405975,0.002488964099985179,0.999796875,0.8663194444444444,0.656578947368421,0.747005988023952,9,2,1e-07,1e-05,1000,20.0,20.0,20.0,0.0,20.0,1.0,540.0,4.651162790697675,40.95893219500351,1.0
primary,x86_64,none,0.3.0,2.4.4,32,1,many_tiny,800,1600,0.35,0,0.997622027534418,40,"[20, 20, 20, 20, 20, 20, 20, 20, 20, 20, 20, 20, 20, 20, 20, 20, 20, 20, 20, 20, 20, 20, 20, 20, 20, 20, 20, 20, 20, 20, 20, 20, 20, 20, 20, 20, 20, 20, 20, 20]",powerlaw,40,0,0,223,158,"[439, 13, 12, 7, 6, 6, 5, 5, 5, 4, 4, 4, 4, 4, 4, 4, 4, 4, 4, 3, 3, 3, 3, 3, 3, 3, 3, 3, 3, 3, 3, 2, 2, 2, 2, 2, 2, 2, 2, 2, 2, 2, 2, 2, 2, 2, 2, 2, 2, 2, 2, 2, 2, 2, 2, 2, 2, 2, 2, 2, 2, 2, 2, 2, 2, 1, 1, 1, 1, 1, 1, 1, 1, 1, 1, 1, 1, 1, 1, 1, 1, 1, 1, 1, 1, 1, 1, 1, 1, 1, 1, 1, 1, 1, 1, 1, 1, 1, 1, 1, 1, 1, 1, 1, 1, 1, 1, 1, 1, 1, 1, 1, 1, 1, 1, 1, 1, 1, 1, 1, 1, 1, 1, 1, 1, 1, 1, 1, 1, 1, 1, 1, 1, 1, 1, 1, 1, 1, 1, 1, 1, 1, 1, 1, 1, 1, 1, 1, 1, 1, 1, 1, 1, 1, 1, 1, 1, 1, 1, 1, 1, 1, 1, 1, 1, 1, 1, 1, 1, 1, 1, 1, 1, 1, 1, 1, 1, 1, 1, 1, 1, 1, 1, 1, 1, 1, 1, 1, 1, 1, 1, 1, 1, 1, 1, 1, 1, 1, 1, 1]",4.0985093119998055,4.098886477111086,4.084835895999731,4.117912668000372,0.009753634558058638,"[4.089069, 4.084836, 4.099284, 4.107041, 4.098509, 4.094195, 4.09678, 4.117913, 4.102352]",1.207823531000031,1.2075904024444652,1.2048196629998529,1.2101102340002399,0.0017644206947368163,"[1.209509, 1.21011, 1.208456, 1.207615, 1.205349, 1.208095, 1.207824, 1.206535, 1.20482]",3.393301427573943,3.3755899100998112,3.4178664197322903,61,optimal,nan,53.74835205078125,38.870070457458496,960.6167114879087,960.5854216550648,3.2572650953992504e-05,0.0030198526878409612,0.002309737453221047,0.999775,0.8477064220183487,0.6078947368421053,0.7080459770114943,9,2,1e-07,1e-05,1000,20.0,20.0,20.0,0.0,20.0,1.0,439.0,3.587443946188341,29.260086593474405,1.0
primary,x86_64,none,0.3.0,2.4.4,32,1,many_tiny,800,1600,0.4,0,0.997622027534418,40,"[20, 20, 20, 20, 20, 20, 20, 20, 20, 20, 20, 20, 20, 20, 20, 20, 20, 20, 20, 20, 20, 20, 20, 20, 20, 20, 20, 20, 20, 20, 20, 20, 20, 20, 20, 20, 20, 20, 20, 20]",powerlaw,40,0,0,281,206,"[345, 13, 12, 11, 9, 7, 7, 6, 6, 6, 5, 5, 5, 4, 4, 4, 4, 4, 4, 4, 4, 4, 4, 4, 4, 3, 3, 3, 3, 3, 3, 3, 3, 3, 2, 2, 2, 2, 2, 2, 2, 2, 2, 2, 2, 2, 2, 2, 2, 2, 2, 2, 2, 2, 2, 2, 2, 2, 2, 2, 2, 2, 2, 2, 2, 2, 2, 2, 2, 2, 2, 2, 2, 2, 2, 1, 1, 1, 1, 1, 1, 1, 1, 1, 1, 1, 1, 1, 1, 1, 1, 1, 1, 1, 1, 1, 1, 1, 1, 1, 1, 1, 1, 1, 1, 1, 1, 1, 1, 1, 1, 1, 1, 1, 1, 1, 1, 1, 1, 1, 1, 1, 1, 1, 1, 1, 1, 1, 1, 1, 1, 1, 1, 1, 1, 1, 1, 1, 1, 1, 1, 1, 1, 1, 1, 1, 1, 1, 1, 1, 1, 1, 1, 1, 1, 1, 1, 1, 1, 1, 1, 1, 1, 1, 1, 1, 1, 1, 1, 1, 1, 1, 1, 1, 1, 1, 1, 1, 1, 1, 1, 1, 1, 1, 1, 1, 1, 1, 1, 1, 1, 1, 1, 1, 1, 1, 1, 1, 1, 1]",3.8473931469998206,3.845520891333207,3.826283699999749,3.8633104900000035,0.011358146357294268,"[3.831116, 3.826284, 3.842656, 3.852601, 3.847393, 3.851386, 3.851605, 3.86331, 3.843338]",0.7372188659996937,0.7372377182222307,0.735469958000067,0.7386269990001892,0.0009336624446657451,"[0.736872, 0.738084, 0.737328, 0.738627, 0.737082, 0.737948, 0.736509, 0.73547, 0.737219]",5.218793664189027,5.18026514760364,5.252846085658405,57,optimal,nan,53.74835205078125,37.217275619506836,966.3435128482688,966.3160895617968,2.837840385674923e-05,0.00342730785878579,0.002621364745197378,0.99980625,0.8594704684317719,0.5552631578947368,0.6746602717825739,9,2,1e-07,1e-05,1000,20.0,20.0,20.0,0.0,20.0,1.0,345.0,2.8469750889679717,20.50834566072049,1.0
primary,x86_64,none,0.3.0,2.4.4,32,1,many_tiny,800,4000,0.05,0,0.997622027534418,40,"[20, 20, 20, 20, 20, 20, 20, 20, 20, 20, 20, 20, 20, 20, 20, 20, 20, 20, 20, 20, 20, 20, 20, 20, 20, 20, 20, 20, 20, 20, 20, 20, 20, 20, 20, 20, 20, 20, 20, 20]",powerlaw,40,0,0,1,0,[800],2.672744626000167,3.034740043888986,2.592715230000067,4.720538038000086,0.7184811989607139,"[2.592715, 2.672745, 2.605344, 2.634414, 2.795561, 2.669874, 2.940561, 3.680909, 4.720538]",2.999702667999827,3.0249013912221523,2.9571782580001127,3.238532655999734,0.08481830233718766,"[2.999703, 3.006736, 2.982792, 2.974831, 2.985434, 2.957178, 3.03231, 3.046596, 3.238533]",0.8910031832529347,0.8005833213374521,1.596298101147444,38,optimal,nan,53.74835205078125,92.81873512268066,897.6067887624531,897.6067887624531,0.0,0.0,0.0,1.0,0.11421404682274247,0.8986842105263158,0.2026706231454006,9,2,1e-07,1e-05,1000,20.0,20.0,20.0,0.0,20.0,800.0,800.0,800.0,0.0,800.0
primary,x86_64,none,0.3.0,2.4.4,32,1,many_tiny,800,4000,0.1,0,0.997622027534418,40,"[20, 20, 20, 20, 20, 20, 20, 20, 20, 20, 20, 20, 20, 20, 20, 20, 20, 20, 20, 20, 20, 20, 20, 20, 20, 20, 20, 20, 20, 20, 20, 20, 20, 20, 20, 20, 20, 20, 20, 20]",powerlaw,40,0,0,16,7,"[773, 3, 3, 3, 3, 2, 2, 2, 2, 1, 1, 1, 1, 1, 1, 1]",3.1288766850002503,3.5112655556666947,3.0348430330000156,4.543150043999958,0.5929057172290917,"[3.128877, 3.034843, 3.035766, 3.100791, 3.107507, 3.406364, 3.949434, 4.54315, 4.294659]",3.175842552999711,3.211008955333404,3.10624617700023,3.318162908999966,0.07567216793717926,"[3.318163, 3.175843, 3.243607, 3.170457, 3.106246, 3.137749, 3.168582, 3.291375, 3.287058]",0.9852115250628216,0.9146154412034767,1.4625853152396884,43,optimal,nan,53.74835205078125,87.63563919067383,913.4694974166539,913.4644449560308,5.531066595445079e-06,0.0026404542472307294,0.002036601669625014,0.9999625,0.7867001254705144,0.825,0.8053949903660886,9,2,1e-07,1e-05,1000,20.0,20.0,20.0,0.0,20.0,1.0,773.0,50.0,186.67953824669698,2.0
primary,x86_64,none,0.3.0,2.4.4,32,1,many_tiny,800,4000,0.15,0,0.997622027534418,40,"[20, 20, 20, 20, 20, 20, 20, 20, 20, 20, 20, 20, 20, 20, 20, 20, 20, 20, 20, 20, 20, 20, 20, 20, 20, 20, 20, 20, 20, 20, 20, 20, 20, 20, 20, 20, 20, 20, 20, 20]",powerlaw,40,0,0,59,34,"[704, 5, 4, 4, 3, 3, 3, 3, 3, 3, 3, 2, 2, 2, 2, 2, 2, 2, 2, 2, 2, 2, 2, 2, 2, 1, 1, 1, 1, 1, 1, 1, 1, 1, 1, 1, 1, 1, 1, 1, 1, 1, 1, 1, 1, 1, 1, 1, 1, 1, 1, 1, 1, 1, 1, 1, 1, 1, 1]",3.09710458499967,3.076437664444408,2.894679955999891,3.234238817000005,0.11736225980343966,"[3.009556, 2.89468, 2.957486, 3.005648, 3.194912, 3.234239, 3.097105, 3.101578, 3.192735]",2.6206874069998776,2.654931053888807,2.536142438999832,2.789210582999658,0.0907777873030414,"[2.536142, 2.60113, 2.775857, 2.673239, 2.725608, 2.599083, 2.789211, 2.620687, 2.573423]",1.1817909212397015,1.0378133417544995,1.2752591365788897,41,optimal,nan,53.74835205078125,75.19889259338379,926.7809029913379,926.7709679648813,1.071993005532034e-05,0.00343236259147648,0.0026473890630070783,0.999965625,0.9616613418530351,0.7921052631578948,0.8686868686868686,9,2,1e-07,1e-05,1000,20.0,20.0,20.0,0.0,20.0,1.0,704.0,13.559322033898304,90.66407940554858,1.0
primary,x86_64,none,0.3.0,2.4.4,32,1,many_tiny,800,4000,0.2,0,0.997622027534418,40,"[20, 20, 20, 20, 20, 20, 20, 20, 20, 20, 20, 20, 20, 20, 20, 20, 20, 20, 20, 20, 20, 20, 20, 20, 20, 20, 20, 20, 20, 20, 20, 20, 20, 20, 20, 20, 20, 20, 20, 20]",powerlaw,40,0,0,111,64,"[600, 6, 6, 6, 5, 5, 5, 5, 5, 4, 4, 4, 4, 4, 3, 3, 3, 3, 3, 3, 3, 2, 2, 2, 2, 2, 2, 2, 2, 2, 2, 2, 2, 2, 2, 2, 2, 2, 2, 2, 2, 2, 2, 2, 2, 2, 2, 1, 1, 1, 1, 1, 1, 1, 1, 1, 1, 1, 1, 1, 1, 1, 1, 1, 1, 1, 1, 1, 1, 1, 1, 1, 1, 1, 1, 1, 1, 1, 1, 1, 1, 1, 1, 1, 1, 1, 1, 1, 1, 1, 1, 1, 1, 1, 1, 1, 1, 1, 1, 1, 1, 1, 1, 1, 1, 1, 1, 1, 1, 1, 1]",2.9440551980001146,2.9828402613333713,2.916865734000112,3.164090953000141,0.09158914327452651,"[3.114661, 3.164091, 2.916866, 2.960942, 2.944055, 2.972617, 2.93178, 2.91901, 2.92154]",2.1297221810000337,2.1049460524444736,2.01562044100001,2.198105360000227,0.07171181250857127,"[2.045802, 2.01562, 2.029266, 2.15252, 2.129722, 2.191922, 2.137758, 2.198105, 2.043799]",1.3823658429559587,1.3269908654423237,1.569785108663782,41,optimal,nan,53.74835205078125,58.65079116821289,938.166940694169,938.1533698030481,1.4465326513097467e-05,0.0035293908775577212,0.002722227113205329,0.9999625,0.9729272419627749,0.756578947368421,0.8512213175425611,9,2,1e-07,1e-05,1000,20.0,20.0,20.0,0.0,20.0,1.0,600.0,7.207207207207207,56.53494767324476,1.0
primary,x86_64,none,0.3.0,2.4.4,32,1,many_tiny,800,4000,0.25,0,0.997622027534418,40,"[20, 20, 20, 20, 20, 20, 20, 20, 20, 20, 20, 20, 20, 20, 20, 20, 20, 20, 20, 20, 20, 20, 20, 20, 20, 20, 20, 20, 20, 20, 20, 20, 20, 20, 20, 20, 20, 20, 20, 20]",powerlaw,40,0,0,184,107,"[406, 12, 11, 11, 10, 9, 8, 7, 7, 6, 6, 6, 6, 6, 5, 5, 5, 5, 5, 5, 5, 4, 4, 4, 4, 4, 4, 4, 4, 4, 3, 3, 3, 3, 3, 3, 3, 3, 3, 3, 3, 3, 3, 3, 3, 3, 3, 2, 2, 2, 2, 2, 2, 2, 2, 2, 2, 2, 2, 2, 2, 2, 2, 2, 2, 2, 2, 2, 2, 2, 2, 2, 2, 2, 2, 2, 2, 1, 1, 1, 1, 1, 1, 1, 1, 1, 1, 1, 1, 1, 1, 1, 1, 1, 1, 1, 1, 1, 1, 1, 1, 1, 1, 1, 1, 1, 1, 1, 1, 1, 1, 1, 1, 1, 1, 1, 1, 1, 1, 1, 1, 1, 1, 1, 1, 1, 1, 1, 1, 1, 1, 1, 1, 1, 1, 1, 1, 1, 1, 1, 1, 1, 1, 1, 1, 1, 1, 1, 1, 1, 1, 1, 1, 1, 1, 1, 1, 1, 1, 1, 1, 1, 1, 1, 1, 1, 1, 1, 1, 1, 1, 1, 1, 1, 1, 1, 1, 1, 1, 1, 1, 1, 1, 1]",3.3097890499998357,3.303414476888823,3.023667277000186,3.4821460279999883,0.12214349756248027,"[3.023667, 3.270447, 3.482146, 3.371233, 3.334249, 3.309789, 3.3489, 3.306672, 3.283626]",1.0202142739999545,1.0321208924445575,0.9876879150001514,1.0977741340002467,0.04022471132244378,"[1.077187, 1.097774, 1.020214, 1.005704, 1.036708, 0.987688, 1.005724, 1.068109, 0.989978]",3.244209706087668,2.7543619250547096,3.5255529354122497,41,optimal,nan,53.74835205078125,38.23697566986084,947.8373612569787,947.8209052484548,1.7361637340542052e-05,0.0031526328087901623,0.0024316250923571716,0.9999,0.9391304347826087,0.7105263157894737,0.8089887640449438,9,2,1e-07,1e-05,1000,20.0,20.0,20.0,0.0,20.0,1.0,406.0,4.3478260869565215,29.760432873856516,1.0
primary,x86_64,none,0.3.0,2.4.4,32,1,many_tiny,800,4000,0.3,0,0.997622027534418,40,"[20, 20, 20, 20, 20, 20, 20, 20, 20, 20, 20, 20, 20, 20, 20, 20, 20, 20, 20, 20, 20, 20, 20, 20, 20, 20, 20, 20, 20, 20, 20, 20, 20, 20, 20, 20, 20, 20, 20, 20]",powerlaw,40,0,0,245,150,"[297, 13, 12, 11, 11, 10, 9, 8, 8, 7, 7, 7, 7, 6, 6, 6, 6, 5, 5, 5, 5, 5, 5, 5, 5, 5, 4, 4, 4, 4, 4, 4, 4, 4, 4, 3, 3, 3, 3, 3, 3, 3, 3, 3, 3, 3, 3, 3, 3, 3, 3, 3, 3, 2, 2, 2, 2, 2, 2, 2, 2, 2, 2, 2, 2, 2, 2, 2, 2, 2, 2, 2, 2, 2, 2, 2, 2, 2, 2, 2, 2, 2, 2, 2, 2, 2, 2, 2, 2, 2, 2, 2, 2, 2, 2, 1, 1, 1, 1, 1, 1, 1, 1, 1, 1, 1, 1, 1, 1, 1, 1, 1, 1, 1, 1, 1, 1, 1, 1, 1, 1, 1, 1, 1, 1, 1, 1, 1, 1, 1, 1, 1, 1, 1, 1, 1, 1, 1, 1, 1, 1, 1, 1, 1, 1, 1, 1, 1, 1, 1, 1, 1, 1, 1, 1, 1, 1, 1, 1, 1, 1, 1, 1, 1, 1, 1, 1, 1, 1, 1, 1, 1, 1, 1, 1, 1, 1, 1, 1, 1, 1, 1, 1, 1, 1, 1, 1, 1, 1, 1, 1, 1, 1, 1, 1, 1, 1, 1, 1, 1]",3.5130513879998944,3.5466385434445127,3.409894211000392,3.693029559000024,0.11063960237164383,"[3.69303, 3.644154, 3.452334, 3.600347, 3.418079, 3.509903, 3.409894, 3.678954, 3.513051]",0.5662937369997962,0.5903727873333082,0.5441052690002834,0.7126333300002443,0.05812895565314937,"[0.556419, 0.544105, 0.574661, 0.664259, 0.584387, 0.557371, 0.553226, 0.712633, 0.566294]",6.203585098101056,4.784921035056307,6.787343864148649,42,optimal,nan,53.74835205078125,36.52339458465576,955.9955528403393,955.9833743518316,1.2739063975308152e-05,0.0027233280478965796,0.0021005124669577894,0.9999125,0.9433962264150944,0.6578947368421053,0.7751937984496124,9,2,1e-07,1e-05,1000,20.0,20.0,20.0,0.0,20.0,1.0,297.0,3.2653061224489797,18.91438876774265,1.0
primary,x86_64,none,0.3.0,2.4.4,32,1,many_tiny,800,4000,0.35,0,0.997622027534418,40,"[20, 20, 20, 20, 20, 20, 20, 20, 20, 20, 20, 20, 20, 20, 20, 20, 20, 20, 20, 20, 20, 20, 20, 20, 20, 20, 20, 20, 20, 20, 20, 20, 20, 20, 20, 20, 20, 20, 20, 20]",powerlaw,40,0,0,296,190,"[212, 13, 12, 11, 11, 11, 10, 10, 9, 8, 7, 7, 7, 7, 7, 6, 6, 6, 6, 6, 5, 5, 5, 5, 5, 5, 5, 5, 4, 4, 4, 4, 4, 4, 4, 4, 4, 4, 4, 4, 3, 3, 3, 3, 3, 3, 3, 3, 3, 3, 3, 3, 3, 3, 3, 3, 3, 3, 2, 2, 2, 2, 2, 2, 2, 2, 2, 2, 2, 2, 2, 2, 2, 2, 2, 2, 2, 2, 2, 2, 2, 2, 2, 2, 2, 2, 2, 2, 2, 2, 2, 2, 2, 2, 2, 2, 2, 2, 2, 2, 2, 2, 2, 2, 2, 2, 1, 1, 1, 1, 1, 1, 1, 1, 1, 1, 1, 1, 1, 1, 1, 1, 1, 1, 1, 1, 1, 1, 1, 1, 1, 1, 1, 1, 1, 1, 1, 1, 1, 1, 1, 1, 1, 1, 1, 1, 1, 1, 1, 1, 1, 1, 1, 1, 1, 1, 1, 1, 1, 1, 1, 1, 1, 1, 1, 1, 1, 1, 1, 1, 1, 1, 1, 1, 1, 1, 1, 1, 1, 1, 1, 1, 1, 1, 1, 1, 1, 1, 1, 1, 1, 1, 1, 1, 1, 1, 1, 1, 1, 1]",3.2737789389998397,3.2717553943333164,3.217832803999954,3.347490893000213,0.0420496351008417,"[3.278952, 3.217833, 3.225907, 3.273779, 3.297815, 3.30977, 3.245327, 3.248925, 3.347491]",0.35997600299970145,0.35968709111097674,0.35312284400015415,0.3687822879996929,0.005600104385920152,"[0.354866, 0.353123, 0.354613, 0.364595, 0.359976, 0.354646, 0.363803, 0.368782, 0.36278]",9.094436606104976,8.725562231998065,9.479678106009906,40,optimal,nan,53.74835205078125,35.563015937805176,962.8576233524358,962.8475625288995,1.0448921307009975e-05,0.0022830890845129126,0.0017609372102385102,0.999925,0.9470468431771895,0.6118421052631579,0.7434052757793765,9,2,1e-07,1e-05,1000,20.0,20.0,20.0,0.0,20.0,1.0,212.0,2.7027027027027026,12.352349300272344,1.0
primary,x86_64,none,0.3.0,2.4.4,32,1,many_tiny,800,4000,0.4,0,0.997622027534418,40,"[20, 20, 20, 20, 20, 20, 20, 20, 20, 20, 20, 20, 20, 20, 20, 20, 20, 20, 20, 20, 20, 20, 20, 20, 20, 20, 20, 20, 20, 20, 20, 20, 20, 20, 20, 20, 20, 20, 20, 20]",powerlaw,40,0,0,354,240,"[124, 13, 11, 11, 11, 11, 11, 10, 10, 9, 9, 8, 7, 7, 7, 7, 7, 7, 7, 6, 6, 6, 6, 5, 5, 5, 5, 5, 5, 4, 4, 4, 4, 4, 4, 4, 4, 4, 4, 4, 4, 4, 4, 4, 4, 4, 3, 3, 3, 3, 3, 3, 3, 3, 3, 3, 3, 3, 3, 3, 3, 2, 2, 2, 2, 2, 2, 2, 2, 2, 2, 2, 2, 2, 2, 2, 2, 2, 2, 2, 2, 2, 2, 2, 2, 2, 2, 2, 2, 2, 2, 2, 2, 2, 2, 2, 2, 2, 2, 2, 2, 2, 2, 2, 2, 2, 2, 2, 2, 2, 2, 2, 2, 2, 1, 1, 1, 1, 1, 1, 1, 1, 1, 1, 1, 1, 1, 1, 1, 1, 1, 1, 1, 1, 1, 1, 1, 1, 1, 1, 1, 1, 1, 1, 1, 1, 1, 1, 1, 1, 1, 1, 1, 1, 1, 1, 1, 1, 1, 1, 1, 1, 1, 1, 1, 1, 1, 1, 1, 1, 1, 1, 1, 1, 1, 1, 1, 1, 1, 1, 1, 1, 1, 1, 1, 1, 1, 1, 1, 1, 1, 1, 1, 1, 1, 1, 1, 1, 1, 1]",3.562380315000155,3.587822580666701,3.432952534999913,3.8859200940000846,0.1408382063484688,"[3.432953, 3.483124, 3.584599, 3.741576, 3.506751, 3.88592, 3.563829, 3.56238, 3.529271]",0.2190434300000561,0.2231335835555102,0.21426925199966718,0.24056937599971207,0.008739750828934629,"[0.219651, 0.23177, 0.240569, 0.229429, 0.219043, 0.218415, 0.214269, 0.217152, 0.217902]",16.263351587396354,14.270114476266597,18.135687028048807,42,optimal,nan,53.74835205078125,34.91718673706055,968.6040221427046,968.5950516480543,9.261260995413295e-06,0.0018290539820573493,0.0014107499137406448,0.9999375,0.9503386004514672,0.5539473684210526,0.6999168744804655,9,2,1e-07,1e-05,1000,20.0,20.0,20.0,0.0,20.0,1.0,124.0,2.2598870056497176,6.778182512984043,1.0
primary,x86_64,none,0.3.0,2.4.4,32,1,many_tiny,800,8000,0.05,0,0.997622027534418,40,"[20, 20, 20, 20, 20, 20, 20, 20, 20, 20, 20, 20, 20, 20, 20, 20, 20, 20, 20, 20, 20, 20, 20, 20, 20, 20, 20, 20, 20, 20, 20, 20, 20, 20, 20, 20, 20, 20, 20, 20]",powerlaw,40,0,0,3,1,"[797, 2, 1]",2.889362815000368,2.8777562441111715,2.8257396750000225,2.9445051170000625,0.0370842549629415,"[2.827924, 2.889363, 2.944505, 2.896262, 2.869131, 2.894251, 2.89259, 2.82574, 2.86004]",3.13966364099997,3.1843677901110823,3.0603108519999296,3.3384492400000454,0.10262764477594528,"[3.060311, 3.32127, 3.139664, 3.272209, 3.338449, 3.119928, 3.193952, 3.092938, 3.120588]",0.9202778212509788,0.8464228364304811,0.9621588326806123,34,optimal,nan,53.74835205078125,92.23399066925049,898.3702127609226,898.368032107551,2.427343806205152e-06,0.0011746328311596707,0.0009267873479446972,0.999915625,0.45502998001332445,0.8986842105263158,0.604157452454666,9,2,1e-07,1e-05,1000,20.0,20.0,20.0,0.0,20.0,1.0,797.0,266.6666666666667,375.0025185100613,2.0
primary,x86_64,none,0.3.0,2.4.4,32,1,many_tiny,800,8000,0.1,0,0.997622027534418,40,"[20, 20, 20, 20, 20, 20, 20, 20, 20, 20, 20, 20, 20, 20, 20, 20, 20, 20, 20, 20, 20, 20, 20, 20, 20, 20, 20, 20, 20, 20, 20, 20, 20, 20, 20, 20, 20, 20, 20, 20]",powerlaw,40,0,0,57,25,"[687, 6, 6, 5, 5, 4, 4, 4, 3, 3, 3, 3, 3, 3, 2, 2, 2, 2, 2, 2, 2, 2, 2, 2, 2, 2, 2, 2, 2, 2, 2, 2, 1, 1, 1, 1, 1, 1, 1, 1, 1, 1, 1, 1, 1, 1, 1, 1, 1, 1, 1, 1, 1, 1, 1, 1, 1]",2.8866490710001926,2.8854757901111348,2.809746973000074,2.9412072230002195,0.046032630653647336,"[2.931464, 2.886649, 2.941207, 2.929866, 2.809747, 2.856905, 2.830618, 2.883409, 2.899418]",2.3536379510001098,2.339145621000019,2.195478559000094,2.4082043919997886,0.059020528383943026,"[2.357822, 2.195479, 2.319309, 2.345872, 2.408204, 2.353638, 2.374143, 2.344204, 2.35364]",1.2264626637982259,1.1667394106306905,1.3396656555551878,34,optimal,nan,53.74835205078125,72.31182289123535,913.7879618434762,913.7849780508005,3.265300923455438e-06,0.003439610975612996,0.002725734913280653,0.999975,0.97339593114241,0.8184210526315789,0.8892065761258042,9,2,1e-07,1e-05,1000,20.0,20.0,20.0,0.0,20.0,1.0,687.0,14.035087719298245,89.93778842286383,2.0
primary,x86_64,none,0.3.0,2.4.4,32,1,many_tiny,800,8000,0.15,0,0.997622027534418,40,"[20, 20, 20, 20, 20, 20, 20, 20, 20, 20, 20, 20, 20, 20, 20, 20, 20, 20, 20, 20, 20, 20, 20, 20, 20, 20, 20, 20, 20, 20, 20, 20, 20, 20, 20, 20, 20, 20, 20, 20]",powerlaw,40,0,0,112,47,"[547, 15, 7, 6, 6, 6, 6, 5, 5, 5, 5, 5, 5, 4, 4, 4, 4, 4, 3, 3, 3, 3, 3, 3, 3, 3, 3, 3, 3, 3, 3, 3, 3, 3, 2, 2, 2, 2, 2, 2, 2, 2, 2, 2, 2, 2, 2, 2, 2, 2, 2, 2, 2, 2, 2, 2, 2, 2, 2, 2, 2, 2, 2, 2, 2, 1, 1, 1, 1, 1, 1, 1, 1, 1, 1, 1, 1, 1, 1, 1, 1, 1, 1, 1, 1, 1, 1, 1, 1, 1, 1, 1, 1, 1, 1, 1, 1, 1, 1, 1, 1, 1, 1, 1, 1, 1, 1, 1, 1, 1, 1, 1]",2.6350866500001757,2.6278043642223565,2.604280703999848,2.643726782000158,0.01343123015369966,"[2.635357, 2.615817, 2.635087, 2.620609, 2.639832, 2.604281, 2.63741, 2.61812, 2.643727]",1.6683897340003568,1.6709832185555469,1.6258554799997,1.7004993969999305,0.02589164707087792,"[1.662267, 1.625855, 1.6895, 1.699832, 1.66839, 1.667099, 1.685564, 1.700499, 1.639842]",1.5794191227021852,1.5314799338326106,1.6260527547015715,32,optimal,nan,53.74835205078125,51.22715473175049,927.0392464990903,927.0357129617021,3.8116373190646528e-06,0.002475268376422368,0.001961596689340625,0.99998125,0.9868204283360791,0.7881578947368421,0.8763716166788587,9,2,1e-07,1e-05,1000,20.0,20.0,20.0,0.0,20.0,1.0,547.0,7.142857142857143,51.27462076596841,2.0
primary,x86_64,none,0.3.0,2.4.4,32,1,many_tiny,800,8000,0.2,0,0.997622027534418,40,"[20, 20, 20, 20, 20, 20, 20, 20, 20, 20, 20, 20, 20, 20, 20, 20, 20, 20, 20, 20, 20, 20, 20, 20, 20, 20, 20, 20, 20, 20, 20, 20, 20, 20, 20, 20, 20, 20, 20, 20]",powerlaw,40,0,0,167,74,"[375, 15, 13, 12, 11, 11, 11, 10, 8, 7, 7, 6, 6, 6, 6, 5, 5, 5, 5, 5, 5, 5, 5, 5, 5, 4, 4, 4, 4, 4, 4, 4, 3, 3, 3, 3, 3, 3, 3, 3, 3, 3, 3, 3, 3, 3, 3, 3, 3, 3, 3, 3, 3, 3, 2, 2, 2, 2, 2, 2, 2, 2, 2, 2, 2, 2, 2, 2, 2, 2, 2, 2, 2, 2, 2, 2, 2, 2, 2, 2, 2, 2, 2, 2, 2, 2, 2, 2, 2, 2, 2, 2, 2, 1, 1, 1, 1, 1, 1, 1, 1, 1, 1, 1, 1, 1, 1, 1, 1, 1, 1, 1, 1, 1, 1, 1, 1, 1, 1, 1, 1, 1, 1, 1, 1, 1, 1, 1, 1, 1, 1, 1, 1, 1, 1, 1, 1, 1, 1, 1, 1, 1, 1, 1, 1, 1, 1, 1, 1, 1, 1, 1, 1, 1, 1, 1, 1, 1, 1, 1, 1, 1, 1, 1, 1, 1, 1]",2.5776934430000438,2.582351802999963,2.547633131999646,2.6337357389998033,0.02688220918664662,"[2.58675, 2.589481, 2.567442, 2.577693, 2.633736, 2.554898, 2.573186, 2.547633, 2.610346]",0.7681121390000953,0.7685051423333485,0.7477105719999599,0.7848817290000625,0.012753224729653576,"[0.768112, 0.766207, 0.75397, 0.761741, 0.784882, 0.777259, 0.784176, 0.747711, 0.772489]",3.3558816637836313,3.2458815613472427,3.5224000269986075,32,optimal,nan,53.74835205078125,37.69491386413574,938.3865928702488,938.3827486315239,4.096647111256084e-06,0.002126770988304591,0.0016854202892585147,0.99996875,0.9796264855687606,0.7592105263157894,0.8554484803558192,9,2,1e-07,1e-05,1000,20.0,20.0,20.0,0.0,20.0,1.0,375.0,4.790419161676646,28.838769716242393,2.0
primary,x86_64,none,0.3.0,2.4.4,32,1,many_tiny,800,8000,0.25,0,0.997622027534418,40,"[20, 20, 20, 20, 20, 20, 20, 20, 20, 20, 20, 20, 20, 20, 20, 20, 20, 20, 20, 20, 20, 20, 20, 20, 20, 20, 20, 20, 20, 20, 20, 20, 20, 20, 20, 20, 20, 20, 20, 20]",powerlaw,40,0,0,222,109,"[223, 15, 14, 13, 13, 13, 12, 12, 11, 11, 11, 10, 10, 8, 8, 7, 7, 6, 6, 6, 6, 6, 6, 5, 5, 5, 5, 5, 5, 5, 5, 5, 4, 4, 4, 4, 4, 4, 4, 4, 4, 4, 4, 4, 3, 3, 3, 3, 3, 3, 3, 3, 3, 3, 3, 3, 3, 3, 3, 3, 3, 3, 3, 3, 3, 3, 3, 3, 3, 3, 2, 2, 2, 2, 2, 2, 2, 2, 2, 2, 2, 2, 2, 2, 2, 2, 2, 2, 2, 2, 2, 2, 2, 2, 2, 2, 2, 2, 2, 2, 2, 2, 2, 2, 2, 2, 2, 2, 2, 2, 2, 2, 2, 1, 1, 1, 1, 1, 1, 1, 1, 1, 1, 1, 1, 1, 1, 1, 1, 1, 1, 1, 1, 1, 1, 1, 1, 1, 1, 1, 1, 1, 1, 1, 1, 1, 1, 1, 1, 1, 1, 1, 1, 1, 1, 1, 1, 1, 1, 1, 1, 1, 1, 1, 1, 1, 1, 1, 1, 1, 1, 1, 1, 1, 1, 1, 1, 1, 1, 1, 1, 1, 1, 1, 1, 1, 1, 1, 1, 1, 1, 1, 1, 1, 1, 1, 1, 1, 1, 1]",2.595794205999937,2.597575938111024,2.573261345999981,2.6226654499996584,0.01886934919845176,"[2.573261, 2.581727, 2.61872, 2.577561, 2.585824, 2.609074, 2.613556, 2.595794, 2.622665]",0.3500621770003818,0.3501338116667891,0.34815535400002773,0.35230500800025766,0.0013356352101378222,"[0.351337, 0.352305, 0.350062, 0.348155, 0.34891, 0.348937, 0.350833, 0.350921, 0.349744]",7.4152375679167015,7.304072572247112,7.5330320785457445,32,optimal,nan,53.74835205078125,35.66702079772949,948.0203490550374,948.0168790991668,3.6602124354046742e-06,0.0021193780025432485,0.00167956171839292,0.999953125,0.9695885509838998,0.7131578947368421,0.8218347232752085,9,2,1e-07,1e-05,1000,20.0,20.0,20.0,0.0,20.0,1.0,223.0,3.6036036036036037,15.007373130408345,2.0
primary,x86_64,none,0.3.0,2.4.4,32,1,many_tiny,800,8000,0.3,0,0.997622027534418,40,"[20, 20, 20, 20, 20, 20, 20, 20, 20, 20, 20, 20, 20, 20, 20, 20, 20, 20, 20, 20, 20, 20, 20, 20, 20, 20, 20, 20, 20, 20, 20, 20, 20, 20, 20, 20, 20, 20, 20, 20]",powerlaw,40,0,0,280,154,"[121, 15, 13, 13, 13, 12, 12, 11, 11, 11, 11, 10, 9, 9, 9, 8, 7, 7, 7, 7, 7, 7, 6, 6, 6, 6, 6, 6, 5, 5, 5, 5, 5, 5, 5, 5, 5, 5, 4, 4, 4, 4, 4, 4, 4, 4, 4, 4, 4, 4, 4, 3, 3, 3, 3, 3, 3, 3, 3, 3, 3, 3, 3, 3, 3, 3, 3, 3, 3, 3, 3, 3, 3, 3, 3, 3, 3, 3, 3, 2, 2, 2, 2, 2, 2, 2, 2, 2, 2, 2, 2, 2, 2, 2, 2, 2, 2, 2, 2, 2, 2, 2, 2, 2, 2, 2, 2, 2, 2, 2, 2, 2, 2, 2, 2, 2, 2, 2, 2, 2, 2, 2, 2, 2, 2, 2, 1, 1, 1, 1, 1, 1, 1, 1, 1, 1, 1, 1, 1, 1, 1, 1, 1, 1, 1, 1, 1, 1, 1, 1, 1, 1, 1, 1, 1, 1, 1, 1, 1, 1, 1, 1, 1, 1, 1, 1, 1, 1, 1, 1, 1, 1, 1, 1, 1, 1, 1, 1, 1, 1, 1, 1, 1, 1, 1, 1, 1, 1, 1, 1, 1, 1, 1, 1, 1, 1, 1, 1, 1, 1]",2.6775383519998286,2.6810985629999777,2.654741943999852,2.720384818999719,0.01809503694509411,"[2.720385, 2.674213, 2.654742, 2.676338, 2.683716, 2.677538, 2.667612, 2.691097, 2.684246]",0.20017598200001885,0.2007305885555676,0.1978666609998072,0.2046307750001688,0.0019521967299750344,"[0.202431, 0.200176, 0.199569, 0.197867, 0.199807, 0.200841, 0.201533, 0.204631, 0.199721]",13.37592215233682,12.973326929918837,13.748575961477258,33,optimal,nan,53.74835205078125,34.89896869659424,956.1477989145945,956.1417719462283,6.303385703592802e-06,0.00463319521255709,0.003671710829554461,0.99995625,0.9689922480620154,0.6578947368421053,0.7836990595611285,9,2,1e-07,1e-05,1000,20.0,20.0,20.0,0.0,20.0,1.0,121.0,2.857142857142857,7.518616351213479,1.0
primary,x86_64,none,0.3.0,2.4.4,32,1,many_tiny,800,8000,0.35,0,0.997622027534418,40,"[20, 20, 20, 20, 20, 20, 20, 20, 20, 20, 20, 20, 20, 20, 20, 20, 20, 20, 20, 20, 20, 20, 20, 20, 20, 20, 20, 20, 20, 20, 20, 20, 20, 20, 20, 20, 20, 20, 20, 20]",powerlaw,40,0,0,333,199,"[46, 13, 13, 12, 12, 11, 11, 11, 11, 11, 11, 10, 10, 9, 9, 8, 8, 8, 8, 7, 7, 7, 7, 7, 7, 7, 6, 6, 6, 6, 6, 6, 6, 6, 5, 5, 5, 5, 5, 5, 5, 5, 4, 4, 4, 4, 4, 4, 4, 4, 4, 4, 4, 4, 4, 4, 4, 3, 3, 3, 3, 3, 3, 3, 3, 3, 3, 3, 3, 3, 3, 3, 3, 3, 3, 2, 2, 2, 2, 2, 2, 2, 2, 2, 2, 2, 2, 2, 2, 2, 2, 2, 2, 2, 2, 2, 2, 2, 2, 2, 2, 2, 2, 2, 2, 2, 2, 2, 2, 2, 2, 2, 2, 2, 2, 2, 2, 2, 2, 2, 2, 2, 2, 2, 2, 2, 2, 2, 2, 2, 2, 2, 2, 2, 1, 1, 1, 1, 1, 1, 1, 1, 1, 1, 1, 1, 1, 1, 1, 1, 1, 1, 1, 1, 1, 1, 1, 1, 1, 1, 1, 1, 1, 1, 1, 1, 1, 1, 1, 1, 1, 1, 1, 1, 1, 1, 1, 1, 1, 1, 1, 1, 1, 1, 1, 1, 1, 1, 1, 1, 1, 1, 1, 1, 1, 1, 1, 1, 1, 1]",2.6943757550002374,2.695564368666712,2.683137858000009,2.7115501749999567,0.010248631725147787,"[2.688762, 2.71155, 2.695982, 2.686022, 2.688296, 2.702682, 2.694376, 2.683138, 2.709272]",0.12123995199999626,0.12179350344442558,0.11875372199983758,0.1260853710000447,0.002514377582244398,"[0.124756, 0.126085, 0.118754, 0.119979, 0.120016, 0.12124, 0.119743, 0.123564, 0.122006]",22.223497374861385,21.280326470221976,22.833391066291508,33,optimal,nan,53.74835205078125,34.63815212249756,962.9904447105392,962.9703399317344,2.0877443712175577e-05,0.012331549267768686,0.009772496980307065,0.999978125,0.9828693790149893,0.6039473684210527,0.7481662591687043,9,2,1e-07,1e-05,1000,20.0,20.0,20.0,0.0,20.0,1.0,46.0,2.4024024024024024,3.392306291626752,1.0
primary,x86_64,none,0.3.0,2.4.4,32,1,many_tiny,800,8000,0.4,0,0.997622027534418,40,"[20, 20, 20, 20, 20, 20, 20, 20, 20, 20, 20, 20, 20, 20, 20, 20, 20, 20, 20, 20, 20, 20, 20, 20, 20, 20, 20, 20, 20, 20, 20, 20, 20, 20, 20, 20, 20, 20, 20, 20]",powerlaw,40,0,0,377,246,"[16, 13, 12, 12, 12, 11, 11, 11, 11, 11, 10, 10, 10, 9, 9, 9, 8, 7, 7, 7, 7, 7, 7, 7, 7, 6, 6, 6, 6, 6, 6, 6, 5, 5, 5, 5, 5, 5, 5, 4, 4, 4, 4, 4, 4, 4, 4, 4, 4, 4, 4, 4, 4, 4, 4, 3, 3, 3, 3, 3, 3, 3, 3, 3, 3, 3, 3, 3, 3, 3, 3, 3, 3, 3, 3, 2, 2, 2, 2, 2, 2, 2, 2, 2, 2, 2, 2, 2, 2, 2, 2, 2, 2, 2, 2, 2, 2, 2, 2, 2, 2, 2, 2, 2, 2, 2, 2, 2, 2, 2, 2, 2, 2, 2, 2, 2, 2, 2, 2, 2, 2, 2, 2, 2, 2, 2, 2, 2, 2, 2, 2, 1, 1, 1, 1, 1, 1, 1, 1, 1, 1, 1, 1, 1, 1, 1, 1, 1, 1, 1, 1, 1, 1, 1, 1, 1, 1, 1, 1, 1, 1, 1, 1, 1, 1, 1, 1, 1, 1, 1, 1, 1, 1, 1, 1, 1, 1, 1, 1, 1, 1, 1, 1, 1, 1, 1, 1, 1, 1, 1, 1, 1, 1, 1, 1, 1, 1, 1, 1, 1]",2.7882922179996967,2.7912538926664943,2.766358968000077,2.8089467159998094,0.01343663008994955,"[2.766359, 2.801597, 2.787208, 2.78416, 2.784473, 2.788292, 2.808054, 2.792195, 2.808947]",0.08784325399983572,0.08825076633325403,0.08407710199981011,0.09352810300015335,0.0027269780727896533,"[0.084077, 0.086868, 0.087665, 0.087944, 0.088199, 0.091343, 0.093528, 0.086788, 0.087843]",31.741677260782154,29.577836813343055,33.409176210737535,34,optimal,nan,53.74835205078125,34.60701847076416,968.7115120374399,968.6931721508488,1.8932248004898564e-05,0.011895345163557086,0.00942681547082668,0.999990625,0.9905437352245863,0.5513157894736842,0.7083685545224007,9,2,1e-07,1e-05,1000,20.0,20.0,20.0,0.0,20.0,1.0,16.0,2.1220159151193636,2.3581155470913022,1.0
primary,x86_64,none,0.3.0,2.4.4,32,1,one_giant,100,200,0.05,0,0.98,1,[100],powerlaw,1,0,0,1,0,[100],0.01650719500003106,0.016423027222168055,0.015893354000127147,0.01699043000007805,0.000485136597672864,"[0.016923, 0.01699, 0.016842, 0.016821, 0.016507, 0.015936, 0.015935, 0.01596, 0.015893]",0.016622363999886147,0.016636347666715463,0.01654400099960185,0.016771964999861666,6.806048250594897e-05,"[0.016595, 0.016544, 0.016658, 0.016707, 0.016622, 0.016595, 0.016603, 0.016772, 0.016631]",0.9930714427950275,0.9476143075816241,1.026984343175931,27,optimal,nan,0.9413604736328125,1.478799819946289,105.72469900855,105.72469900855,0.0,0.0,0.0,1.0,0.038641188959660296,0.9191919191919192,0.07416462917685412,9,2,1e-07,1e-05,1000,100.0,100.0,100.0,0.0,100.0,100.0,100.0,100.0,0.0,100.0
primary,x86_64,none,0.3.0,2.4.4,32,1,one_giant,100,200,0.1,0,0.98,1,[100],powerlaw,1,0,0,1,0,[100],0.03165373000001637,0.03172839844435455,0.03148631900012333,0.032059790000403154,0.0001903085442826223,"[0.03206, 0.031889, 0.031637, 0.031936, 0.031688, 0.031654, 0.031654, 0.031552, 0.031486]",0.03409959200007506,0.03402307622223412,0.03383719600014956,0.03418032899980972,0.00012898599842718793,"[0.033889, 0.034126, 0.034125, 0.03418, 0.033904, 0.033937, 0.033837, 0.0341, 0.03411]",0.9282729834405845,0.9211824438640897,0.9474718295292982,55,optimal,nan,0.9413604736328125,1.478799819946289,112.72701566368804,112.72701566368804,0.0,0.0,0.0,1.0,0.07575757575757576,0.8585858585858586,0.13923013923013922,9,2,1e-07,1e-05,1000,100.0,100.0,100.0,0.0,100.0,100.0,100.0,100.0,0.0,100.0
primary,x86_64,none,0.3.0,2.4.4,32,1,one_giant,100,200,0.15,0,0.98,1,[100],powerlaw,1,0,0,1,0,[100],0.053540634000000864,0.053732186333389914,0.05333641600009287,0.05490960399993128,0.0004801568593159363,"[0.05491, 0.053981, 0.053423, 0.053336, 0.053541, 0.05371, 0.05368, 0.053516, 0.053493]",0.05514587900006518,0.05513070766664896,0.05489179400001376,0.05550088500012862,0.00017707843064064513,"[0.055501, 0.054892, 0.055125, 0.054957, 0.055014, 0.05524, 0.055146, 0.055154, 0.055148]",0.9708909345689745,0.9610011804310735,1.0003244565101572,94,optimal,nan,0.9413604736328125,1.4787569046020508,116.11232488434845,116.11232488434845,0.0,0.0,0.0,1.0,0.15151515151515152,0.8080808080808081,0.25518341307814996,9,2,1e-07,1e-05,1000,100.0,100.0,100.0,0.0,100.0,100.0,100.0,100.0,0.0,100.0
primary,x86_64,none,0.3.0,2.4.4,32,1,one_giant,100,200,0.2,0,0.98,1,[100],powerlaw,1,0,0,1,0,[100],0.050212599000133196,0.050104949111199754,0.049659311000141315,0.050331330000062735,0.0002428512180755099,"[0.049931, 0.050283, 0.050213, 0.050314, 0.050331, 0.050103, 0.049659, 0.049831, 0.050279]",0.05117313400023704,0.05133447655569196,0.050991475000046194,0.05173829500017746,0.00027714582002269955,"[0.051719, 0.051738, 0.051517, 0.051446, 0.051152, 0.051166, 0.051173, 0.051107, 0.050991]",0.9812297015051024,0.9598173074696603,0.9870538163490493,88,optimal,nan,0.9413604736328125,1.4787511825561523,118.1258817351513,118.1258817351513,0.0,0.0,0.0,1.0,0.305019305019305,0.797979797979798,0.441340782122905,9,2,1e-07,1e-05,1000,100.0,100.0,100.0,0.0,100.0,100.0,100.0,100.0,0.0,100.0
primary,x86_64,none,0.3.0,2.4.4,32,1,one_giant,100,200,0.25,0,0.98,1,[100],powerlaw,1,0,0,9,6,"[89, 3, 2, 1, 1, 1, 1, 1, 1]",0.049845719000131794,0.0498713126666088,0.04947052999978041,0.050346765000085725,0.0002597438036221554,"[0.049879, 0.050011, 0.04983, 0.049824, 0.050347, 0.050065, 0.049846, 0.049569, 0.049471]",0.04271116399968378,0.04279348399990744,0.042580558999816276,0.04311010099991108,0.00016008595167673064,"[0.042851, 0.042702, 0.042581, 0.042711, 0.04311, 0.042915, 0.04271, 0.042877, 0.042684]",1.1670419237579392,1.147539181127932,1.1823885402796839,87,optimal,nan,0.9413604736328125,1.2260684967041016,119.55427921200082,119.55427791454302,1.0852458050155255e-08,8.218419441943792e-05,6.815169921818519e-05,1.0,0.5032679738562091,0.7777777777777778,0.6111111111111112,9,2,1e-07,1e-05,1000,100.0,100.0,100.0,0.0,100.0,1.0,89.0,11.11111111111111,27.545697161240362,1.0
primary,x86_64,none,0.3.0,2.4.4,32,1,one_giant,100,200,0.3,0,0.98,1,[100],powerlaw,1,0,0,17,12,"[79, 3, 2, 2, 2, 1, 1, 1, 1, 1, 1, 1, 1, 1, 1, 1, 1]",0.05177747600009752,0.05174634188890397,0.051450964999730786,0.051897394999741664,0.00014010384356294398,"[0.051863, 0.051776, 0.051777, 0.051897, 0.051783, 0.051592, 0.05175, 0.051451, 0.051826]",0.037860995000301045,0.03784978188903349,0.03759266299994124,0.0380699629999981,0.00015438041490839507,"[0.03807, 0.037861, 0.037772, 0.037593, 0.037681, 0.037878, 0.037987, 0.037993, 0.037815]",1.3675677567292097,1.3514845023551338,1.380519251850362,91,optimal,nan,0.9413604736328125,1.0217533111572266,120.67202637326939,120.67202187917476,3.724222390554496e-08,0.00033178720186582966,0.00027532805478461714,1.0,0.6568627450980392,0.6767676767676768,0.6666666666666667,9,2,1e-07,1e-05,1000,100.0,100.0,100.0,0.0,100.0,1.0,79.0,5.882352941176471,18.28815866632954,1.0
primary,x86_64,none,0.3.0,2.4.4,32,1,one_giant,100,200,0.35,0,0.98,1,[100],powerlaw,1,0,0,22,14,"[65, 5, 4, 3, 3, 2, 2, 2, 1, 1, 1, 1, 1, 1, 1, 1, 1, 1, 1, 1, 1, 1]",0.056742814000244834,0.05691972311120076,0.05646498300029634,0.058051231000263215,0.0005020414951678583,"[0.056945, 0.056687, 0.058051, 0.057164, 0.057175, 0.056743, 0.056465, 0.056476, 0.056572]",0.03339670400009709,0.03337678322218886,0.03313074600009713,0.0335154340000372,0.00011611806596413699,"[0.033515, 0.033314, 0.033131, 0.033457, 0.03348, 0.033327, 0.033397, 0.033341, 0.03343]",1.6990543138652208,1.6847456906043248,1.7521860509900085,99,optimal,nan,0.9413604736328125,0.7763776779174805,121.57949007522843,121.57949004519284,2.470449049363552e-10,5.037665647349143e-05,4.18075628296732e-05,1.0,0.7471264367816092,0.6565656565656566,0.6989247311827956,9,2,1e-07,1e-05,1000,100.0,100.0,100.0,0.0,100.0,1.0,65.0,4.545454545454546,13.238124258530643,1.0
primary,x86_64,none,0.3.0,2.4.4,32,1,one_giant,100,200,0.4,0,0.98,1,[100],powerlaw,1,0,0,32,22,"[47, 7, 5, 4, 4, 3, 2, 2, 2, 2, 1, 1, 1, 1, 1, 1, 1, 1, 1, 1, 1, 1, 1, 1, 1, 1, 1, 1, 1, 1, 1, 1]",0.05475287899980685,0.05472570277793744,0.054458426000110194,0.05512806900014766,0.00019011760034124217,"[0.054591, 0.054606, 0.054819, 0.055128, 0.054753, 0.054629, 0.054766, 0.05478, 0.054458]",0.02046094199977233,0.02057716722225046,0.02022941700033698,0.021341928000310872,0.000388304528773178,"[0.020229, 0.020308, 0.02025, 0.020239, 0.020461, 0.020631, 0.020765, 0.02097, 0.021342]",2.6759705882757543,2.5517106982704156,2.7251437349494227,97,optimal,nan,0.9413604736328125,0.7368478775024414,122.314409910646,122.3144099027457,6.459019441672668e-11,4.479387594513717e-06,3.7174415971918934e-06,1.0,0.8028169014084507,0.5757575757575758,0.6705882352941176,9,2,1e-07,1e-05,1000,100.0,100.0,100.0,0.0,100.0,1.0,47.0,3.125,8.002929151254557,1.0
primary,x86_64,none,0.3.0,2.4.4,32,1,one_giant,100,500,0.05,0,0.98,1,[100],powerlaw,1,0,0,1,0,[100],0.029515380999782792,0.029753767000026226,0.029458391000389383,0.0304640429999381,0.0003763859558183629,"[0.030297, 0.030464, 0.029511, 0.029508, 0.029515, 0.029513, 0.029458, 0.029679, 0.029838]",0.032304376999945816,0.03248339711111233,0.03058989900000597,0.034016479999991134,0.0010922957098180109,"[0.031429, 0.032278, 0.032304, 0.032708, 0.033813, 0.034016, 0.033141, 0.032069, 0.03059]",0.9136650739258119,0.8660035077232289,0.9958857006991803,51,optimal,nan,0.9413604736328125,1.478799819946289,112.43213159516691,112.43213159516691,0.0,0.0,0.0,1.0,0.05538074260541221,0.8888888888888888,0.10426540284360189,9,2,1e-07,1e-05,1000,100.0,100.0,100.0,0.0,100.0,100.0,100.0,100.0,0.0,100.0
primary,x86_64,none,0.3.0,2.4.4,32,1,one_giant,100,500,0.1,0,0.98,1,[100],powerlaw,1,0,0,1,0,[100],0.040720041999975365,0.040641679444535034,0.040303295999819966,0.04110354400017968,0.000263539883382486,"[0.04072, 0.040876, 0.041104, 0.04042, 0.040471, 0.040386, 0.040766, 0.040303, 0.04073]",0.04110829299997931,0.0411295327777326,0.04089813900009176,0.04143599099961648,0.0001602632378690943,"[0.041436, 0.041049, 0.040898, 0.041032, 0.041146, 0.041296, 0.041023, 0.041108, 0.041177]",0.9905554093427293,0.972663981903872,1.0050223556648252,69,optimal,nan,0.9413604736328125,1.4787569046020508,115.75303455883646,115.75303455883646,0.0,0.0,0.0,1.0,0.1788793103448276,0.8383838383838383,0.2948490230905862,9,2,1e-07,1e-05,1000,100.0,100.0,100.0,0.0,100.0,100.0,100.0,100.0,0.0,100.0
primary,x86_64,none,0.3.0,2.4.4,32,1,one_giant,100,500,0.15,0,0.98,1,[100],powerlaw,1,0,0,4,3,"[97, 1, 1, 1]",0.04434846699996342,0.04406100533338354,0.04271116399968378,0.04491956299989397,0.0007718832486322389,"[0.042711, 0.043003, 0.0437, 0.044348, 0.044797, 0.044167, 0.04492, 0.044357, 0.044546]",0.04264823699986664,0.042919339333366224,0.04226117300004262,0.0444861949999904,0.000704108207059061,"[0.042261, 0.042648, 0.042501, 0.044486, 0.043521, 0.043123, 0.042557, 0.042394, 0.042782]",1.0398663607150302,0.9600992847262615,1.0629038384677272,75,optimal,nan,0.9413604736328125,1.4068851470947266,117.69511457285438,117.69511450907238,5.419256084220571e-10,4.957854725762267e-06,4.691492533627337e-06,1.0,0.4909090909090909,0.8181818181818182,0.6136363636363636,9,2,1e-07,1e-05,1000,100.0,100.0,100.0,0.0,100.0,1.0,97.0,25.0,41.569219381653056,1.0
primary,x86_64,none,0.3.0,2.4.4,32,1,one_giant,100,500,0.2,0,0.98,1,[100],powerlaw,1,0,0,11,7,"[85, 4, 2, 2, 1, 1, 1, 1, 1, 1, 1]",0.04501098599985198,0.04508328077771592,0.04466904099990643,0.045516780999605544,0.0002793164336434243,"[0.044872, 0.045003, 0.045396, 0.045517, 0.045347, 0.045053, 0.045011, 0.044883, 0.044669]",0.03850689299997612,0.03846137966669024,0.03792154799975833,0.03897825600006399,0.0004301175819675415,"[0.038841, 0.037984, 0.038928, 0.038706, 0.038978, 0.038326, 0.037922, 0.038507, 0.03796]",1.1689072395396818,1.145998964136135,1.2002880525841302,79,optimal,nan,0.9413604736328125,1.1409120559692383,119.23517511487826,119.23517504066385,6.224204587429883e-10,1.3318290058156323e-05,1.2617869535555558e-05,1.0,0.7264150943396226,0.7777777777777778,0.7512195121951221,9,2,1e-07,1e-05,1000,100.0,100.0,100.0,0.0,100.0,1.0,85.0,9.090909090909092,24.020652271268364,1.0
primary,x86_64,none,0.3.0,2.4.4,32,1,one_giant,100,500,0.25,0,0.98,1,[100],powerlaw,1,0,0,19,8,"[57, 7, 6, 4, 4, 3, 3, 2, 2, 2, 2, 1, 1, 1, 1, 1, 1, 1, 1]",0.050537923000320006,0.05063396300010936,0.050130675000218616,0.05133935799995015,0.0003502002366687935,"[0.050737, 0.050315, 0.050525, 0.050131, 0.050708, 0.050538, 0.051339, 0.050506, 0.050907]",0.02364412499991886,0.023787394222229825,0.023070654000093782,0.024919297999986156,0.0007240995650016031,"[0.02308, 0.023071, 0.02376, 0.024513, 0.024631, 0.024919, 0.023644, 0.023117, 0.023351]",2.137441034527327,2.011720996323671,2.225310041047881,86,optimal,nan,0.9413604736328125,0.7561140060424805,120.52684389663355,120.52684386978584,2.2275299256299634e-10,1.778027561954998e-05,1.6845195421102625e-05,1.0,0.8809523809523809,0.7474747474747475,0.8087431693989071,9,2,1e-07,1e-05,1000,100.0,100.0,100.0,0.0,100.0,1.0,57.0,5.2631578947368425,12.315339622913402,2.0
primary,x86_64,none,0.3.0,2.4.4,32,1,one_giant,100,500,0.3,0,0.98,1,[100],powerlaw,1,0,0,26,12,"[43, 6, 6, 5, 4, 4, 3, 3, 3, 3, 2, 2, 2, 2, 1, 1, 1, 1, 1, 1, 1, 1, 1, 1, 1, 1]",0.04931024300003628,0.04932145599999179,0.04850286999999298,0.050432251999609434,0.0006859659427602644,"[0.048943, 0.048503, 0.04931, 0.048553, 0.049411, 0.04892, 0.050432, 0.049548, 0.050273]",0.018620609000208788,0.01863301033330976,0.01855886900011683,0.018742902999747457,6.36602802229674e-05,"[0.01865, 0.018743, 0.018559, 0.018621, 0.018623, 0.018618, 0.018724, 0.018572, 0.018587]",2.6481541500325463,2.587799232629359,2.717420549673149,84,optimal,nan,0.9413604736328125,0.7287454605102539,121.61311635828218,121.61311633769171,1.6931131686830185e-10,2.27878750715671e-05,2.1589440852516283e-05,1.0,0.922077922077922,0.7171717171717171,0.8068181818181818,9,2,1e-07,1e-05,1000,100.0,100.0,100.0,0.0,100.0,1.0,43.0,3.8461538461538463,7.9840817963105515,2.0
primary,x86_64,none,0.3.0,2.4.4,32,1,one_giant,100,500,0.35,0,0.98,1,[100],powerlaw,1,0,0,31,15,"[27, 9, 7, 6, 5, 5, 4, 3, 3, 3, 3, 2, 2, 2, 2, 2, 1, 1, 1, 1, 1, 1, 1, 1, 1, 1, 1, 1, 1, 1, 1]",0.04868690400007836,0.048687695444489996,0.04801607299987154,0.04929837000008774,0.0004180429131979913,"[0.049298, 0.048422, 0.048883, 0.048301, 0.049219, 0.048552, 0.048812, 0.048016, 0.048687]",0.013949725000202307,0.013961202666703483,0.013876111999707064,0.014062519999697543,6.910940366437063e-05,"[0.01395, 0.014009, 0.013895, 0.013919, 0.013876, 0.0139, 0.013992, 0.014063, 0.014047]",3.4901694477398135,3.414471446149358,3.552750943573277,82,optimal,nan,0.9413604736328125,0.7088985443115234,122.51466020870953,122.51466020021871,6.930448280729922e-11,1.605371579860293e-05,1.5209436883224995e-05,1.0,0.9305555555555556,0.6767676767676768,0.7836257309941521,9,2,1e-07,1e-05,1000,100.0,100.0,100.0,0.0,100.0,1.0,27.0,3.225806451612903,4.783774170817194,2.0
primary,x86_64,none,0.3.0,2.4.4,32,1,one_giant,100,500,0.4,0,0.98,1,[100],powerlaw,1,0,0,37,20,"[19, 9, 7, 6, 6, 5, 4, 3, 3, 3, 3, 2, 2, 2, 2, 2, 2, 1, 1, 1, 1, 1, 1, 1, 1, 1, 1, 1, 1, 1, 1, 1, 1, 1, 1, 1, 1]",0.047176643000057084,0.04712822755552932,0.04624816599971382,0.04783678900002997,0.0005139298258202394,"[0.046606, 0.046248, 0.047837, 0.047018, 0.047578, 0.046843, 0.047636, 0.047177, 0.047212]",0.01213313800008109,0.012136700222173304,0.012028654999994615,0.012231684999733261,5.247047577551447e-05,"[0.012159, 0.012232, 0.012144, 0.012128, 0.012133, 0.012156, 0.01212, 0.012029, 0.01213]",3.888247459127374,3.781013490841398,3.9769025714056463,80,optimal,nan,0.9413604736328125,0.7037248611450195,123.24922762831719,123.24922762597421,1.9010034250847297e-11,1.073427374284619e-05,1.0169748920929015e-05,1.0,0.9538461538461539,0.6262626262626263,0.7560975609756098,9,2,1e-07,1e-05,1000,100.0,100.0,100.0,0.0,100.0,1.0,19.0,2.7027027027027026,3.343932503399252,1.0
primary,x86_64,none,0.3.0,2.4.4,32,1,one_giant,100,1000,0.05,0,0.98,1,[100],powerlaw,1,0,0,1,0,[100],0.03419457700010753,0.03413204566676439,0.03368047200001456,0.03455789500003448,0.000293718697592007,"[0.034376, 0.034033, 0.034558, 0.034062, 0.034303, 0.03368, 0.034195, 0.03371, 0.034272]",0.03460657400000855,0.03468229866676767,0.03442135399973267,0.0355493000001843,0.000343354738807702,"[0.035549, 0.034607, 0.034431, 0.034421, 0.034613, 0.034546, 0.034636, 0.03455, 0.034788]",0.9880948342386935,0.9474299634546938,1.0039667527402572,58,optimal,nan,0.9413604736328125,1.478799819946289,113.46337137053004,113.46337137053004,0.0,0.0,0.0,1.0,0.09251559251559252,0.898989898989899,0.16776625824693686,9,2,1e-07,1e-05,1000,100.0,100.0,100.0,0.0,100.0,100.0,100.0,100.0,0.0,100.0
primary,x86_64,none,0.3.0,2.4.4,32,1,one_giant,100,1000,0.1,0,0.98,1,[100],powerlaw,1,0,0,3,2,"[98, 1, 1]",0.04242146100023092,0.042286634555542456,0.04097293999984686,0.04311010099991108,0.0007676019923268582,"[0.040973, 0.041304, 0.041878, 0.042421, 0.043099, 0.042362, 0.042965, 0.042467, 0.04311]",0.04183967700009816,0.042384785444482986,0.04157490699981281,0.04373937599984856,0.0009190479112645561,"[0.041575, 0.041583, 0.04184, 0.041614, 0.041575, 0.04283, 0.043739, 0.043384, 0.043323]",1.0139050786680641,0.9367518183155772,1.0369259755675504,73,optimal,nan,0.9413604736328125,1.430612564086914,115.84863274009278,115.84863234489984,3.411287057389014e-09,5.465357729754483e-05,5.264590067459612e-05,1.0,0.42346938775510207,0.8383838383838383,0.5627118644067797,9,2,1e-07,1e-05,1000,100.0,100.0,100.0,0.0,100.0,1.0,98.0,33.333333333333336,45.726238516730064,1.0
primary,x86_64,none,0.3.0,2.4.4,32,1,one_giant,100,1000,0.15,0,0.98,1,[100],powerlaw,1,0,0,15,6,"[66, 6, 4, 4, 4, 3, 3, 2, 2, 1, 1, 1, 1, 1, 1]",0.044489757000064856,0.044537777333365135,0.044299786999999924,0.04483407699990494,0.0001480812139417254,"[0.044834, 0.044637, 0.044477, 0.044471, 0.0443, 0.04449, 0.044473, 0.044618, 0.044541]",0.027450646000033885,0.027447612777854777,0.02722862000018722,0.02764299199998277,0.0001446478605852524,"[0.027586, 0.027229, 0.027643, 0.027531, 0.027574, 0.027384, 0.027319, 0.027312, 0.027451]",1.6207180333756057,1.6025684556877033,1.64657911416725,77,optimal,nan,0.9413604736328125,0.7944822311401367,117.63389686949397,117.63389647498533,3.353698572293442e-09,9.15241638788089e-05,8.948832016256006e-05,1.0,0.8247422680412371,0.8080808080808081,0.8163265306122448,9,2,1e-07,1e-05,1000,100.0,100.0,100.0,0.0,100.0,1.0,66.0,6.666666666666667,15.927614036285817,2.0
primary,x86_64,none,0.3.0,2.4.4,32,1,one_giant,100,1000,0.2,0,0.98,1,[100],powerlaw,1,0,0,21,7,"[41, 9, 7, 6, 4, 4, 4, 4, 3, 3, 2, 2, 2, 2, 1, 1, 1, 1, 1, 1, 1]",0.04773942900010297,0.047746421444470694,0.047553021000112494,0.04813243000035072,0.00018809097732871727,"[0.047579, 0.047813, 0.047553, 0.047568, 0.047672, 0.04775, 0.047739, 0.04791, 0.048132]",0.018529185999796027,0.018678655888935383,0.0183439659999749,0.01903973100024814,0.00025311654734204816,"[0.018526, 0.018516, 0.018478, 0.018344, 0.018529, 0.018774, 0.018932, 0.01904, 0.01897]",2.576445020338643,2.4975679015366734,2.6238835157248213,83,optimal,nan,0.9413604736328125,0.7504339218139648,119.15382178502969,119.15382150623302,2.3398047350484362e-09,9.115269142807858e-05,8.912511073255309e-05,1.0,0.927710843373494,0.7777777777777778,0.8461538461538461,9,2,1e-07,1e-05,1000,100.0,100.0,100.0,0.0,100.0,1.0,41.0,4.761904761904762,8.383116603682053,2.0
primary,x86_64,none,0.3.0,2.4.4,32,1,one_giant,100,1000,0.25,0,0.98,1,[100],powerlaw,1,0,0,24,9,"[25, 16, 8, 6, 6, 4, 4, 4, 4, 3, 3, 2, 2, 2, 2, 1, 1, 1, 1, 1, 1, 1, 1, 1]",0.043442548000257375,0.043070787777903914,0.04189310700030546,0.04371325500005696,0.0006898521828122826,"[0.041893, 0.041916, 0.043142, 0.043496, 0.043059, 0.043514, 0.043462, 0.043713, 0.043443]",0.013309765000030893,0.013324935777695323,0.013256334999823594,0.013411872999768093,5.0484453869998645e-05,"[0.01331, 0.013349, 0.013294, 0.013386, 0.013412, 0.013336, 0.013256, 0.01328, 0.013301]",3.2639605582935944,3.123583633772095,3.297536988967061,73,optimal,nan,0.9413604736328125,0.7109403610229492,120.44694116131843,120.44694085498449,2.543310290187786e-09,0.00011265120148967744,0.00011014541241834916,1.0,0.9868421052631579,0.7575757575757576,0.8571428571428571,9,2,1e-07,1e-05,1000,100.0,100.0,100.0,0.0,100.0,1.0,25.0,4.166666666666667,5.42883249163411,2.0
primary,x86_64,none,0.3.0,2.4.4,32,1,one_giant,100,1000,0.3,0,0.98,1,[100],powerlaw,1,0,0,29,12,"[16, 16, 9, 6, 6, 5, 4, 4, 3, 3, 3, 3, 2, 2, 2, 2, 2, 1, 1, 1, 1, 1, 1, 1, 1, 1, 1, 1, 1]",0.041485858999749325,0.041414883888895325,0.04102993099968444,0.041800497000167525,0.00022276025197393669,"[0.041308, 0.0415, 0.041486, 0.041188, 0.04103, 0.041529, 0.041517, 0.041377, 0.0418]",0.01111323800023456,0.011148461555674456,0.010992131999955745,0.011302020999664819,0.00010045097300691052,"[0.010992, 0.01108, 0.011101, 0.011086, 0.011208, 0.011276, 0.011302, 0.011177, 0.011113]",3.733012736600594,3.6303180644330117,3.8027651960816895,73,optimal,nan,0.9413604736328125,0.7062416076660156,121.53595232500517,121.53595205049838,2.2586467921966106e-09,7.890143807960659e-05,7.714637148786661e-05,1.0,1.0,0.7171717171717171,0.8352941176470587,9,2,1e-07,1e-05,1000,100.0,100.0,100.0,0.0,100.0,1.0,16.0,3.4482758620689653,3.9180062390733075,2.0
primary,x86_64,none,0.3.0,2.4.4,32,1,one_giant,100,1000,0.35,0,0.98,1,[100],powerlaw,1,0,0,33,16,"[16, 16, 9, 6, 6, 4, 3, 3, 3, 3, 3, 2, 2, 2, 2, 2, 2, 1, 1, 1, 1, 1, 1, 1, 1, 1, 1, 1, 1, 1, 1, 1, 1]",0.04855273800012583,0.04864416122215213,0.04832714899976054,0.04953820699984135,0.0003759407334713933,"[0.048346, 0.048553, 0.048327, 0.048338, 0.048517, 0.049538, 0.048769, 0.048685, 0.048725]",0.011729452000054152,0.01174053399998027,0.011632093000116583,0.01185174600004757,6.925693971018487e-05,"[0.011775, 0.011826, 0.011694, 0.011632, 0.011689, 0.011754, 0.011729, 0.011714, 0.011852]",4.139386733489482,4.077639615257243,4.258752659503741,84,optimal,nan,0.9413604736328125,0.7069931030273438,122.44023512518535,122.44023444111438,5.586978561908467e-09,0.00014061222796733774,0.00013748448009882373,0.9998,1.0,0.6767676767676768,0.8072289156626505,9,2,1e-07,1e-05,1000,100.0,100.0,100.0,0.0,100.0,1.0,16.0,3.0303030303030303,3.745582031761884,2.0
primary,x86_64,none,0.3.0,2.4.4,32,1,one_giant,100,1000,0.4,0,0.98,1,[100],powerlaw,1,0,0,39,20,"[10, 9, 9, 7, 6, 5, 4, 3, 3, 3, 3, 3, 3, 2, 2, 2, 2, 2, 2, 1, 1, 1, 1, 1, 1, 1, 1, 1, 1, 1, 1, 1, 1, 1, 1, 1, 1, 1, 1]",0.04772043200000553,0.04780868944453687,0.04729656200015597,0.048492185000213794,0.0003905939931512686,"[0.04772, 0.047802, 0.047961, 0.047297, 0.047529, 0.048319, 0.048492, 0.047667, 0.04749]",0.009576855999966938,0.009581077777814547,0.009503242999926442,0.009656406000431161,5.264866360143517e-05,"[0.009656, 0.009636, 0.009577, 0.009559, 0.009532, 0.009542, 0.009503, 0.009589, 0.009635]",4.982891253681822,4.897946709991706,5.102698626204669,83,optimal,nan,0.9413604736328125,0.7010641098022461,123.17929866599245,123.17929866644768,3.6956739068726475e-12,5.183915824963359e-06,5.068605926759531e-06,1.0,1.0,0.6161616161616161,0.7625,9,2,1e-07,1e-05,1000,100.0,100.0,100.0,0.0,100.0,1.0,10.0,2.5641025641025643,2.4262968701915106,1.0
primary,x86_64,none,0.3.0,2.4.4,32,1,one_giant,200,400,0.05,0,0.99,1,[200],powerlaw,1,0,0,1,0,[200],0.05353469800002131,0.0536336407777627,0.053347102999850904,0.05400487400038401,0.00023685896653537406,"[0.053461, 0.053771, 0.053347, 0.05389, 0.054005, 0.053535, 0.053795, 0.053374, 0.053525]",0.05593781700008549,0.05584296433335112,0.05536553299998559,0.056201400000190915,0.00028761770068743607,"[0.056199, 0.055938, 0.056201, 0.055366, 0.055839, 0.055956, 0.055944, 0.055569, 0.055576]",0.9570394568658175,0.9492130623021791,0.9754240783773916,22,optimal,nan,3.385162353515625,5.829800605773926,173.27150134423954,173.27150134423954,0.0,0.0,0.0,1.0,0.034606205250596656,0.8743718592964824,0.0665773866462598,9,2,1e-07,1e-05,1000,200.0,200.0,200.0,0.0,200.0,200.0,200.0,200.0,0.0,200.0
primary,x86_64,none,0.3.0,2.4.4,32,1,one_giant,200,400,0.1,0,0.99,1,[200],powerlaw,1,0,0,1,0,[200],0.09452307399988058,0.09475644655549331,0.09405527299986716,0.0957875599997351,0.0006012087221768528,"[0.094305, 0.095114, 0.095278, 0.095168, 0.094523, 0.094055, 0.0941, 0.094477, 0.095788]",0.09716365500025859,0.09719294233329695,0.09641921100001127,0.09829160199979015,0.0006429001954218761,"[0.096419, 0.096707, 0.096834, 0.097646, 0.097164, 0.097189, 0.096564, 0.097924, 0.098292]",0.9728233669228378,0.9569003972492783,0.9934489092606649,40,optimal,nan,3.385162353515625,5.829843521118164,181.80760612161566,181.80760612161566,0.0,0.0,0.0,1.0,0.18996415770609318,0.7989949748743719,0.30694980694980695,9,2,1e-07,1e-05,1000,200.0,200.0,200.0,0.0,200.0,200.0,200.0,200.0,0.0,200.0
primary,x86_64,none,0.3.0,2.4.4,32,1,one_giant,200,400,0.15,0,0.99,1,[200],powerlaw,1,0,0,31,23,"[155, 5, 5, 3, 3, 2, 2, 2, 1, 1, 1, 1, 1, 1, 1, 1, 1, 1, 1, 1, 1, 1, 1, 1, 1, 1, 1, 1, 1, 1, 1]",0.10065672600012476,0.10081912422224883,0.0997840529998939,0.10197939099998621,0.000756657069475976,"[0.100657, 0.101979, 0.101725, 0.100944, 0.100241, 0.100057, 0.099784, 0.101395, 0.100589]",0.0711722149999332,0.07119727999997849,0.07024254899988591,0.07242482900028335,0.0007233790687991368,"[0.070495, 0.070865, 0.070243, 0.071454, 0.07212, 0.072425, 0.071293, 0.071172, 0.070709]",1.4142699647639072,1.3777602843840129,1.4518179145257364,43,optimal,nan,3.385162353515625,3.883005142211914,184.7960822134791,184.7960818777775,1.8166056110645141e-09,0.00012790309808589917,9.340607538343867e-05,1.0,0.6296296296296297,0.6834170854271356,0.6554216867469879,9,2,1e-07,1e-05,1000,200.0,200.0,200.0,0.0,200.0,1.0,155.0,6.451612903225806,27.142204619228927,1.0
primary,x86_64,none,0.3.0,2.4.4,32,1,one_giant,200,400,0.2,0,0.99,1,[200],powerlaw,1,0,0,73,49,"[82, 8, 7, 4, 4, 3, 3, 3, 3, 3, 3, 3, 3, 2, 2, 2, 2, 2, 2, 2, 2, 2, 2, 2, 1, 1, 1, 1, 1, 1, 1, 1, 1, 1, 1, 1, 1, 1, 1, 1, 1, 1, 1, 1, 1, 1, 1, 1, 1, 1, 1, 1, 1, 1, 1, 1, 1, 1, 1, 1, 1, 1, 1, 1, 1, 1, 1, 1, 1, 1, 1, 1, 1]",0.10351339900034873,0.10349308255561279,0.10278913799993461,0.10427209099998436,0.00044874946103345585,"[0.103566, 0.104013, 0.103295, 0.103067, 0.104272, 0.10353, 0.103513, 0.103392, 0.102789]",0.03188406900017071,0.03184765800011115,0.03138658499983649,0.032217704000231606,0.00024932295846890256,"[0.032069, 0.032218, 0.031546, 0.03191, 0.031856, 0.031886, 0.031884, 0.031873, 0.031387]",3.2465554819804994,3.190455098823792,3.3221865647545785,44,optimal,nan,3.385162353515625,2.4665603637695312,186.67375536721647,186.673755073189,1.5750873603691823e-09,0.00011200451899175123,8.179553781773922e-05,1.0,0.8787878787878788,0.5829145728643216,0.7009063444108761,9,2,1e-07,1e-05,1000,200.0,200.0,200.0,0.0,200.0,1.0,82.0,2.73972602739726,9.426031279301151,1.0
primary,x86_64,none,0.3.0,2.4.4,32,1,one_giant,200,400,0.25,0,0.99,1,[200],powerlaw,1,0,0,103,73,"[46, 7, 5, 3, 3, 3, 3, 3, 3, 3, 3, 3, 3, 3, 3, 3, 3, 3, 2, 2, 2, 2, 2, 2, 2, 2, 2, 2, 2, 2, 1, 1, 1, 1, 1, 1, 1, 1, 1, 1, 1, 1, 1, 1, 1, 1, 1, 1, 1, 1, 1, 1, 1, 1, 1, 1, 1, 1, 1, 1, 1, 1, 1, 1, 1, 1, 1, 1, 1, 1, 1, 1, 1, 1, 1, 1, 1, 1, 1, 1, 1, 1, 1, 1, 1, 1, 1, 1, 1, 1, 1, 1, 1, 1, 1, 1, 1, 1, 1, 1, 1, 1, 1]",0.10201263700037089,0.10244349911110678,0.10167900299984467,0.10551995599962538,0.001219481082015367,"[0.10552, 0.103024, 0.101886, 0.102048, 0.101697, 0.102133, 0.102013, 0.101679, 0.101992]",0.018657416000223748,0.018746860666649608,0.01848763099997086,0.0190729759997339,0.0002213542639106075,"[0.019017, 0.019073, 0.018889, 0.018891, 0.018657, 0.018583, 0.018488, 0.018541, 0.018583]",5.467672318564774,5.331050749566469,5.707597474213527,44,optimal,nan,3.385162353515625,2.3750391006469727,187.9770326342379,187.9770322941946,1.8089619535913392e-09,0.00016978143197207696,0.00012398931514883313,1.0,0.9387755102040817,0.4623115577889447,0.6195286195286196,9,2,1e-07,1e-05,1000,200.0,200.0,200.0,0.0,200.0,1.0,46.0,1.941747572815534,4.469584900077293,1.0
primary,x86_64,none,0.3.0,2.4.4,32,1,one_giant,200,400,0.3,0,0.99,1,[200],powerlaw,1,0,0,129,100,"[26, 6, 5, 4, 4, 3, 3, 3, 3, 3, 3, 3, 2, 2, 2, 2, 2, 2, 2, 2, 2, 2, 2, 2, 2, 2, 2, 2, 2, 1, 1, 1, 1, 1, 1, 1, 1, 1, 1, 1, 1, 1, 1, 1, 1, 1, 1, 1, 1, 1, 1, 1, 1, 1, 1, 1, 1, 1, 1, 1, 1, 1, 1, 1, 1, 1, 1, 1, 1, 1, 1, 1, 1, 1, 1, 1, 1, 1, 1, 1, 1, 1, 1, 1, 1, 1, 1, 1, 1, 1, 1, 1, 1, 1, 1, 1, 1, 1, 1, 1, 1, 1, 1, 1, 1, 1, 1, 1, 1, 1, 1, 1, 1, 1, 1, 1, 1, 1, 1, 1, 1, 1, 1, 1, 1, 1, 1, 1, 1]",0.09965107300013187,0.09982389366662876,0.09908472600000096,0.10078614399981234,0.0006111277061766802,"[0.099326, 0.100254, 0.099651, 0.099353, 0.099341, 0.100561, 0.100786, 0.100058, 0.099085]",0.015825678000055632,0.01579784188894943,0.01544336300003124,0.016123692999826744,0.00022921744232167068,"[0.016032, 0.016124, 0.015921, 0.0159, 0.015826, 0.0158, 0.015589, 0.015545, 0.015443]",6.296796446874603,6.1452873111058155,6.526178527281166,43,optimal,nan,3.385162353515625,2.350823402404785,188.86965100754108,188.86965097190193,1.8869705405156517e-10,6.0358884223121745e-05,4.4079358825268505e-05,0.99995,0.971830985915493,0.34673366834170855,0.5111111111111111,9,2,1e-07,1e-05,1000,200.0,200.0,200.0,0.0,200.0,1.0,26.0,1.550387596899225,2.3126254093296588,1.0
primary,x86_64,none,0.3.0,2.4.4,32,1,one_giant,200,400,0.35,0,0.99,1,[200],powerlaw,1,0,0,144,123,"[19, 5, 5, 5, 4, 4, 3, 3, 3, 3, 3, 2, 2, 2, 2, 2, 2, 2, 2, 2, 2, 1, 1, 1, 1, 1, 1, 1, 1, 1, 1, 1, 1, 1, 1, 1, 1, 1, 1, 1, 1, 1, 1, 1, 1, 1, 1, 1, 1, 1, 1, 1, 1, 1, 1, 1, 1, 1, 1, 1, 1, 1, 1, 1, 1, 1, 1, 1, 1, 1, 1, 1, 1, 1, 1, 1, 1, 1, 1, 1, 1, 1, 1, 1, 1, 1, 1, 1, 1, 1, 1, 1, 1, 1, 1, 1, 1, 1, 1, 1, 1, 1, 1, 1, 1, 1, 1, 1, 1, 1, 1, 1, 1, 1, 1, 1, 1, 1, 1, 1, 1, 1, 1, 1, 1, 1, 1, 1, 1, 1, 1, 1, 1, 1, 1, 1, 1, 1, 1, 1, 1, 1, 1, 1]",0.10102360599967142,0.10111727211106983,0.10090131300012217,0.101424918000248,0.00020943587298586099,"[0.100977, 0.101083, 0.101371, 0.101366, 0.100901, 0.100971, 0.101024, 0.100937, 0.101425]",0.012581942999986495,0.012657798444353021,0.012532074999853648,0.012821779000205424,0.00012142903626075886,"[0.012571, 0.012582, 0.012576, 0.012538, 0.012532, 0.012705, 0.012792, 0.012802, 0.012822]",8.029253192434576,7.869525203835254,8.093226221629894,44,optimal,nan,3.385162353515625,2.349196434020996,189.48566568051203,189.48566567050142,5.283043017790747e-11,2.863334917208027e-05,2.0910586807993535e-05,1.0,1.0,0.2814070351758794,0.43921568627450985,9,2,1e-07,1e-05,1000,200.0,200.0,200.0,0.0,200.0,1.0,19.0,1.3888888888888888,1.6629588385661958,1.0
primary,x86_64,none,0.3.0,2.4.4,32,1,one_giant,200,400,0.4,0,0.99,1,[200],powerlaw,1,0,0,158,144,"[17, 5, 4, 4, 4, 3, 3, 3, 3, 2, 2, 2, 2, 2, 1, 1, 1, 1, 1, 1, 1, 1, 1, 1, 1, 1, 1, 1, 1, 1, 1, 1, 1, 1, 1, 1, 1, 1, 1, 1, 1, 1, 1, 1, 1, 1, 1, 1, 1, 1, 1, 1, 1, 1, 1, 1, 1, 1, 1, 1, 1, 1, 1, 1, 1, 1, 1, 1, 1, 1, 1, 1, 1, 1, 1, 1, 1, 1, 1, 1, 1, 1, 1, 1, 1, 1, 1, 1, 1, 1, 1, 1, 1, 1, 1, 1, 1, 1, 1, 1, 1, 1, 1, 1, 1, 1, 1, 1, 1, 1, 1, 1, 1, 1, 1, 1, 1, 1, 1, 1, 1, 1, 1, 1, 1, 1, 1, 1, 1, 1, 1, 1, 1, 1, 1, 1, 1, 1, 1, 1, 1, 1, 1, 1, 1, 1, 1, 1, 1, 1, 1, 1, 1, 1, 1, 1, 1, 1]",0.10112215300023308,0.10123573966676405,0.1001165000002402,0.10248281300027884,0.0007024303179110067,"[0.102023, 0.102483, 0.101364, 0.101369, 0.100853, 0.101122, 0.101111, 0.100679, 0.100117]",0.010273808999954781,0.010269719000057699,0.010229878000245662,0.010307053000360611,2.7495515219359902e-05,"[0.01023, 0.010307, 0.010262, 0.010274, 0.010282, 0.010282, 0.010239, 0.010246, 0.010305]",9.842712960760528,9.713397223894884,10.017989754894222,43,optimal,nan,3.385162353515625,2.3489980697631836,189.90158644209546,189.90158643955655,1.3369616078442564e-11,1.4011628870796988e-05,1.0232522235510368e-05,1.0,1.0,0.21105527638190955,0.34854771784232363,9,2,1e-07,1e-05,1000,200.0,200.0,200.0,0.0,200.0,1.0,17.0,1.2658227848101267,1.3980896619215781,1.0
primary,x86_64,none,0.3.0,2.4.4,32,1,one_giant,200,1000,0.05,0,0.99,1,[200],powerlaw,1,0,0,1,0,[200],0.07155334300023242,0.07152867233339243,0.07102498899985221,0.07183592199999111,0.00025707738108993286,"[0.07124, 0.071623, 0.071025, 0.07152, 0.071836, 0.071749, 0.071489, 0.071553, 0.071722]",0.07439339199981987,0.07456660722214616,0.07309209799996097,0.07766087400023025,0.0013102930240071764,"[0.074468, 0.074751, 0.074393, 0.074332, 0.077661, 0.073421, 0.073092, 0.073974, 0.075007]",0.96182390769876,0.9145530476471542,0.9828137919919808,30,optimal,nan,3.385162353515625,5.829800605773926,178.90513257308282,178.90513257308282,0.0,0.0,0.0,1.0,0.09015544041450778,0.8743718592964824,0.16345702207609208,9,2,1e-07,1e-05,1000,200.0,200.0,200.0,0.0,200.0,200.0,200.0,200.0,0.0,200.0
primary,x86_64,none,0.3.0,2.4.4,32,1,one_giant,200,1000,0.1,0,0.99,1,[200],powerlaw,1,0,0,29,12,"[145, 9, 4, 3, 3, 2, 2, 2, 2, 2, 2, 2, 2, 2, 2, 2, 2, 1, 1, 1, 1, 1, 1, 1, 1, 1, 1, 1, 1]",0.09687395199989624,0.09741615811122352,0.0963717199997518,0.1005166250001821,0.0012986782080465125,"[0.096651, 0.097059, 0.096577, 0.096372, 0.096767, 0.096874, 0.100517, 0.09813, 0.097799]",0.062343364999833284,0.062401279555514416,0.06201922900027057,0.0630818729996463,0.0003026979844417174,"[0.062202, 0.062576, 0.062478, 0.062019, 0.062244, 0.062406, 0.062343, 0.062261, 0.063082]",1.55387749763195,1.5277244542230408,1.6207332245253094,41,optimal,nan,3.385162353515625,3.51785945892334,182.7831944481137,182.78319300089447,7.917682135445313e-09,0.00017644176234506148,0.00012437763483106383,0.99995,0.7878787878787878,0.7839195979899497,0.7858942065491182,9,2,1e-07,1e-05,1000,200.0,200.0,200.0,0.0,200.0,1.0,145.0,6.896551724137931,26.143298511758434,2.0
primary,x86_64,none,0.3.0,2.4.4,32,1,one_giant,200,1000,0.15,0,0.99,1,[200],powerlaw,1,0,0,59,29,"[50, 12, 10, 9, 8, 8, 6, 6, 5, 5, 4, 4, 3, 3, 3, 3, 3, 3, 3, 3, 2, 2, 2, 2, 2, 2, 2, 2, 2, 2, 1, 1, 1, 1, 1, 1, 1, 1, 1, 1, 1, 1, 1, 1, 1, 1, 1, 1, 1, 1, 1, 1, 1, 1, 1, 1, 1, 1, 1]",0.0954776739999943,0.09546698833325233,0.09480921800013675,0.09613781899997775,0.000414152077053473,"[0.095543, 0.096138, 0.095835, 0.095478, 0.095382, 0.095004, 0.094809, 0.095259, 0.095756]",0.022757203999844933,0.022791372333308066,0.022461563999968348,0.023173950999989756,0.00024574757385576455,"[0.022659, 0.022666, 0.022536, 0.022462, 0.023174, 0.023092, 0.022757, 0.022986, 0.02279]",4.1954922933698215,4.091197828120835,4.280103513722963,41,optimal,nan,3.385162353515625,2.378772735595703,185.30254580341173,185.30254572424087,4.272518747476314e-10,8.663752801522928e-05,6.107267800008946e-05,1.0,0.972027972027972,0.6984924623115578,0.8128654970760234,9,2,1e-07,1e-05,1000,200.0,200.0,200.0,0.0,200.0,1.0,50.0,3.389830508474576,6.599992165256115,2.0
primary,x86_64,none,0.3.0,2.4.4,32,1,one_giant,200,1000,0.2,0,0.99,1,[200],powerlaw,1,0,0,80,47,"[19, 18, 12, 9, 9, 8, 6, 4, 4, 4, 4, 3, 3, 3, 3, 3, 3, 3, 3, 3, 3, 3, 3, 2, 2, 2, 2, 2, 2, 2, 2, 2, 2, 1, 1, 1, 1, 1, 1, 1, 1, 1, 1, 1, 1, 1, 1, 1, 1, 1, 1, 1, 1, 1, 1, 1, 1, 1, 1, 1, 1, 1, 1, 1, 1, 1, 1, 1, 1, 1, 1, 1, 1, 1, 1, 1, 1, 1, 1, 1]",0.0938890510001329,0.09396108111119854,0.09367652199989607,0.09432835600000544,0.0002235624376552917,"[0.093677, 0.094328, 0.093785, 0.093725, 0.094165, 0.094146, 0.093877, 0.093889, 0.094059]",0.017255201999887504,0.01721892277772794,0.016996368000036455,0.01747366699964914,0.00016562488744328724,"[0.017329, 0.017312, 0.016996, 0.017064, 0.017066, 0.017474, 0.017369, 0.017255, 0.017104]",5.441202658812398,5.36101105748307,5.549912546010013,41,optimal,nan,3.385162353515625,2.348874092102051,187.13016974532295,187.1301694490085,1.5834670286776905e-09,0.00016183814531292584,0.00011408322764597484,1.0,1.0,0.6030150753768844,0.7523510971786833,9,2,1e-07,1e-05,1000,200.0,200.0,200.0,0.0,200.0,1.0,19.0,2.5,3.2596012026013246,1.0
primary,x86_64,none,0.3.0,2.4.4,32,1,one_giant,200,1000,0.25,0,0.99,1,[200],powerlaw,1,0,0,106,72,"[19, 17, 7, 6, 6, 4, 3, 3, 3, 3, 3, 3, 3, 3, 3, 3, 3, 3, 3, 2, 2, 2, 2, 2, 2, 2, 2, 2, 2, 2, 2, 2, 2, 2, 1, 1, 1, 1, 1, 1, 1, 1, 1, 1, 1, 1, 1, 1, 1, 1, 1, 1, 1, 1, 1, 1, 1, 1, 1, 1, 1, 1, 1, 1, 1, 1, 1, 1, 1, 1, 1, 1, 1, 1, 1, 1, 1, 1, 1, 1, 1, 1, 1, 1, 1, 1, 1, 1, 1, 1, 1, 1, 1, 1, 1, 1, 1, 1, 1, 1, 1, 1, 1, 1, 1, 1]",0.09120216500014067,0.09131350822225512,0.09074861099998088,0.09192286300003616,0.0004204614584339371,"[0.091831, 0.091536, 0.091923, 0.091588, 0.090999, 0.091094, 0.091202, 0.090899, 0.090749]",0.01672566100023687,0.016702969666716347,0.01656893500012302,0.016779089000010572,7.725391251748048e-05,"[0.016772, 0.016778, 0.016701, 0.016779, 0.016621, 0.016726, 0.016746, 0.016635, 0.016569]",5.452828740152575,5.408434927541281,5.5479041350185545,39,optimal,nan,3.385162353515625,2.3505516052246094,188.41617246474763,188.41617199098326,2.5144570517077395e-09,0.00021411698429291137,0.0001509357207644141,1.0,1.0,0.4723618090452261,0.6416382252559727,9,2,1e-07,1e-05,1000,200.0,200.0,200.0,0.0,200.0,1.0,19.0,1.8867924528301887,2.4927091979618115,1.0
primary,x86_64,none,0.3.0,2.4.4,32,1,one_giant,200,1000,0.3,0,0.99,1,[200],powerlaw,1,0,0,132,105,"[19, 6, 6, 5, 4, 4, 3, 3, 3, 3, 3, 3, 3, 3, 3, 2, 2, 2, 2, 2, 2, 2, 2, 2, 2, 2, 2, 1, 1, 1, 1, 1, 1, 1, 1, 1, 1, 1, 1, 1, 1, 1, 1, 1, 1, 1, 1, 1, 1, 1, 1, 1, 1, 1, 1, 1, 1, 1, 1, 1, 1, 1, 1, 1, 1, 1, 1, 1, 1, 1, 1, 1, 1, 1, 1, 1, 1, 1, 1, 1, 1, 1, 1, 1, 1, 1, 1, 1, 1, 1, 1, 1, 1, 1, 1, 1, 1, 1, 1, 1, 1, 1, 1, 1, 1, 1, 1, 1, 1, 1, 1, 1, 1, 1, 1, 1, 1, 1, 1, 1, 1, 1, 1, 1, 1, 1, 1, 1, 1, 1, 1, 1]",0.08856158300022798,0.0886504998888995,0.08821488799958388,0.08923597700004393,0.000305372191023712,"[0.088215, 0.088367, 0.088562, 0.088487, 0.089236, 0.088843, 0.088543, 0.088756, 0.088847]",0.014462644999639451,0.014457631444353561,0.014263175999985833,0.014675173999876279,0.00014761392581688333,"[0.014675, 0.014644, 0.014344, 0.014532, 0.014463, 0.014397, 0.014263, 0.014287, 0.014514]",6.123470706944393,6.011164705803664,6.256388969759089,38,optimal,nan,3.385162353515625,2.3493852615356445,189.30774823760328,189.30774776029102,2.5213561512489237e-09,0.000218000252948769,0.00015367312385841094,1.0,1.0,0.3417085427135678,0.5093632958801498,9,2,1e-07,1e-05,1000,200.0,200.0,200.0,0.0,200.0,1.0,19.0,1.5151515151515151,1.7858231634130386,1.0
primary,x86_64,none,0.3.0,2.4.4,32,1,one_giant,200,1000,0.35,0,0.99,1,[200],powerlaw,1,0,0,143,123,"[19, 6, 6, 4, 4, 4, 3, 3, 3, 3, 3, 3, 2, 2, 2, 2, 2, 2, 2, 2, 1, 1, 1, 1, 1, 1, 1, 1, 1, 1, 1, 1, 1, 1, 1, 1, 1, 1, 1, 1, 1, 1, 1, 1, 1, 1, 1, 1, 1, 1, 1, 1, 1, 1, 1, 1, 1, 1, 1, 1, 1, 1, 1, 1, 1, 1, 1, 1, 1, 1, 1, 1, 1, 1, 1, 1, 1, 1, 1, 1, 1, 1, 1, 1, 1, 1, 1, 1, 1, 1, 1, 1, 1, 1, 1, 1, 1, 1, 1, 1, 1, 1, 1, 1, 1, 1, 1, 1, 1, 1, 1, 1, 1, 1, 1, 1, 1, 1, 1, 1, 1, 1, 1, 1, 1, 1, 1, 1, 1, 1, 1, 1, 1, 1, 1, 1, 1, 1, 1, 1, 1, 1, 1]",0.08850934200017946,0.08901935822218042,0.08741820299974279,0.09270886299964332,0.0017807745185764706,"[0.087855, 0.087748, 0.087846, 0.087418, 0.092709, 0.091072, 0.08944, 0.088577, 0.088509]",0.011508612999932666,0.011534074222153221,0.011469432000012603,0.01167958499991073,7.028243359096794e-05,"[0.011509, 0.01168, 0.01149, 0.011542, 0.011493, 0.011469, 0.011615, 0.011531, 0.011478]",7.690704518493871,7.484701125974163,8.083125912385325,38,optimal,nan,3.385162353515625,2.3490333557128906,189.92970818838108,189.9297078899329,1.5713612584522153e-09,0.00017408129983517706,0.0001227136977563923,1.0,1.0,0.2864321608040201,0.4453125,9,2,1e-07,1e-05,1000,200.0,200.0,200.0,0.0,200.0,1.0,19.0,1.3986013986013985,1.693838526248897,1.0
primary,x86_64,none,0.3.0,2.4.4,32,1,one_giant,200,1000,0.4,0,0.99,1,[200],powerlaw,1,0,0,156,143,"[19, 6, 5, 4, 4, 3, 3, 3, 2, 2, 2, 2, 2, 1, 1, 1, 1, 1, 1, 1, 1, 1, 1, 1, 1, 1, 1, 1, 1, 1, 1, 1, 1, 1, 1, 1, 1, 1, 1, 1, 1, 1, 1, 1, 1, 1, 1, 1, 1, 1, 1, 1, 1, 1, 1, 1, 1, 1, 1, 1, 1, 1, 1, 1, 1, 1, 1, 1, 1, 1, 1, 1, 1, 1, 1, 1, 1, 1, 1, 1, 1, 1, 1, 1, 1, 1, 1, 1, 1, 1, 1, 1, 1, 1, 1, 1, 1, 1, 1, 1, 1, 1, 1, 1, 1, 1, 1, 1, 1, 1, 1, 1, 1, 1, 1, 1, 1, 1, 1, 1, 1, 1, 1, 1, 1, 1, 1, 1, 1, 1, 1, 1, 1, 1, 1, 1, 1, 1, 1, 1, 1, 1, 1, 1, 1, 1, 1, 1, 1, 1, 1, 1, 1, 1, 1, 1]",0.0876960330001566,0.0877655574445776,0.08720567399996071,0.08854733700036377,0.0003820227639356433,"[0.087206, 0.087882, 0.088547, 0.087696, 0.087681, 0.087979, 0.087844, 0.087689, 0.087366]",0.010168137999698956,0.010170776333224139,0.009994790999826364,0.010331986999972287,0.00010474086538186239,"[0.010319, 0.010332, 0.010168, 0.01013, 0.010087, 0.010176, 0.010156, 0.010173, 0.009995]",8.624591149604084,8.440358471240296,8.859348534842006,37,optimal,nan,3.385162353515625,2.349428176879883,190.3492499064613,190.3492497201798,9.786299802871062e-10,0.0001397737468140925,9.852955923351749e-05,1.0,1.0,0.22110552763819097,0.36213991769547327,9,2,1e-07,1e-05,1000,200.0,200.0,200.0,0.0,200.0,1.0,19.0,1.2820512820512822,1.5762454245439674,1.0
primary,x86_64,none,0.3.0,2.4.4,32,1,one_giant,200,2000,0.05,0,0.99,1,[200],powerlaw,1,0,0,2,1,"[199, 1]",0.07729399599975295,0.07757934611122942,0.07604375700020682,0.07994526200036489,0.0012062431374832247,"[0.076044, 0.076223, 0.079945, 0.077742, 0.078428, 0.077294, 0.077019, 0.077195, 0.078325]",0.08281855700033702,0.08278201433338633,0.08251816800020606,0.08319968399973732,0.00021868188873908404,"[0.082639, 0.082906, 0.082581, 0.082591, 0.082819, 0.0832, 0.082887, 0.082518, 0.082897]",0.9332931990041605,0.9139909353555588,0.9688201269830088,32,optimal,nan,3.385162353515625,5.781213760375977,179.34812549699558,179.34812473103395,4.270809232045072e-09,0.00013103170766134986,0.00010119464479354387,0.99995,0.28078817733990147,0.8592964824120602,0.4232673267326732,9,2,1e-07,1e-05,1000,200.0,200.0,200.0,0.0,200.0,1.0,199.0,100.0,99.0,100.0
primary,x86_64,none,0.3.0,2.4.4,32,1,one_giant,200,2000,0.1,0,0.99,1,[200],powerlaw,1,0,0,40,14,"[88, 12, 12, 8, 8, 6, 5, 5, 4, 3, 3, 3, 3, 2, 2, 2, 2, 2, 2, 2, 2, 2, 2, 2, 2, 2, 1, 1, 1, 1, 1, 1, 1, 1, 1, 1, 1, 1, 1, 1]",0.08687441399979434,0.08714485744445079,0.0859696829998029,0.0894306959999085,0.001028386576653109,"[0.08597, 0.086899, 0.087916, 0.089431, 0.086633, 0.086516, 0.087504, 0.086874, 0.086561]",0.03238392799994472,0.03232231988891322,0.03172734500003571,0.03295858700039389,0.0003780980989351373,"[0.032195, 0.032959, 0.032625, 0.032384, 0.032496, 0.032497, 0.032101, 0.031917, 0.031727]",2.6826397958871033,2.6084153121848175,2.81872611779548,36,optimal,nan,3.385162353515625,2.487034797668457,182.76421406933736,182.76421373998505,1.8020612258747806e-09,0.00011969147904563465,9.245444447966335e-05,1.0,0.9512195121951219,0.7839195979899497,0.859504132231405,9,2,1e-07,1e-05,1000,200.0,200.0,200.0,0.0,200.0,1.0,88.0,5.0,13.568345514468593,2.0
primary,x86_64,none,0.3.0,2.4.4,32,1,one_giant,200,2000,0.15,0,0.99,1,[200],powerlaw,1,0,0,57,27,"[37, 15, 12, 12, 9, 8, 8, 6, 6, 6, 5, 4, 4, 3, 3, 3, 3, 3, 3, 3, 2, 2, 2, 2, 2, 2, 2, 2, 2, 2, 1, 1, 1, 1, 1, 1, 1, 1, 1, 1, 1, 1, 1, 1, 1, 1, 1, 1, 1, 1, 1, 1, 1, 1, 1, 1, 1]",0.08847728599994298,0.08865920788881947,0.08733034199985923,0.09118554399992718,0.001072095176057397,"[0.08733, 0.087963, 0.088477, 0.088621, 0.088638, 0.08915, 0.088239, 0.091186, 0.088329]",0.019877972999893245,0.01988813144427897,0.019730746999812254,0.020118996999826777,0.00010924712005366584,"[0.019817, 0.020119, 0.019731, 0.019884, 0.019855, 0.019886, 0.019878, 0.019982, 0.01984]",4.451021540295791,4.3406906418153515,4.6214947665587545,38,optimal,nan,3.385162353515625,2.378519058227539,185.30133617722555,185.30133597338985,1.1000228113358646e-09,0.00012974685476146997,0.00010022162395454449,1.0,0.9862068965517241,0.7185929648241206,0.8313953488372093,9,2,1e-07,1e-05,1000,200.0,200.0,200.0,0.0,200.0,1.0,37.0,3.508771929824561,5.435822722208869,2.0
primary,x86_64,none,0.3.0,2.4.4,32,1,one_giant,200,2000,0.2,0,0.99,1,[200],powerlaw,1,0,0,77,47,"[37, 12, 9, 8, 8, 6, 6, 6, 5, 4, 4, 3, 3, 3, 3, 3, 3, 3, 3, 3, 3, 2, 2, 2, 2, 2, 2, 2, 2, 2, 1, 1, 1, 1, 1, 1, 1, 1, 1, 1, 1, 1, 1, 1, 1, 1, 1, 1, 1, 1, 1, 1, 1, 1, 1, 1, 1, 1, 1, 1, 1, 1, 1, 1, 1, 1, 1, 1, 1, 1, 1, 1, 1, 1, 1, 1, 1]",0.09182312900020406,0.09228947944433862,0.0914930569997523,0.09455988299987439,0.0009576754305380112,"[0.092581, 0.092771, 0.091493, 0.091823, 0.091733, 0.091736, 0.091659, 0.092249, 0.09456]",0.019096722999620397,0.019173897666506592,0.018905565999830287,0.01950159599982726,0.0002282760018441896,"[0.019312, 0.019481, 0.019097, 0.019294, 0.019035, 0.018906, 0.018948, 0.018991, 0.019502]",4.808318631528001,4.691567654286486,5.001695426665525,40,optimal,nan,3.385162353515625,2.378170967102051,187.13828080686525,187.13828029408006,2.7401405520835217e-09,0.00022076296732229106,0.00017052609280612457,1.0,0.9919354838709677,0.6180904522613065,0.7616099071207432,9,2,1e-07,1e-05,1000,200.0,200.0,200.0,0.0,200.0,1.0,37.0,2.5974025974025974,4.472890173059586,1.0
primary,x86_64,none,0.3.0,2.4.4,32,1,one_giant,200,2000,0.25,0,0.99,1,[200],powerlaw,1,0,0,110,74,"[19, 6, 6, 6, 6, 5, 4, 4, 3, 3, 3, 3, 3, 3, 3, 3, 3, 3, 3, 3, 3, 3, 2, 2, 2, 2, 2, 2, 2, 2, 2, 2, 2, 2, 2, 2, 1, 1, 1, 1, 1, 1, 1, 1, 1, 1, 1, 1, 1, 1, 1, 1, 1, 1, 1, 1, 1, 1, 1, 1, 1, 1, 1, 1, 1, 1, 1, 1, 1, 1, 1, 1, 1, 1, 1, 1, 1, 1, 1, 1, 1, 1, 1, 1, 1, 1, 1, 1, 1, 1, 1, 1, 1, 1, 1, 1, 1, 1, 1, 1, 1, 1, 1, 1, 1, 1, 1, 1, 1, 1]",0.0923277369997777,0.09221151277769321,0.09155479699984426,0.09264474999963568,0.00034225519393833373,"[0.092279, 0.092381, 0.092513, 0.092332, 0.092645, 0.092017, 0.091854, 0.091555, 0.092328]",0.017538968999815552,0.017350318777718914,0.016692416000296362,0.018500692000088748,0.0006349310842896547,"[0.01672, 0.016796, 0.016692, 0.017889, 0.018501, 0.016799, 0.017589, 0.017539, 0.017628]",5.264148479921976,4.948722836929833,5.550110301468094,40,optimal,nan,3.385162353515625,2.349431037902832,188.42368928451702,188.42368844066178,4.478498697359977e-09,0.000285346885961546,0.00022041328064844104,1.0,1.0,0.45226130653266333,0.6228373702422145,9,2,1e-07,1e-05,1000,200.0,200.0,200.0,0.0,200.0,1.0,19.0,1.8181818181818181,2.032382471976349,1.0
primary,x86_64,none,0.3.0,2.4.4,32,1,one_giant,200,2000,0.3,0,0.99,1,[200],powerlaw,1,0,0,131,102,"[19, 6, 6, 5, 4, 4, 3, 3, 3, 3, 3, 3, 3, 3, 2, 2, 2, 2, 2, 2, 2, 2, 2, 2, 2, 2, 2, 2, 2, 1, 1, 1, 1, 1, 1, 1, 1, 1, 1, 1, 1, 1, 1, 1, 1, 1, 1, 1, 1, 1, 1, 1, 1, 1, 1, 1, 1, 1, 1, 1, 1, 1, 1, 1, 1, 1, 1, 1, 1, 1, 1, 1, 1, 1, 1, 1, 1, 1, 1, 1, 1, 1, 1, 1, 1, 1, 1, 1, 1, 1, 1, 1, 1, 1, 1, 1, 1, 1, 1, 1, 1, 1, 1, 1, 1, 1, 1, 1, 1, 1, 1, 1, 1, 1, 1, 1, 1, 1, 1, 1, 1, 1, 1, 1, 1, 1, 1, 1, 1, 1, 1]",0.09019057700015765,0.09019321511105874,0.08978570399995078,0.09109649499987427,0.000383770994670086,"[0.089964, 0.089786, 0.090325, 0.08991, 0.08999, 0.091096, 0.090218, 0.090259, 0.090191]",0.013756194000052346,0.01380276311116783,0.013668333000168786,0.014092204000007769,0.00012656836803261312,"[0.013855, 0.013774, 0.013756, 0.013743, 0.013668, 0.013715, 0.013743, 0.013878, 0.014092]",6.556361228971796,6.371303168752119,6.664784578978969,39,optimal,nan,3.385162353515625,2.3510541915893555,189.3142493766009,189.31424858274198,4.1933395568816114e-09,0.0002823949034837514,0.0002181330519563844,1.0,1.0,0.34673366834170855,0.5149253731343283,9,2,1e-07,1e-05,1000,200.0,200.0,200.0,0.0,200.0,1.0,19.0,1.5267175572519085,1.787694341220186,1.0
primary,x86_64,none,0.3.0,2.4.4,32,1,one_giant,200,2000,0.35,0,0.99,1,[200],powerlaw,1,0,0,140,118,"[19, 6, 6, 5, 4, 4, 3, 3, 3, 3, 3, 3, 2, 2, 2, 2, 2, 2, 2, 2, 2, 2, 1, 1, 1, 1, 1, 1, 1, 1, 1, 1, 1, 1, 1, 1, 1, 1, 1, 1, 1, 1, 1, 1, 1, 1, 1, 1, 1, 1, 1, 1, 1, 1, 1, 1, 1, 1, 1, 1, 1, 1, 1, 1, 1, 1, 1, 1, 1, 1, 1, 1, 1, 1, 1, 1, 1, 1, 1, 1, 1, 1, 1, 1, 1, 1, 1, 1, 1, 1, 1, 1, 1, 1, 1, 1, 1, 1, 1, 1, 1, 1, 1, 1, 1, 1, 1, 1, 1, 1, 1, 1, 1, 1, 1, 1, 1, 1, 1, 1, 1, 1, 1, 1, 1, 1, 1, 1, 1, 1, 1, 1, 1, 1, 1, 1, 1, 1, 1, 1]",0.08862569999973857,0.08891514000000218,0.08826356999998097,0.08973702399998729,0.0005240035191421545,"[0.089424, 0.089737, 0.089329, 0.088487, 0.088626, 0.088264, 0.088531, 0.088565, 0.089275]",0.012016783000035502,0.012031426111106056,0.011933669999962149,0.01215332399988256,7.532909470741048e-05,"[0.012153, 0.01207, 0.01205, 0.01195, 0.012125, 0.012017, 0.011976, 0.011934, 0.012007]",7.375160223786744,7.2625044803243854,7.519650199835584,38,optimal,nan,3.385162353515625,2.349907875061035,189.92613817268136,189.92613755533324,3.250464243667017e-09,0.00024912088069384275,0.00019243087366965198,1.0,1.0,0.3015075376884422,0.4633204633204633,9,2,1e-07,1e-05,1000,200.0,200.0,200.0,0.0,200.0,1.0,19.0,1.4285714285714286,1.7243750716578754,1.0
primary,x86_64,none,0.3.0,2.4.4,32,1,one_giant,200,2000,0.4,0,0.99,1,[200],powerlaw,1,0,0,159,147,"[19, 5, 4, 4, 4, 3, 3, 3, 2, 2, 2, 2, 1, 1, 1, 1, 1, 1, 1, 1, 1, 1, 1, 1, 1, 1, 1, 1, 1, 1, 1, 1, 1, 1, 1, 1, 1, 1, 1, 1, 1, 1, 1, 1, 1, 1, 1, 1, 1, 1, 1, 1, 1, 1, 1, 1, 1, 1, 1, 1, 1, 1, 1, 1, 1, 1, 1, 1, 1, 1, 1, 1, 1, 1, 1, 1, 1, 1, 1, 1, 1, 1, 1, 1, 1, 1, 1, 1, 1, 1, 1, 1, 1, 1, 1, 1, 1, 1, 1, 1, 1, 1, 1, 1, 1, 1, 1, 1, 1, 1, 1, 1, 1, 1, 1, 1, 1, 1, 1, 1, 1, 1, 1, 1, 1, 1, 1, 1, 1, 1, 1, 1, 1, 1, 1, 1, 1, 1, 1, 1, 1, 1, 1, 1, 1, 1, 1, 1, 1, 1, 1, 1, 1, 1, 1, 1, 1, 1, 1]",0.08718549000013809,0.08714921155564702,0.08621901800006526,0.08776371100020697,0.0005054283590944836,"[0.087764, 0.08718, 0.087261, 0.087003, 0.086219, 0.086543, 0.087622, 0.087565, 0.087185]",0.010165762999804429,0.010211936444445908,0.00998529199978293,0.010609818000375526,0.0002221783567597182,"[0.010029, 0.010166, 0.009995, 0.010223, 0.009985, 0.010081, 0.01061, 0.010471, 0.010347]",8.576384281417479,8.126342789010481,8.789298400298645,37,optimal,nan,3.385162353515625,2.3494911193847656,190.33066442077083,190.33066404768465,1.96020006419649e-09,0.0001952559812034571,0.00015082348353177909,1.0,1.0,0.20603015075376885,0.34166666666666673,9,2,1e-07,1e-05,1000,200.0,200.0,200.0,0.0,200.0,1.0,19.0,1.2578616352201257,1.530461501811837,1.0
primary,x86_64,none,0.3.0,2.4.4,32,1,one_giant,400,800,0.05,0,0.995,1,[400],powerlaw,1,0,0,1,0,[400],0.32407318700006726,0.3240741106666165,0.3218814089996158,0.32652498600009494,0.001685182433595826,"[0.324203, 0.322418, 0.321881, 0.32246, 0.326525, 0.324073, 0.323489, 0.326106, 0.325512]",0.35363725199977125,0.35307763199994546,0.34785860500005583,0.3556449960001373,0.002395583020277706,"[0.347859, 0.354229, 0.354276, 0.352269, 0.353637, 0.355267, 0.351206, 0.355645, 0.353311]",0.916400026206167,0.9050637928826405,0.9386715789308778,29,optimal,nan,13.45904541015625,23.229458808898926,154.6254339969589,154.6254339969589,0.0,0.0,0.0,1.0,0.2313195548489666,0.7293233082706767,0.3512371756185878,9,2,1e-07,1e-05,1000,400.0,400.0,400.0,0.0,400.0,400.0,400.0,400.0,0.0,400.0
primary,x86_64,none,0.3.0,2.4.4,32,1,one_giant,400,800,0.1,0,0.995,1,[400],powerlaw,1,0,0,186,136,"[143, 7, 5, 5, 4, 4, 3, 3, 3, 3, 3, 3, 3, 3, 2, 2, 2, 2, 2, 2, 2, 2, 2, 2, 2, 2, 2, 2, 2, 2, 2, 2, 2, 2, 2, 2, 2, 2, 2, 2, 2, 2, 2, 2, 2, 2, 2, 2, 2, 2, 1, 1, 1, 1, 1, 1, 1, 1, 1, 1, 1, 1, 1, 1, 1, 1, 1, 1, 1, 1, 1, 1, 1, 1, 1, 1, 1, 1, 1, 1, 1, 1, 1, 1, 1, 1, 1, 1, 1, 1, 1, 1, 1, 1, 1, 1, 1, 1, 1, 1, 1, 1, 1, 1, 1, 1, 1, 1, 1, 1, 1, 1, 1, 1, 1, 1, 1, 1, 1, 1, 1, 1, 1, 1, 1, 1, 1, 1, 1, 1, 1, 1, 1, 1, 1, 1, 1, 1, 1, 1, 1, 1, 1, 1, 1, 1, 1, 1, 1, 1, 1, 1, 1, 1, 1, 1, 1, 1, 1, 1, 1, 1, 1, 1, 1, 1, 1, 1, 1, 1, 1, 1, 1, 1, 1, 1, 1, 1, 1, 1, 1, 1, 1, 1, 1, 1]",0.3083033150001029,0.3089898445555769,0.3058360810000522,0.31380769199995484,0.0023973497221936404,"[0.309543, 0.307705, 0.313808, 0.311621, 0.307403, 0.308098, 0.308592, 0.308303, 0.305836]",0.05490248500018424,0.05491831511108103,0.05449523599963868,0.05528598599994439,0.00026987511608475513,"[0.055186, 0.054771, 0.054902, 0.055027, 0.055286, 0.055127, 0.054897, 0.054574, 0.054495]",5.615471048333573,5.531891590038023,5.75844266464018,26,optimal,nan,13.45904541015625,9.250105857849121,158.79636273113184,158.79628049542904,5.178689321156599e-07,0.0034258455645459485,0.0016204901965507627,1.0,0.8433179723502304,0.45864661654135336,0.5941558441558441,9,2,1e-07,1e-05,1000,400.0,400.0,400.0,0.0,400.0,1.0,143.0,2.150537634408602,10.388109659201444,1.0
primary,x86_64,none,0.3.0,2.4.4,32,1,one_giant,400,800,0.15,0,0.995,1,[400],powerlaw,1,0,0,326,312,"[32, 28, 5, 3, 2, 2, 2, 2, 2, 2, 2, 2, 2, 2, 1, 1, 1, 1, 1, 1, 1, 1, 1, 1, 1, 1, 1, 1, 1, 1, 1, 1, 1, 1, 1, 1, 1, 1, 1, 1, 1, 1, 1, 1, 1, 1, 1, 1, 1, 1, 1, 1, 1, 1, 1, 1, 1, 1, 1, 1, 1, 1, 1, 1, 1, 1, 1, 1, 1, 1, 1, 1, 1, 1, 1, 1, 1, 1, 1, 1, 1, 1, 1, 1, 1, 1, 1, 1, 1, 1, 1, 1, 1, 1, 1, 1, 1, 1, 1, 1, 1, 1, 1, 1, 1, 1, 1, 1, 1, 1, 1, 1, 1, 1, 1, 1, 1, 1, 1, 1, 1, 1, 1, 1, 1, 1, 1, 1, 1, 1, 1, 1, 1, 1, 1, 1, 1, 1, 1, 1, 1, 1, 1, 1, 1, 1, 1, 1, 1, 1, 1, 1, 1, 1, 1, 1, 1, 1, 1, 1, 1, 1, 1, 1, 1, 1, 1, 1, 1, 1, 1, 1, 1, 1, 1, 1, 1, 1, 1, 1, 1, 1, 1, 1, 1, 1, 1, 1, 1, 1, 1, 1, 1, 1, 1, 1, 1, 1, 1, 1]",0.29761750899979234,0.2973651398888756,0.2954245450000599,0.29939016600019386,0.0011251970908513487,"[0.297203, 0.297927, 0.297929, 0.295425, 0.29939, 0.297618, 0.29676, 0.296335, 0.297699]",0.0158957300000111,0.015964594555650063,0.015785309999955643,0.01627804500003549,0.00017196878085849512,"[0.016278, 0.016207, 0.015872, 0.015836, 0.016025, 0.015931, 0.015896, 0.015785, 0.015851]",18.723110483103607,18.14865022178129,18.966378614106098,25,optimal,nan,13.45904541015625,8.867520332336426,160.57623464453354,160.57613490703025,6.21122443876837e-07,0.004672101806458606,0.002210896847811209,1.0,0.9864864864864865,0.18295739348370926,0.3086680761099366,9,2,1e-07,1e-05,1000,400.0,400.0,400.0,0.0,400.0,1.0,32.0,1.2269938650306749,2.28572688763779,1.0
primary,x86_64,none,0.3.0,2.4.4,32,1,one_giant,400,800,0.2,0,0.995,1,[400],powerlaw,1,0,0,343,341,"[31, 28, 1, 1, 1, 1, 1, 1, 1, 1, 1, 1, 1, 1, 1, 1, 1, 1, 1, 1, 1, 1, 1, 1, 1, 1, 1, 1, 1, 1, 1, 1, 1, 1, 1, 1, 1, 1, 1, 1, 1, 1, 1, 1, 1, 1, 1, 1, 1, 1, 1, 1, 1, 1, 1, 1, 1, 1, 1, 1, 1, 1, 1, 1, 1, 1, 1, 1, 1, 1, 1, 1, 1, 1, 1, 1, 1, 1, 1, 1, 1, 1, 1, 1, 1, 1, 1, 1, 1, 1, 1, 1, 1, 1, 1, 1, 1, 1, 1, 1, 1, 1, 1, 1, 1, 1, 1, 1, 1, 1, 1, 1, 1, 1, 1, 1, 1, 1, 1, 1, 1, 1, 1, 1, 1, 1, 1, 1, 1, 1, 1, 1, 1, 1, 1, 1, 1, 1, 1, 1, 1, 1, 1, 1, 1, 1, 1, 1, 1, 1, 1, 1, 1, 1, 1, 1, 1, 1, 1, 1, 1, 1, 1, 1, 1, 1, 1, 1, 1, 1, 1, 1, 1, 1, 1, 1, 1, 1, 1, 1, 1, 1, 1, 1, 1, 1, 1, 1, 1, 1, 1, 1, 1, 1, 1, 1, 1, 1, 1, 1]",0.30194170099957773,0.3019238911109723,0.2974928439998621,0.30562949100021797,0.003196323572156733,"[0.305526, 0.304129, 0.305629, 0.304658, 0.298528, 0.298791, 0.301942, 0.297493, 0.300619]",0.013218343000062305,0.013269396555642743,0.013053306000074372,0.013553165000303125,0.00017314328786586236,"[0.013363, 0.013553, 0.0135, 0.013174, 0.013092, 0.013053, 0.013183, 0.013287, 0.013218]",22.842628686375782,21.950064357160006,23.41395283298167,25,optimal,nan,13.45904541015625,8.863536834716797,161.81910520512383,161.81901127992046,5.804333379181998e-07,0.004674619576691796,0.0022120909236627785,1.0,1.0,0.14285714285714285,0.25,9,2,1e-07,1e-05,1000,400.0,400.0,400.0,0.0,400.0,1.0,31.0,1.1661807580174928,2.1729369739343496,1.0
primary,x86_64,none,0.3.0,2.4.4,32,1,one_giant,400,800,0.25,0,0.995,1,[400],powerlaw,1,0,0,343,341,"[31, 28, 1, 1, 1, 1, 1, 1, 1, 1, 1, 1, 1, 1, 1, 1, 1, 1, 1, 1, 1, 1, 1, 1, 1, 1, 1, 1, 1, 1, 1, 1, 1, 1, 1, 1, 1, 1, 1, 1, 1, 1, 1, 1, 1, 1, 1, 1, 1, 1, 1, 1, 1, 1, 1, 1, 1, 1, 1, 1, 1, 1, 1, 1, 1, 1, 1, 1, 1, 1, 1, 1, 1, 1, 1, 1, 1, 1, 1, 1, 1, 1, 1, 1, 1, 1, 1, 1, 1, 1, 1, 1, 1, 1, 1, 1, 1, 1, 1, 1, 1, 1, 1, 1, 1, 1, 1, 1, 1, 1, 1, 1, 1, 1, 1, 1, 1, 1, 1, 1, 1, 1, 1, 1, 1, 1, 1, 1, 1, 1, 1, 1, 1, 1, 1, 1, 1, 1, 1, 1, 1, 1, 1, 1, 1, 1, 1, 1, 1, 1, 1, 1, 1, 1, 1, 1, 1, 1, 1, 1, 1, 1, 1, 1, 1, 1, 1, 1, 1, 1, 1, 1, 1, 1, 1, 1, 1, 1, 1, 1, 1, 1, 1, 1, 1, 1, 1, 1, 1, 1, 1, 1, 1, 1, 1, 1, 1, 1, 1, 1]",0.3412583439999253,0.35957882966663923,0.30529229600006147,0.5284321129997807,0.07113410545824113,"[0.528432, 0.39496, 0.341258, 0.373402, 0.36092, 0.316435, 0.309837, 0.305292, 0.305671]",0.013471239999944373,0.01348575111099611,0.013403562999883434,0.013585221999619534,6.563523218935854e-05,"[0.013513, 0.013413, 0.013542, 0.013585, 0.013404, 0.013445, 0.013443, 0.013556, 0.013471]",25.332363167854957,22.472381828475932,39.42474944940955,25,optimal,nan,13.45904541015625,8.86373233795166,162.88163163311177,162.88154025450703,5.610123365053263e-07,0.004676583888756802,0.0022130225188280923,1.0,1.0,0.14285714285714285,0.25,9,2,1e-07,1e-05,1000,400.0,400.0,400.0,0.0,400.0,1.0,31.0,1.1661807580174928,2.1729369739343496,1.0
primary,x86_64,none,0.3.0,2.4.4,32,1,one_giant,400,800,0.3,0,0.995,1,[400],powerlaw,1,0,0,343,341,"[31, 28, 1, 1, 1, 1, 1, 1, 1, 1, 1, 1, 1, 1, 1, 1, 1, 1, 1, 1, 1, 1, 1, 1, 1, 1, 1, 1, 1, 1, 1, 1, 1, 1, 1, 1, 1, 1, 1, 1, 1, 1, 1, 1, 1, 1, 1, 1, 1, 1, 1, 1, 1, 1, 1, 1, 1, 1, 1, 1, 1, 1, 1, 1, 1, 1, 1, 1, 1, 1, 1, 1, 1, 1, 1, 1, 1, 1, 1, 1, 1, 1, 1, 1, 1, 1, 1, 1, 1, 1, 1, 1, 1, 1, 1, 1, 1, 1, 1, 1, 1, 1, 1, 1, 1, 1, 1, 1, 1, 1, 1, 1, 1, 1, 1, 1, 1, 1, 1, 1, 1, 1, 1, 1, 1, 1, 1, 1, 1, 1, 1, 1, 1, 1, 1, 1, 1, 1, 1, 1, 1, 1, 1, 1, 1, 1, 1, 1, 1, 1, 1, 1, 1, 1, 1, 1, 1, 1, 1, 1, 1, 1, 1, 1, 1, 1, 1, 1, 1, 1, 1, 1, 1, 1, 1, 1, 1, 1, 1, 1, 1, 1, 1, 1, 1, 1, 1, 1, 1, 1, 1, 1, 1, 1, 1, 1, 1, 1, 1, 1]",0.4101117449999947,0.4129240914444886,0.30157482399999935,0.488420896000207,0.06610997225994089,"[0.301575, 0.327167, 0.403793, 0.410112, 0.456363, 0.387555, 0.481193, 0.460138, 0.488421]",0.02161501099999441,0.021580051555702084,0.019211892999919655,0.023348487000021123,0.001427638669200073,"[0.020468, 0.022412, 0.022237, 0.023291, 0.023348, 0.021566, 0.021615, 0.02007, 0.019212]",18.973469178438112,12.916246949951255,25.422840737362506,25,optimal,nan,13.45904541015625,8.864446640014648,163.78332909208672,163.78323900265815,5.50052493542583e-07,0.004678198474185713,0.00221378825384227,1.0,1.0,0.14285714285714285,0.25,9,2,1e-07,1e-05,1000,400.0,400.0,400.0,0.0,400.0,1.0,31.0,1.1661807580174928,2.1729369739343496,1.0
primary,x86_64,none,0.3.0,2.4.4,32,1,one_giant,400,800,0.35,0,0.995,1,[400],powerlaw,1,0,0,343,341,"[31, 28, 1, 1, 1, 1, 1, 1, 1, 1, 1, 1, 1, 1, 1, 1, 1, 1, 1, 1, 1, 1, 1, 1, 1, 1, 1, 1, 1, 1, 1, 1, 1, 1, 1, 1, 1, 1, 1, 1, 1, 1, 1, 1, 1, 1, 1, 1, 1, 1, 1, 1, 1, 1, 1, 1, 1, 1, 1, 1, 1, 1, 1, 1, 1, 1, 1, 1, 1, 1, 1, 1, 1, 1, 1, 1, 1, 1, 1, 1, 1, 1, 1, 1, 1, 1, 1, 1, 1, 1, 1, 1, 1, 1, 1, 1, 1, 1, 1, 1, 1, 1, 1, 1, 1, 1, 1, 1, 1, 1, 1, 1, 1, 1, 1, 1, 1, 1, 1, 1, 1, 1, 1, 1, 1, 1, 1, 1, 1, 1, 1, 1, 1, 1, 1, 1, 1, 1, 1, 1, 1, 1, 1, 1, 1, 1, 1, 1, 1, 1, 1, 1, 1, 1, 1, 1, 1, 1, 1, 1, 1, 1, 1, 1, 1, 1, 1, 1, 1, 1, 1, 1, 1, 1, 1, 1, 1, 1, 1, 1, 1, 1, 1, 1, 1, 1, 1, 1, 1, 1, 1, 1, 1, 1, 1, 1, 1, 1, 1, 1]",0.35464528900001824,0.3675117908888347,0.3400342299996737,0.4210540129997753,0.031010097142466986,"[0.42051, 0.36625, 0.354645, 0.350232, 0.351741, 0.421054, 0.340034, 0.347118, 0.356021]",0.015812618999916594,0.016155751999879914,0.015317509999931644,0.017749124999681953,0.0007722622434408865,"[0.016707, 0.017749, 0.016404, 0.015726, 0.015623, 0.015813, 0.015509, 0.015318, 0.016555]",22.427991783137813,19.1578024272051,27.488411171375393,25,optimal,nan,13.45904541015625,8.864112854003906,164.53092409603133,164.53083462504918,5.437943209654672e-07,0.004679388221390912,0.002214352505374405,1.0,1.0,0.14285714285714285,0.25,9,2,1e-07,1e-05,1000,400.0,400.0,400.0,0.0,400.0,1.0,31.0,1.1661807580174928,2.1729369739343496,1.0
primary,x86_64,none,0.3.0,2.4.4,32,1,one_giant,400,800,0.4,0,0.995,1,[400],powerlaw,1,0,0,347,345,"[31, 24, 1, 1, 1, 1, 1, 1, 1, 1, 1, 1, 1, 1, 1, 1, 1, 1, 1, 1, 1, 1, 1, 1, 1, 1, 1, 1, 1, 1, 1, 1, 1, 1, 1, 1, 1, 1, 1, 1, 1, 1, 1, 1, 1, 1, 1, 1, 1, 1, 1, 1, 1, 1, 1, 1, 1, 1, 1, 1, 1, 1, 1, 1, 1, 1, 1, 1, 1, 1, 1, 1, 1, 1, 1, 1, 1, 1, 1, 1, 1, 1, 1, 1, 1, 1, 1, 1, 1, 1, 1, 1, 1, 1, 1, 1, 1, 1, 1, 1, 1, 1, 1, 1, 1, 1, 1, 1, 1, 1, 1, 1, 1, 1, 1, 1, 1, 1, 1, 1, 1, 1, 1, 1, 1, 1, 1, 1, 1, 1, 1, 1, 1, 1, 1, 1, 1, 1, 1, 1, 1, 1, 1, 1, 1, 1, 1, 1, 1, 1, 1, 1, 1, 1, 1, 1, 1, 1, 1, 1, 1, 1, 1, 1, 1, 1, 1, 1, 1, 1, 1, 1, 1, 1, 1, 1, 1, 1, 1, 1, 1, 1, 1, 1, 1, 1, 1, 1, 1, 1, 1, 1, 1, 1, 1, 1, 1, 1, 1, 1]",0.3664269860000786,0.39882621866657547,0.2963862739998149,0.6457017210000231,0.12039062966187364,"[0.645702, 0.55556, 0.366427, 0.374479, 0.373518, 0.358508, 0.314517, 0.296386, 0.30434]",0.012353979999716103,0.012373636222138076,0.012237622999691666,0.012510703999851103,9.912979555336776e-05,"[0.012502, 0.012511, 0.012393, 0.012354, 0.012278, 0.012336, 0.012457, 0.012293, 0.012238]",29.660642643787604,23.690615172682715,52.76365524712536,25,optimal,nan,13.45904541015625,8.860323905944824,165.13010961359134,165.13002043304465,5.400622993808841e-07,0.004680324207067876,0.002214796407979291,1.0,1.0,0.13283208020050125,0.2345132743362832,9,2,1e-07,1e-05,1000,400.0,400.0,400.0,0.0,400.0,1.0,31.0,1.1527377521613833,2.023567838907613,1.0
primary,x86_64,none,0.3.0,2.4.4,32,1,one_giant,400,2000,0.05,0,0.995,1,[400],powerlaw,1,0,0,51,18,"[288, 9, 7, 4, 4, 4, 4, 3, 3, 3, 3, 3, 3, 3, 3, 3, 3, 2, 2, 2, 2, 2, 2, 2, 2, 2, 2, 2, 2, 2, 2, 2, 2, 1, 1, 1, 1, 1, 1, 1, 1, 1, 1, 1, 1, 1, 1, 1, 1, 1, 1]",0.3404557290000412,0.34289222422229515,0.33388633300000947,0.3643480040000213,0.009476271263391994,"[0.364348, 0.35032, 0.342569, 0.335256, 0.343957, 0.33704, 0.338197, 0.340456, 0.333886]",0.17465594399982365,0.1754238708888604,0.1693427239997618,0.1843752790000508,0.004596995437895926,"[0.175432, 0.175367, 0.180382, 0.174224, 0.174572, 0.184375, 0.174656, 0.170464, 0.169343]",1.9492936867947932,1.810906184445245,2.151542123537199,28,optimal,nan,13.45904541015625,13.831141471862793,155.358100974655,155.3580284633954,4.6673626372767103e-07,0.0031901436567411956,0.0015240452767051266,0.9999625,0.7480916030534351,0.7368421052631579,0.7424242424242424,9,2,1e-07,1e-05,1000,400.0,400.0,400.0,0.0,400.0,1.0,288.0,7.8431372549019605,39.648639444065104,2.0
primary,x86_64,none,0.3.0,2.4.4,32,1,one_giant,400,2000,0.1,0,0.995,1,[400],powerlaw,1,0,0,207,142,"[74, 10, 9, 8, 7, 7, 6, 5, 4, 4, 3, 3, 3, 3, 3, 3, 3, 3, 3, 3, 3, 3, 3, 3, 2, 2, 2, 2, 2, 2, 2, 2, 2, 2, 2, 2, 2, 2, 2, 2, 2, 2, 2, 2, 2, 2, 2, 2, 2, 2, 2, 2, 2, 2, 2, 2, 2, 2, 2, 2, 2, 2, 2, 2, 2, 1, 1, 1, 1, 1, 1, 1, 1, 1, 1, 1, 1, 1, 1, 1, 1, 1, 1, 1, 1, 1, 1, 1, 1, 1, 1, 1, 1, 1, 1, 1, 1, 1, 1, 1, 1, 1, 1, 1, 1, 1, 1, 1, 1, 1, 1, 1, 1, 1, 1, 1, 1, 1, 1, 1, 1, 1, 1, 1, 1, 1, 1, 1, 1, 1, 1, 1, 1, 1, 1, 1, 1, 1, 1, 1, 1, 1, 1, 1, 1, 1, 1, 1, 1, 1, 1, 1, 1, 1, 1, 1, 1, 1, 1, 1, 1, 1, 1, 1, 1, 1, 1, 1, 1, 1, 1, 1, 1, 1, 1, 1, 1, 1, 1, 1, 1, 1, 1, 1, 1, 1, 1, 1, 1, 1, 1, 1, 1, 1, 1, 1, 1, 1, 1, 1]",0.30667670899993027,0.3099828446665924,0.3056924269999399,0.325729501999831,0.0065737556032651944,"[0.30929, 0.305852, 0.306677, 0.305692, 0.32573, 0.306373, 0.306234, 0.309202, 0.314797]",0.04066186799991556,0.04105117433325884,0.04029973800015796,0.04371919599998364,0.00109253305533013,"[0.043719, 0.041134, 0.040662, 0.040687, 0.040432, 0.040312, 0.0403, 0.040543, 0.041672]",7.542120519415565,6.992178607311405,8.082670462983016,25,optimal,nan,13.45904541015625,8.932391166687012,159.18263964500775,159.18253686172082,6.456940729418966e-07,0.004177789396663911,0.0020003037525635186,1.0,0.9792746113989638,0.47368421052631576,0.6385135135135135,9,2,1e-07,1e-05,1000,400.0,400.0,400.0,0.0,400.0,1.0,74.0,1.932367149758454,5.187803021868071,1.0
primary,x86_64,none,0.3.0,2.4.4,32,1,one_giant,400,2000,0.15,0,0.995,1,[400],powerlaw,1,0,0,336,328,"[31, 28, 3, 2, 2, 2, 2, 2, 1, 1, 1, 1, 1, 1, 1, 1, 1, 1, 1, 1, 1, 1, 1, 1, 1, 1, 1, 1, 1, 1, 1, 1, 1, 1, 1, 1, 1, 1, 1, 1, 1, 1, 1, 1, 1, 1, 1, 1, 1, 1, 1, 1, 1, 1, 1, 1, 1, 1, 1, 1, 1, 1, 1, 1, 1, 1, 1, 1, 1, 1, 1, 1, 1, 1, 1, 1, 1, 1, 1, 1, 1, 1, 1, 1, 1, 1, 1, 1, 1, 1, 1, 1, 1, 1, 1, 1, 1, 1, 1, 1, 1, 1, 1, 1, 1, 1, 1, 1, 1, 1, 1, 1, 1, 1, 1, 1, 1, 1, 1, 1, 1, 1, 1, 1, 1, 1, 1, 1, 1, 1, 1, 1, 1, 1, 1, 1, 1, 1, 1, 1, 1, 1, 1, 1, 1, 1, 1, 1, 1, 1, 1, 1, 1, 1, 1, 1, 1, 1, 1, 1, 1, 1, 1, 1, 1, 1, 1, 1, 1, 1, 1, 1, 1, 1, 1, 1, 1, 1, 1, 1, 1, 1, 1, 1, 1, 1, 1, 1, 1, 1, 1, 1, 1, 1, 1, 1, 1, 1, 1, 1]",0.29717346699999325,0.29967170233324697,0.29393329199956497,0.3199152369998046,0.00801452731021056,"[0.319915, 0.30152, 0.295193, 0.299749, 0.299179, 0.293933, 0.294478, 0.297173, 0.295904]",0.014463832999808801,0.01448560033329866,0.014246554999772343,0.014843772999938665,0.0001832946329354292,"[0.014518, 0.014437, 0.014464, 0.014844, 0.014551, 0.014276, 0.014247, 0.014396, 0.014638]",20.545969177321226,19.80179109454042,22.45562081534215,25,optimal,nan,13.45904541015625,8.865105628967285,160.8777504002435,160.87767087350898,4.943302249086433e-07,0.0041791679486320454,0.0020009651167729858,1.0,1.0,0.16040100250626566,0.2764578833693304,9,2,1e-07,1e-05,1000,400.0,400.0,400.0,0.0,400.0,1.0,31.0,1.1904761904761905,2.1997088036514465,1.0
primary,x86_64,none,0.3.0,2.4.4,32,1,one_giant,400,2000,0.2,0,0.995,1,[400],powerlaw,1,0,0,343,341,"[31, 28, 1, 1, 1, 1, 1, 1, 1, 1, 1, 1, 1, 1, 1, 1, 1, 1, 1, 1, 1, 1, 1, 1, 1, 1, 1, 1, 1, 1, 1, 1, 1, 1, 1, 1, 1, 1, 1, 1, 1, 1, 1, 1, 1, 1, 1, 1, 1, 1, 1, 1, 1, 1, 1, 1, 1, 1, 1, 1, 1, 1, 1, 1, 1, 1, 1, 1, 1, 1, 1, 1, 1, 1, 1, 1, 1, 1, 1, 1, 1, 1, 1, 1, 1, 1, 1, 1, 1, 1, 1, 1, 1, 1, 1, 1, 1, 1, 1, 1, 1, 1, 1, 1, 1, 1, 1, 1, 1, 1, 1, 1, 1, 1, 1, 1, 1, 1, 1, 1, 1, 1, 1, 1, 1, 1, 1, 1, 1, 1, 1, 1, 1, 1, 1, 1, 1, 1, 1, 1, 1, 1, 1, 1, 1, 1, 1, 1, 1, 1, 1, 1, 1, 1, 1, 1, 1, 1, 1, 1, 1, 1, 1, 1, 1, 1, 1, 1, 1, 1, 1, 1, 1, 1, 1, 1, 1, 1, 1, 1, 1, 1, 1, 1, 1, 1, 1, 1, 1, 1, 1, 1, 1, 1, 1, 1, 1, 1, 1, 1]",0.29590066900027523,0.29894691544435165,0.2944367139998576,0.3049432360003266,0.004593564327777229,"[0.303362, 0.304943, 0.295556, 0.295901, 0.294437, 0.294985, 0.295002, 0.301533, 0.304803]",0.01362321599981442,0.013737989555516429,0.013356071000089287,0.014812902999892685,0.00045351979896479866,"[0.013975, 0.014813, 0.013623, 0.013415, 0.013725, 0.013814, 0.013532, 0.013356, 0.013388]",21.720324261489072,19.877043277876773,22.831807048516588,25,optimal,nan,13.45904541015625,8.863677978515625,162.11268626272206,162.1126101703938,4.6937923259071353e-07,0.004180326549646285,0.002001520959564853,1.0,1.0,0.14285714285714285,0.25,9,2,1e-07,1e-05,1000,400.0,400.0,400.0,0.0,400.0,1.0,31.0,1.1661807580174928,2.1729369739343496,1.0
primary,x86_64,none,0.3.0,2.4.4,32,1,one_giant,400,2000,0.25,0,0.995,1,[400],powerlaw,1,0,0,343,341,"[31, 28, 1, 1, 1, 1, 1, 1, 1, 1, 1, 1, 1, 1, 1, 1, 1, 1, 1, 1, 1, 1, 1, 1, 1, 1, 1, 1, 1, 1, 1, 1, 1, 1, 1, 1, 1, 1, 1, 1, 1, 1, 1, 1, 1, 1, 1, 1, 1, 1, 1, 1, 1, 1, 1, 1, 1, 1, 1, 1, 1, 1, 1, 1, 1, 1, 1, 1, 1, 1, 1, 1, 1, 1, 1, 1, 1, 1, 1, 1, 1, 1, 1, 1, 1, 1, 1, 1, 1, 1, 1, 1, 1, 1, 1, 1, 1, 1, 1, 1, 1, 1, 1, 1, 1, 1, 1, 1, 1, 1, 1, 1, 1, 1, 1, 1, 1, 1, 1, 1, 1, 1, 1, 1, 1, 1, 1, 1, 1, 1, 1, 1, 1, 1, 1, 1, 1, 1, 1, 1, 1, 1, 1, 1, 1, 1, 1, 1, 1, 1, 1, 1, 1, 1, 1, 1, 1, 1, 1, 1, 1, 1, 1, 1, 1, 1, 1, 1, 1, 1, 1, 1, 1, 1, 1, 1, 1, 1, 1, 1, 1, 1, 1, 1, 1, 1, 1, 1, 1, 1, 1, 1, 1, 1, 1, 1, 1, 1, 1, 1]",0.30140742200001114,0.3026456567778142,0.29703811500030497,0.30861677999973836,0.004196201625044975,"[0.297468, 0.303685, 0.300788, 0.297038, 0.308617, 0.305994, 0.307833, 0.301407, 0.300981]",0.013668334000158211,0.013606329777808747,0.013369132000207173,0.013826246000007814,0.00017662287686739313,"[0.013762, 0.013826, 0.01376, 0.013465, 0.013382, 0.013369, 0.013668, 0.013504, 0.013719]",22.05151132511997,21.48364169132656,23.084279517545035,25,optimal,nan,13.45904541015625,8.86474323272705,163.18153239612536,163.18145788330858,4.5662530365166765e-07,0.004181239860710395,0.002001959124100432,1.0,1.0,0.14285714285714285,0.25,9,2,1e-07,1e-05,1000,400.0,400.0,400.0,0.0,400.0,1.0,31.0,1.1661807580174928,2.1729369739343496,1.0
primary,x86_64,none,0.3.0,2.4.4,32,1,one_giant,400,2000,0.3,0,0.995,1,[400],powerlaw,1,0,0,343,341,"[31, 28, 1, 1, 1, 1, 1, 1, 1, 1, 1, 1, 1, 1, 1, 1, 1, 1, 1, 1, 1, 1, 1, 1, 1, 1, 1, 1, 1, 1, 1, 1, 1, 1, 1, 1, 1, 1, 1, 1, 1, 1, 1, 1, 1, 1, 1, 1, 1, 1, 1, 1, 1, 1, 1, 1, 1, 1, 1, 1, 1, 1, 1, 1, 1, 1, 1, 1, 1, 1, 1, 1, 1, 1, 1, 1, 1, 1, 1, 1, 1, 1, 1, 1, 1, 1, 1, 1, 1, 1, 1, 1, 1, 1, 1, 1, 1, 1, 1, 1, 1, 1, 1, 1, 1, 1, 1, 1, 1, 1, 1, 1, 1, 1, 1, 1, 1, 1, 1, 1, 1, 1, 1, 1, 1, 1, 1, 1, 1, 1, 1, 1, 1, 1, 1, 1, 1, 1, 1, 1, 1, 1, 1, 1, 1, 1, 1, 1, 1, 1, 1, 1, 1, 1, 1, 1, 1, 1, 1, 1, 1, 1, 1, 1, 1, 1, 1, 1, 1, 1, 1, 1, 1, 1, 1, 1, 1, 1, 1, 1, 1, 1, 1, 1, 1, 1, 1, 1, 1, 1, 1, 1, 1, 1, 1, 1, 1, 1, 1, 1]",0.29935099900012574,0.3022382778888944,0.2926094419999572,0.3212284080000245,0.008554209646202906,"[0.292609, 0.29714, 0.305253, 0.298903, 0.299351, 0.296327, 0.321228, 0.308589, 0.300743]",0.013720575000206736,0.013693531000020206,0.013041433000125835,0.01498862399967038,0.0005665310157952042,"[0.013757, 0.01375, 0.013721, 0.013195, 0.013041, 0.013376, 0.013475, 0.014989, 0.013938]",21.81767156227893,19.52210169568548,24.631373561243233,25,optimal,nan,13.45904541015625,8.863693237304688,164.09349763658008,164.09342393309956,4.491553997299609e-07,0.004181997176651908,0.0020023224496597794,1.0,1.0,0.14285714285714285,0.25,9,2,1e-07,1e-05,1000,400.0,400.0,400.0,0.0,400.0,1.0,31.0,1.1661807580174928,2.1729369739343496,1.0
primary,x86_64,none,0.3.0,2.4.4,32,1,one_giant,400,2000,0.35,0,0.995,1,[400],powerlaw,1,0,0,343,341,"[31, 28, 1, 1, 1, 1, 1, 1, 1, 1, 1, 1, 1, 1, 1, 1, 1, 1, 1, 1, 1, 1, 1, 1, 1, 1, 1, 1, 1, 1, 1, 1, 1, 1, 1, 1, 1, 1, 1, 1, 1, 1, 1, 1, 1, 1, 1, 1, 1, 1, 1, 1, 1, 1, 1, 1, 1, 1, 1, 1, 1, 1, 1, 1, 1, 1, 1, 1, 1, 1, 1, 1, 1, 1, 1, 1, 1, 1, 1, 1, 1, 1, 1, 1, 1, 1, 1, 1, 1, 1, 1, 1, 1, 1, 1, 1, 1, 1, 1, 1, 1, 1, 1, 1, 1, 1, 1, 1, 1, 1, 1, 1, 1, 1, 1, 1, 1, 1, 1, 1, 1, 1, 1, 1, 1, 1, 1, 1, 1, 1, 1, 1, 1, 1, 1, 1, 1, 1, 1, 1, 1, 1, 1, 1, 1, 1, 1, 1, 1, 1, 1, 1, 1, 1, 1, 1, 1, 1, 1, 1, 1, 1, 1, 1, 1, 1, 1, 1, 1, 1, 1, 1, 1, 1, 1, 1, 1, 1, 1, 1, 1, 1, 1, 1, 1, 1, 1, 1, 1, 1, 1, 1, 1, 1, 1, 1, 1, 1, 1, 1]",0.2908866540001327,0.29074998122223406,0.28590825500032224,0.29532482600006915,0.0032118746070565578,"[0.290887, 0.285908, 0.295325, 0.292222, 0.288983, 0.294597, 0.288402, 0.287768, 0.292658]",0.013497361000190722,0.01361226655565891,0.013232589999461197,0.01429523499973584,0.0003780312525062915,"[0.013497, 0.014295, 0.014166, 0.013369, 0.013233, 0.013436, 0.013597, 0.013265, 0.013653]",21.5513724494753,20.000248684656498,22.31799111225347,24,optimal,nan,13.45904541015625,8.863643646240234,164.8552651416911,164.85514621929212,7.213745879827816e-07,0.00513948065487968,0.002461890090465507,1.0,1.0,0.14285714285714285,0.25,9,2,1e-07,1e-05,1000,400.0,400.0,400.0,0.0,400.0,1.0,31.0,1.1661807580174928,2.1729369739343496,1.0
primary,x86_64,none,0.3.0,2.4.4,32,1,one_giant,400,2000,0.4,0,0.995,1,[400],powerlaw,1,0,0,345,343,"[31, 26, 1, 1, 1, 1, 1, 1, 1, 1, 1, 1, 1, 1, 1, 1, 1, 1, 1, 1, 1, 1, 1, 1, 1, 1, 1, 1, 1, 1, 1, 1, 1, 1, 1, 1, 1, 1, 1, 1, 1, 1, 1, 1, 1, 1, 1, 1, 1, 1, 1, 1, 1, 1, 1, 1, 1, 1, 1, 1, 1, 1, 1, 1, 1, 1, 1, 1, 1, 1, 1, 1, 1, 1, 1, 1, 1, 1, 1, 1, 1, 1, 1, 1, 1, 1, 1, 1, 1, 1, 1, 1, 1, 1, 1, 1, 1, 1, 1, 1, 1, 1, 1, 1, 1, 1, 1, 1, 1, 1, 1, 1, 1, 1, 1, 1, 1, 1, 1, 1, 1, 1, 1, 1, 1, 1, 1, 1, 1, 1, 1, 1, 1, 1, 1, 1, 1, 1, 1, 1, 1, 1, 1, 1, 1, 1, 1, 1, 1, 1, 1, 1, 1, 1, 1, 1, 1, 1, 1, 1, 1, 1, 1, 1, 1, 1, 1, 1, 1, 1, 1, 1, 1, 1, 1, 1, 1, 1, 1, 1, 1, 1, 1, 1, 1, 1, 1, 1, 1, 1, 1, 1, 1, 1, 1, 1, 1, 1, 1, 1]",0.28595987599965156,0.2860515705552744,0.2807553229995392,0.29401166000025114,0.003966721748942558,"[0.280755, 0.286608, 0.287861, 0.294012, 0.280797, 0.285548, 0.285306, 0.287617, 0.28596]",0.013004813999941689,0.013012465999963752,0.012706794000223454,0.0133847600000081,0.00025944091873680945,"[0.013005, 0.012707, 0.013026, 0.01275, 0.012766, 0.013299, 0.013291, 0.013385, 0.012884]",21.988770927514516,20.97574577350429,23.13814641168188,24,optimal,nan,13.45904541015625,8.861883163452148,165.47354863330665,165.47343004495332,7.166604832643118e-07,0.005140032383698312,0.002462155027749498,1.0,1.0,0.13784461152882205,0.24229074889867838,9,2,1e-07,1e-05,1000,400.0,400.0,400.0,0.0,400.0,1.0,31.0,1.1594202898550725,2.096395722723882,1.0
primary,x86_64,none,0.3.0,2.4.4,32,1,one_giant,400,4000,0.05,0,0.995,1,[400],powerlaw,1,0,0,83,23,"[155, 11, 9, 9, 8, 8, 7, 7, 7, 6, 6, 5, 5, 5, 4, 4, 4, 4, 4, 4, 4, 4, 4, 4, 4, 3, 3, 3, 3, 3, 3, 3, 3, 3, 3, 3, 3, 3, 3, 3, 2, 2, 2, 2, 2, 2, 2, 2, 2, 2, 2, 2, 2, 2, 2, 2, 2, 2, 2, 2, 1, 1, 1, 1, 1, 1, 1, 1, 1, 1, 1, 1, 1, 1, 1, 1, 1, 1, 1, 1, 1, 1, 1]",0.32858376700005465,0.3274828523333579,0.3181875089994719,0.33680483999978605,0.006384797541023785,"[0.332545, 0.324516, 0.336805, 0.33199, 0.330645, 0.325748, 0.328584, 0.318188, 0.318325]",0.07428166499994404,0.07322903322225709,0.07020200600072712,0.07534551200023998,0.0021656612889382806,"[0.070202, 0.070248, 0.070753, 0.073967, 0.074692, 0.074453, 0.075119, 0.074282, 0.075346]",4.423484139730877,4.223045282358138,4.797652648220588,27,optimal,nan,13.45904541015625,9.317606925964355,156.3036906076968,156.30355610746798,8.605057775778465e-07,0.0034359835282644635,0.0017180682181066383,1.0,0.9247648902821317,0.7393483709273183,0.8217270194986073,9,2,1e-07,1e-05,1000,400.0,400.0,400.0,0.0,400.0,1.0,155.0,4.819277108433735,16.724662244370467,2.0
primary,x86_64,none,0.3.0,2.4.4,32,1,one_giant,400,4000,0.1,0,0.995,1,[400],powerlaw,1,0,0,208,138,"[31, 28, 11, 10, 9, 8, 8, 7, 6, 5, 4, 4, 3, 3, 3, 3, 3, 3, 3, 3, 3, 3, 3, 3, 3, 3, 3, 2, 2, 2, 2, 2, 2, 2, 2, 2, 2, 2, 2, 2, 2, 2, 2, 2, 2, 2, 2, 2, 2, 2, 2, 2, 2, 2, 2, 2, 2, 2, 2, 2, 2, 2, 2, 2, 2, 2, 2, 2, 2, 2, 1, 1, 1, 1, 1, 1, 1, 1, 1, 1, 1, 1, 1, 1, 1, 1, 1, 1, 1, 1, 1, 1, 1, 1, 1, 1, 1, 1, 1, 1, 1, 1, 1, 1, 1, 1, 1, 1, 1, 1, 1, 1, 1, 1, 1, 1, 1, 1, 1, 1, 1, 1, 1, 1, 1, 1, 1, 1, 1, 1, 1, 1, 1, 1, 1, 1, 1, 1, 1, 1, 1, 1, 1, 1, 1, 1, 1, 1, 1, 1, 1, 1, 1, 1, 1, 1, 1, 1, 1, 1, 1, 1, 1, 1, 1, 1, 1, 1, 1, 1, 1, 1, 1, 1, 1, 1, 1, 1, 1, 1, 1, 1, 1, 1, 1, 1, 1, 1, 1, 1, 1, 1, 1, 1, 1, 1, 1, 1, 1, 1]",0.29975657999966643,0.29822623522219754,0.28733235799973045,0.31069541900069453,0.0073255997046793135,"[0.299757, 0.306466, 0.300084, 0.300099, 0.294365, 0.287332, 0.292329, 0.292909, 0.310695]",0.03138465899974108,0.03128571466661217,0.030401549999623967,0.032386763999966206,0.0006848040903932712,"[0.031616, 0.031744, 0.031385, 0.031318, 0.032387, 0.030402, 0.03047, 0.030529, 0.031721]",9.551054226911926,8.871906992622982,10.219722974800215,25,optimal,nan,13.45904541015625,8.86589527130127,160.07373835402578,160.07365252877528,5.361607180325797e-07,0.0025757552224578983,0.0012885321042477832,1.0,1.0,0.48120300751879697,0.649746192893401,9,2,1e-07,1e-05,1000,400.0,400.0,400.0,0.0,400.0,1.0,31.0,1.9230769230769231,3.0952578732272285,1.0
primary,x86_64,none,0.3.0,2.4.4,32,1,one_giant,400,4000,0.15,0,0.995,1,[400],powerlaw,1,0,0,340,335,"[31, 28, 2, 2, 2, 1, 1, 1, 1, 1, 1, 1, 1, 1, 1, 1, 1, 1, 1, 1, 1, 1, 1, 1, 1, 1, 1, 1, 1, 1, 1, 1, 1, 1, 1, 1, 1, 1, 1, 1, 1, 1, 1, 1, 1, 1, 1, 1, 1, 1, 1, 1, 1, 1, 1, 1, 1, 1, 1, 1, 1, 1, 1, 1, 1, 1, 1, 1, 1, 1, 1, 1, 1, 1, 1, 1, 1, 1, 1, 1, 1, 1, 1, 1, 1, 1, 1, 1, 1, 1, 1, 1, 1, 1, 1, 1, 1, 1, 1, 1, 1, 1, 1, 1, 1, 1, 1, 1, 1, 1, 1, 1, 1, 1, 1, 1, 1, 1, 1, 1, 1, 1, 1, 1, 1, 1, 1, 1, 1, 1, 1, 1, 1, 1, 1, 1, 1, 1, 1, 1, 1, 1, 1, 1, 1, 1, 1, 1, 1, 1, 1, 1, 1, 1, 1, 1, 1, 1, 1, 1, 1, 1, 1, 1, 1, 1, 1, 1, 1, 1, 1, 1, 1, 1, 1, 1, 1, 1, 1, 1, 1, 1, 1, 1, 1, 1, 1, 1, 1, 1, 1, 1, 1, 1, 1, 1, 1, 1, 1, 1]",0.2917135640000197,0.29499692866688243,0.28920235999976285,0.3119147820007129,0.007602406950948861,"[0.290045, 0.290034, 0.295187, 0.311915, 0.302014, 0.29561, 0.289252, 0.291714, 0.289202]",0.014393983999980264,0.014395435000147295,0.013924988999860943,0.01535572000011598,0.00042537434268311524,"[0.013925, 0.014605, 0.014394, 0.014044, 0.014216, 0.015356, 0.014478, 0.014452, 0.014089]",20.26635322093033,18.83352652937007,22.399642973062864,24,optimal,nan,13.45904541015625,8.864115715026855,161.73377923105184,161.73366717430795,6.928468772586778e-07,0.003219536624588626,0.0016111052519208987,1.0,1.0,0.15037593984962405,0.26143790849673204,9,2,1e-07,1e-05,1000,400.0,400.0,400.0,0.0,400.0,1.0,31.0,1.1764705882352942,2.183771538299712,1.0
primary,x86_64,none,0.3.0,2.4.4,32,1,one_giant,400,4000,0.2,0,0.995,1,[400],powerlaw,1,0,0,343,341,"[31, 28, 1, 1, 1, 1, 1, 1, 1, 1, 1, 1, 1, 1, 1, 1, 1, 1, 1, 1, 1, 1, 1, 1, 1, 1, 1, 1, 1, 1, 1, 1, 1, 1, 1, 1, 1, 1, 1, 1, 1, 1, 1, 1, 1, 1, 1, 1, 1, 1, 1, 1, 1, 1, 1, 1, 1, 1, 1, 1, 1, 1, 1, 1, 1, 1, 1, 1, 1, 1, 1, 1, 1, 1, 1, 1, 1, 1, 1, 1, 1, 1, 1, 1, 1, 1, 1, 1, 1, 1, 1, 1, 1, 1, 1, 1, 1, 1, 1, 1, 1, 1, 1, 1, 1, 1, 1, 1, 1, 1, 1, 1, 1, 1, 1, 1, 1, 1, 1, 1, 1, 1, 1, 1, 1, 1, 1, 1, 1, 1, 1, 1, 1, 1, 1, 1, 1, 1, 1, 1, 1, 1, 1, 1, 1, 1, 1, 1, 1, 1, 1, 1, 1, 1, 1, 1, 1, 1, 1, 1, 1, 1, 1, 1, 1, 1, 1, 1, 1, 1, 1, 1, 1, 1, 1, 1, 1, 1, 1, 1, 1, 1, 1, 1, 1, 1, 1, 1, 1, 1, 1, 1, 1, 1, 1, 1, 1, 1, 1, 1]",0.2966694409997217,0.2976016318888368,0.2914380849997542,0.3046720410002308,0.0038555140214190874,"[0.291438, 0.296583, 0.294448, 0.304672, 0.301059, 0.299939, 0.297246, 0.29636, 0.296669]",0.014384482999957982,0.014427622888938963,0.013837124999554362,0.01575584800048091,0.0005509358821395096,"[0.014418, 0.015756, 0.014342, 0.014115, 0.014583, 0.013999, 0.014384, 0.013837, 0.014415]",20.624268595582357,18.497137379775353,22.0184497148102,24,optimal,nan,13.45904541015625,8.863962173461914,162.96155970974803,162.9615592969806,2.532912885650404e-09,0.00025530702167797514,0.00012757029836782134,1.0,1.0,0.14285714285714285,0.25,9,2,1e-07,1e-05,1000,400.0,400.0,400.0,0.0,400.0,1.0,31.0,1.1661807580174928,2.1729369739343496,1.0
primary,x86_64,none,0.3.0,2.4.4,32,1,one_giant,400,4000,0.25,0,0.995,1,[400],powerlaw,1,0,0,343,341,"[31, 28, 1, 1, 1, 1, 1, 1, 1, 1, 1, 1, 1, 1, 1, 1, 1, 1, 1, 1, 1, 1, 1, 1, 1, 1, 1, 1, 1, 1, 1, 1, 1, 1, 1, 1, 1, 1, 1, 1, 1, 1, 1, 1, 1, 1, 1, 1, 1, 1, 1, 1, 1, 1, 1, 1, 1, 1, 1, 1, 1, 1, 1, 1, 1, 1, 1, 1, 1, 1, 1, 1, 1, 1, 1, 1, 1, 1, 1, 1, 1, 1, 1, 1, 1, 1, 1, 1, 1, 1, 1, 1, 1, 1, 1, 1, 1, 1, 1, 1, 1, 1, 1, 1, 1, 1, 1, 1, 1, 1, 1, 1, 1, 1, 1, 1, 1, 1, 1, 1, 1, 1, 1, 1, 1, 1, 1, 1, 1, 1, 1, 1, 1, 1, 1, 1, 1, 1, 1, 1, 1, 1, 1, 1, 1, 1, 1, 1, 1, 1, 1, 1, 1, 1, 1, 1, 1, 1, 1, 1, 1, 1, 1, 1, 1, 1, 1, 1, 1, 1, 1, 1, 1, 1, 1, 1, 1, 1, 1, 1, 1, 1, 1, 1, 1, 1, 1, 1, 1, 1, 1, 1, 1, 1, 1, 1, 1, 1, 1, 1]",0.293064692000371,0.29439898011130733,0.29073990200049593,0.3055185720004374,0.0047401442860985936,"[0.294735, 0.29074, 0.290939, 0.293065, 0.305519, 0.295917, 0.291076, 0.291081, 0.29652]",0.013865619000171137,0.013765356444410928,0.013318260999767517,0.01415414100029011,0.00028232538789615063,"[0.013953, 0.014154, 0.013465, 0.013318, 0.013866, 0.013898, 0.013683, 0.014027, 0.013524]",21.136069871583363,20.54097821934491,22.939824651714705,24,optimal,nan,13.45904541015625,8.863638877868652,164.02407278995392,164.02396821954008,6.375308944624642e-07,0.0032195575948157362,0.0016111157626492784,1.0,1.0,0.14285714285714285,0.25,9,2,1e-07,1e-05,1000,400.0,400.0,400.0,0.0,400.0,1.0,31.0,1.1661807580174928,2.1729369739343496,1.0
primary,x86_64,none,0.3.0,2.4.4,32,1,one_giant,400,4000,0.3,0,0.995,1,[400],powerlaw,1,0,0,343,341,"[31, 28, 1, 1, 1, 1, 1, 1, 1, 1, 1, 1, 1, 1, 1, 1, 1, 1, 1, 1, 1, 1, 1, 1, 1, 1, 1, 1, 1, 1, 1, 1, 1, 1, 1, 1, 1, 1, 1, 1, 1, 1, 1, 1, 1, 1, 1, 1, 1, 1, 1, 1, 1, 1, 1, 1, 1, 1, 1, 1, 1, 1, 1, 1, 1, 1, 1, 1, 1, 1, 1, 1, 1, 1, 1, 1, 1, 1, 1, 1, 1, 1, 1, 1, 1, 1, 1, 1, 1, 1, 1, 1, 1, 1, 1, 1, 1, 1, 1, 1, 1, 1, 1, 1, 1, 1, 1, 1, 1, 1, 1, 1, 1, 1, 1, 1, 1, 1, 1, 1, 1, 1, 1, 1, 1, 1, 1, 1, 1, 1, 1, 1, 1, 1, 1, 1, 1, 1, 1, 1, 1, 1, 1, 1, 1, 1, 1, 1, 1, 1, 1, 1, 1, 1, 1, 1, 1, 1, 1, 1, 1, 1, 1, 1, 1, 1, 1, 1, 1, 1, 1, 1, 1, 1, 1, 1, 1, 1, 1, 1, 1, 1, 1, 1, 1, 1, 1, 1, 1, 1, 1, 1, 1, 1, 1, 1, 1, 1, 1, 1]",0.2973307290003504,0.295049605555606,0.2825116780004464,0.30200167699968006,0.006313937646324818,"[0.301444, 0.292669, 0.297331, 0.302002, 0.297702, 0.299568, 0.289855, 0.292364, 0.282512]",0.013184091000766784,0.01320572711099683,0.012940688999151462,0.01349398399997881,0.0001504359639994652,"[0.012941, 0.013494, 0.013157, 0.013327, 0.013188, 0.013184, 0.013261, 0.013132, 0.013169]",22.55223579563109,20.936120718750672,23.337372300615733,24,optimal,nan,13.45904541015625,8.863823890686035,164.92949115327883,164.92938782757133,6.264841222565411e-07,0.003219562072600546,0.00161111800701126,1.0,1.0,0.14285714285714285,0.25,9,2,1e-07,1e-05,1000,400.0,400.0,400.0,0.0,400.0,1.0,31.0,1.1661807580174928,2.1729369739343496,1.0
primary,x86_64,none,0.3.0,2.4.4,32,1,one_giant,400,4000,0.35,0,0.995,1,[400],powerlaw,1,0,0,343,341,"[31, 28, 1, 1, 1, 1, 1, 1, 1, 1, 1, 1, 1, 1, 1, 1, 1, 1, 1, 1, 1, 1, 1, 1, 1, 1, 1, 1, 1, 1, 1, 1, 1, 1, 1, 1, 1, 1, 1, 1, 1, 1, 1, 1, 1, 1, 1, 1, 1, 1, 1, 1, 1, 1, 1, 1, 1, 1, 1, 1, 1, 1, 1, 1, 1, 1, 1, 1, 1, 1, 1, 1, 1, 1, 1, 1, 1, 1, 1, 1, 1, 1, 1, 1, 1, 1, 1, 1, 1, 1, 1, 1, 1, 1, 1, 1, 1, 1, 1, 1, 1, 1, 1, 1, 1, 1, 1, 1, 1, 1, 1, 1, 1, 1, 1, 1, 1, 1, 1, 1, 1, 1, 1, 1, 1, 1, 1, 1, 1, 1, 1, 1, 1, 1, 1, 1, 1, 1, 1, 1, 1, 1, 1, 1, 1, 1, 1, 1, 1, 1, 1, 1, 1, 1, 1, 1, 1, 1, 1, 1, 1, 1, 1, 1, 1, 1, 1, 1, 1, 1, 1, 1, 1, 1, 1, 1, 1, 1, 1, 1, 1, 1, 1, 1, 1, 1, 1, 1, 1, 1, 1, 1, 1, 1, 1, 1, 1, 1, 1, 1]",0.2823596810003437,0.28314080655561863,0.2775806850004301,0.2962062939996031,0.005557870147339493,"[0.280316, 0.277581, 0.28236, 0.282848, 0.286721, 0.296206, 0.282641, 0.280634, 0.27896]",0.013594906000435003,0.013626699889048015,0.013137783999809471,0.01427405800041015,0.0003783230575855454,"[0.013595, 0.013403, 0.013183, 0.013138, 0.013508, 0.013657, 0.014054, 0.013829, 0.014274]",20.76952065658335,19.446515139034332,22.546138222694083,24,optimal,nan,13.45904541015625,8.86349868774414,165.6844900653357,165.68438732439256,6.200999447439819e-07,0.0032195640061161157,0.0016111189761308213,1.0,1.0,0.14285714285714285,0.25,9,2,1e-07,1e-05,1000,400.0,400.0,400.0,0.0,400.0,1.0,31.0,1.1661807580174928,2.1729369739343496,1.0
primary,x86_64,none,0.3.0,2.4.4,32,1,one_giant,400,4000,0.4,0,0.995,1,[400],powerlaw,1,0,0,344,342,"[31, 27, 1, 1, 1, 1, 1, 1, 1, 1, 1, 1, 1, 1, 1, 1, 1, 1, 1, 1, 1, 1, 1, 1, 1, 1, 1, 1, 1, 1, 1, 1, 1, 1, 1, 1, 1, 1, 1, 1, 1, 1, 1, 1, 1, 1, 1, 1, 1, 1, 1, 1, 1, 1, 1, 1, 1, 1, 1, 1, 1, 1, 1, 1, 1, 1, 1, 1, 1, 1, 1, 1, 1, 1, 1, 1, 1, 1, 1, 1, 1, 1, 1, 1, 1, 1, 1, 1, 1, 1, 1, 1, 1, 1, 1, 1, 1, 1, 1, 1, 1, 1, 1, 1, 1, 1, 1, 1, 1, 1, 1, 1, 1, 1, 1, 1, 1, 1, 1, 1, 1, 1, 1, 1, 1, 1, 1, 1, 1, 1, 1, 1, 1, 1, 1, 1, 1, 1, 1, 1, 1, 1, 1, 1, 1, 1, 1, 1, 1, 1, 1, 1, 1, 1, 1, 1, 1, 1, 1, 1, 1, 1, 1, 1, 1, 1, 1, 1, 1, 1, 1, 1, 1, 1, 1, 1, 1, 1, 1, 1, 1, 1, 1, 1, 1, 1, 1, 1, 1, 1, 1, 1, 1, 1, 1, 1, 1, 1, 1, 1]",0.28450871800032473,0.28377876877796854,0.2787406719999126,0.2884981400002289,0.002645477180512846,"[0.288498, 0.284509, 0.283118, 0.278741, 0.284956, 0.281659, 0.283355, 0.284599, 0.284574]",0.012541744999907678,0.012563248555529248,0.012392141000418633,0.012912190999486484,0.00016120289748685672,"[0.012712, 0.012912, 0.012555, 0.012542, 0.012425, 0.012392, 0.012554, 0.012535, 0.012443]",22.68493881851521,21.587403099210512,23.280734135488196,24,optimal,nan,13.45904541015625,8.862496376037598,166.2947036379457,166.29460119424064,6.160370884892066e-07,0.0032195645580845866,0.0016111192527892828,1.0,1.0,0.14035087719298245,0.24615384615384614,9,2,1e-07,1e-05,1000,400.0,400.0,400.0,0.0,400.0,1.0,31.0,1.1627906976744187,2.1342198896992515,1.0
primary,x86_64,none,0.3.0,2.4.4,32,1,one_giant,800,1600,0.05,0,0.9975,1,[800],powerlaw,1,0,0,399,319,"[283, 9, 7, 5, 5, 5, 4, 4, 4, 4, 3, 3, 3, 3, 3, 3, 3, 3, 3, 3, 3, 2, 2, 2, 2, 2, 2, 2, 2, 2, 2, 2, 2, 2, 2, 2, 2, 2, 2, 2, 2, 2, 2, 2, 2, 2, 2, 2, 2, 2, 2, 2, 2, 2, 2, 2, 2, 2, 2, 2, 2, 2, 2, 2, 2, 2, 2, 2, 2, 2, 2, 2, 2, 2, 2, 2, 2, 2, 2, 2, 1, 1, 1, 1, 1, 1, 1, 1, 1, 1, 1, 1, 1, 1, 1, 1, 1, 1, 1, 1, 1, 1, 1, 1, 1, 1, 1, 1, 1, 1, 1, 1, 1, 1, 1, 1, 1, 1, 1, 1, 1, 1, 1, 1, 1, 1, 1, 1, 1, 1, 1, 1, 1, 1, 1, 1, 1, 1, 1, 1, 1, 1, 1, 1, 1, 1, 1, 1, 1, 1, 1, 1, 1, 1, 1, 1, 1, 1, 1, 1, 1, 1, 1, 1, 1, 1, 1, 1, 1, 1, 1, 1, 1, 1, 1, 1, 1, 1, 1, 1, 1, 1, 1, 1, 1, 1, 1, 1, 1, 1, 1, 1, 1, 1, 1, 1, 1, 1, 1, 1]",1.6383210439998948,1.6418337004443957,1.628812982999989,1.666164705000483,0.011894576208827648,"[1.640086, 1.628813, 1.638321, 1.637413, 1.640994, 1.635586, 1.632715, 1.656411, 1.666165]",0.18813202599994838,0.18769521777792558,0.18525868999950035,0.18926354500035814,0.0013701125764677214,"[0.188132, 0.185893, 0.189264, 0.188805, 0.185259, 0.188563, 0.186903, 0.18812, 0.188318]",8.708358054892495,8.606057669462478,8.993719565894462,22,optimal,nan,53.74835205078125,36.35692310333252,19.89198456608899,19.888484096937713,0.0001759738521637618,0.019330718861933605,0.0065247396027446865,0.999978125,0.7121588089330024,0.3591989987484355,0.4775374376039932,9,2,1e-07,1e-05,1000,800.0,800.0,800.0,0.0,800.0,1.0,283.0,2.0050125313283207,14.107356901070405,1.0
primary,x86_64,none,0.3.0,2.4.4,32,1,one_giant,800,1600,0.1,0,0.9975,1,[800],powerlaw,1,0,0,734,733,"[67, 1, 1, 1, 1, 1, 1, 1, 1, 1, 1, 1, 1, 1, 1, 1, 1, 1, 1, 1, 1, 1, 1, 1, 1, 1, 1, 1, 1, 1, 1, 1, 1, 1, 1, 1, 1, 1, 1, 1, 1, 1, 1, 1, 1, 1, 1, 1, 1, 1, 1, 1, 1, 1, 1, 1, 1, 1, 1, 1, 1, 1, 1, 1, 1, 1, 1, 1, 1, 1, 1, 1, 1, 1, 1, 1, 1, 1, 1, 1, 1, 1, 1, 1, 1, 1, 1, 1, 1, 1, 1, 1, 1, 1, 1, 1, 1, 1, 1, 1, 1, 1, 1, 1, 1, 1, 1, 1, 1, 1, 1, 1, 1, 1, 1, 1, 1, 1, 1, 1, 1, 1, 1, 1, 1, 1, 1, 1, 1, 1, 1, 1, 1, 1, 1, 1, 1, 1, 1, 1, 1, 1, 1, 1, 1, 1, 1, 1, 1, 1, 1, 1, 1, 1, 1, 1, 1, 1, 1, 1, 1, 1, 1, 1, 1, 1, 1, 1, 1, 1, 1, 1, 1, 1, 1, 1, 1, 1, 1, 1, 1, 1, 1, 1, 1, 1, 1, 1, 1, 1, 1, 1, 1, 1, 1, 1, 1, 1, 1, 1]",1.6500935129997742,1.648469703777462,1.6326744699999836,1.6630447599991385,0.009675594105541755,"[1.639547, 1.632674, 1.643592, 1.650571, 1.6514, 1.650094, 1.644499, 1.663045, 1.660807]",0.03653641999972024,0.036855678444226214,0.03570054099964182,0.03888495199953468,0.000932873145272278,"[0.035701, 0.03717, 0.03709, 0.037421, 0.036337, 0.038885, 0.036536, 0.036237, 0.036324]",45.16297746228035,41.987308355672425,46.58318091078294,22,optimal,nan,53.74835205078125,34.76729965209961,21.89436599822138,21.891251845491958,0.00014223534628391698,0.019331616742854774,0.006525044643950053,1.0,0.9393939393939394,0.07759699624530664,0.14335260115606935,9,2,1e-07,1e-05,1000,800.0,800.0,800.0,0.0,800.0,1.0,67.0,1.0899182561307903,2.4344444154358,1.0
primary,x86_64,none,0.3.0,2.4.4,32,1,one_giant,800,1600,0.15,0,0.9975,1,[800],powerlaw,1,0,0,738,737,"[63, 1, 1, 1, 1, 1, 1, 1, 1, 1, 1, 1, 1, 1, 1, 1, 1, 1, 1, 1, 1, 1, 1, 1, 1, 1, 1, 1, 1, 1, 1, 1, 1, 1, 1, 1, 1, 1, 1, 1, 1, 1, 1, 1, 1, 1, 1, 1, 1, 1, 1, 1, 1, 1, 1, 1, 1, 1, 1, 1, 1, 1, 1, 1, 1, 1, 1, 1, 1, 1, 1, 1, 1, 1, 1, 1, 1, 1, 1, 1, 1, 1, 1, 1, 1, 1, 1, 1, 1, 1, 1, 1, 1, 1, 1, 1, 1, 1, 1, 1, 1, 1, 1, 1, 1, 1, 1, 1, 1, 1, 1, 1, 1, 1, 1, 1, 1, 1, 1, 1, 1, 1, 1, 1, 1, 1, 1, 1, 1, 1, 1, 1, 1, 1, 1, 1, 1, 1, 1, 1, 1, 1, 1, 1, 1, 1, 1, 1, 1, 1, 1, 1, 1, 1, 1, 1, 1, 1, 1, 1, 1, 1, 1, 1, 1, 1, 1, 1, 1, 1, 1, 1, 1, 1, 1, 1, 1, 1, 1, 1, 1, 1, 1, 1, 1, 1, 1, 1, 1, 1, 1, 1, 1, 1, 1, 1, 1, 1, 1, 1]",1.64659729899995,1.6464978263334666,1.6336069770004542,1.6654260880004585,0.010050329677884457,"[1.633607, 1.665426, 1.654146, 1.647757, 1.646597, 1.653809, 1.638823, 1.637855, 1.64046]",0.03395515499960311,0.033924680555578055,0.03333655799997359,0.03443364800023119,0.00036858155833575826,"[0.033607, 0.034172, 0.033955, 0.034092, 0.033337, 0.034298, 0.033537, 0.034434, 0.03389]",48.493293552015786,47.44216985053359,49.95794970799858,22,optimal,nan,53.74835205078125,34.748756408691406,23.44331644821741,23.439532270535985,0.00016141818883788674,0.021215417856599306,0.0071654444284517255,1.0,1.0,0.07759699624530664,0.1440185830429733,9,2,1e-07,1e-05,1000,800.0,800.0,800.0,0.0,800.0,1.0,63.0,1.084010840108401,2.280704773850651,1.0
primary,x86_64,none,0.3.0,2.4.4,32,1,one_giant,800,1600,0.2,0,0.9975,1,[800],powerlaw,1,0,0,738,737,"[63, 1, 1, 1, 1, 1, 1, 1, 1, 1, 1, 1, 1, 1, 1, 1, 1, 1, 1, 1, 1, 1, 1, 1, 1, 1, 1, 1, 1, 1, 1, 1, 1, 1, 1, 1, 1, 1, 1, 1, 1, 1, 1, 1, 1, 1, 1, 1, 1, 1, 1, 1, 1, 1, 1, 1, 1, 1, 1, 1, 1, 1, 1, 1, 1, 1, 1, 1, 1, 1, 1, 1, 1, 1, 1, 1, 1, 1, 1, 1, 1, 1, 1, 1, 1, 1, 1, 1, 1, 1, 1, 1, 1, 1, 1, 1, 1, 1, 1, 1, 1, 1, 1, 1, 1, 1, 1, 1, 1, 1, 1, 1, 1, 1, 1, 1, 1, 1, 1, 1, 1, 1, 1, 1, 1, 1, 1, 1, 1, 1, 1, 1, 1, 1, 1, 1, 1, 1, 1, 1, 1, 1, 1, 1, 1, 1, 1, 1, 1, 1, 1, 1, 1, 1, 1, 1, 1, 1, 1, 1, 1, 1, 1, 1, 1, 1, 1, 1, 1, 1, 1, 1, 1, 1, 1, 1, 1, 1, 1, 1, 1, 1, 1, 1, 1, 1, 1, 1, 1, 1, 1, 1, 1, 1, 1, 1, 1, 1, 1, 1]",1.648365668000224,1.6462829663334761,1.6266849950006872,1.660101298999507,0.010437008486403972,"[1.656961, 1.653793, 1.660101, 1.642794, 1.648366, 1.641601, 1.626685, 1.637309, 1.648937]",0.03293285299969284,0.033057521666503616,0.03256834300009359,0.03400500699990516,0.0004400325662562746,"[0.032884, 0.032568, 0.033055, 0.0326, 0.033321, 0.032933, 0.033284, 0.032866, 0.034005]",50.052319123873,47.83663167618886,50.97285112094086,22,optimal,nan,53.74835205078125,34.748929023742676,24.81121587873431,24.80747458688652,0.0001507903468364497,0.02121591989742866,0.007165615206273912,1.0,1.0,0.07759699624530664,0.1440185830429733,9,2,1e-07,1e-05,1000,800.0,800.0,800.0,0.0,800.0,1.0,63.0,1.084010840108401,2.280704773850651,1.0
primary,x86_64,none,0.3.0,2.4.4,32,1,one_giant,800,1600,0.25,0,0.9975,1,[800],powerlaw,1,0,0,738,737,"[63, 1, 1, 1, 1, 1, 1, 1, 1, 1, 1, 1, 1, 1, 1, 1, 1, 1, 1, 1, 1, 1, 1, 1, 1, 1, 1, 1, 1, 1, 1, 1, 1, 1, 1, 1, 1, 1, 1, 1, 1, 1, 1, 1, 1, 1, 1, 1, 1, 1, 1, 1, 1, 1, 1, 1, 1, 1, 1, 1, 1, 1, 1, 1, 1, 1, 1, 1, 1, 1, 1, 1, 1, 1, 1, 1, 1, 1, 1, 1, 1, 1, 1, 1, 1, 1, 1, 1, 1, 1, 1, 1, 1, 1, 1, 1, 1, 1, 1, 1, 1, 1, 1, 1, 1, 1, 1, 1, 1, 1, 1, 1, 1, 1, 1, 1, 1, 1, 1, 1, 1, 1, 1, 1, 1, 1, 1, 1, 1, 1, 1, 1, 1, 1, 1, 1, 1, 1, 1, 1, 1, 1, 1, 1, 1, 1, 1, 1, 1, 1, 1, 1, 1, 1, 1, 1, 1, 1, 1, 1, 1, 1, 1, 1, 1, 1, 1, 1, 1, 1, 1, 1, 1, 1, 1, 1, 1, 1, 1, 1, 1, 1, 1, 1, 1, 1, 1, 1, 1, 1, 1, 1, 1, 1, 1, 1, 1, 1, 1, 1]",1.7279883310002333,1.7225065477779127,1.7007167060000938,1.7415888109999287,0.014041224673955847,"[1.700717, 1.727988, 1.703271, 1.724239, 1.711982, 1.733615, 1.728864, 1.741589, 1.730295]",0.0341985270006262,0.03396013811127179,0.03266687700033799,0.03487055300047359,0.000819568195004283,"[0.032667, 0.033854, 0.032755, 0.034467, 0.033568, 0.034871, 0.034774, 0.034487, 0.034199]",50.52815084604646,48.77228950102958,53.31359991902223,23,optimal,nan,53.74835205078125,34.749043464660645,26.009572385281444,26.006704328049523,0.00011026929583604934,0.018999451321299876,0.006412209177633448,1.0,1.0,0.07759699624530664,0.1440185830429733,9,2,1e-07,1e-05,1000,800.0,800.0,800.0,0.0,800.0,1.0,63.0,1.084010840108401,2.280704773850651,1.0
primary,x86_64,none,0.3.0,2.4.4,32,1,one_giant,800,1600,0.3,0,0.9975,1,[800],powerlaw,1,0,0,738,737,"[63, 1, 1, 1, 1, 1, 1, 1, 1, 1, 1, 1, 1, 1, 1, 1, 1, 1, 1, 1, 1, 1, 1, 1, 1, 1, 1, 1, 1, 1, 1, 1, 1, 1, 1, 1, 1, 1, 1, 1, 1, 1, 1, 1, 1, 1, 1, 1, 1, 1, 1, 1, 1, 1, 1, 1, 1, 1, 1, 1, 1, 1, 1, 1, 1, 1, 1, 1, 1, 1, 1, 1, 1, 1, 1, 1, 1, 1, 1, 1, 1, 1, 1, 1, 1, 1, 1, 1, 1, 1, 1, 1, 1, 1, 1, 1, 1, 1, 1, 1, 1, 1, 1, 1, 1, 1, 1, 1, 1, 1, 1, 1, 1, 1, 1, 1, 1, 1, 1, 1, 1, 1, 1, 1, 1, 1, 1, 1, 1, 1, 1, 1, 1, 1, 1, 1, 1, 1, 1, 1, 1, 1, 1, 1, 1, 1, 1, 1, 1, 1, 1, 1, 1, 1, 1, 1, 1, 1, 1, 1, 1, 1, 1, 1, 1, 1, 1, 1, 1, 1, 1, 1, 1, 1, 1, 1, 1, 1, 1, 1, 1, 1, 1, 1, 1, 1, 1, 1, 1, 1, 1, 1, 1, 1, 1, 1, 1, 1, 1, 1]",1.7139687810004034,1.717368780000167,1.690901330000088,1.7437244350003311,0.016989307398757307,"[1.743724, 1.728017, 1.713969, 1.700801, 1.690901, 1.734988, 1.724745, 1.705808, 1.713365]",0.034750617999634414,0.03463795400016857,0.03328545899967139,0.035859579000316444,0.0008041539637589292,"[0.034006, 0.033285, 0.035562, 0.03586, 0.034751, 0.034468, 0.035028, 0.034014, 0.034767]",49.321965468885615,47.15340718264335,52.38697279246009,23,optimal,nan,53.74835205078125,34.74875736236572,27.049178189014174,27.046320803021512,0.00010563670262717605,0.018999664832819008,0.006412281698646249,1.0,1.0,0.07759699624530664,0.1440185830429733,9,2,1e-07,1e-05,1000,800.0,800.0,800.0,0.0,800.0,1.0,63.0,1.084010840108401,2.280704773850651,1.0
primary,x86_64,none,0.3.0,2.4.4,32,1,one_giant,800,1600,0.35,0,0.9975,1,[800],powerlaw,1,0,0,738,737,"[63, 1, 1, 1, 1, 1, 1, 1, 1, 1, 1, 1, 1, 1, 1, 1, 1, 1, 1, 1, 1, 1, 1, 1, 1, 1, 1, 1, 1, 1, 1, 1, 1, 1, 1, 1, 1, 1, 1, 1, 1, 1, 1, 1, 1, 1, 1, 1, 1, 1, 1, 1, 1, 1, 1, 1, 1, 1, 1, 1, 1, 1, 1, 1, 1, 1, 1, 1, 1, 1, 1, 1, 1, 1, 1, 1, 1, 1, 1, 1, 1, 1, 1, 1, 1, 1, 1, 1, 1, 1, 1, 1, 1, 1, 1, 1, 1, 1, 1, 1, 1, 1, 1, 1, 1, 1, 1, 1, 1, 1, 1, 1, 1, 1, 1, 1, 1, 1, 1, 1, 1, 1, 1, 1, 1, 1, 1, 1, 1, 1, 1, 1, 1, 1, 1, 1, 1, 1, 1, 1, 1, 1, 1, 1, 1, 1, 1, 1, 1, 1, 1, 1, 1, 1, 1, 1, 1, 1, 1, 1, 1, 1, 1, 1, 1, 1, 1, 1, 1, 1, 1, 1, 1, 1, 1, 1, 1, 1, 1, 1, 1, 1, 1, 1, 1, 1, 1, 1, 1, 1, 1, 1, 1, 1, 1, 1, 1, 1, 1, 1]",1.7169932300002984,1.7103151072223126,1.6919657659991572,1.723769144000471,0.012300238837293778,"[1.708861, 1.716999, 1.691966, 1.721532, 1.694916, 1.716993, 1.698076, 1.719723, 1.723769]",0.03335431000050448,0.033301804666532715,0.032658539000294695,0.03427567499966244,0.0006020161315182423,"[0.032707, 0.033835, 0.033354, 0.033798, 0.032871, 0.034276, 0.032667, 0.033549, 0.032659]",51.47740217004426,49.363455745680284,52.78157556236415,23,optimal,nan,53.74835205078125,34.74876880645752,27.937436710733618,27.933887364379167,0.00012704624233070072,0.02087557181621902,0.007049853240543901,1.0,1.0,0.07759699624530664,0.1440185830429733,9,2,1e-07,1e-05,1000,800.0,800.0,800.0,0.0,800.0,1.0,63.0,1.084010840108401,2.280704773850651,1.0
primary,x86_64,none,0.3.0,2.4.4,32,1,one_giant,800,1600,0.4,0,0.9975,1,[800],powerlaw,1,0,0,738,737,"[63, 1, 1, 1, 1, 1, 1, 1, 1, 1, 1, 1, 1, 1, 1, 1, 1, 1, 1, 1, 1, 1, 1, 1, 1, 1, 1, 1, 1, 1, 1, 1, 1, 1, 1, 1, 1, 1, 1, 1, 1, 1, 1, 1, 1, 1, 1, 1, 1, 1, 1, 1, 1, 1, 1, 1, 1, 1, 1, 1, 1, 1, 1, 1, 1, 1, 1, 1, 1, 1, 1, 1, 1, 1, 1, 1, 1, 1, 1, 1, 1, 1, 1, 1, 1, 1, 1, 1, 1, 1, 1, 1, 1, 1, 1, 1, 1, 1, 1, 1, 1, 1, 1, 1, 1, 1, 1, 1, 1, 1, 1, 1, 1, 1, 1, 1, 1, 1, 1, 1, 1, 1, 1, 1, 1, 1, 1, 1, 1, 1, 1, 1, 1, 1, 1, 1, 1, 1, 1, 1, 1, 1, 1, 1, 1, 1, 1, 1, 1, 1, 1, 1, 1, 1, 1, 1, 1, 1, 1, 1, 1, 1, 1, 1, 1, 1, 1, 1, 1, 1, 1, 1, 1, 1, 1, 1, 1, 1, 1, 1, 1, 1, 1, 1, 1, 1, 1, 1, 1, 1, 1, 1, 1, 1, 1, 1, 1, 1, 1, 1]",1.3440661929998896,1.3451716371111817,1.3376996739998503,1.35553933600022,0.005690985616423348,"[1.355539, 1.344066, 1.341992, 1.338716, 1.3377, 1.34871, 1.34889, 1.342615, 1.348317]",0.03331630599950586,0.03336393044426384,0.03297791899967706,0.03424004399948899,0.0003799955006055174,"[0.033399, 0.033316, 0.033569, 0.032978, 0.0331, 0.03319, 0.033063, 0.033418, 0.03424]",40.34259359425455,39.068281396478774,41.104453437874426,18,optimal,nan,53.74835205078125,34.74875736236572,28.678932242757423,28.675630890623825,0.0001151141927339751,0.01964365946678015,0.006631067549326046,1.0,1.0,0.07759699624530664,0.1440185830429733,9,2,1e-07,1e-05,1000,800.0,800.0,800.0,0.0,800.0,1.0,63.0,1.084010840108401,2.280704773850651,1.0
primary,x86_64,none,0.3.0,2.4.4,32,1,one_giant,800,4000,0.05,0,0.9975,1,[800],powerlaw,1,0,0,484,360,"[113, 9, 8, 6, 6, 6, 6, 6, 6, 4, 4, 4, 4, 4, 4, 4, 4, 4, 4, 4, 4, 3, 3, 3, 3, 3, 3, 3, 3, 3, 3, 3, 3, 3, 3, 3, 3, 3, 3, 3, 3, 2, 2, 2, 2, 2, 2, 2, 2, 2, 2, 2, 2, 2, 2, 2, 2, 2, 2, 2, 2, 2, 2, 2, 2, 2, 2, 2, 2, 2, 2, 2, 2, 2, 2, 2, 2, 2, 2, 2, 2, 2, 2, 2, 2, 2, 2, 2, 2, 2, 2, 2, 2, 2, 2, 2, 2, 2, 2, 2, 2, 2, 2, 2, 2, 2, 2, 2, 2, 2, 2, 2, 2, 2, 2, 2, 2, 2, 2, 2, 2, 2, 2, 2, 1, 1, 1, 1, 1, 1, 1, 1, 1, 1, 1, 1, 1, 1, 1, 1, 1, 1, 1, 1, 1, 1, 1, 1, 1, 1, 1, 1, 1, 1, 1, 1, 1, 1, 1, 1, 1, 1, 1, 1, 1, 1, 1, 1, 1, 1, 1, 1, 1, 1, 1, 1, 1, 1, 1, 1, 1, 1, 1, 1, 1, 1, 1, 1, 1, 1, 1, 1, 1, 1, 1, 1, 1, 1, 1, 1]",1.6396666410000762,1.6456559925556777,1.6313277340004788,1.6694731260004119,0.0141720701504755,"[1.639667, 1.662001, 1.669473, 1.637445, 1.642162, 1.63162, 1.659494, 1.637714, 1.631328]",0.0783229750004466,0.07870779877773909,0.07686494100016716,0.08449349399961648,0.0023052303533511224,"[0.084493, 0.078565, 0.078323, 0.076865, 0.079261, 0.078622, 0.077188, 0.077697, 0.077355]",20.93468284358104,19.307140192449417,21.71956556886944,22,optimal,nan,53.74835205078125,34.87865352630615,22.109445465532872,22.10932823471162,5.30229586426759e-06,0.00257235129837622,0.0008982806785417975,0.999971875,0.943217665615142,0.3742177722152691,0.53584229390681,9,2,1e-07,1e-05,1000,800.0,800.0,800.0,0.0,800.0,1.0,113.0,1.6528925619834711,5.156975126906416,1.0
primary,x86_64,none,0.3.0,2.4.4,32,1,one_giant,800,4000,0.1,0,0.9975,1,[800],powerlaw,1,0,0,738,737,"[63, 1, 1, 1, 1, 1, 1, 1, 1, 1, 1, 1, 1, 1, 1, 1, 1, 1, 1, 1, 1, 1, 1, 1, 1, 1, 1, 1, 1, 1, 1, 1, 1, 1, 1, 1, 1, 1, 1, 1, 1, 1, 1, 1, 1, 1, 1, 1, 1, 1, 1, 1, 1, 1, 1, 1, 1, 1, 1, 1, 1, 1, 1, 1, 1, 1, 1, 1, 1, 1, 1, 1, 1, 1, 1, 1, 1, 1, 1, 1, 1, 1, 1, 1, 1, 1, 1, 1, 1, 1, 1, 1, 1, 1, 1, 1, 1, 1, 1, 1, 1, 1, 1, 1, 1, 1, 1, 1, 1, 1, 1, 1, 1, 1, 1, 1, 1, 1, 1, 1, 1, 1, 1, 1, 1, 1, 1, 1, 1, 1, 1, 1, 1, 1, 1, 1, 1, 1, 1, 1, 1, 1, 1, 1, 1, 1, 1, 1, 1, 1, 1, 1, 1, 1, 1, 1, 1, 1, 1, 1, 1, 1, 1, 1, 1, 1, 1, 1, 1, 1, 1, 1, 1, 1, 1, 1, 1, 1, 1, 1, 1, 1, 1, 1, 1, 1, 1, 1, 1, 1, 1, 1, 1, 1, 1, 1, 1, 1, 1, 1]",1.6655342000003657,1.6636550727777528,1.6362557190004736,1.6904523429993787,0.015979109844750584,"[1.653809, 1.665534, 1.657612, 1.674739, 1.676144, 1.651498, 1.690452, 1.666851, 1.636256]",0.034546348000731086,0.0344149510000433,0.03381020799952239,0.03478381300010369,0.00038085962517427085,"[0.034685, 0.034767, 0.034784, 0.034064, 0.034546, 0.03381, 0.034479, 0.033918, 0.034681]",48.21158520041305,47.04072319488366,49.99828285656386,22,optimal,nan,53.74835205078125,34.74905586242676,24.033629535418278,24.033609536141626,8.321371777431337e-07,0.0021322291322072306,0.000744584162667143,1.0,1.0,0.07759699624530664,0.1440185830429733,9,2,1e-07,1e-05,1000,800.0,800.0,800.0,0.0,800.0,1.0,63.0,1.084010840108401,2.280704773850651,1.0
primary,x86_64,none,0.3.0,2.4.4,32,1,one_giant,800,4000,0.15,0,0.9975,1,[800],powerlaw,1,0,0,738,737,"[63, 1, 1, 1, 1, 1, 1, 1, 1, 1, 1, 1, 1, 1, 1, 1, 1, 1, 1, 1, 1, 1, 1, 1, 1, 1, 1, 1, 1, 1, 1, 1, 1, 1, 1, 1, 1, 1, 1, 1, 1, 1, 1, 1, 1, 1, 1, 1, 1, 1, 1, 1, 1, 1, 1, 1, 1, 1, 1, 1, 1, 1, 1, 1, 1, 1, 1, 1, 1, 1, 1, 1, 1, 1, 1, 1, 1, 1, 1, 1, 1, 1, 1, 1, 1, 1, 1, 1, 1, 1, 1, 1, 1, 1, 1, 1, 1, 1, 1, 1, 1, 1, 1, 1, 1, 1, 1, 1, 1, 1, 1, 1, 1, 1, 1, 1, 1, 1, 1, 1, 1, 1, 1, 1, 1, 1, 1, 1, 1, 1, 1, 1, 1, 1, 1, 1, 1, 1, 1, 1, 1, 1, 1, 1, 1, 1, 1, 1, 1, 1, 1, 1, 1, 1, 1, 1, 1, 1, 1, 1, 1, 1, 1, 1, 1, 1, 1, 1, 1, 1, 1, 1, 1, 1, 1, 1, 1, 1, 1, 1, 1, 1, 1, 1, 1, 1, 1, 1, 1, 1, 1, 1, 1, 1, 1, 1, 1, 1, 1, 1]",1.7134611020001103,1.7170573795556265,1.6979793970003811,1.7705983390005713,0.021006889732437986,"[1.716289, 1.713461, 1.711953, 1.709882, 1.703003, 1.713753, 1.697979, 1.716597, 1.770598]",0.03747308699985297,0.037365304444493735,0.03564342299978307,0.03898573600054078,0.0010926910466932907,"[0.035643, 0.038596, 0.036348, 0.038986, 0.037422, 0.036324, 0.037473, 0.037655, 0.037841]",45.72511205193299,43.55386280194448,49.67531707073553,23,optimal,nan,53.74835205078125,34.748756408691406,25.578730879825684,25.578718928609213,4.6723258193388445e-07,0.0010972492292409264,0.00038312368238067033,1.0,1.0,0.07759699624530664,0.1440185830429733,9,2,1e-07,1e-05,1000,800.0,800.0,800.0,0.0,800.0,1.0,63.0,1.084010840108401,2.280704773850651,1.0
primary,x86_64,none,0.3.0,2.4.4,32,1,one_giant,800,4000,0.2,0,0.9975,1,[800],powerlaw,1,0,0,738,737,"[63, 1, 1, 1, 1, 1, 1, 1, 1, 1, 1, 1, 1, 1, 1, 1, 1, 1, 1, 1, 1, 1, 1, 1, 1, 1, 1, 1, 1, 1, 1, 1, 1, 1, 1, 1, 1, 1, 1, 1, 1, 1, 1, 1, 1, 1, 1, 1, 1, 1, 1, 1, 1, 1, 1, 1, 1, 1, 1, 1, 1, 1, 1, 1, 1, 1, 1, 1, 1, 1, 1, 1, 1, 1, 1, 1, 1, 1, 1, 1, 1, 1, 1, 1, 1, 1, 1, 1, 1, 1, 1, 1, 1, 1, 1, 1, 1, 1, 1, 1, 1, 1, 1, 1, 1, 1, 1, 1, 1, 1, 1, 1, 1, 1, 1, 1, 1, 1, 1, 1, 1, 1, 1, 1, 1, 1, 1, 1, 1, 1, 1, 1, 1, 1, 1, 1, 1, 1, 1, 1, 1, 1, 1, 1, 1, 1, 1, 1, 1, 1, 1, 1, 1, 1, 1, 1, 1, 1, 1, 1, 1, 1, 1, 1, 1, 1, 1, 1, 1, 1, 1, 1, 1, 1, 1, 1, 1, 1, 1, 1, 1, 1, 1, 1, 1, 1, 1, 1, 1, 1, 1, 1, 1, 1, 1, 1, 1, 1, 1, 1]",1.6418683780002539,1.6405055354444913,1.6186659029999646,1.6550273980001293,0.011219634549045036,"[1.639521, 1.618666, 1.631477, 1.649098, 1.644722, 1.633771, 1.641868, 1.650399, 1.655027]",0.039529517000119085,0.039557221222316405,0.03356797300057224,0.04588168999998743,0.004969499566786607,"[0.033568, 0.034898, 0.036839, 0.033986, 0.041578, 0.03953, 0.045882, 0.044135, 0.0456]",41.535250177615566,35.279125572759156,49.30376338100355,22,optimal,nan,53.74835205078125,34.74877452850342,26.943132435238635,26.939926430322362,0.0001189915435400236,0.01504221696179453,0.005277951108046282,1.0,1.0,0.07759699624530664,0.1440185830429733,9,2,1e-07,1e-05,1000,800.0,800.0,800.0,0.0,800.0,1.0,63.0,1.084010840108401,2.280704773850651,1.0
primary,x86_64,none,0.3.0,2.4.4,32,1,one_giant,800,4000,0.25,0,0.9975,1,[800],powerlaw,1,0,0,738,737,"[63, 1, 1, 1, 1, 1, 1, 1, 1, 1, 1, 1, 1, 1, 1, 1, 1, 1, 1, 1, 1, 1, 1, 1, 1, 1, 1, 1, 1, 1, 1, 1, 1, 1, 1, 1, 1, 1, 1, 1, 1, 1, 1, 1, 1, 1, 1, 1, 1, 1, 1, 1, 1, 1, 1, 1, 1, 1, 1, 1, 1, 1, 1, 1, 1, 1, 1, 1, 1, 1, 1, 1, 1, 1, 1, 1, 1, 1, 1, 1, 1, 1, 1, 1, 1, 1, 1, 1, 1, 1, 1, 1, 1, 1, 1, 1, 1, 1, 1, 1, 1, 1, 1, 1, 1, 1, 1, 1, 1, 1, 1, 1, 1, 1, 1, 1, 1, 1, 1, 1, 1, 1, 1, 1, 1, 1, 1, 1, 1, 1, 1, 1, 1, 1, 1, 1, 1, 1, 1, 1, 1, 1, 1, 1, 1, 1, 1, 1, 1, 1, 1, 1, 1, 1, 1, 1, 1, 1, 1, 1, 1, 1, 1, 1, 1, 1, 1, 1, 1, 1, 1, 1, 1, 1, 1, 1, 1, 1, 1, 1, 1, 1, 1, 1, 1, 1, 1, 1, 1, 1, 1, 1, 1, 1, 1, 1, 1, 1, 1, 1]",1.3587130949999846,1.3590753368888626,1.351490639000076,1.3713318810005148,0.006679327692633378,"[1.35908, 1.358205, 1.351491, 1.358713, 1.359738, 1.352546, 1.371332, 1.353136, 1.367437]",0.03366176299914514,0.033988803444117366,0.03281045299991092,0.03522902700024133,0.0009718869873020111,"[0.033662, 0.035195, 0.033277, 0.034835, 0.03281, 0.034616, 0.033095, 0.035229, 0.03318]",40.36369381587322,38.36298513129011,41.79557901880349,18,optimal,nan,53.74835205078125,34.748756408691406,28.130168237566636,28.12833891517721,6.50306238475724e-05,0.011447048029133544,0.0040114327921480075,1.0,1.0,0.07759699624530664,0.1440185830429733,9,2,1e-07,1e-05,1000,800.0,800.0,800.0,0.0,800.0,1.0,63.0,1.084010840108401,2.280704773850651,1.0
primary,x86_64,none,0.3.0,2.4.4,32,1,one_giant,800,4000,0.3,0,0.9975,1,[800],powerlaw,1,0,0,738,737,"[63, 1, 1, 1, 1, 1, 1, 1, 1, 1, 1, 1, 1, 1, 1, 1, 1, 1, 1, 1, 1, 1, 1, 1, 1, 1, 1, 1, 1, 1, 1, 1, 1, 1, 1, 1, 1, 1, 1, 1, 1, 1, 1, 1, 1, 1, 1, 1, 1, 1, 1, 1, 1, 1, 1, 1, 1, 1, 1, 1, 1, 1, 1, 1, 1, 1, 1, 1, 1, 1, 1, 1, 1, 1, 1, 1, 1, 1, 1, 1, 1, 1, 1, 1, 1, 1, 1, 1, 1, 1, 1, 1, 1, 1, 1, 1, 1, 1, 1, 1, 1, 1, 1, 1, 1, 1, 1, 1, 1, 1, 1, 1, 1, 1, 1, 1, 1, 1, 1, 1, 1, 1, 1, 1, 1, 1, 1, 1, 1, 1, 1, 1, 1, 1, 1, 1, 1, 1, 1, 1, 1, 1, 1, 1, 1, 1, 1, 1, 1, 1, 1, 1, 1, 1, 1, 1, 1, 1, 1, 1, 1, 1, 1, 1, 1, 1, 1, 1, 1, 1, 1, 1, 1, 1, 1, 1, 1, 1, 1, 1, 1, 1, 1, 1, 1, 1, 1, 1, 1, 1, 1, 1, 1, 1, 1, 1, 1, 1, 1, 1]",1.3732966569996279,1.371762854777545,1.3479543699995702,1.3875267559997155,0.011150150476460629,"[1.387527, 1.367931, 1.373297, 1.380253, 1.367049, 1.373393, 1.347954, 1.379383, 1.369079]",0.03371993300061149,0.03435000466692549,0.032929177000369236,0.03804178300015337,0.0016295496853777904,"[0.03341, 0.034379, 0.03372, 0.038042, 0.033256, 0.034753, 0.033116, 0.035546, 0.032929]",40.72655354845231,35.43352239809936,42.1366970691116,18,optimal,nan,53.74835205078125,34.748756408691406,29.155018437859574,29.153202181102166,6.2296539488705e-05,0.011447196608746601,0.0040114850683369745,1.0,1.0,0.07759699624530664,0.1440185830429733,9,2,1e-07,1e-05,1000,800.0,800.0,800.0,0.0,800.0,1.0,63.0,1.084010840108401,2.280704773850651,1.0
primary,x86_64,none,0.3.0,2.4.4,32,1,one_giant,800,4000,0.35,0,0.9975,1,[800],powerlaw,1,0,0,738,737,"[63, 1, 1, 1, 1, 1, 1, 1, 1, 1, 1, 1, 1, 1, 1, 1, 1, 1, 1, 1, 1, 1, 1, 1, 1, 1, 1, 1, 1, 1, 1, 1, 1, 1, 1, 1, 1, 1, 1, 1, 1, 1, 1, 1, 1, 1, 1, 1, 1, 1, 1, 1, 1, 1, 1, 1, 1, 1, 1, 1, 1, 1, 1, 1, 1, 1, 1, 1, 1, 1, 1, 1, 1, 1, 1, 1, 1, 1, 1, 1, 1, 1, 1, 1, 1, 1, 1, 1, 1, 1, 1, 1, 1, 1, 1, 1, 1, 1, 1, 1, 1, 1, 1, 1, 1, 1, 1, 1, 1, 1, 1, 1, 1, 1, 1, 1, 1, 1, 1, 1, 1, 1, 1, 1, 1, 1, 1, 1, 1, 1, 1, 1, 1, 1, 1, 1, 1, 1, 1, 1, 1, 1, 1, 1, 1, 1, 1, 1, 1, 1, 1, 1, 1, 1, 1, 1, 1, 1, 1, 1, 1, 1, 1, 1, 1, 1, 1, 1, 1, 1, 1, 1, 1, 1, 1, 1, 1, 1, 1, 1, 1, 1, 1, 1, 1, 1, 1, 1, 1, 1, 1, 1, 1, 1, 1, 1, 1, 1, 1, 1]",1.5044633030001933,1.5474491344444283,1.4291050120000364,1.7949842010002612,0.11049640471890258,"[1.482676, 1.504463, 1.794984, 1.620867, 1.59196, 1.541876, 1.479761, 1.48135, 1.429105]",0.04165360499973758,0.04087604155554598,0.03738755999984278,0.042238953999913065,0.0015701180903282704,"[0.037388, 0.039356, 0.041654, 0.040884, 0.041703, 0.04169, 0.040897, 0.042073, 0.042239]",36.118441681330374,33.833816339367154,48.010199141313564,18,optimal,nan,53.74835205078125,34.748867988586426,30.024438676025987,30.022166099728043,7.569088376525416e-05,0.012671859186430545,0.004442554859618324,1.0,1.0,0.07759699624530664,0.1440185830429733,9,2,1e-07,1e-05,1000,800.0,800.0,800.0,0.0,800.0,1.0,63.0,1.084010840108401,2.280704773850651,1.0
primary,x86_64,none,0.3.0,2.4.4,32,1,one_giant,800,4000,0.4,0,0.9975,1,[800],powerlaw,1,0,0,738,737,"[63, 1, 1, 1, 1, 1, 1, 1, 1, 1, 1, 1, 1, 1, 1, 1, 1, 1, 1, 1, 1, 1, 1, 1, 1, 1, 1, 1, 1, 1, 1, 1, 1, 1, 1, 1, 1, 1, 1, 1, 1, 1, 1, 1, 1, 1, 1, 1, 1, 1, 1, 1, 1, 1, 1, 1, 1, 1, 1, 1, 1, 1, 1, 1, 1, 1, 1, 1, 1, 1, 1, 1, 1, 1, 1, 1, 1, 1, 1, 1, 1, 1, 1, 1, 1, 1, 1, 1, 1, 1, 1, 1, 1, 1, 1, 1, 1, 1, 1, 1, 1, 1, 1, 1, 1, 1, 1, 1, 1, 1, 1, 1, 1, 1, 1, 1, 1, 1, 1, 1, 1, 1, 1, 1, 1, 1, 1, 1, 1, 1, 1, 1, 1, 1, 1, 1, 1, 1, 1, 1, 1, 1, 1, 1, 1, 1, 1, 1, 1, 1, 1, 1, 1, 1, 1, 1, 1, 1, 1, 1, 1, 1, 1, 1, 1, 1, 1, 1, 1, 1, 1, 1, 1, 1, 1, 1, 1, 1, 1, 1, 1, 1, 1, 1, 1, 1, 1, 1, 1, 1, 1, 1, 1, 1, 1, 1, 1, 1, 1, 1]",1.2937739850003709,1.2940788055554246,1.2736726009998165,1.3142931539996425,0.013770694439374405,"[1.280426, 1.293774, 1.302069, 1.273673, 1.289409, 1.294777, 1.31271, 1.314293, 1.285578]",0.03443230999982916,0.03468929844439117,0.03377690800061828,0.035880841000107466,0.0007126177136613484,"[0.034748, 0.03408, 0.034432, 0.03423, 0.035252, 0.033777, 0.034289, 0.035881, 0.035515]",37.5744173134707,35.4972895143679,38.910996648230345,17,optimal,nan,53.74835205078125,34.74898433685303,30.74320890583283,30.741490176533716,5.5905982500993406e-05,0.011130090879581278,0.003899927112126307,1.0,1.0,0.07759699624530664,0.1440185830429733,9,2,1e-07,1e-05,1000,800.0,800.0,800.0,0.0,800.0,1.0,63.0,1.084010840108401,2.280704773850651,1.0
primary,x86_64,none,0.3.0,2.4.4,32,1,one_giant,800,8000,0.05,0,0.9975,1,[800],powerlaw,1,0,0,493,360,"[87, 9, 8, 7, 7, 6, 6, 5, 5, 5, 5, 5, 5, 5, 5, 4, 4, 4, 4, 4, 4, 4, 4, 3, 3, 3, 3, 3, 3, 3, 3, 3, 3, 3, 3, 3, 3, 3, 3, 3, 3, 2, 2, 2, 2, 2, 2, 2, 2, 2, 2, 2, 2, 2, 2, 2, 2, 2, 2, 2, 2, 2, 2, 2, 2, 2, 2, 2, 2, 2, 2, 2, 2, 2, 2, 2, 2, 2, 2, 2, 2, 2, 2, 2, 2, 2, 2, 2, 2, 2, 2, 2, 2, 2, 2, 2, 2, 2, 2, 2, 2, 2, 2, 2, 2, 2, 2, 2, 2, 2, 2, 2, 2, 2, 2, 2, 2, 2, 2, 2, 2, 2, 2, 2, 2, 2, 2, 2, 2, 2, 2, 2, 2, 1, 1, 1, 1, 1, 1, 1, 1, 1, 1, 1, 1, 1, 1, 1, 1, 1, 1, 1, 1, 1, 1, 1, 1, 1, 1, 1, 1, 1, 1, 1, 1, 1, 1, 1, 1, 1, 1, 1, 1, 1, 1, 1, 1, 1, 1, 1, 1, 1, 1, 1, 1, 1, 1, 1, 1, 1, 1, 1, 1, 1, 1, 1, 1, 1, 1, 1]",1.65373609100061,1.6768395795554372,1.6335872259996904,1.8066702050000458,0.05576219903609967,"[1.80667, 1.650738, 1.653736, 1.633587, 1.64318, 1.639114, 1.721203, 1.684999, 1.658328]",0.07302734699987923,0.07301890366660599,0.07124755299992103,0.07473946299978707,0.0010509742026076692,"[0.073831, 0.073116, 0.074739, 0.073872, 0.072841, 0.072002, 0.073027, 0.072494, 0.071248]",22.645435702372495,21.85709075812258,25.357645686470782,22,optimal,nan,53.74835205078125,34.76962947845459,22.406837348869864,22.406796562011117,1.8202862863806852e-06,0.004449548854303931,0.0015741642311052103,0.99999375,0.9934640522875817,0.3804755944931164,0.5502262443438914,9,2,1e-07,1e-05,1000,800.0,800.0,800.0,0.0,800.0,1.0,87.0,1.6227180527383367,3.9786003526802656,1.0
primary,x86_64,none,0.3.0,2.4.4,32,1,one_giant,800,8000,0.1,0,0.9975,1,[800],powerlaw,1,0,0,738,737,"[63, 1, 1, 1, 1, 1, 1, 1, 1, 1, 1, 1, 1, 1, 1, 1, 1, 1, 1, 1, 1, 1, 1, 1, 1, 1, 1, 1, 1, 1, 1, 1, 1, 1, 1, 1, 1, 1, 1, 1, 1, 1, 1, 1, 1, 1, 1, 1, 1, 1, 1, 1, 1, 1, 1, 1, 1, 1, 1, 1, 1, 1, 1, 1, 1, 1, 1, 1, 1, 1, 1, 1, 1, 1, 1, 1, 1, 1, 1, 1, 1, 1, 1, 1, 1, 1, 1, 1, 1, 1, 1, 1, 1, 1, 1, 1, 1, 1, 1, 1, 1, 1, 1, 1, 1, 1, 1, 1, 1, 1, 1, 1, 1, 1, 1, 1, 1, 1, 1, 1, 1, 1, 1, 1, 1, 1, 1, 1, 1, 1, 1, 1, 1, 1, 1, 1, 1, 1, 1, 1, 1, 1, 1, 1, 1, 1, 1, 1, 1, 1, 1, 1, 1, 1, 1, 1, 1, 1, 1, 1, 1, 1, 1, 1, 1, 1, 1, 1, 1, 1, 1, 1, 1, 1, 1, 1, 1, 1, 1, 1, 1, 1, 1, 1, 1, 1, 1, 1, 1, 1, 1, 1, 1, 1, 1, 1, 1, 1, 1, 1]",1.6072401530000207,1.6202597567778665,1.586743333999948,1.659857507000197,0.029056386601042913,"[1.65681, 1.659858, 1.643602, 1.60724, 1.598459, 1.598583, 1.59291, 1.586743, 1.638133]",0.03612422300011531,0.03626617388878609,0.03498320899961982,0.03806430500026181,0.0009577495222778783,"[0.035381, 0.036964, 0.036124, 0.038064, 0.034983, 0.036073, 0.036865, 0.035424, 0.036517]",44.49203386311978,41.685861175950386,47.447262685885555,21,optimal,nan,53.74835205078125,34.74891185760498,24.288301823986806,24.28824657473092,2.2747269976763977e-06,0.0027144797175067126,0.0009604339502377943,1.0,1.0,0.07759699624530664,0.1440185830429733,9,2,1e-07,1e-05,1000,800.0,800.0,800.0,0.0,800.0,1.0,63.0,1.084010840108401,2.280704773850651,1.0
primary,x86_64,none,0.3.0,2.4.4,32,1,one_giant,800,8000,0.15,0,0.9975,1,[800],powerlaw,1,0,0,738,737,"[63, 1, 1, 1, 1, 1, 1, 1, 1, 1, 1, 1, 1, 1, 1, 1, 1, 1, 1, 1, 1, 1, 1, 1, 1, 1, 1, 1, 1, 1, 1, 1, 1, 1, 1, 1, 1, 1, 1, 1, 1, 1, 1, 1, 1, 1, 1, 1, 1, 1, 1, 1, 1, 1, 1, 1, 1, 1, 1, 1, 1, 1, 1, 1, 1, 1, 1, 1, 1, 1, 1, 1, 1, 1, 1, 1, 1, 1, 1, 1, 1, 1, 1, 1, 1, 1, 1, 1, 1, 1, 1, 1, 1, 1, 1, 1, 1, 1, 1, 1, 1, 1, 1, 1, 1, 1, 1, 1, 1, 1, 1, 1, 1, 1, 1, 1, 1, 1, 1, 1, 1, 1, 1, 1, 1, 1, 1, 1, 1, 1, 1, 1, 1, 1, 1, 1, 1, 1, 1, 1, 1, 1, 1, 1, 1, 1, 1, 1, 1, 1, 1, 1, 1, 1, 1, 1, 1, 1, 1, 1, 1, 1, 1, 1, 1, 1, 1, 1, 1, 1, 1, 1, 1, 1, 1, 1, 1, 1, 1, 1, 1, 1, 1, 1, 1, 1, 1, 1, 1, 1, 1, 1, 1, 1, 1, 1, 1, 1, 1, 1]",1.6012259239996638,1.6013487965556124,1.586962596000376,1.6145025630003147,0.008764262389802685,"[1.602601, 1.598916, 1.606118, 1.590476, 1.610605, 1.614503, 1.601226, 1.600733, 1.586963]",0.03459257200029242,0.034554049777701344,0.033450369000092905,0.03598411099937948,0.0007700176129326909,"[0.033556, 0.034768, 0.03345, 0.034971, 0.035984, 0.034424, 0.034593, 0.034964, 0.034276]",46.28814313044223,44.101759135517945,48.2656129442348,21,optimal,nan,53.74835205078125,34.7490234375,25.827194799500468,25.827176886281222,6.935797474242024e-07,0.0012059087969098492,0.0004266732414969343,1.0,1.0,0.07759699624530664,0.1440185830429733,9,2,1e-07,1e-05,1000,800.0,800.0,800.0,0.0,800.0,1.0,63.0,1.084010840108401,2.280704773850651,1.0
primary,x86_64,none,0.3.0,2.4.4,32,1,one_giant,800,8000,0.2,0,0.9975,1,[800],powerlaw,1,0,0,738,737,"[63, 1, 1, 1, 1, 1, 1, 1, 1, 1, 1, 1, 1, 1, 1, 1, 1, 1, 1, 1, 1, 1, 1, 1, 1, 1, 1, 1, 1, 1, 1, 1, 1, 1, 1, 1, 1, 1, 1, 1, 1, 1, 1, 1, 1, 1, 1, 1, 1, 1, 1, 1, 1, 1, 1, 1, 1, 1, 1, 1, 1, 1, 1, 1, 1, 1, 1, 1, 1, 1, 1, 1, 1, 1, 1, 1, 1, 1, 1, 1, 1, 1, 1, 1, 1, 1, 1, 1, 1, 1, 1, 1, 1, 1, 1, 1, 1, 1, 1, 1, 1, 1, 1, 1, 1, 1, 1, 1, 1, 1, 1, 1, 1, 1, 1, 1, 1, 1, 1, 1, 1, 1, 1, 1, 1, 1, 1, 1, 1, 1, 1, 1, 1, 1, 1, 1, 1, 1, 1, 1, 1, 1, 1, 1, 1, 1, 1, 1, 1, 1, 1, 1, 1, 1, 1, 1, 1, 1, 1, 1, 1, 1, 1, 1, 1, 1, 1, 1, 1, 1, 1, 1, 1, 1, 1, 1, 1, 1, 1, 1, 1, 1, 1, 1, 1, 1, 1, 1, 1, 1, 1, 1, 1, 1, 1, 1, 1, 1, 1, 1]",1.2980066249992888,1.3004289538888163,1.2849378749997413,1.3227622950007571,0.011618476076865947,"[1.300034, 1.292273, 1.296413, 1.284938, 1.294896, 1.322762, 1.299259, 1.315279, 1.298007]",0.03492501500022627,0.03469084899986936,0.0335714699995151,0.035583977999522176,0.0008398594802315728,"[0.033571, 0.035477, 0.033886, 0.0355, 0.033604, 0.035279, 0.034925, 0.035584, 0.034392]",37.16552806035672,36.110012068268354,39.401381441440094,17,optimal,nan,53.74835205078125,34.7490873336792,27.183595511047724,27.180106604393245,0.00012834603329278532,0.013764984126309887,0.004892049092191691,1.0,1.0,0.07759699624530664,0.1440185830429733,9,2,1e-07,1e-05,1000,800.0,800.0,800.0,0.0,800.0,1.0,63.0,1.084010840108401,2.280704773850651,1.0
primary,x86_64,none,0.3.0,2.4.4,32,1,one_giant,800,8000,0.25,0,0.9975,1,[800],powerlaw,1,0,0,738,737,"[63, 1, 1, 1, 1, 1, 1, 1, 1, 1, 1, 1, 1, 1, 1, 1, 1, 1, 1, 1, 1, 1, 1, 1, 1, 1, 1, 1, 1, 1, 1, 1, 1, 1, 1, 1, 1, 1, 1, 1, 1, 1, 1, 1, 1, 1, 1, 1, 1, 1, 1, 1, 1, 1, 1, 1, 1, 1, 1, 1, 1, 1, 1, 1, 1, 1, 1, 1, 1, 1, 1, 1, 1, 1, 1, 1, 1, 1, 1, 1, 1, 1, 1, 1, 1, 1, 1, 1, 1, 1, 1, 1, 1, 1, 1, 1, 1, 1, 1, 1, 1, 1, 1, 1, 1, 1, 1, 1, 1, 1, 1, 1, 1, 1, 1, 1, 1, 1, 1, 1, 1, 1, 1, 1, 1, 1, 1, 1, 1, 1, 1, 1, 1, 1, 1, 1, 1, 1, 1, 1, 1, 1, 1, 1, 1, 1, 1, 1, 1, 1, 1, 1, 1, 1, 1, 1, 1, 1, 1, 1, 1, 1, 1, 1, 1, 1, 1, 1, 1, 1, 1, 1, 1, 1, 1, 1, 1, 1, 1, 1, 1, 1, 1, 1, 1, 1, 1, 1, 1, 1, 1, 1, 1, 1, 1, 1, 1, 1, 1, 1]",1.216562309999972,1.2171940539999722,1.2096045609996509,1.227707639000073,0.004833117759922681,"[1.214257, 1.216562, 1.215392, 1.216471, 1.227708, 1.209605, 1.21724, 1.218031, 1.219482]",0.034723165000286826,0.034602321999955166,0.03332094000052166,0.03618713000014395,0.0009571702362826242,"[0.033321, 0.035494, 0.033931, 0.034723, 0.033982, 0.036187, 0.035335, 0.034819, 0.033628]",35.03604322906402,33.42637454240884,36.844928113698245,16,optimal,nan,53.74835205078125,34.74880027770996,28.358552402878672,28.358216382028104,1.184901280553959e-05,0.004562754075070341,0.001616308028971444,1.0,1.0,0.07759699624530664,0.1440185830429733,9,2,1e-07,1e-05,1000,800.0,800.0,800.0,0.0,800.0,1.0,63.0,1.084010840108401,2.280704773850651,1.0
primary,x86_64,none,0.3.0,2.4.4,32,1,one_giant,800,8000,0.3,0,0.9975,1,[800],powerlaw,1,0,0,738,737,"[63, 1, 1, 1, 1, 1, 1, 1, 1, 1, 1, 1, 1, 1, 1, 1, 1, 1, 1, 1, 1, 1, 1, 1, 1, 1, 1, 1, 1, 1, 1, 1, 1, 1, 1, 1, 1, 1, 1, 1, 1, 1, 1, 1, 1, 1, 1, 1, 1, 1, 1, 1, 1, 1, 1, 1, 1, 1, 1, 1, 1, 1, 1, 1, 1, 1, 1, 1, 1, 1, 1, 1, 1, 1, 1, 1, 1, 1, 1, 1, 1, 1, 1, 1, 1, 1, 1, 1, 1, 1, 1, 1, 1, 1, 1, 1, 1, 1, 1, 1, 1, 1, 1, 1, 1, 1, 1, 1, 1, 1, 1, 1, 1, 1, 1, 1, 1, 1, 1, 1, 1, 1, 1, 1, 1, 1, 1, 1, 1, 1, 1, 1, 1, 1, 1, 1, 1, 1, 1, 1, 1, 1, 1, 1, 1, 1, 1, 1, 1, 1, 1, 1, 1, 1, 1, 1, 1, 1, 1, 1, 1, 1, 1, 1, 1, 1, 1, 1, 1, 1, 1, 1, 1, 1, 1, 1, 1, 1, 1, 1, 1, 1, 1, 1, 1, 1, 1, 1, 1, 1, 1, 1, 1, 1, 1, 1, 1, 1, 1, 1]",1.2108367669998188,1.2114968367778702,1.195164214000215,1.2228275200004646,0.009366608982211727,"[1.202331, 1.221637, 1.207309, 1.195164, 1.213159, 1.209056, 1.221151, 1.222828, 1.210837]",0.03507460500077286,0.034919462555687154,0.03386947700073506,0.035800057999949786,0.0005635389292514415,"[0.034756, 0.035223, 0.035262, 0.035176, 0.033869, 0.034365, 0.035075, 0.0358, 0.034749]",34.52175062194252,33.38442116495709,36.10411580828148,16,optimal,nan,53.74835205078125,34.748844146728516,29.37112377922756,29.37079221105546,1.1288916780741589e-05,0.004562876857390652,0.0016163515936296275,1.0,1.0,0.07759699624530664,0.1440185830429733,9,2,1e-07,1e-05,1000,800.0,800.0,800.0,0.0,800.0,1.0,63.0,1.084010840108401,2.280704773850651,1.0
primary,x86_64,none,0.3.0,2.4.4,32,1,one_giant,800,8000,0.35,0,0.9975,1,[800],powerlaw,1,0,0,738,737,"[63, 1, 1, 1, 1, 1, 1, 1, 1, 1, 1, 1, 1, 1, 1, 1, 1, 1, 1, 1, 1, 1, 1, 1, 1, 1, 1, 1, 1, 1, 1, 1, 1, 1, 1, 1, 1, 1, 1, 1, 1, 1, 1, 1, 1, 1, 1, 1, 1, 1, 1, 1, 1, 1, 1, 1, 1, 1, 1, 1, 1, 1, 1, 1, 1, 1, 1, 1, 1, 1, 1, 1, 1, 1, 1, 1, 1, 1, 1, 1, 1, 1, 1, 1, 1, 1, 1, 1, 1, 1, 1, 1, 1, 1, 1, 1, 1, 1, 1, 1, 1, 1, 1, 1, 1, 1, 1, 1, 1, 1, 1, 1, 1, 1, 1, 1, 1, 1, 1, 1, 1, 1, 1, 1, 1, 1, 1, 1, 1, 1, 1, 1, 1, 1, 1, 1, 1, 1, 1, 1, 1, 1, 1, 1, 1, 1, 1, 1, 1, 1, 1, 1, 1, 1, 1, 1, 1, 1, 1, 1, 1, 1, 1, 1, 1, 1, 1, 1, 1, 1, 1, 1, 1, 1, 1, 1, 1, 1, 1, 1, 1, 1, 1, 1, 1, 1, 1, 1, 1, 1, 1, 1, 1, 1, 1, 1, 1, 1, 1, 1]",1.143045413999971,1.145627603777939,1.1206941830005235,1.1695582900001682,0.019150468523224905,"[1.160517, 1.127874, 1.120694, 1.142901, 1.169558, 1.167352, 1.121494, 1.143045, 1.157212]",0.033850474999781,0.034125800666616773,0.03284719000021141,0.03594134299964935,0.0010889177361433533,"[0.035134, 0.032983, 0.03385, 0.032847, 0.035941, 0.035063, 0.033513, 0.033268, 0.034533]",33.76748521275894,31.181199406250823,35.60603783741138,15,optimal,nan,53.74835205078125,34.74881839752197,30.227375683206084,30.22549519600809,6.221139465436964e-05,0.010149470014092277,0.003602473289237996,1.0,1.0,0.07759699624530664,0.1440185830429733,9,2,1e-07,1e-05,1000,800.0,800.0,800.0,0.0,800.0,1.0,63.0,1.084010840108401,2.280704773850651,1.0
primary,x86_64,none,0.3.0,2.4.4,32,1,one_giant,800,8000,0.4,0,0.9975,1,[800],powerlaw,1,0,0,738,737,"[63, 1, 1, 1, 1, 1, 1, 1, 1, 1, 1, 1, 1, 1, 1, 1, 1, 1, 1, 1, 1, 1, 1, 1, 1, 1, 1, 1, 1, 1, 1, 1, 1, 1, 1, 1, 1, 1, 1, 1, 1, 1, 1, 1, 1, 1, 1, 1, 1, 1, 1, 1, 1, 1, 1, 1, 1, 1, 1, 1, 1, 1, 1, 1, 1, 1, 1, 1, 1, 1, 1, 1, 1, 1, 1, 1, 1, 1, 1, 1, 1, 1, 1, 1, 1, 1, 1, 1, 1, 1, 1, 1, 1, 1, 1, 1, 1, 1, 1, 1, 1, 1, 1, 1, 1, 1, 1, 1, 1, 1, 1, 1, 1, 1, 1, 1, 1, 1, 1, 1, 1, 1, 1, 1, 1, 1, 1, 1, 1, 1, 1, 1, 1, 1, 1, 1, 1, 1, 1, 1, 1, 1, 1, 1, 1, 1, 1, 1, 1, 1, 1, 1, 1, 1, 1, 1, 1, 1, 1, 1, 1, 1, 1, 1, 1, 1, 1, 1, 1, 1, 1, 1, 1, 1, 1, 1, 1, 1, 1, 1, 1, 1, 1, 1, 1, 1, 1, 1, 1, 1, 1, 1, 1, 1, 1, 1, 1, 1, 1, 1]",1.277788184000201,1.2820004112223211,1.2715429540003242,1.3054467590000058,0.010536071675414097,"[1.271543, 1.274525, 1.275645, 1.291416, 1.276902, 1.277788, 1.282535, 1.305447, 1.282201]",0.03375310899991746,0.0339345053333899,0.03313214199988579,0.035880784999790194,0.0008336105222058641,"[0.034382, 0.033256, 0.033753, 0.033132, 0.03385, 0.033334, 0.03409, 0.033732, 0.035881]",37.85690331528647,35.437991504582726,39.4012182793526,17,optimal,nan,53.74835205078125,34.74913024902344,30.930225737921273,30.9285691424825,5.355911246195032e-05,0.009883823203220565,0.0035078533234553437,1.0,1.0,0.07759699624530664,0.1440185830429733,9,2,1e-07,1e-05,1000,800.0,800.0,800.0,0.0,800.0,1.0,63.0,1.084010840108401,2.280704773850651,1.0
